mq135,mq136,mq2,mq3,mq4,mq5,mq6,mq8,mq9,humidity,temperature,group,label
22.86,41.24,29.56,14.83,49.38,11.1,2.21,32.09,14.29,55.1,34.6,1,excellent
22.75,41.5,29.72,14.83,49.38,11.23,2.23,31.92,14.58,55.1,34.6,1,excellent
22.75,41.5,29.72,14.83,49.38,11.28,2.22,34.31,14.4,55.1,34.6,1,excellent
22.86,42.56,29.56,14.77,49.38,11.46,2.22,34.12,14.64,55.4,34.5,1,excellent
23.07,42.03,29.56,14.83,49.38,11.46,2.22,33.93,14.58,55.4,34.4,1,excellent
23.18,41.24,29.41,14.77,47.84,11.5,2.21,32.63,14.64,55.4,34.4,1,excellent
23.07,41.24,28.96,14.77,48.22,11.46,2.21,32.09,14.64,55.4,34.4,1,excellent
23.28,41.24,28.96,14.71,48.98,11.46,2.22,33.17,14.76,55.4,34.4,1,excellent
22.96,40.99,29.26,14.77,48.22,11.19,2.19,32.45,14.34,55.4,34.5,1,excellent
23.07,40.99,29.11,14.71,48.22,11.23,2.22,32.09,14.23,55.4,34.5,1,excellent
22.75,41.76,29.56,14.83,48.6,11.06,2.21,31.92,14.46,55.8,34.5,1,excellent
22.96,41.24,29.26,14.71,48.98,11.01,2.23,31.74,14.58,55.8,34.5,1,excellent
23.18,41.5,29.26,14.71,48.98,11.19,2.21,32.27,14.7,55.8,34.4,1,excellent
23.07,42.03,29.11,14.77,48.98,11.06,2.21,31.92,14.52,55.8,34.4,1,excellent
22.96,41.76,29.87,14.83,48.98,10.63,2.21,31.4,14.58,55.8,34.4,1,excellent
23.39,42.29,29.87,14.95,48.22,11.01,2.19,30.9,14.76,55.8,34.3,1,excellent
23.18,42.29,29.87,14.77,48.6,10.97,2.21,30.57,14.52,55.8,34.3,1,excellent
23.5,41.5,29.41,14.71,49.77,10.84,2.21,30.57,14.76,55.8,34.2,1,excellent
23.18,42.03,29.87,14.83,49.38,10.55,2.21,30.41,14.82,55.8,34.2,1,excellent
23.39,42.56,29.87,14.83,49.38,10.72,2.19,30.25,14.58,55.8,34.2,1,excellent
23.61,41.5,29.56,14.71,48.98,10.76,2.19,30.25,14.82,55.8,34.1,1,excellent
23.61,41.76,29.41,14.71,48.98,10.93,2.21,31.57,14.7,56.2,34.1,1,excellent
23.5,41.76,29.56,14.71,48.98,11.15,2.19,30.9,14.82,56.2,34.1,1,excellent
23.61,41.5,29.72,14.83,49.38,11.28,2.19,30.41,14.82,56.2,34.1,1,excellent
23.72,41.24,29.56,14.71,48.98,11.37,2.21,29.93,14.82,56.2,34.1,1,excellent
23.39,41.24,29.87,14.71,48.22,11.46,2.19,29.46,14.94,56.2,34.1,1,excellent
23.61,41.24,29.41,14.77,48.98,11.41,2.21,33.74,14.88,56.2,34.0,1,excellent
25.85,38.33,28.09,14.83,47.84,8.61,2.19,32.45,15.75,56.2,33.9,1,excellent
25.85,37.65,28.23,14.95,47.84,8.24,2.21,33.36,15.95,56.2,34.0,1,excellent
26.1,37.88,27.81,14.83,48.6,8.24,2.21,32.99,16.08,56.2,34.0,1,excellent
25.85,37.88,28.09,14.95,48.22,7.18,2.19,32.63,15.88,56.2,34.1,1,excellent
25.72,37.88,27.95,14.89,48.22,7.5,2.21,32.81,16.08,56.2,34.1,1,excellent
25.85,38.1,27.95,14.83,47.47,7.56,2.19,32.27,15.88,56.2,34.1,1,excellent
25.85,37.88,27.81,14.89,47.84,6.87,2.19,32.81,15.88,56.2,34.1,1,excellent
26.1,37.88,27.67,14.77,48.98,7.47,2.19,32.45,15.56,56.2,34.2,1,excellent
26.1,37.65,27.67,14.83,48.98,7.65,2.19,32.45,15.69,56.2,34.1,1,excellent
25.85,37.88,27.67,14.89,48.6,7.86,2.21,32.63,15.56,56.2,34.1,1,excellent
25.85,37.43,27.67,14.89,48.6,7.53,2.21,32.63,15.69,56.2,34.1,1,excellent
25.85,37.43,27.53,14.89,48.6,7.44,2.19,32.81,15.88,56.2,34.1,1,excellent
25.72,37.65,27.53,14.83,47.84,7.47,2.21,32.81,15.5,56.2,34.1,1,excellent
26.1,36.99,27.25,14.77,48.22,7.15,2.21,32.27,15.43,56.2,34.1,1,excellent
25.85,37.65,27.53,14.89,47.84,7.12,2.19,32.45,15.88,56.2,34.1,1,excellent
25.72,37.43,27.53,14.83,48.6,7.18,2.18,32.09,15.56,56.2,34.1,1,excellent
25.97,37.21,27.25,14.77,47.47,7.38,2.21,32.81,15.95,56.2,34.1,1,excellent
26.1,36.57,27.12,14.77,48.6,7.29,2.19,32.63,15.5,56.2,34.1,1,excellent
25.85,37.21,27.25,14.83,48.6,7.53,2.19,32.45,15.31,56.2,34.1,1,excellent
26.1,36.35,27.12,14.71,48.6,6.84,2.18,32.63,15.62,56.2,34.1,1,excellent
25.72,36.57,27.25,14.71,47.47,7.41,2.19,32.27,15.56,56.2,34.1,1,excellent
25.72,36.78,27.12,14.36,49.38,7.38,2.18,32.09,15.56,56.5,34.1,1,excellent
26.1,36.14,27.12,14.71,48.22,7.23,2.19,32.45,15.75,56.5,33.9,1,excellent
25.72,36.57,27.39,14.83,48.6,7.06,2.18,32.45,15.62,56.5,34.0,1,excellent
26.1,36.57,27.12,14.83,48.6,7.29,2.19,32.45,15.25,56.5,33.9,1,excellent
25.6,36.35,27.95,14.71,48.6,7.56,2.19,32.09,15.75,56.5,33.9,1,excellent
24.29,33.4,26.2,14.47,41.54,6.79,2.24,30.57,14.94,56.5,33.9,1,excellent
24.29,33.4,26.07,14.53,41.25,6.81,2.23,30.73,15.31,56.5,33.9,1,excellent
24.17,32.85,26.07,14.53,41.25,6.76,2.23,30.41,14.76,56.5,33.9,1,excellent
24.17,33.21,26.07,14.53,41.83,6.79,2.23,30.25,14.88,56.5,33.9,1,excellent
23.95,33.03,26.2,14.59,41.54,6.76,2.23,30.25,15.25,56.5,33.9,1,excellent
23.95,32.32,25.82,14.36,40.96,6.68,2.22,30.09,15.18,56.5,33.8,1,excellent
23.72,32.32,26.2,14.42,40.96,6.6,2.23,30.41,15.25,56.5,33.9,1,excellent
23.72,32.67,26.07,14.53,41.83,6.52,2.24,31.4,15.18,56.5,33.8,1,excellent
23.95,32.49,26.07,14.53,41.83,6.7,2.24,30.25,14.7,56.5,33.8,1,excellent
23.61,33.03,26.46,14.59,41.83,6.68,2.24,30.09,15.06,56.5,33.8,1,excellent
23.72,33.21,26.46,14.65,41.83,6.7,2.24,30.41,15.18,56.5,33.8,1,excellent
23.61,32.14,25.82,14.36,40.96,6.7,2.22,30.57,15.0,56.5,33.8,1,excellent
23.39,32.49,25.82,14.36,40.96,6.65,2.22,29.61,14.64,56.5,33.5,1,excellent
22.96,31.8,25.69,14.3,40.11,6.46,2.22,29.3,14.7,56.5,33.8,1,excellent
22.54,31.29,25.69,14.13,39.29,6.36,2.21,29.3,14.46,56.5,33.8,1,excellent
22.24,30.8,24.96,13.96,36.99,6.16,2.17,28.12,14.11,56.5,33.8,1,excellent
21.93,30.0,24.72,13.9,36.27,6.11,2.18,28.26,14.23,56.5,33.9,1,excellent
20.6,28.63,23.69,13.35,33.2,5.67,2.12,26.2,13.61,56.5,33.8,1,excellent
20.42,27.92,23.47,13.3,32.6,5.48,2.11,25.95,13.4,56.5,33.7,1,excellent
20.24,27.78,23.47,13.35,32.4,5.43,2.13,26.07,13.45,56.5,33.7,1,excellent
19.45,26.82,22.83,12.98,30.35,5.28,2.11,25.07,13.34,56.5,33.6,1,excellent
18.87,25.79,22.2,12.78,28.82,4.97,2.08,24.36,12.62,56.5,33.6,1,excellent
18.87,25.54,21.9,12.78,28.82,5.08,2.13,24.48,12.67,56.5,33.6,1,excellent
21.64,29.08,24.14,14.13,36.99,5.84,2.31,28.7,14.06,56.5,33.7,1,excellent
18.47,26.82,23.04,13.09,30.53,5.1,2.06,24.83,13.03,56.5,33.7,1,excellent
20.97,29.08,24.03,13.9,35.13,5.74,2.23,27.69,14.11,56.5,33.7,1,excellent
22.03,30.31,24.72,14.36,39.56,6.08,2.28,29.3,14.17,56.5,33.7,1,excellent
22.24,31.12,25.32,14.42,40.11,6.11,2.27,29.46,14.4,56.5,33.8,1,excellent
22.34,31.63,25.32,14.47,40.96,6.13,2.26,29.61,14.7,56.5,33.7,1,excellent
22.54,32.32,25.82,14.53,41.25,6.13,2.26,29.93,15.06,56.5,33.8,1,excellent
22.54,32.67,26.2,14.59,41.54,6.06,2.26,29.93,15.06,56.5,33.8,1,excellent
22.65,32.85,26.46,14.59,41.54,6.41,2.26,30.09,14.64,56.5,33.8,1,excellent
22.65,33.03,26.59,14.59,41.83,6.46,2.26,30.09,14.46,56.5,33.8,1,excellent
22.65,33.4,26.72,14.59,42.13,6.46,2.26,30.25,14.46,56.5,33.9,1,excellent
22.75,33.4,26.85,14.59,42.13,6.49,2.24,30.25,14.94,56.5,33.8,1,excellent
22.75,33.58,26.98,14.59,42.44,6.46,2.24,30.25,14.46,56.5,33.8,1,excellent
22.75,33.58,26.98,14.59,42.13,6.18,2.24,30.25,14.64,56.5,33.8,1,excellent
22.75,33.77,26.98,14.59,42.44,6.11,2.23,30.41,14.64,56.5,33.8,1,excellent
22.75,33.77,26.85,14.59,42.44,6.23,2.23,30.25,14.76,56.5,33.8,1,excellent
22.75,33.96,26.85,14.59,42.13,6.31,2.23,30.25,14.88,56.5,33.7,1,excellent
22.75,33.96,26.85,14.59,42.44,6.26,2.23,30.25,14.58,56.5,33.7,1,excellent
22.86,33.96,26.98,14.59,42.44,6.23,2.23,30.41,14.58,56.5,33.7,1,excellent
22.86,34.15,26.98,14.59,42.74,6.16,2.23,30.41,14.4,56.5,33.7,1,excellent
22.65,33.96,26.85,14.59,42.44,6.13,2.22,30.25,14.52,56.5,33.7,1,excellent
22.65,33.96,26.46,14.59,42.44,6.08,2.23,30.41,14.58,56.5,33.7,1,excellent
22.65,33.77,26.85,14.53,42.13,6.18,2.23,30.41,14.52,56.5,33.7,1,excellent
22.54,33.77,26.72,14.53,42.13,6.08,2.22,30.25,14.46,56.5,33.7,1,excellent
22.44,33.58,26.72,14.53,41.54,6.11,2.22,30.25,14.58,56.5,33.7,1,excellent
22.24,33.21,26.46,14.42,41.25,6.28,2.22,29.93,14.29,56.5,33.7,1,excellent
22.14,33.03,26.33,14.36,40.67,6.21,2.21,29.77,14.23,56.5,33.7,1,excellent
22.03,33.03,26.46,14.36,40.39,6.16,2.21,29.61,14.29,56.5,33.7,1,excellent
21.64,32.32,26.07,14.24,39.29,6.13,2.19,29.15,14.11,56.5,33.7,1,excellent
20.24,30.8,26.07,13.68,33.41,5.39,2.12,27.41,13.56,56.5,33.8,1,excellent
20.51,30.0,24.96,13.84,35.58,5.86,2.19,27.83,13.72,56.5,33.8,1,excellent
20.15,29.53,24.72,13.62,34.47,5.69,2.16,27.27,13.56,56.5,33.8,1,excellent
20.06,29.08,24.37,13.68,34.25,5.69,2.18,28.41,13.56,56.5,33.8,1,excellent
21.16,30.63,25.44,14.24,38.5,6.08,2.26,29.15,14.23,56.5,33.8,1,excellent
21.35,31.29,25.82,14.3,39.83,6.26,2.23,29.46,14.17,56.5,33.8,1,excellent
21.54,31.97,26.2,14.36,40.67,6.36,2.24,29.77,14.29,56.5,33.8,1,excellent
21.74,32.49,26.46,14.42,40.96,6.41,2.24,29.93,14.23,56.5,33.9,1,excellent
21.93,32.85,26.72,14.47,41.54,6.28,2.24,30.09,14.23,56.5,33.9,1,excellent
21.93,33.21,26.72,14.47,41.25,6.26,2.24,30.09,14.23,56.5,33.9,1,excellent
22.03,33.4,26.85,14.47,41.54,6.31,2.24,30.09,14.23,56.5,33.9,1,excellent
22.03,33.21,26.98,14.42,41.54,6.31,2.24,30.09,14.29,56.5,33.9,1,excellent
22.14,33.77,27.39,14.59,41.83,6.36,2.24,30.41,14.4,56.5,34.1,1,excellent
22.14,33.96,27.53,14.59,42.44,6.36,2.24,30.57,14.46,56.5,34.1,1,excellent
22.34,34.15,27.53,14.59,42.74,6.36,2.26,30.73,14.4,56.5,34.1,1,excellent
22.24,33.96,27.67,14.53,42.44,6.36,2.26,30.57,14.4,56.5,34.1,1,excellent
22.34,33.77,27.53,14.59,42.74,6.36,2.27,30.57,15.0,56.5,34.1,1,excellent
22.44,33.96,27.53,14.59,43.05,6.41,2.27,30.73,15.0,56.5,34.1,1,excellent
22.54,33.96,27.67,14.65,43.05,6.41,2.27,30.73,15.06,56.5,34.1,1,excellent
22.75,34.53,27.95,14.71,44.01,6.52,2.27,31.06,15.18,56.5,34.3,1,excellent
22.75,34.93,28.09,14.71,44.34,6.52,2.27,31.23,15.18,56.5,34.3,1,excellent
22.75,34.93,27.95,14.65,44.01,6.52,2.27,31.06,15.31,56.5,34.3,1,excellent
22.65,34.93,27.95,14.59,44.01,6.46,2.26,31.06,15.12,56.5,34.3,1,excellent
22.65,34.73,28.09,14.59,44.01,6.41,2.26,30.9,15.06,56.5,34.3,1,excellent
19.54,28.49,24.96,13.41,31.82,5.34,2.26,26.2,13.72,56.5,34.5,1,excellent
21.74,31.8,27.12,14.53,39.29,5.96,2.38,29.93,14.88,56.5,34.4,1,excellent
21.64,31.97,27.25,14.47,39.56,5.88,2.37,29.93,14.82,56.5,34.5,1,excellent
21.64,31.8,27.12,14.42,39.56,5.93,2.36,29.77,14.82,56.5,34.4,1,excellent
21.54,31.8,27.12,14.42,39.29,5.93,2.36,29.77,14.76,56.5,34.5,1,excellent
21.64,31.97,27.25,14.47,39.83,5.96,2.36,29.93,14.82,56.5,34.5,1,excellent
21.64,32.14,27.25,14.53,40.11,6.03,2.37,29.93,14.82,56.5,34.4,1,excellent
21.64,32.14,27.39,14.53,40.11,6.06,2.37,29.93,14.82,56.5,34.4,1,excellent
21.64,32.14,27.25,14.53,39.83,5.96,2.37,30.09,14.76,56.5,34.4,1,excellent
21.74,32.49,27.39,14.59,40.39,5.98,2.37,30.09,14.82,56.5,34.4,1,excellent
21.74,32.32,27.39,14.59,40.39,5.93,2.37,30.09,14.94,56.5,34.4,1,excellent
21.64,32.32,27.39,14.59,40.39,5.93,2.37,30.09,14.94,56.5,34.5,1,excellent
21.64,32.32,27.53,14.59,40.39,5.88,2.36,30.09,14.88,56.5,34.5,1,excellent
21.64,32.32,27.53,14.59,40.39,5.88,2.36,29.93,14.88,56.5,34.5,1,excellent
21.64,32.49,27.53,14.59,40.67,5.91,2.36,30.25,14.82,56.5,34.5,1,excellent
21.64,32.49,27.67,14.65,40.96,5.88,2.37,30.25,14.88,56.5,34.5,1,excellent
21.74,32.67,27.81,14.65,41.25,5.84,2.37,30.41,14.94,56.5,34.5,1,excellent
21.74,32.85,27.81,14.65,41.25,5.86,2.36,30.41,14.94,56.5,34.5,1,excellent
21.74,33.03,27.95,14.65,41.25,5.88,2.37,30.41,14.94,56.5,34.5,1,excellent
21.74,33.21,27.95,14.71,41.25,5.86,2.37,30.57,14.94,56.5,34.5,1,excellent
21.84,33.4,28.09,14.71,41.83,5.74,2.37,30.57,14.94,56.5,34.5,1,excellent
21.93,33.58,28.09,14.77,41.83,5.91,2.37,30.57,15.0,56.5,34.5,1,excellent
21.93,33.58,28.23,14.77,42.13,5.93,2.38,30.73,15.0,56.5,34.5,1,excellent
21.93,33.77,28.23,14.71,41.83,5.64,2.38,30.73,15.0,56.5,34.5,1,excellent
21.93,33.77,28.23,14.71,41.83,5.86,2.38,30.57,15.12,56.5,34.5,1,excellent
21.93,33.77,28.23,14.71,41.83,5.81,2.37,30.57,14.94,56.5,34.5,1,excellent
21.93,33.58,28.23,14.71,41.83,5.67,2.38,30.73,15.12,56.5,34.5,1,excellent
21.93,33.77,28.37,14.77,42.13,5.71,2.38,30.9,14.76,56.5,34.5,1,excellent
21.93,33.77,28.37,14.77,42.13,5.71,2.38,30.73,14.58,56.6,34.5,1,excellent
22.03,33.96,28.37,14.77,42.13,5.74,2.38,30.9,14.58,56.6,34.5,1,excellent
22.03,33.77,28.37,14.77,42.13,5.76,2.4,30.9,15.18,56.6,34.5,1,excellent
22.03,33.96,28.52,14.83,42.13,5.76,2.41,30.9,15.18,56.6,34.5,1,excellent
22.14,33.96,28.52,14.83,42.13,5.79,2.41,30.9,15.18,56.6,34.5,1,excellent
22.03,34.15,28.66,14.83,42.13,5.86,2.38,30.9,15.25,56.6,34.5,1,excellent
22.14,34.15,28.66,14.83,42.13,5.91,2.41,30.9,14.7,56.6,34.5,1,excellent
22.14,34.15,28.81,14.83,42.44,5.84,2.41,31.06,14.82,56.6,34.5,1,excellent
22.14,33.96,28.81,14.83,42.44,5.88,2.42,31.06,14.7,56.6,34.6,1,excellent
22.03,33.96,28.81,14.83,42.44,5.91,2.42,31.06,14.52,56.6,34.6,1,excellent
22.14,33.96,28.81,14.83,42.44,5.88,2.42,31.06,14.64,56.6,34.6,1,excellent
22.14,33.77,28.96,14.83,42.13,5.79,2.44,31.06,14.64,56.6,34.6,1,excellent
22.03,33.77,28.66,14.83,42.13,5.79,2.42,31.06,14.7,56.6,34.6,1,excellent
21.93,33.77,28.66,14.83,42.44,5.86,2.41,30.9,14.82,56.6,34.6,1,excellent
21.93,33.96,28.66,14.77,42.44,5.88,2.41,31.06,14.46,56.6,34.6,1,excellent
22.03,33.96,28.52,14.77,42.44,5.76,2.4,30.9,14.7,56.6,34.6,1,excellent
22.03,33.96,28.52,14.77,42.13,5.88,2.4,30.9,14.7,56.6,34.5,1,excellent
22.03,33.96,28.66,14.77,42.44,5.84,2.4,31.06,14.7,56.6,34.6,1,excellent
22.03,34.15,28.66,14.77,42.44,5.91,2.4,30.9,14.76,56.6,34.6,1,excellent
22.03,33.96,28.66,14.77,42.44,5.88,2.38,30.9,14.76,56.6,34.6,1,excellent
22.03,33.77,28.52,14.71,42.13,5.86,2.38,30.73,14.82,56.6,34.6,1,excellent
25.72,9.75,9.42,25.63,15.27,3.82,5.72,37.22,16.98,56.7,36.4,1,excellent
25.35,9.71,9.35,25.5,15.14,3.85,5.7,37.0,17.12,57.1,36.5,1,excellent
25.47,9.67,9.35,25.75,15.14,3.85,5.72,36.35,17.05,57.4,36.3,1,excellent
25.35,9.56,9.27,25.63,15.07,3.89,5.74,36.78,16.84,59.7,36.3,1,excellent
25.11,9.34,9.09,25.63,14.88,3.89,5.88,35.93,16.7,58.9,36.3,1,excellent
24.99,9.3,9.02,25.75,14.76,3.84,5.93,35.93,16.84,59.4,36.3,1,excellent
24.63,8.77,8.05,22.86,13.45,3.82,5.86,33.55,15.37,62.0,35.7,1,excellent
24.99,8.91,8.34,24.77,13.79,3.89,5.86,33.17,15.75,62.7,35.8,1,excellent
25.23,9.05,8.44,24.89,13.74,3.89,5.86,33.36,15.95,63.1,35.6,1,excellent
25.35,9.16,8.54,25.01,13.85,3.95,5.86,33.55,16.08,63.5,35.6,1,excellent
25.23,9.19,8.61,25.25,13.97,3.95,5.86,33.55,16.15,63.7,35.5,1,excellent
25.72,9.3,8.68,25.5,14.03,4.0,5.95,33.55,16.35,64.0,35.5,1,excellent
25.6,9.37,8.68,25.25,13.91,4.02,5.98,33.36,16.63,64.3,35.5,1,excellent
25.6,9.34,8.74,25.75,13.97,4.04,6.02,33.74,16.7,64.5,35.5,1,excellent
25.6,9.41,8.71,25.75,13.85,4.04,6.02,33.93,16.91,64.0,34.8,1,excellent
26.1,9.67,8.95,25.88,14.09,4.23,6.24,34.31,17.34,64.6,35.6,1,excellent
25.47,9.23,8.51,25.13,13.62,3.95,5.88,33.17,16.77,64.6,35.6,1,excellent
25.35,9.12,8.51,25.13,13.68,3.93,5.91,32.63,16.7,64.7,35.6,1,excellent
25.23,9.16,8.51,25.13,13.68,3.95,5.88,32.45,16.63,64.6,35.7,1,excellent
25.11,9.12,8.44,25.01,13.68,3.91,5.86,32.99,15.62,64.6,35.8,1,excellent
25.47,11.49,8.44,25.13,13.68,3.91,5.86,32.45,16.63,64.7,35.8,1,excellent
25.35,9.19,8.44,25.13,13.68,3.95,5.88,32.45,16.56,64.6,35.6,1,excellent
25.11,9.16,8.44,24.89,13.68,3.91,5.84,32.27,16.35,64.6,35.9,1,excellent
25.47,9.16,8.44,25.01,13.62,3.98,5.86,32.09,16.42,64.7,35.9,1,excellent
25.23,9.23,8.41,25.25,13.68,3.93,5.88,32.27,16.42,64.8,35.9,1,excellent
25.23,9.12,8.41,25.01,13.62,3.87,5.88,32.09,16.42,65.3,36.0,1,excellent
25.11,9.19,8.44,24.89,13.68,4.0,5.84,32.27,16.49,65.4,36.0,1,excellent
25.47,9.23,8.41,25.13,13.68,4.0,5.86,31.92,16.77,65.4,36.0,1,excellent
25.47,9.23,8.41,24.89,13.62,4.0,5.88,32.27,16.77,64.8,35.8,1,excellent
25.47,9.19,8.41,24.77,13.45,3.98,5.88,32.09,16.63,65.3,36.1,1,excellent
25.23,9.3,8.41,25.01,13.57,4.04,5.88,32.09,16.84,65.4,36.1,1,excellent
25.23,9.23,8.41,25.01,13.51,4.06,5.88,31.92,16.84,65.6,36.1,1,excellent
25.11,9.16,8.41,25.01,13.45,4.06,5.91,31.92,16.63,65.6,36.3,1,excellent
25.35,9.19,8.37,24.65,13.29,4.02,5.91,31.92,16.63,65.7,36.1,1,excellent
25.11,9.19,8.37,24.65,13.29,4.08,5.91,31.92,16.7,65.8,36.2,1,excellent
25.47,9.19,8.37,24.77,13.29,3.98,5.93,31.74,16.7,66.4,37.0,1,excellent
25.47,9.26,8.37,24.77,13.29,4.1,5.95,31.92,16.84,65.8,36.2,1,excellent
25.35,9.3,8.41,24.77,13.23,4.08,5.98,31.92,16.77,65.9,36.3,1,excellent
25.35,9.3,8.44,25.01,13.23,4.12,5.93,31.92,16.84,65.9,36.2,1,excellent
25.97,9.67,8.74,25.38,13.4,4.33,6.27,32.99,17.34,65.9,36.5,1,excellent
25.72,9.56,8.71,25.38,13.4,4.37,6.29,31.92,17.12,65.9,36.4,1,excellent
24.87,9.12,8.24,24.42,12.96,4.06,5.91,31.23,16.56,66.0,36.4,1,excellent
24.87,9.09,8.24,24.42,12.96,3.98,5.88,31.23,16.42,66.0,36.4,1,excellent
24.99,9.05,8.21,24.3,12.91,3.95,5.91,31.4,16.42,66.0,36.4,1,excellent
24.99,9.05,8.21,24.53,13.02,4.02,5.88,30.9,16.49,66.0,36.5,1,excellent
25.23,9.16,8.18,24.3,12.86,4.04,5.91,31.57,16.49,66.1,36.5,1,excellent
24.99,9.05,8.15,24.18,12.8,4.06,5.88,31.23,16.35,66.0,36.5,1,excellent
24.87,9.16,8.18,24.18,12.86,4.0,5.91,31.23,16.28,66.1,36.5,1,excellent
25.11,9.16,8.18,24.3,12.8,3.98,5.88,31.06,16.49,66.1,36.5,1,excellent
25.35,9.05,8.15,24.3,12.86,4.04,5.88,30.73,16.28,66.2,36.5,1,excellent
25.11,9.09,8.11,24.07,12.75,4.04,5.86,30.57,16.28,66.2,36.6,1,excellent
24.87,9.05,8.15,24.18,12.75,4.04,5.86,30.73,16.42,66.3,36.6,1,excellent
24.99,9.12,8.11,24.18,12.7,4.1,5.88,32.99,16.56,66.2,36.6,1,excellent
25.11,9.12,8.11,24.3,12.65,4.12,5.91,30.41,16.77,66.3,36.6,1,excellent
24.75,9.09,8.08,23.84,12.49,4.08,5.93,30.73,16.63,66.4,36.6,1,excellent
24.75,9.05,8.08,23.96,12.44,4.1,5.93,30.41,16.77,66.6,36.6,1,excellent
25.11,9.05,8.08,24.07,12.44,4.08,6.0,30.9,16.77,66.7,36.6,1,excellent
24.75,9.05,8.05,23.96,12.39,4.08,6.05,30.41,16.91,66.7,36.7,1,excellent
24.75,9.12,8.08,24.18,12.39,4.1,6.02,30.41,16.91,66.8,36.7,1,excellent
24.75,9.05,8.08,23.96,12.34,4.15,6.07,31.74,16.98,66.8,36.7,1,excellent
24.87,9.05,8.05,24.07,12.29,4.1,6.07,30.25,16.98,66.8,36.8,1,excellent
24.87,9.16,8.08,24.07,12.29,4.12,6.12,30.09,17.12,66.8,36.7,1,excellent
24.75,9.01,8.05,23.96,12.14,4.13,6.12,30.41,16.91,66.8,36.8,1,good
24.87,9.09,8.02,23.84,12.14,4.15,6.14,30.41,16.98,66.9,36.8,1,good
24.99,9.09,8.02,23.84,12.14,4.13,6.17,30.41,16.98,66.8,36.8,1,good
24.87,9.09,8.02,23.73,11.95,4.19,6.22,30.41,17.12,66.9,36.8,1,good
24.87,9.05,8.02,23.84,11.95,4.15,6.24,29.93,17.34,67.0,36.9,1,good
24.87,9.01,7.99,23.62,11.85,4.17,6.27,30.25,16.98,67.0,36.9,1,good
24.63,8.98,7.95,23.62,11.8,4.13,6.27,29.93,17.12,67.0,36.9,1,good
24.63,8.87,7.86,23.4,11.8,4.08,6.17,29.93,16.77,67.0,36.9,1,good
24.52,8.87,7.89,23.62,11.85,4.08,6.17,29.77,16.77,67.0,36.9,1,good
24.63,8.87,7.89,23.62,11.8,4.12,6.17,29.3,16.77,67.0,36.9,1,good
24.52,8.87,7.89,23.62,11.75,4.12,6.19,29.15,16.84,67.0,36.9,1,good
24.63,8.91,7.89,23.51,11.66,4.12,6.19,29.46,16.91,67.1,36.9,1,good
24.75,9.09,7.99,23.62,11.75,4.17,6.27,29.93,16.91,67.8,37.0,1,good
24.52,9.05,7.95,23.4,11.75,4.19,6.27,29.77,16.84,67.7,37.0,1,good
24.63,9.01,7.95,23.51,11.71,4.23,6.29,29.3,16.84,67.9,37.0,1,good
24.63,9.12,7.95,23.4,11.57,4.29,6.34,29.77,17.05,67.9,37.0,1,good
24.99,9.05,7.99,23.51,11.57,4.27,6.34,29.77,16.91,68.0,37.0,1,good
24.87,9.01,7.95,23.4,11.52,4.29,6.39,29.3,17.05,68.1,37.0,1,good
24.63,8.98,7.95,23.29,11.47,4.29,6.42,29.46,17.05,68.2,37.0,1,good
24.52,9.12,7.99,23.51,11.43,4.25,6.39,29.77,16.98,68.2,37.0,1,good
24.52,9.09,7.95,23.51,11.43,4.27,6.42,29.46,16.98,68.3,37.0,1,good
24.63,8.98,7.92,23.29,11.43,4.29,6.44,29.3,16.98,68.4,37.0,1,good
24.63,9.05,7.95,23.29,11.29,4.31,6.47,29.61,16.98,68.5,37.0,1,good
24.52,9.01,7.95,23.51,11.34,4.31,6.47,29.15,16.84,68.5,37.0,1,good
24.75,9.09,7.92,23.29,11.29,4.33,6.49,29.15,16.98,68.6,37.0,1,good
24.87,9.09,7.92,23.29,11.25,4.33,6.52,29.15,16.98,68.7,37.1,1,good
24.52,8.98,7.92,23.29,11.25,4.33,6.52,29.0,16.84,68.6,37.1,1,good
24.63,8.87,7.8,23.18,11.02,4.21,6.44,28.7,16.63,68.7,37.1,1,good
24.29,8.98,7.83,23.18,11.11,4.25,6.47,28.41,16.77,68.7,37.1,1,good
24.52,8.91,7.83,23.4,11.16,4.23,6.47,28.7,16.63,68.7,37.1,1,good
24.63,8.91,7.83,23.29,11.16,4.25,6.47,28.41,16.84,68.8,37.1,1,good
24.75,8.98,7.8,22.96,11.16,4.25,6.49,28.41,16.84,68.8,37.2,1,good
24.4,8.98,7.83,22.96,11.07,4.31,6.54,28.41,16.91,68.8,37.1,1,good
24.75,8.91,7.8,23.07,11.02,4.27,6.54,28.41,16.77,68.1,36.4,1,good
24.52,9.01,7.8,22.96,10.98,4.31,6.6,28.26,16.84,68.8,37.1,1,good
24.52,8.98,7.83,22.96,10.98,4.33,6.57,28.41,16.7,68.8,37.1,1,good
24.52,8.8,7.68,22.96,10.89,4.21,6.44,27.69,16.49,68.9,37.2,1,good
24.4,8.87,7.71,22.86,10.89,4.21,6.47,27.83,16.42,68.8,37.2,1,good
24.4,8.87,7.74,22.75,10.89,4.21,6.47,27.83,16.22,68.9,37.2,1,good
24.4,8.94,7.77,22.64,10.85,4.23,6.49,28.26,16.42,69.1,37.1,1,good
24.52,8.87,7.71,22.64,10.81,4.27,6.52,27.83,16.42,69.2,37.3,1,good
24.63,8.84,7.74,22.96,10.85,4.27,6.52,28.12,16.56,69.3,37.2,1,good
24.4,8.94,7.74,22.86,10.81,4.25,6.57,27.97,16.91,69.4,37.2,1,good
24.29,8.84,7.74,22.86,10.76,4.25,6.57,27.97,16.7,69.3,37.2,1,good
24.29,8.94,7.74,22.64,10.68,4.25,6.6,27.55,16.91,69.3,37.2,1,good
24.4,8.91,7.71,22.75,10.68,4.27,6.6,27.97,16.77,69.4,37.2,1,good
24.29,8.87,7.71,22.86,10.63,4.43,6.65,27.55,16.56,69.4,37.2,1,good
24.4,8.91,7.71,22.86,10.68,4.25,6.62,27.55,16.7,69.4,37.4,1,good
24.52,8.98,7.68,22.86,10.55,4.27,6.67,27.97,16.77,69.4,37.3,1,good
24.29,8.87,7.68,22.64,10.59,4.29,6.65,27.55,16.77,69.4,37.2,1,good
24.17,8.91,7.65,22.64,10.51,4.29,6.7,27.83,16.7,68.8,36.9,1,good
24.4,8.84,7.62,22.86,10.51,4.25,6.7,27.41,16.63,69.5,37.3,1,good
24.29,8.8,7.68,22.64,10.51,4.31,6.73,27.55,16.77,69.5,37.3,1,good
24.4,8.91,7.62,22.86,10.43,4.33,6.78,27.55,16.7,69.6,37.3,1,good
24.17,8.91,7.62,22.54,10.38,4.33,6.75,27.55,16.7,69.5,37.4,1,good
24.29,8.8,7.62,22.54,10.34,4.37,6.78,27.14,16.7,69.6,37.3,1,good
24.52,8.53,7.65,22.75,10.43,4.35,6.81,27.41,16.49,69.5,37.3,1,good
24.29,8.87,7.65,22.75,10.38,4.39,6.81,27.41,16.49,69.5,37.1,1,good
24.4,8.91,7.65,22.75,10.38,4.41,6.86,27.14,16.63,69.6,37.3,1,good
24.4,8.91,7.62,22.44,10.3,4.51,6.83,27.27,16.42,69.6,37.4,1,good
24.4,8.94,7.65,22.44,10.26,4.43,6.89,27.41,16.42,69.7,37.4,1,good
24.52,8.87,7.58,22.44,10.22,4.45,6.91,27.27,16.42,69.7,37.4,1,good
24.4,8.91,7.58,22.75,10.22,4.43,6.97,27.14,16.49,69.7,37.4,1,good
24.52,8.87,7.55,22.75,10.14,4.39,6.97,27.0,15.82,69.7,37.4,1,good
24.17,8.8,7.52,22.44,10.1,4.37,6.94,27.0,16.56,69.7,37.5,1,good
23.95,8.8,7.52,22.33,10.06,4.35,6.97,26.86,16.84,69.7,37.4,1,good
24.29,8.84,7.52,22.54,10.06,4.37,6.97,26.73,16.84,69.7,37.4,1,good
24.29,8.8,7.49,22.54,10.06,4.45,6.94,26.73,16.63,69.7,37.4,1,good
23.95,8.87,7.49,22.23,9.98,4.49,6.94,26.73,16.7,69.7,37.4,1,good
24.29,8.77,7.46,22.44,9.94,4.55,6.97,26.6,16.77,69.8,37.4,1,good
24.17,8.8,7.46,22.54,9.94,4.51,7.05,25.95,16.98,69.9,37.4,1,good
24.06,8.7,7.43,22.44,9.94,4.53,7.05,26.33,16.77,70.0,37.1,1,good
23.95,8.74,7.43,22.33,9.86,4.57,7.02,26.47,16.7,70.0,37.4,1,good
23.83,8.7,7.43,22.33,9.83,4.55,7.08,26.47,16.84,70.0,37.5,1,good
24.17,8.7,7.43,22.44,9.83,4.55,7.11,26.2,16.7,70.0,37.5,1,good
23.83,8.67,7.41,22.13,9.75,4.57,7.11,26.07,16.63,70.0,37.5,1,good
23.95,8.7,7.41,22.33,9.79,4.55,7.13,26.2,16.56,70.0,37.5,1,good
23.95,8.67,7.35,22.33,9.71,4.53,7.11,26.07,16.02,70.1,37.5,1,good
24.06,8.74,7.38,22.13,9.67,4.55,7.19,25.95,16.49,70.0,37.7,1,good
23.72,8.6,7.38,22.33,9.67,4.51,7.19,25.69,15.69,70.1,37.5,1,good
23.95,8.67,7.38,22.33,9.63,4.51,7.19,25.82,16.35,70.2,37.5,1,good
23.83,8.63,7.32,22.33,9.6,4.49,7.16,25.82,16.15,70.1,37.5,1,good
23.83,8.6,7.32,22.03,9.56,4.53,7.25,25.82,16.15,70.1,37.5,1,good
23.61,8.63,7.32,22.23,9.52,4.49,7.3,25.69,16.35,70.1,37.5,1,good
23.61,8.67,7.29,22.13,9.48,4.8,7.36,25.57,16.28,70.2,37.5,1,good
23.61,8.6,7.29,22.23,9.48,4.53,7.33,25.57,16.02,70.2,37.7,1,good
23.95,8.63,7.26,22.03,9.41,4.53,7.39,25.57,16.22,70.2,37.5,1,good
23.61,8.53,7.26,22.13,9.41,4.53,7.42,25.32,16.56,70.3,37.6,1,good
23.72,8.6,7.26,22.23,9.34,4.53,7.36,25.57,16.7,70.1,37.3,1,good
23.72,8.57,7.23,22.03,9.3,4.55,7.42,25.32,16.7,70.1,37.6,1,good
23.61,8.67,7.26,22.23,9.3,4.55,7.36,25.2,16.7,70.2,37.5,1,good
23.61,8.67,7.23,22.03,9.3,4.53,7.42,25.32,16.63,70.0,37.5,1,good
23.83,8.6,7.23,22.03,9.23,4.55,7.45,25.07,16.7,70.0,37.6,1,good
23.61,8.57,7.23,22.23,9.26,4.51,7.48,25.07,16.63,70.1,37.5,1,good
23.5,8.74,7.23,22.03,9.15,4.57,7.51,25.07,16.98,70.2,37.6,1,good
23.61,8.53,7.23,22.13,9.15,4.55,7.54,24.95,16.84,70.2,37.5,1,good
23.39,8.5,7.2,22.03,9.12,4.55,7.51,24.95,16.7,70.3,37.6,1,good
23.83,8.57,7.17,22.03,9.05,4.59,7.48,24.95,16.7,70.3,37.6,1,good
23.61,8.57,7.2,22.03,9.01,4.61,7.51,24.95,16.91,70.4,37.6,1,good
23.72,8.53,7.17,21.93,9.01,4.61,7.54,24.71,16.7,70.2,37.6,1,good
23.72,8.6,7.14,21.93,8.98,4.63,7.51,24.83,16.77,70.3,37.6,1,good
23.5,8.6,7.17,21.83,8.94,4.63,7.62,24.01,16.77,70.3,37.6,1,good
23.5,8.6,7.14,21.83,8.91,4.65,7.62,24.83,16.7,69.6,36.8,1,good
23.5,8.53,7.14,22.03,8.94,4.63,7.68,24.48,16.84,70.5,37.6,1,good
23.72,8.53,7.11,22.03,8.91,4.67,7.68,24.36,16.84,70.5,37.6,1,good
23.39,8.47,7.06,21.73,8.8,4.65,7.68,24.59,16.63,70.6,37.6,1,good
23.28,8.43,7.06,21.63,8.8,4.67,7.75,24.24,16.7,70.6,37.6,1,good
23.5,8.37,7.03,21.63,8.73,4.65,7.68,24.24,16.49,70.7,37.6,1,good
23.28,8.4,7.06,21.83,8.8,4.71,7.78,24.24,16.56,70.7,37.6,1,good
23.18,8.4,7.03,21.73,8.7,4.76,7.84,24.36,16.63,70.8,37.8,1,good
23.18,8.33,7.03,21.83,8.73,4.71,7.87,24.36,16.63,70.8,37.6,1,good
23.28,8.27,7.0,21.93,8.67,4.73,7.93,24.01,16.42,70.9,37.6,1,good
23.18,8.27,6.97,21.83,8.63,4.73,7.96,23.78,16.49,70.9,37.6,1,good
23.39,8.23,6.94,21.63,8.56,4.78,7.93,23.78,16.49,70.9,37.6,1,good
23.28,8.23,6.94,21.83,8.56,4.78,7.96,24.01,16.49,70.8,37.7,1,good
23.28,8.23,6.89,21.63,8.5,4.9,8.05,23.78,16.35,70.8,37.7,1,good
23.28,8.27,6.86,21.63,8.46,4.82,8.02,23.9,16.56,70.8,37.8,1,good
22.96,8.07,6.86,21.53,8.43,4.82,8.09,23.56,16.49,70.8,37.6,1,good
23.07,8.14,6.86,21.53,8.43,4.82,8.09,23.56,16.28,70.8,37.7,1,good
22.96,8.11,6.83,21.83,8.37,4.86,8.05,23.67,16.49,71.4,38.5,1,good
22.86,8.14,6.83,21.73,8.37,4.82,8.15,23.56,16.28,70.8,37.7,1,good
23.07,8.07,6.81,21.53,8.33,4.88,8.15,23.56,16.49,70.8,37.7,1,good
22.75,8.11,6.81,21.63,8.3,4.9,8.18,23.45,16.35,71.0,37.6,1,good
22.65,8.01,6.75,21.43,8.27,4.88,8.15,23.23,16.22,70.9,37.8,1,good
22.65,7.98,6.72,21.43,8.2,4.9,8.21,23.01,16.15,71.0,37.7,1,good
22.65,5.74,6.78,21.63,8.24,4.92,8.25,23.12,16.15,71.0,37.7,1,good
22.75,7.98,6.75,21.53,8.24,4.95,8.25,23.23,16.35,70.9,37.4,1,good
22.75,7.95,6.7,21.33,8.14,4.9,8.31,22.8,16.15,71.0,37.7,1,good
22.65,8.01,6.72,21.24,8.14,4.99,8.34,23.01,16.35,71.0,37.7,1,good
22.54,7.92,6.72,21.33,8.11,4.99,8.41,22.91,16.15,71.1,37.7,1,good
22.75,7.92,6.61,21.05,8.08,5.03,8.34,22.8,16.22,70.9,37.8,1,good
22.54,7.88,6.67,21.43,8.11,5.01,8.41,22.8,16.15,71.0,37.8,1,good
22.54,7.88,6.61,21.33,8.01,5.05,8.44,22.8,16.08,71.0,37.8,1,good
22.54,7.85,6.61,21.43,8.01,5.08,8.51,22.69,16.08,70.9,37.8,1,good
22.54,7.79,6.61,21.33,8.01,5.08,8.51,22.59,16.08,70.9,37.7,1,good
22.54,7.76,6.53,21.05,7.92,5.05,8.51,22.38,16.15,70.9,37.8,1,good
22.44,7.82,6.56,21.24,7.95,5.08,8.61,22.48,16.08,70.9,37.8,1,good
22.44,7.82,6.56,21.14,7.92,5.12,8.64,22.38,15.95,70.8,37.8,1,good
22.65,7.82,6.53,20.95,7.86,5.16,8.61,22.48,16.02,70.8,37.8,1,good
22.54,7.7,6.51,21.14,7.83,5.19,8.61,22.17,16.02,70.9,37.8,1,good
22.24,7.73,6.53,21.14,7.83,5.16,8.64,22.38,15.95,70.8,37.0,1,good
22.44,7.76,6.51,21.05,7.8,5.21,8.75,22.07,15.82,70.8,37.8,1,good
22.54,7.64,6.48,20.95,7.77,5.23,8.78,22.07,15.69,70.8,37.8,1,good
22.44,7.7,6.48,20.86,7.74,5.23,8.81,21.97,15.88,70.9,37.9,1,good
22.34,7.67,6.51,21.14,7.77,5.28,8.78,22.17,15.69,70.8,37.8,1,good
22.24,7.67,6.48,21.05,7.74,5.23,8.85,22.07,15.82,70.9,37.8,1,good
22.24,7.58,6.48,21.05,7.71,5.23,8.85,21.87,15.75,70.9,37.8,1,good
22.14,7.61,6.45,20.95,7.71,5.23,8.88,21.87,15.62,71.5,38.0,1,good
22.34,7.55,6.45,20.95,7.65,5.28,8.88,21.77,15.75,70.9,37.9,1,good
22.44,7.55,6.43,20.77,7.65,5.28,8.95,21.67,15.62,71.0,37.8,1,good
22.14,7.49,6.4,20.77,7.65,5.19,8.88,21.47,15.43,70.9,37.8,1,good
22.44,7.55,6.45,20.95,7.65,5.32,8.99,21.67,15.5,71.0,37.8,1,good
22.03,7.55,6.4,20.86,7.56,5.3,9.02,21.57,15.43,71.1,37.8,1,good
22.14,7.52,6.43,20.95,7.59,5.55,9.1,21.57,15.56,71.1,37.8,1,good
22.03,7.4,6.38,20.77,7.5,5.25,9.02,21.47,15.56,71.7,38.0,1,good
22.24,7.49,6.38,20.58,7.5,5.34,9.1,21.57,15.75,71.1,37.8,1,good
22.24,7.43,6.38,20.77,7.47,5.39,9.06,21.38,15.62,71.3,37.8,1,good
22.24,7.46,6.35,20.49,7.44,5.39,9.06,21.38,15.69,71.2,37.5,1,good
22.14,7.55,6.4,20.77,7.44,5.37,9.1,21.38,15.5,71.2,37.8,1,good
22.14,7.43,6.35,20.49,7.41,5.39,9.13,21.09,15.5,71.2,37.8,1,good
22.24,7.4,6.27,20.13,7.35,5.39,9.17,21.28,15.43,71.2,37.9,1,good
22.24,7.4,6.35,20.67,7.38,5.46,9.2,21.09,15.56,71.2,37.9,1,good
22.03,7.34,6.35,20.58,7.38,5.43,9.28,20.99,15.62,71.2,37.9,1,good
22.24,8.7,6.3,20.31,7.32,5.48,9.24,21.09,15.43,71.2,37.9,1,good
22.03,7.4,6.32,20.49,7.35,5.5,9.24,20.99,15.5,71.2,37.7,1,good
22.14,7.31,6.3,20.31,7.29,5.53,9.28,20.9,15.37,71.2,37.9,1,good
22.03,7.31,6.3,20.22,7.27,5.53,9.28,20.99,15.5,71.2,37.9,1,good
22.14,7.31,6.3,20.31,7.27,5.57,9.39,20.8,15.43,71.3,37.9,1,good
22.03,7.34,6.3,20.31,7.24,5.6,9.43,20.9,15.5,71.3,37.9,1,good
21.93,7.37,6.32,20.4,7.24,5.62,9.39,20.9,15.56,71.3,37.9,1,good
21.93,7.31,6.3,20.4,7.21,5.6,9.39,20.99,15.56,71.3,37.9,1,good
22.03,7.34,6.3,20.22,7.15,5.46,9.43,20.62,15.69,71.3,37.9,1,good
22.14,7.34,6.3,20.13,7.15,5.6,9.46,20.62,15.43,71.3,37.9,1,good
22.03,7.37,6.3,20.31,7.15,5.64,9.46,20.62,15.62,71.3,37.9,1,good
22.03,7.25,6.3,20.13,7.15,5.64,9.46,20.52,15.5,71.4,37.9,1,good
21.93,7.31,6.3,20.13,7.13,5.64,9.5,20.62,15.5,71.4,37.9,1,good
21.93,7.19,6.22,19.95,7.07,5.57,9.46,20.25,15.5,71.5,37.9,1,good
21.84,7.25,6.25,20.04,7.1,5.6,9.43,20.34,15.5,71.5,37.9,1,good
21.93,7.22,6.22,19.95,7.07,5.64,9.43,20.25,15.43,72.0,38.1,1,good
21.84,7.16,6.22,20.04,7.04,5.69,9.46,20.25,15.5,71.5,37.9,1,good
21.93,7.22,6.22,20.04,7.01,5.69,9.46,20.25,15.5,71.6,37.9,1,good
22.14,7.22,6.22,19.77,7.01,5.71,9.5,20.16,15.5,72.1,38.5,1,good
22.03,7.25,6.22,19.77,6.99,5.67,9.61,20.07,15.31,71.5,37.9,1,good
21.93,7.22,6.25,19.95,6.99,5.69,9.65,19.98,15.12,71.6,37.9,1,good
22.24,7.16,6.22,19.18,7.01,5.74,9.69,19.98,15.12,71.7,37.9,1,good
21.93,7.22,6.25,19.86,6.99,5.74,9.73,19.98,15.12,72.2,38.0,1,good
22.03,7.19,6.27,19.86,6.96,5.81,9.73,19.98,15.18,71.6,37.9,1,good
22.14,6.97,6.25,19.69,6.93,5.81,9.81,19.89,15.18,71.7,37.9,1,good
22.14,7.16,6.27,19.95,6.96,5.86,9.81,20.07,15.06,71.7,37.6,1,good
22.24,7.22,6.3,19.86,6.96,5.91,9.88,19.89,14.94,71.7,37.9,1,good
22.03,7.22,6.27,19.86,6.88,5.91,9.92,19.89,15.31,71.8,37.9,1,good
22.75,7.19,6.25,19.69,6.8,5.96,9.92,19.98,15.75,71.7,37.9,1,good
21.84,7.08,6.25,19.86,6.82,5.96,9.92,19.81,15.75,71.8,37.9,1,good
21.84,7.05,6.25,19.77,6.82,5.93,10.0,19.81,15.43,71.8,37.9,1,good
22.03,7.08,6.22,19.6,6.77,5.98,10.04,19.72,15.62,71.8,37.9,1,good
22.24,7.14,6.22,19.51,6.77,6.01,10.08,19.72,15.62,71.8,37.9,1,good
22.03,7.11,6.22,19.6,6.8,6.01,10.08,19.72,15.5,72.3,38.0,1,good
21.93,7.05,6.22,19.51,6.74,6.03,10.04,19.46,15.62,72.3,38.0,1,good
22.14,7.11,6.22,19.51,6.72,6.08,10.16,19.72,15.5,72.4,38.0,1,good
22.14,6.99,6.19,19.43,6.72,6.11,10.12,19.37,15.5,72.3,38.0,1,good
22.14,7.05,6.22,19.6,6.69,6.11,10.2,19.55,15.56,72.4,38.0,1,good
21.93,7.19,6.22,19.69,6.69,6.11,10.2,19.55,15.31,72.5,38.0,1,good
21.93,7.05,6.17,19.43,6.64,6.18,10.29,19.55,15.37,72.4,38.1,1,good
22.03,6.99,6.14,19.34,6.61,6.23,10.29,19.46,15.25,72.4,38.0,1,good
21.84,6.97,6.14,19.34,6.64,6.21,10.41,19.46,15.31,72.5,38.0,1,good
21.74,6.88,6.14,19.51,6.61,6.23,10.33,19.29,15.43,72.5,38.8,1,good
22.03,6.97,6.12,19.26,6.56,6.31,10.37,19.29,15.43,72.5,38.0,1,good
21.93,6.85,6.14,19.18,6.56,6.28,10.33,19.04,15.43,72.5,38.0,1,good
22.24,7.02,6.14,19.26,6.61,6.23,10.37,19.12,15.31,72.5,38.0,1,good
22.03,6.97,6.22,19.34,6.61,6.23,10.29,19.21,15.62,72.5,38.1,1,good
22.34,7.08,6.25,19.26,6.58,6.26,10.25,19.12,15.69,72.6,38.0,1,good
22.24,8.27,6.22,19.26,6.58,6.23,10.29,19.04,15.82,72.5,38.0,1,good
22.03,6.99,6.25,19.51,6.72,6.13,10.25,19.12,15.88,72.0,37.9,1,good
22.44,7.02,6.27,19.18,6.64,6.21,10.25,19.21,15.95,72.6,38.0,1,good
22.44,6.99,6.3,19.18,6.61,6.21,10.29,19.12,15.75,72.6,38.0,1,good
22.54,7.08,6.35,19.18,6.64,6.21,10.2,19.12,15.82,72.6,38.0,1,good
22.54,7.11,6.35,19.18,6.61,6.26,10.2,19.12,15.82,72.6,38.0,1,good
22.34,7.14,6.38,19.26,6.61,6.33,10.33,19.21,15.69,72.6,38.0,1,good
22.44,7.08,6.35,19.09,6.53,6.39,10.25,18.96,15.69,72.6,38.0,1,good
22.34,7.11,6.35,19.26,6.53,6.39,10.41,19.12,15.69,72.0,37.0,1,good
22.44,6.99,6.3,19.09,6.51,6.41,10.37,18.87,15.37,72.6,38.0,1,good
22.14,7.02,6.3,19.18,6.51,6.44,10.49,18.96,15.43,72.6,38.0,1,good
22.14,7.02,6.27,19.09,6.48,6.46,10.54,18.96,15.25,72.7,38.0,1,good
22.34,6.94,6.25,19.01,6.43,6.49,10.58,18.87,15.25,72.6,38.1,1,good
21.93,6.91,6.22,19.09,6.38,6.52,10.62,18.79,15.31,72.6,38.1,1,good
21.93,6.85,6.22,19.18,6.4,6.79,10.62,18.63,15.25,72.6,38.1,1,good
22.24,6.85,6.19,18.93,6.38,6.54,10.66,18.79,15.37,72.5,38.3,1,good
22.03,6.8,6.25,19.09,6.38,6.57,10.66,18.55,15.37,72.7,38.1,1,good
22.24,6.83,6.22,19.01,6.38,6.54,10.62,18.55,15.5,72.5,38.1,1,good
22.34,6.91,6.22,18.93,6.38,6.57,10.66,18.71,15.5,71.9,37.8,1,good
22.24,6.91,6.22,18.84,6.35,6.62,10.71,18.63,15.5,72.4,38.2,1,good
22.03,6.85,6.19,18.76,6.33,6.62,10.79,18.63,15.62,72.4,38.2,1,good
22.03,6.8,6.19,19.01,6.33,6.65,10.84,18.47,15.56,72.5,38.1,1,good
21.93,6.83,6.19,18.84,6.3,6.68,10.79,18.47,15.31,72.4,38.2,1,good
22.14,6.74,6.14,18.68,6.28,6.73,10.79,18.39,15.25,72.3,38.2,1,good
21.93,6.8,6.17,18.93,6.3,6.7,10.84,18.71,15.31,72.3,38.2,1,good
22.03,6.77,6.14,18.68,6.3,6.73,10.97,18.47,15.25,72.3,38.2,1,good
21.93,6.72,6.09,18.76,6.23,6.79,11.01,18.39,15.43,72.3,38.1,1,good
21.93,6.66,6.04,18.6,6.18,6.84,11.1,18.23,15.5,72.3,38.2,1,good
21.74,6.69,6.07,18.6,6.18,6.87,11.19,18.39,15.43,72.3,38.2,1,good
21.84,6.61,6.07,18.6,6.18,6.87,11.19,18.23,15.43,72.2,38.2,1,good
21.84,6.58,6.07,18.76,6.23,6.84,11.15,18.15,15.56,72.2,38.2,1,good
21.74,6.66,6.09,18.68,6.2,6.87,11.1,18.23,15.69,72.2,38.2,1,good
21.93,6.69,6.09,18.52,6.2,6.87,11.15,18.31,15.62,72.2,38.4,1,good
21.74,6.69,6.14,18.6,6.23,6.87,11.06,18.15,15.75,72.3,38.2,1,good
22.03,6.66,6.14,18.6,6.23,6.81,11.15,18.31,15.69,72.3,38.2,1,good
22.24,6.63,6.17,18.52,6.23,6.79,11.15,18.15,15.75,72.3,38.2,1,good
22.03,6.72,6.19,18.68,6.2,6.9,11.1,18.07,15.5,72.3,38.2,1,good
21.93,6.69,6.19,18.6,6.15,6.95,11.06,18.0,15.31,72.3,38.2,1,good
22.03,6.74,6.19,18.68,6.18,6.95,11.19,18.15,15.25,72.3,38.2,1,good
22.24,6.66,6.17,18.44,6.13,6.98,11.15,18.0,15.37,72.2,38.4,1,good
22.34,6.69,6.17,18.44,6.11,6.98,11.15,18.0,15.43,72.4,38.2,1,good
22.34,6.16,6.19,18.44,6.15,6.95,11.15,18.0,15.5,72.4,38.2,1,good
22.24,6.74,6.22,18.6,6.18,6.95,11.19,18.0,15.62,71.8,37.9,1,good
18.08,5.89,4.06,17.82,4.18,9.2,14.38,16.88,14.88,72.4,38.2,1,good
15.24,4.41,3.7,17.37,4.18,10.51,18.0,15.34,12.82,72.5,38.2,1,good
15.12,4.15,3.81,17.37,4.46,10.43,18.51,15.03,12.13,72.5,38.1,1,good
15.18,4.19,3.98,17.44,4.78,10.14,17.91,15.09,12.23,72.6,38.1,1,good
16.01,4.39,4.22,17.74,5.09,9.57,16.72,15.15,12.37,72.6,38.0,1,good
16.69,4.58,4.42,17.74,5.39,9.02,15.7,15.41,12.82,72.7,38.0,1,good
17.7,4.76,4.62,17.74,5.61,8.64,14.89,15.53,13.29,72.8,38.0,1,good
18.47,5.02,4.88,17.82,5.8,8.54,14.32,15.86,13.56,72.8,38.0,1,good
19.04,5.2,5.07,18.05,6.01,8.15,13.84,16.12,14.17,72.8,38.0,1,good
19.8,5.41,5.28,18.05,6.13,8.02,13.15,16.33,14.58,72.8,38.0,1,good
20.51,5.62,5.44,17.97,6.23,7.89,12.77,16.6,14.7,72.8,38.0,1,good
20.97,5.81,5.6,18.05,6.33,7.68,12.45,16.74,15.0,72.8,38.0,1,good
21.35,5.96,5.79,18.28,6.48,7.47,12.15,17.03,15.43,72.9,38.0,1,good
21.93,6.11,5.94,18.13,6.48,7.47,11.9,16.88,15.37,72.8,38.2,1,good
22.34,6.26,6.07,18.05,6.51,7.47,11.66,17.17,15.5,72.7,38.0,1,good
22.65,6.42,6.14,17.97,6.46,7.47,11.52,17.03,15.82,72.8,38.0,1,good
22.86,6.5,6.22,18.13,6.48,7.47,11.52,17.1,15.75,72.8,38.0,1,good
22.86,6.53,6.32,18.05,6.48,7.47,11.42,17.25,15.82,72.7,38.0,1,good
23.28,6.66,6.4,18.13,6.46,7.44,11.33,17.32,15.88,72.8,38.0,1,good
23.28,6.72,6.45,17.97,6.4,7.47,11.33,17.32,15.95,72.8,38.0,1,good
23.61,6.72,6.53,17.97,6.46,7.44,11.24,17.32,15.95,72.8,38.1,1,good
23.5,6.74,6.61,18.2,6.48,7.38,11.19,17.32,16.02,72.8,38.0,1,good
23.72,6.8,6.64,17.97,6.43,7.41,11.1,17.32,16.22,72.9,38.0,1,good
23.61,6.77,6.56,17.89,6.33,7.47,11.29,17.39,16.22,72.3,37.6,1,good
23.5,6.8,6.59,18.05,6.28,7.47,11.24,17.39,16.08,72.9,38.0,1,good
23.18,6.63,6.45,17.89,6.23,7.56,11.42,17.1,15.75,72.9,38.1,1,good
23.28,6.69,6.56,17.82,6.23,7.65,11.38,17.32,15.75,72.9,38.1,1,good
23.39,6.69,6.64,18.05,6.25,7.62,11.33,17.25,15.69,72.8,38.2,1,good
23.5,6.69,6.64,17.89,6.23,7.62,11.33,17.1,15.88,72.8,38.2,1,good
23.5,6.77,6.72,17.82,6.23,7.59,11.24,17.17,16.15,72.8,38.2,1,good
23.72,6.77,6.75,17.82,6.25,7.53,11.15,17.25,16.28,72.7,38.2,1,good
24.17,6.88,6.83,17.74,6.2,7.59,11.1,17.25,16.08,72.8,38.2,1,good
24.06,6.94,6.89,17.82,6.23,7.56,11.06,17.25,15.88,72.6,38.2,1,good
24.4,6.99,6.92,17.67,6.2,7.56,11.15,17.39,16.08,72.7,38.2,1,good
24.29,6.99,6.92,17.82,6.18,7.65,11.15,17.25,16.15,72.7,38.2,1,good
24.29,6.91,6.94,17.74,6.18,7.65,11.29,17.25,16.08,72.7,38.2,1,good
23.95,6.94,6.97,17.59,6.13,7.68,11.19,17.17,16.15,72.8,38.2,1,good
24.29,6.94,6.97,17.67,6.13,7.65,11.24,17.17,16.15,72.8,38.5,1,good
24.4,6.97,7.0,17.52,6.11,7.74,11.38,17.25,15.82,72.7,38.3,1,good
24.17,7.05,6.78,17.37,5.87,7.89,11.29,17.1,15.88,72.7,38.3,1,good
23.07,6.63,6.25,17.52,5.59,8.31,12.15,16.74,15.75,72.6,38.2,1,good
22.86,6.42,6.35,17.44,5.7,8.28,12.4,16.74,15.62,72.6,38.3,1,good
23.18,6.42,6.48,17.3,5.75,8.18,12.3,16.81,15.56,72.6,38.3,1,good
23.39,6.47,6.61,17.22,5.8,8.41,12.05,16.81,15.82,72.7,38.3,1,good
23.39,6.55,6.72,17.22,5.82,8.08,12.0,16.74,15.82,72.6,38.5,1,good
23.61,6.66,6.78,17.37,5.84,8.05,11.8,16.88,15.88,72.6,38.4,1,good
23.83,6.72,6.86,17.15,5.82,8.08,11.76,16.88,15.88,72.7,38.4,1,good
24.17,6.83,6.94,17.22,5.87,8.11,11.85,16.96,15.95,72.5,38.0,1,good
24.29,6.83,7.06,17.15,5.89,8.11,11.85,17.03,16.02,72.5,38.4,1,good
24.17,6.83,7.11,17.08,5.91,8.08,11.8,16.88,16.02,72.5,38.4,1,good
24.63,6.88,7.11,17.3,5.94,8.05,11.71,17.1,16.15,72.5,38.4,1,good
24.63,6.91,7.23,17.3,5.91,8.08,11.66,17.03,16.22,72.5,38.4,1,good
24.87,6.94,7.26,17.01,5.89,8.15,11.71,17.03,16.22,72.5,38.4,1,good
23.07,6.53,5.94,16.72,4.96,8.99,12.88,16.53,15.62,72.4,38.4,1,good
20.97,5.79,5.37,16.51,4.8,9.75,14.63,15.99,14.76,72.4,38.1,1,good
20.69,5.52,5.51,16.79,4.96,9.87,14.89,15.66,14.46,72.4,38.4,1,good
21.25,5.57,5.75,16.72,5.15,9.72,14.83,15.86,14.34,72.4,38.4,1,good
21.54,5.72,5.99,16.72,5.28,9.53,14.44,15.92,14.52,72.4,38.4,1,good
22.34,5.99,6.35,16.93,5.48,9.45,14.08,16.12,14.82,72.4,38.4,1,good
23.39,6.47,6.83,17.3,5.8,9.72,14.08,16.74,15.43,72.4,38.4,1,good
23.72,6.61,7.03,17.3,5.82,9.53,13.66,16.88,15.95,72.5,38.4,1,good
24.06,6.58,7.11,17.15,5.89,9.24,13.32,16.74,15.95,72.4,38.3,1,good
24.52,6.83,7.38,17.22,5.98,9.2,13.15,16.96,16.22,72.5,38.4,1,good
24.87,6.85,7.43,17.08,5.96,9.13,12.99,16.88,16.42,72.5,38.4,1,good
24.87,6.88,7.52,16.93,5.89,9.16,12.99,16.88,16.28,72.5,38.4,1,good
24.99,7.02,7.62,16.79,5.98,8.88,12.56,16.88,16.49,72.5,38.6,1,good
25.23,7.14,7.77,16.93,6.01,8.99,12.61,16.96,16.49,72.5,38.5,1,good
25.6,7.16,7.83,16.72,6.03,8.92,12.51,17.1,16.7,72.5,38.5,1,good
24.63,6.91,7.06,16.31,5.48,9.09,12.77,16.6,16.22,72.7,38.5,1,good
24.52,6.72,7.14,16.51,5.57,9.42,13.43,16.67,16.22,72.4,38.5,1,good
24.29,6.69,7.29,16.58,5.61,9.42,13.37,16.6,16.02,72.5,38.5,1,good
23.83,6.34,6.97,16.11,5.43,9.06,13.09,16.06,15.43,72.5,38.5,1,good
23.83,6.37,7.11,15.91,5.45,8.88,12.82,16.06,15.56,72.4,38.7,1,good
24.52,6.5,7.29,15.84,5.5,8.81,12.4,15.92,15.88,72.3,38.5,1,good
24.75,6.58,7.43,15.91,5.61,8.67,12.3,16.12,15.43,72.3,38.5,1,good
24.87,6.77,7.62,15.71,5.61,8.61,12.25,16.26,15.75,73.0,39.6,1,good
25.11,6.83,7.71,15.65,5.66,8.61,12.1,16.26,15.95,72.3,38.5,1,good
25.6,6.88,7.83,15.58,5.66,8.57,11.9,16.19,16.15,72.3,38.5,1,good
25.6,6.97,7.92,15.91,5.68,8.47,11.85,16.19,16.28,72.3,38.5,1,good
25.85,6.99,8.02,15.58,5.68,8.44,11.76,16.4,16.08,72.3,38.5,1,good
25.72,7.05,8.11,15.65,5.7,8.37,11.76,16.33,16.42,72.2,38.6,1,good
25.72,7.11,8.15,15.45,5.63,8.44,11.71,16.4,16.7,72.3,38.6,1,good
25.85,7.11,8.21,15.52,5.63,8.47,11.76,16.26,16.7,72.2,38.6,1,good
25.72,7.14,8.28,15.33,5.61,8.47,11.66,16.46,16.77,72.2,38.6,1,good
25.97,7.14,8.28,15.39,5.61,8.51,11.71,16.26,16.84,72.2,38.6,1,good
25.72,7.14,8.31,15.2,5.59,8.47,11.71,16.26,16.7,72.2,38.6,1,good
25.85,7.16,8.37,15.26,5.59,8.54,11.76,16.33,16.84,72.2,38.5,1,good
25.72,7.14,8.18,15.08,5.5,8.64,12.0,16.4,16.77,72.2,38.6,1,good
25.85,7.05,8.28,15.08,5.5,8.71,11.9,16.19,16.56,72.2,38.6,1,good
25.85,7.16,8.34,15.14,5.45,8.74,11.9,16.33,16.42,72.1,38.8,1,good
26.1,7.14,8.21,14.83,5.41,8.81,12.05,16.26,16.28,72.1,38.6,1,good
25.72,7.05,8.31,15.02,5.43,8.78,12.05,16.12,16.35,72.1,38.6,1,good
25.85,7.11,8.34,14.95,5.41,8.81,11.9,16.12,16.08,72.8,39.1,1,good
25.23,6.99,7.8,14.83,5.19,9.02,12.56,16.06,16.22,72.1,38.6,1,good
22.86,6.37,5.84,14.53,4.18,10.59,14.38,15.41,15.18,72.2,38.6,1,good
21.25,5.32,5.44,15.45,4.27,11.37,16.05,14.67,14.0,72.2,38.6,1,good
21.64,5.25,5.99,14.42,4.58,11.01,15.77,14.67,13.89,72.1,38.6,1,good
22.54,5.5,6.45,14.42,4.8,10.51,14.89,14.79,14.46,72.2,38.6,1,good
23.07,5.79,6.81,14.3,4.94,10.3,14.51,14.91,14.82,72.2,38.6,1,good
22.96,5.79,6.4,14.3,4.68,10.55,14.57,14.79,15.18,72.1,38.5,1,good
22.96,5.72,6.43,14.18,4.76,10.55,14.83,14.73,15.12,72.2,38.6,1,good
23.28,5.81,6.83,14.13,4.94,10.34,14.44,14.91,15.06,72.3,38.6,1,good
24.17,5.94,7.2,14.18,5.06,10.06,14.02,15.03,15.31,72.4,38.6,1,good
23.83,6.06,6.83,14.18,4.82,10.3,14.2,14.91,15.43,72.3,38.6,1,good
24.06,6.01,7.06,14.01,4.98,10.26,14.08,15.03,15.5,72.3,38.6,1,good
24.52,6.16,7.32,14.01,5.04,10.06,13.84,15.03,15.43,72.4,38.6,1,good
24.06,6.16,7.11,14.01,4.92,10.3,13.96,15.03,15.5,72.4,38.8,1,good
24.17,6.19,7.26,13.84,4.98,10.22,13.96,15.09,15.56,72.5,38.6,1,good
24.52,6.24,7.43,13.9,5.04,9.91,13.84,15.03,15.62,72.5,38.6,1,good
24.4,6.19,7.38,13.84,4.98,10.18,14.02,15.03,15.5,73.1,39.3,1,good
24.75,6.29,7.71,13.84,5.06,10.14,13.6,15.03,15.75,72.4,38.6,1,good
25.11,6.45,7.89,13.79,5.09,10.03,13.43,15.15,15.82,72.4,38.6,1,good
25.72,6.66,8.15,13.62,5.19,9.83,13.09,15.15,15.95,72.5,38.6,1,good
25.72,6.74,8.28,13.62,5.19,9.79,12.99,15.22,16.15,72.4,38.6,1,good
26.36,6.8,8.37,13.51,5.26,9.75,12.93,15.41,16.42,72.5,38.6,1,good
26.23,6.91,8.44,13.57,5.21,9.72,12.82,15.41,16.35,72.5,38.6,1,good
26.1,6.85,8.08,13.41,5.04,9.99,13.21,15.28,15.88,72.5,38.6,1,good
25.72,6.8,8.11,13.35,5.0,10.06,13.32,15.22,15.95,72.5,38.6,1,good
25.85,6.77,7.99,13.25,4.92,10.3,13.32,15.15,15.75,72.6,38.6,1,good
25.85,6.77,8.08,13.25,4.94,10.3,13.43,15.15,15.69,72.5,38.6,1,good
26.1,6.83,8.31,13.14,5.02,10.18,13.32,15.09,15.75,72.5,38.6,1,good
25.97,6.97,8.44,13.19,5.04,10.18,13.15,15.22,15.82,72.5,38.6,1,good
26.36,7.05,8.51,13.04,5.06,10.43,12.93,15.28,15.82,72.5,38.6,1,good
26.23,7.05,8.51,13.04,5.06,10.06,13.09,15.22,16.22,72.5,38.8,1,good
26.36,7.08,8.64,13.09,5.06,10.22,12.93,15.28,16.22,72.5,38.6,1,good
26.48,7.16,8.81,13.04,5.09,10.14,12.77,15.22,15.69,72.5,38.6,1,good
25.72,7.34,8.92,12.83,5.13,10.06,12.66,15.41,16.42,72.5,38.3,1,good
27.01,7.49,9.09,12.93,5.15,10.06,12.51,15.41,16.42,72.5,38.6,1,good
27.15,7.58,8.78,12.78,4.94,10.26,12.56,15.41,16.77,72.5,38.6,1,good
25.72,6.99,7.38,12.63,4.44,11.28,13.84,14.91,16.28,72.5,38.6,1,good
24.4,6.47,6.86,12.58,4.31,11.87,14.7,14.55,15.5,72.5,38.6,1,good
23.83,6.26,6.92,12.48,4.39,12.01,15.02,14.43,15.31,72.5,38.6,1,good
24.06,6.29,7.23,12.58,4.54,11.87,14.83,14.49,15.25,72.6,38.6,1,good
24.52,6.37,7.52,12.58,4.64,11.69,14.51,14.43,15.5,72.1,37.9,1,good
24.99,6.66,7.77,12.48,4.74,11.55,14.2,14.61,15.62,72.6,38.6,1,good
25.6,6.77,7.99,12.33,4.82,11.46,14.02,14.55,15.82,72.6,38.6,1,good
26.1,6.97,8.18,12.23,4.88,11.37,13.72,14.67,16.08,72.7,38.6,1,good
26.23,7.14,8.34,12.23,4.94,11.23,13.49,14.73,16.08,72.6,38.6,1,good
26.62,7.37,8.57,12.28,5.0,11.19,13.09,14.91,16.42,72.7,38.6,1,good
26.75,7.49,8.78,12.19,5.04,11.1,12.88,14.97,16.56,72.7,38.6,1,good
27.15,7.7,8.85,12.14,5.06,11.06,12.82,14.97,16.63,72.6,38.8,1,good
27.28,7.82,8.95,12.04,5.13,11.06,12.66,15.15,16.7,72.7,38.6,1,good
27.01,9.63,9.06,12.09,5.13,11.1,12.66,15.03,16.7,72.7,38.6,1,good
27.15,8.11,9.06,11.95,5.13,11.1,12.51,15.09,16.7,72.6,38.4,1,good
27.42,8.14,9.06,11.9,5.09,11.28,12.45,15.22,16.77,72.6,38.6,1,good
27.28,8.23,9.09,11.85,5.06,11.28,12.4,15.22,16.77,72.6,38.7,1,good
27.55,8.27,9.13,11.9,5.09,11.32,12.4,15.09,16.77,72.7,38.6,1,good
27.01,8.33,8.95,11.85,5.02,11.55,12.51,15.15,16.7,72.6,38.6,1,good
27.01,8.23,8.88,11.71,4.98,11.73,12.51,15.15,16.7,72.7,38.6,1,good
27.01,8.27,8.85,11.71,4.96,11.78,12.51,15.03,16.7,72.7,38.6,1,good
26.36,8.3,8.51,11.62,4.88,12.01,12.82,15.03,16.7,72.6,38.8,1,good
23.72,7.64,6.02,11.53,3.83,14.16,14.57,14.61,15.88,72.7,38.6,1,good
21.25,6.14,5.34,11.4,3.74,15.69,17.1,13.58,14.29,72.8,38.7,1,good
20.97,5.79,5.65,11.35,4.0,15.56,17.18,13.47,13.83,73.4,39.6,1,good
21.84,5.94,6.07,11.31,4.27,15.0,16.72,13.42,14.0,72.7,38.7,1,good
22.44,6.26,6.53,11.31,4.5,14.45,15.91,13.64,14.46,72.8,38.6,1,good
23.18,6.61,6.97,11.35,4.66,14.05,15.09,13.86,14.88,72.8,38.7,1,good
23.95,6.94,7.11,11.31,4.74,13.88,14.63,13.91,15.0,72.8,38.7,1,good
24.17,7.25,7.29,11.31,4.82,13.71,14.32,14.08,15.18,72.8,38.7,1,good
24.52,7.34,7.41,11.17,4.86,13.71,14.08,14.26,15.25,72.8,38.7,1,good
24.75,7.61,7.58,11.17,4.94,13.54,13.84,14.2,15.56,72.8,38.7,1,good
24.99,7.73,7.58,11.09,4.9,13.65,13.84,14.26,15.43,72.8,38.7,1,good
24.63,7.79,7.46,11.0,4.86,13.76,13.78,14.31,15.43,72.8,38.7,1,good
24.75,7.85,7.55,11.04,4.88,13.65,13.66,14.26,15.5,72.8,38.7,1,good
24.99,8.04,7.65,11.0,4.9,13.82,13.49,14.37,15.69,72.8,38.6,1,good
24.99,8.14,7.52,10.87,4.82,13.93,13.37,14.37,15.56,72.8,38.7,1,good
24.63,8.14,7.35,10.87,4.68,14.05,13.43,14.43,15.5,72.8,38.7,1,good
24.17,8.07,7.09,10.79,4.68,14.39,13.72,14.31,15.5,72.8,38.8,1,good
23.83,7.88,7.06,10.87,4.66,14.75,13.96,14.2,15.31,72.8,38.6,1,good
23.95,7.95,7.23,10.83,4.74,14.57,13.66,14.31,15.43,72.8,38.6,1,good
24.06,8.23,7.29,10.7,4.78,14.57,13.54,14.26,15.37,72.8,38.4,1,good
24.17,8.33,7.38,10.74,4.82,14.63,13.32,14.31,15.62,72.8,38.7,1,good
24.4,8.57,7.46,10.7,4.86,14.69,13.04,14.49,15.56,72.9,38.6,1,good
24.4,8.77,7.46,10.62,4.88,14.63,12.99,14.49,15.75,72.9,38.7,1,good
24.52,8.87,7.49,10.66,4.9,14.75,12.93,14.61,15.62,72.8,38.7,1,good
24.4,8.94,7.49,10.54,4.92,14.87,12.77,14.61,15.82,72.8,38.7,1,good
23.72,8.94,6.72,10.45,4.64,15.37,13.43,14.61,15.62,72.9,38.7,1,good
22.44,8.37,6.22,10.41,4.41,16.43,14.32,14.31,15.18,72.9,38.9,1,good
22.14,8.04,6.25,10.41,4.39,16.71,14.44,13.97,14.82,72.9,38.7,1,good
22.03,8.07,6.4,10.45,4.48,16.5,14.32,14.03,14.76,73.0,38.7,1,good
22.14,8.27,6.48,10.41,4.52,16.57,13.96,14.08,14.76,73.7,39.7,1,good
22.03,8.4,6.38,10.37,4.5,16.71,14.02,14.03,14.88,73.0,38.7,1,good
22.14,8.4,6.32,10.21,4.48,16.86,14.2,14.08,14.76,73.0,38.7,1,good
21.93,8.43,6.04,10.21,4.27,17.22,14.2,13.97,14.58,73.1,38.7,1,good
17.85,7.14,4.22,10.17,3.41,20.99,17.42,13.15,13.45,73.1,38.7,1,good
16.62,6.16,4.1,10.05,3.52,22.39,19.05,12.54,12.42,73.1,38.7,1,good
16.42,5.91,4.24,10.05,3.72,22.18,19.14,12.39,12.27,73.1,38.8,1,good
17.26,6.11,4.52,9.97,4.0,21.67,18.25,12.39,12.32,73.0,38.8,1,good
17.93,6.5,4.79,10.05,4.2,20.7,17.18,12.69,12.62,72.9,38.7,1,good
18.95,6.97,5.05,9.94,4.43,19.97,16.34,12.94,13.13,72.9,38.7,1,good
19.45,7.4,5.28,9.97,4.58,19.62,15.7,13.05,13.4,73.0,38.8,1,good
20.06,7.73,5.41,9.94,4.72,19.1,15.02,13.21,13.78,72.9,38.7,1,good
20.6,8.17,5.55,9.86,4.82,18.77,14.38,13.47,14.0,72.9,38.7,1,good
20.88,8.43,5.6,9.9,4.86,18.53,14.26,13.53,14.11,72.9,38.7,1,good
20.88,8.67,5.63,9.9,4.92,18.77,13.9,13.64,14.46,72.9,38.9,1,good
20.97,8.91,5.6,9.86,4.92,18.77,13.66,13.69,14.34,72.9,38.7,1,good
20.88,11.54,5.53,9.78,4.92,18.85,13.6,13.86,14.4,72.9,38.7,1,good
20.88,9.16,5.39,9.74,4.84,19.19,13.54,13.8,14.29,72.8,38.5,1,good
20.69,9.23,5.32,9.67,4.84,19.44,13.49,13.8,14.23,72.8,38.8,1,good
20.42,9.34,5.23,9.67,4.82,19.53,13.43,13.91,14.17,72.8,38.8,1,good
20.33,9.41,5.14,9.7,4.8,19.97,13.49,13.8,14.17,72.9,38.8,1,good
19.29,9.16,4.64,9.59,4.39,20.99,14.02,13.69,13.94,72.8,38.8,1,good
18.55,8.8,4.38,9.55,4.24,21.87,14.76,13.58,13.67,72.8,38.8,1,good
18.31,8.57,4.46,9.52,4.29,22.18,16.12,13.47,13.29,72.8,38.8,1,good
18.63,8.63,4.52,9.48,4.41,22.18,14.51,13.36,13.34,73.5,39.0,1,good
18.87,9.01,4.52,9.52,4.48,21.87,14.2,13.58,13.34,72.8,38.8,1,good
18.87,9.09,4.42,9.52,4.5,21.97,14.02,13.58,13.4,73.0,38.8,1,good
18.87,9.3,4.38,9.55,4.6,22.08,13.96,13.64,13.5,73.0,38.8,1,good
18.87,9.45,4.2,9.52,4.58,21.97,13.96,13.8,13.61,73.1,38.8,1,good
18.47,9.41,3.89,9.41,4.33,22.81,14.26,13.58,13.29,73.1,38.8,1,good
17.11,8.94,3.52,10.21,4.0,24.15,15.42,13.42,12.82,73.2,38.8,1,good
16.76,8.57,3.45,9.3,4.02,24.99,15.56,13.05,12.42,73.2,38.7,1,good
16.55,8.57,3.4,9.37,4.11,24.99,15.56,13.15,12.42,73.2,38.8,1,good
16.62,8.74,3.31,9.33,4.15,24.99,15.22,13.15,12.98,73.3,38.8,1,good
16.55,8.87,3.24,9.3,4.16,25.24,15.29,13.15,12.47,73.2,38.7,1,good
16.48,8.84,3.19,9.3,4.15,25.61,15.49,13.1,12.27,73.2,38.7,1,good
16.62,8.91,3.12,9.22,4.18,25.49,15.09,13.05,12.18,73.3,38.7,1,good
16.62,9.09,3.11,9.19,4.26,25.74,14.89,13.05,12.27,73.4,38.7,1,good
16.62,9.34,3.06,9.22,4.29,25.61,14.7,13.26,12.47,73.3,38.7,1,good
16.76,9.63,3.01,9.19,4.39,25.74,14.14,13.21,12.62,73.4,38.7,1,good
16.62,9.79,2.96,9.19,4.41,26.26,13.96,13.26,12.57,73.3,38.8,1,good
16.69,9.86,2.92,9.15,4.46,25.24,13.84,13.42,12.72,73.4,38.9,1,good
16.83,10.26,2.89,9.04,4.54,25.36,13.54,13.53,12.72,73.4,38.8,1,good
15.31,9.41,2.81,9.04,4.11,26.93,14.76,13.21,12.32,73.5,38.8,1,good
15.37,9.48,2.81,9.08,4.24,27.06,14.7,13.31,12.13,73.4,38.4,1,good
15.24,9.56,2.76,9.01,3.9,27.48,14.63,13.26,12.23,73.4,38.8,1,good
13.83,8.77,2.73,9.01,3.78,29.25,15.77,12.79,11.57,73.5,38.8,1,good
14.28,8.91,2.75,8.94,4.02,28.79,15.42,12.79,11.39,73.5,38.8,1,good
14.64,9.3,2.73,8.9,4.18,28.34,14.89,13.0,11.71,73.4,38.8,1,good
14.69,9.56,2.73,8.9,4.27,27.76,14.57,13.15,11.85,73.4,38.8,1,good
13.56,9.37,2.7,8.94,3.72,29.88,15.49,12.89,11.52,73.5,38.8,1,good
13.5,8.94,2.72,8.87,4.04,29.88,15.56,12.89,11.39,72.9,37.7,1,good
13.89,9.37,2.7,8.83,4.18,28.94,14.96,13.0,11.39,73.5,38.8,1,good
14.17,9.75,2.72,8.8,4.31,28.94,14.51,13.05,11.43,73.6,38.8,1,good
14.06,10.02,2.68,8.87,4.27,29.25,14.63,13.1,11.26,73.6,38.8,1,good
13.72,9.98,2.7,8.83,4.13,30.2,15.09,13.0,10.99,73.5,38.8,1,good
13.45,9.86,2.67,8.8,4.04,30.53,15.15,13.0,10.87,73.5,38.8,1,good
13.13,9.75,2.68,8.73,4.11,30.86,15.15,12.79,10.65,73.7,38.8,1,good
13.13,9.9,2.67,8.73,4.07,31.03,15.02,12.84,10.65,73.6,38.8,1,good
13.03,9.98,2.65,8.7,4.07,30.86,14.89,12.89,10.7,73.7,38.7,1,good
12.87,10.3,2.65,8.7,4.13,31.03,14.63,12.89,10.7,73.8,38.7,1,good
11.13,9.3,2.62,8.73,3.36,34.31,16.27,12.54,10.29,73.8,38.6,1,good
10.33,8.23,2.59,8.66,3.3,36.16,17.67,12.0,9.59,73.8,38.7,1,good
10.25,7.92,2.61,8.7,3.49,36.16,17.67,11.81,9.4,73.9,38.7,1,good
10.49,8.23,2.61,8.66,3.79,35.53,17.18,12.0,9.48,74.0,38.7,1,good
10.95,8.6,2.62,8.6,4.06,34.51,16.2,12.19,9.66,73.9,38.7,1,good
11.04,9.01,2.62,8.66,4.26,33.73,15.49,12.34,9.89,74.0,38.7,1,good
11.21,9.52,2.62,8.63,4.35,32.61,15.02,12.64,10.01,74.1,38.7,1,good
11.21,9.86,2.62,8.53,4.44,32.61,14.57,12.64,9.93,74.0,38.9,1,good
11.0,10.22,2.62,8.56,4.52,32.61,14.44,12.84,9.93,74.0,38.7,1,good
10.62,10.3,2.59,8.49,4.44,32.79,14.57,12.89,9.78,74.0,38.8,1,good
10.13,10.3,2.59,8.49,4.37,33.73,14.89,12.94,9.51,74.6,39.7,1,good
9.66,10.18,2.59,8.46,4.33,33.73,14.89,12.89,9.4,73.9,38.8,1,good
9.22,10.18,2.59,8.46,4.22,34.12,14.76,12.79,9.26,73.8,38.8,1,good
8.46,9.52,2.61,8.49,3.69,36.82,16.12,12.54,8.83,73.8,38.7,1,good
8.23,9.09,2.54,8.43,3.74,37.26,16.49,12.34,8.46,73.8,38.8,1,good
8.16,9.09,2.54,8.43,3.88,37.26,16.2,12.24,8.32,73.8,38.8,1,good
8.03,9.3,2.56,8.46,4.02,36.16,15.77,12.59,8.46,73.8,38.8,1,good
7.66,9.45,2.54,8.39,3.81,36.82,16.49,12.44,8.26,73.7,38.8,1,good
7.36,8.84,2.56,8.36,3.71,37.95,17.1,12.19,7.75,73.7,38.7,1,good
7.36,8.94,2.51,8.3,3.79,38.89,16.87,12.15,7.6,73.7,38.8,1,good
7.24,9.01,2.54,8.36,3.86,38.65,16.64,12.24,7.6,73.7,38.8,1,good
7.24,9.19,2.53,8.3,3.95,38.18,16.34,12.34,7.6,73.8,38.8,1,good
7.13,9.41,2.53,8.26,4.0,38.41,15.84,12.39,7.51,73.7,38.7,1,good
7.1,9.63,2.53,8.26,4.0,38.65,15.7,12.34,7.3,73.7,38.7,1,good
6.99,9.75,2.54,8.23,4.02,38.18,15.77,12.44,7.13,73.7,38.9,1,good
6.93,9.9,2.51,8.23,4.02,39.13,15.77,12.49,7.01,73.7,38.7,1,good
6.6,9.56,2.51,8.2,3.62,40.13,16.34,12.34,6.79,73.7,38.7,1,good
6.47,9.12,2.53,8.2,3.59,40.9,16.79,12.05,6.52,74.3,39.6,1,good
6.39,8.84,2.51,8.17,3.64,42.24,17.18,11.96,6.31,73.6,38.8,1,good
6.33,8.98,2.51,8.17,3.76,42.24,16.79,12.05,6.23,73.6,38.8,1,good
6.33,9.23,2.3,8.17,3.88,41.43,16.42,12.05,6.16,73.6,38.8,1,good
6.21,9.56,2.54,8.2,3.93,41.43,16.2,12.15,6.03,73.6,38.8,1,good
6.18,9.6,2.51,8.1,3.91,41.96,16.57,12.29,6.0,73.6,38.8,1,good
6.08,10.46,2.51,8.13,3.79,42.8,17.1,12.15,5.22,73.6,38.8,1,good
6.0,9.16,2.51,8.13,3.64,43.08,17.58,12.05,5.71,73.5,38.6,1,good
5.9,8.94,2.5,8.1,3.39,44.24,17.83,11.81,5.57,73.5,38.8,1,good
5.76,8.27,2.5,8.13,3.32,45.77,18.96,11.54,5.45,73.5,38.8,1,good
5.71,8.14,2.5,8.07,3.48,46.08,18.78,11.54,5.4,73.6,38.8,1,good
5.73,8.4,2.51,8.04,3.62,46.08,18.25,11.54,5.36,73.5,38.8,1,good
5.78,8.7,2.5,8.1,3.72,45.45,17.67,11.63,5.36,73.6,38.8,1,good
5.76,8.87,2.5,8.01,3.83,45.77,17.58,11.77,5.38,73.6,38.8,1,good
5.73,9.05,2.5,7.98,3.9,44.84,17.26,11.91,5.36,74.2,39.1,1,good
5.73,9.41,2.48,7.98,3.97,44.84,17.1,12.0,5.31,73.6,38.8,1,good
5.68,9.56,2.48,7.98,4.04,45.15,17.18,12.0,5.45,73.6,38.8,1,good
5.71,9.6,2.5,7.98,4.04,45.77,17.18,12.19,5.29,73.6,38.8,1,good
5.68,9.63,2.5,8.01,4.02,44.84,17.26,12.15,5.24,73.6,38.8,1,good
5.61,9.67,2.5,7.98,4.02,46.4,17.67,12.19,5.24,73.6,38.8,1,good
5.59,9.6,2.5,7.98,4.02,45.45,17.67,12.24,5.24,73.6,38.8,1,good
5.64,9.67,2.5,7.94,3.97,46.08,18.17,12.29,5.22,74.2,39.0,1,good
5.56,9.01,2.48,7.88,3.28,48.06,19.71,11.96,5.17,73.6,38.9,1,good
5.52,6.42,2.5,7.85,3.21,51.29,21.33,11.45,5.11,73.7,38.8,1,good
5.54,7.67,2.47,7.82,3.3,50.92,21.22,11.18,5.0,73.6,38.5,1,good
5.47,7.85,2.5,7.88,3.49,51.29,20.7,11.23,5.0,73.6,38.8,1,good
5.52,8.04,2.47,7.82,3.57,50.54,20.6,11.36,5.04,73.7,38.8,1,good
5.8,8.27,2.5,7.85,3.66,50.54,20.09,11.45,5.04,73.7,38.8,1,good
5.49,8.43,2.5,7.85,3.76,51.29,20.09,11.54,5.04,73.7,38.8,1,good
5.47,8.6,2.5,7.85,3.81,50.18,20.09,11.63,5.0,73.7,38.8,1,good
5.47,8.7,2.48,7.73,3.76,51.29,20.8,11.72,4.98,73.8,38.9,1,good
5.42,8.5,2.48,7.76,3.72,51.29,20.91,11.58,4.93,73.7,38.9,1,good
5.42,8.47,2.5,7.79,3.72,52.06,21.22,11.63,4.91,73.7,38.8,1,good
5.4,8.47,2.48,7.73,3.76,52.06,21.55,11.68,4.91,73.7,38.9,1,good
5.38,8.37,2.48,7.73,3.61,52.85,22.1,11.68,4.89,73.8,38.9,1,good
5.4,7.82,2.48,7.67,3.36,54.08,23.16,11.4,4.78,73.7,38.9,1,good
5.42,7.55,2.48,7.67,3.48,54.49,23.28,11.31,4.82,73.8,38.9,1,good
5.4,7.7,2.47,7.7,3.56,54.49,22.92,11.27,4.74,73.7,38.9,1,good
5.33,7.76,2.48,7.64,3.62,54.92,23.04,11.31,4.72,74.3,39.1,1,good
5.35,7.58,2.48,7.67,3.54,54.08,23.41,11.4,4.72,73.7,38.9,1,good
5.35,7.49,2.48,7.64,3.59,54.08,23.66,11.4,4.7,73.8,38.9,1,good
5.35,7.08,2.48,7.58,3.46,54.92,24.17,11.31,4.61,74.4,39.8,1,good
5.35,6.85,2.47,7.58,3.52,55.35,24.43,11.27,4.57,73.7,38.9,1,good
5.4,6.8,2.47,7.61,3.57,56.22,24.69,11.31,4.55,73.7,38.9,1,good
5.35,6.5,2.45,7.73,3.59,55.35,24.43,11.31,4.57,73.7,38.9,1,good
5.38,6.14,2.48,7.58,3.64,55.78,24.69,11.31,4.57,73.7,38.9,1,good
5.38,5.48,2.47,7.52,3.39,57.58,25.95,11.4,4.61,73.7,38.9,1,good
5.35,4.47,2.47,7.54,3.39,57.13,26.39,11.09,4.53,73.8,38.9,1,good
5.38,3.77,2.48,7.49,3.49,58.05,26.84,11.18,4.57,73.8,38.9,1,good
5.35,3.39,2.47,7.54,3.43,58.05,26.99,11.18,4.51,73.8,38.9,1,good
5.35,3.05,2.47,7.49,3.49,58.05,27.78,11.23,4.53,73.8,38.9,1,good
5.38,2.87,2.47,7.54,3.52,57.58,27.78,11.27,4.53,73.8,38.9,1,good
5.4,2.73,2.47,7.49,3.43,59.98,28.77,11.14,4.47,73.8,38.8,1,good
5.38,2.67,2.45,7.49,3.49,59.98,29.11,11.18,4.51,73.7,38.9,1,good
5.38,2.59,2.48,7.46,3.56,59.49,29.11,11.23,4.49,73.8,38.9,1,good
5.35,2.53,2.45,7.43,3.44,59.98,29.64,11.14,4.47,74.5,39.2,1,good
5.35,2.53,2.47,7.4,3.43,59.0,30.74,11.09,4.39,73.7,38.9,1,good
5.38,2.51,2.45,7.4,3.44,59.49,30.74,11.05,4.39,73.9,38.9,1,good
5.38,2.47,2.47,7.43,3.35,60.99,31.32,11.09,4.41,73.8,38.9,1,good
5.35,2.45,2.45,7.37,3.41,60.99,31.91,11.05,4.37,73.8,38.9,1,good
5.38,2.45,2.45,7.37,3.44,59.49,31.71,11.09,4.39,73.8,38.9,1,good
5.4,2.44,2.47,7.4,3.46,60.99,31.91,11.05,4.33,73.9,38.9,1,good
5.38,2.45,2.47,7.34,3.52,59.98,32.52,11.18,4.37,74.5,39.1,1,good
5.35,2.39,2.45,7.34,3.16,62.55,33.8,10.92,4.29,73.8,38.9,1,good
5.4,2.38,2.45,7.37,3.24,63.09,34.25,10.84,4.33,73.9,38.9,1,good
5.35,2.41,2.47,7.37,3.3,61.5,33.8,10.79,4.31,73.8,38.7,1,good
5.35,2.42,2.47,7.31,3.38,62.02,34.02,10.84,4.27,73.8,38.9,1,good
5.38,2.38,2.47,7.31,3.27,62.55,34.93,10.84,4.29,73.8,38.9,1,good
5.4,2.39,2.45,7.31,3.38,64.19,35.4,10.79,4.29,73.8,38.9,1,good
5.38,2.38,2.45,7.34,3.41,62.55,34.93,10.84,4.25,73.8,38.9,1,good
5.4,2.38,2.45,7.28,3.49,63.09,35.16,10.96,4.29,73.8,38.9,1,good
5.35,2.38,2.47,7.31,3.39,62.55,35.16,10.79,4.23,73.8,38.9,1,good
5.38,2.35,2.45,7.28,3.41,62.55,35.88,10.84,4.23,73.7,38.8,1,good
5.38,2.41,2.45,7.28,3.46,64.19,36.62,10.92,4.23,73.7,38.9,1,good
5.35,2.39,2.45,7.22,3.51,64.19,36.37,10.96,4.25,73.8,38.9,1,good
5.38,2.39,2.45,7.22,3.49,62.55,37.65,11.05,4.25,73.9,38.9,1,good
5.38,2.38,2.45,7.22,3.43,64.19,37.39,10.96,4.25,73.8,38.9,1,good
5.4,2.38,2.45,7.25,3.46,63.09,37.92,10.88,4.19,73.8,38.9,1,good
5.38,2.38,2.45,7.16,3.49,64.19,38.46,11.01,4.25,73.9,38.9,1,good
5.35,2.36,2.45,7.19,3.38,63.09,38.46,10.96,4.25,74.5,39.1,1,good
5.35,2.35,2.47,7.22,3.33,63.64,39.01,10.88,4.25,73.9,38.9,1,good
5.38,2.38,2.45,7.16,3.38,64.19,39.01,10.79,4.19,73.9,38.9,1,good
5.38,2.32,2.45,7.16,3.3,63.64,39.29,10.79,4.23,74.6,39.7,1,good
5.33,2.33,2.45,7.13,3.38,65.91,39.86,10.79,4.21,74.0,38.9,1,good
5.35,2.38,2.45,7.19,3.28,63.64,39.57,10.75,4.19,74.0,38.9,1,good
5.31,2.33,2.42,7.43,3.25,64.76,40.45,10.67,4.19,74.0,38.9,1,good
5.33,2.32,2.44,7.13,3.33,64.76,40.15,10.67,4.19,74.0,38.9,1,good
5.24,2.32,2.45,7.11,3.16,65.33,40.74,10.67,4.21,74.0,38.9,1,good
5.31,2.32,2.45,7.11,3.25,65.33,41.35,10.54,4.21,74.2,38.9,1,good
5.19,2.32,2.45,7.08,3.24,64.76,41.66,10.5,4.21,74.1,38.8,1,good
5.22,2.33,2.47,7.13,3.28,64.76,41.05,10.46,4.19,74.0,38.9,1,good
5.24,2.35,2.45,7.11,3.35,65.91,41.66,10.5,4.17,74.1,38.9,1,good
5.17,2.32,2.47,7.11,3.28,64.76,41.35,10.46,4.17,74.1,38.9,1,good
5.15,2.32,2.45,7.11,3.35,64.76,41.35,10.5,4.17,74.1,38.9,1,good
5.1,2.36,2.45,7.11,3.38,64.76,41.66,10.58,4.23,74.2,38.9,1,good
5.19,2.36,2.45,7.02,3.41,66.5,41.98,10.58,4.19,74.2,38.9,1,good
5.13,2.36,2.45,7.02,3.24,65.91,43.27,10.5,4.23,73.7,37.8,1,good
5.13,2.33,2.44,7.08,3.32,64.76,42.62,10.46,4.19,74.2,38.9,1,good
5.1,2.33,2.45,7.02,3.27,66.5,43.61,10.42,4.19,74.2,38.8,1,good
5.13,2.32,2.44,7.05,3.33,67.7,43.61,10.5,4.25,74.4,38.8,1,good
5.13,2.33,2.45,7.02,3.22,67.09,43.95,10.42,4.21,74.4,38.8,1,good
5.06,2.32,2.45,7.02,3.32,65.91,43.95,10.38,4.19,74.4,38.8,1,good
5.08,2.3,2.44,7.05,3.33,71.56,44.29,10.5,4.25,74.4,38.8,1,good
5.13,2.32,2.45,6.96,3.35,67.7,44.29,10.54,4.21,75.1,39.0,1,good
5.15,2.3,2.44,7.02,3.25,65.33,44.64,10.58,4.25,74.5,38.8,1,good
5.08,2.32,2.45,7.02,3.19,65.33,44.64,10.38,4.19,74.5,38.8,1,good
5.04,2.32,2.45,7.02,3.3,67.09,45.71,10.38,4.19,75.2,39.6,1,good
5.06,2.3,2.44,7.02,3.32,67.09,44.99,10.46,4.23,74.6,38.8,1,good
5.04,2.3,2.44,6.94,3.22,67.7,46.45,10.38,4.21,74.6,38.8,1,good
5.08,2.33,2.19,6.91,3.3,65.91,45.35,10.42,4.21,74.8,38.8,1,good
5.08,2.32,2.44,6.94,3.35,67.7,46.45,10.42,4.21,74.7,38.8,1,good
5.08,2.32,2.44,6.96,3.13,65.91,47.21,10.38,4.19,74.8,38.8,1,good
5.06,2.35,2.44,6.91,3.22,67.7,46.45,10.3,4.19,74.8,38.8,1,good
4.99,2.3,2.42,6.94,3.24,67.09,46.45,10.26,4.19,74.8,38.6,1,good
5.1,2.29,2.44,6.94,2.89,67.7,48.0,10.06,4.23,74.8,38.8,1,good
5.06,2.26,2.42,6.88,2.89,68.95,49.63,9.52,4.17,74.8,38.8,1,good
5.15,2.23,2.44,6.88,3.01,68.95,48.8,9.56,4.23,74.8,38.8,1,good
5.1,2.26,2.44,6.94,3.13,67.7,48.0,9.67,4.23,74.8,38.8,1,good
5.08,2.24,2.42,6.88,3.08,68.32,47.6,9.64,4.21,74.8,38.8,1,good
5.06,2.27,2.44,6.91,3.16,66.5,47.6,9.75,4.25,74.8,38.8,1,good
5.17,2.23,2.44,6.85,3.3,67.7,48.4,9.79,4.19,74.8,38.8,1,good
5.17,2.27,2.44,6.91,3.35,66.5,47.6,9.98,4.25,74.8,38.8,1,good
5.17,2.23,2.42,6.85,3.32,68.95,49.22,10.02,4.25,74.8,38.8,1,good
5.13,2.27,2.42,6.85,3.43,66.5,48.4,10.1,4.23,74.9,38.8,1,good
5.1,2.24,2.42,6.83,3.48,67.7,48.4,10.18,4.25,74.8,38.8,1,good
5.08,2.24,2.45,6.88,3.51,66.5,49.22,10.3,4.27,74.8,38.8,1,good
4.99,2.26,2.42,6.83,3.52,68.32,50.06,10.26,4.25,74.8,38.8,1,good
5.13,2.23,2.44,6.85,3.52,66.5,48.4,10.34,4.25,75.5,39.1,1,good
5.04,2.23,2.44,6.83,3.49,67.7,49.63,10.3,4.23,74.9,38.8,1,good
5.02,2.23,2.42,6.83,3.57,67.7,49.22,10.38,4.29,74.9,38.8,1,good
5.08,2.23,2.42,6.8,3.38,66.5,49.63,10.3,4.21,75.6,39.3,1,good
5.13,2.23,2.44,6.85,3.49,65.91,49.22,10.34,4.25,74.9,38.8,1,good
5.06,2.17,2.42,6.8,3.39,66.5,50.06,10.22,4.25,75.0,38.8,1,good
5.04,2.2,2.44,6.8,3.57,65.91,50.06,10.22,4.25,75.0,38.8,1,good
5.08,2.18,2.44,6.85,3.35,67.7,50.49,10.3,4.25,75.0,38.9,1,good
5.08,2.18,2.44,6.27,3.32,67.7,50.49,10.22,4.23,75.1,38.8,1,good
4.97,3.17,2.44,6.8,3.41,67.09,50.92,10.22,4.29,75.1,38.8,1,good
4.93,2.18,2.42,6.8,3.36,67.09,50.06,10.18,4.25,75.0,38.6,1,good
5.04,2.18,2.45,6.77,3.43,67.09,51.37,10.3,4.27,75.0,38.8,1,acceptable
4.93,2.18,2.44,6.77,3.43,67.09,51.82,10.3,4.27,75.1,38.8,1,acceptable
4.95,2.18,2.42,6.74,3.52,68.95,52.74,10.34,4.31,75.1,38.8,1,acceptable
4.95,2.17,2.42,6.77,3.56,67.7,50.92,10.38,4.27,75.1,38.8,1,acceptable
4.95,2.14,2.45,6.8,3.52,67.7,52.74,10.34,4.27,75.2,38.8,1,acceptable
4.99,2.11,2.44,6.74,3.21,68.32,52.74,10.1,4.31,75.2,38.8,1,acceptable
4.86,2.13,2.42,6.69,3.33,68.95,53.21,10.06,4.29,75.2,38.7,1,acceptable
4.88,2.11,2.42,6.69,3.36,69.59,53.21,10.14,4.33,75.2,38.8,1,acceptable
4.91,2.14,2.45,6.74,3.27,68.95,53.69,10.14,4.29,75.3,38.7,1,acceptable
4.91,2.11,2.42,6.69,3.24,67.7,53.69,10.1,4.33,75.4,38.8,1,acceptable
4.91,2.13,2.44,6.72,3.25,70.23,53.21,10.06,4.33,75.4,38.8,1,acceptable
4.93,2.11,2.42,6.66,3.22,67.7,52.74,10.02,4.33,75.4,38.7,1,acceptable
4.99,2.08,2.44,6.66,3.16,68.32,54.18,10.02,4.35,75.4,38.8,1,acceptable
4.93,2.08,2.42,6.64,3.16,70.23,53.69,9.83,4.31,76.1,39.0,1,acceptable
4.86,2.1,2.44,6.69,3.16,68.32,52.74,9.79,4.29,75.4,38.8,1,acceptable
4.99,2.11,2.44,6.72,3.16,67.7,53.69,9.86,4.35,75.5,38.8,1,acceptable
4.86,2.08,2.44,6.69,3.22,68.95,55.17,9.9,4.33,75.6,38.8,1,acceptable
4.93,2.06,2.42,6.61,3.27,68.32,54.18,9.86,4.29,75.5,38.8,1,acceptable
4.91,2.08,2.44,6.69,3.3,68.95,55.17,10.02,4.31,75.6,38.8,1,acceptable
4.93,2.1,2.44,6.01,3.19,67.7,53.69,9.94,4.31,75.7,38.8,1,acceptable
4.88,2.08,2.44,6.61,3.28,69.59,55.17,10.02,4.35,75.6,38.8,1,acceptable
4.93,2.11,2.44,6.61,3.3,69.59,54.67,10.06,4.35,75.6,38.7,1,acceptable
4.88,2.1,2.42,6.58,3.33,69.59,55.17,9.98,4.31,75.7,38.7,1,acceptable
5.08,2.08,2.44,6.64,3.32,68.95,54.67,10.02,4.33,75.7,38.5,1,acceptable
4.88,2.07,2.44,6.61,3.3,69.59,55.68,9.98,4.31,75.7,38.7,1,acceptable
4.91,2.1,2.42,6.55,3.28,68.32,55.68,9.94,4.31,75.7,38.7,1,acceptable
4.88,2.1,2.42,6.55,3.28,70.23,56.73,10.02,4.35,75.7,38.8,1,acceptable
4.88,2.08,2.42,6.53,3.16,68.95,57.27,9.94,4.39,75.7,38.7,1,acceptable
4.99,2.08,2.44,6.53,3.16,67.7,55.68,9.86,4.37,75.7,38.7,1,acceptable
4.93,2.1,2.42,6.5,3.17,67.7,56.73,9.79,4.35,75.8,38.7,1,acceptable
4.91,2.06,2.42,6.5,3.17,68.32,56.2,9.79,4.35,75.7,38.7,1,acceptable
4.91,2.08,2.42,6.5,3.17,68.95,57.27,9.79,4.39,75.9,38.7,1,acceptable
4.88,2.1,2.44,6.58,3.17,68.95,57.81,9.71,4.37,75.8,38.8,1,acceptable
4.91,2.06,2.42,6.5,2.8,68.95,58.93,9.45,4.35,75.8,38.8,1,acceptable
4.84,2.07,2.42,6.48,2.98,71.56,58.36,9.16,4.37,75.8,38.8,1,acceptable
4.88,2.03,2.42,6.53,3.01,69.59,56.73,9.23,4.35,75.8,38.8,1,acceptable
4.91,2.04,2.42,6.53,3.07,69.59,59.5,9.27,4.37,75.9,38.8,1,acceptable
4.88,2.06,2.41,6.48,3.11,70.23,58.36,9.34,4.35,76.5,39.0,1,acceptable
4.86,2.04,2.41,6.45,3.16,70.89,59.5,9.41,4.37,75.8,38.8,1,acceptable
5.02,2.08,2.41,6.45,3.17,68.32,57.81,9.52,4.35,75.9,38.8,1,acceptable
4.88,2.06,2.41,6.45,3.21,70.23,58.36,9.52,4.39,75.9,38.7,1,acceptable
4.91,2.07,2.42,6.48,3.13,70.89,59.5,9.52,4.39,75.9,38.8,1,acceptable
4.86,2.07,2.44,6.48,3.21,69.59,57.81,9.49,4.35,75.9,38.8,1,acceptable
4.88,2.07,2.42,6.42,3.27,68.95,57.81,9.56,4.35,76.0,38.8,1,acceptable
4.86,2.08,2.44,6.5,3.24,68.32,58.36,9.6,4.35,76.0,38.8,1,acceptable
4.88,2.06,2.42,6.42,3.22,69.59,57.81,9.6,4.37,76.0,38.8,1,acceptable
4.91,3.04,2.41,6.42,3.22,68.95,59.5,9.64,4.41,76.0,38.7,1,acceptable
4.88,2.06,2.41,6.42,3.22,70.89,59.5,9.6,4.37,76.0,38.5,1,acceptable
4.93,2.07,2.41,6.4,3.22,68.95,59.5,9.64,4.43,76.0,38.7,1,acceptable
4.88,2.07,2.44,6.42,3.14,69.59,60.09,9.67,4.43,76.0,38.8,1,acceptable
4.93,2.07,2.42,6.45,3.1,69.59,58.36,9.45,4.41,76.0,38.8,1,acceptable
4.88,2.06,2.42,6.37,3.13,70.23,58.93,9.49,4.41,76.0,38.8,1,acceptable
4.93,2.04,2.42,6.4,3.13,70.23,61.28,9.45,4.37,76.0,38.8,1,acceptable
4.93,2.06,2.42,6.4,2.98,70.23,60.68,9.27,4.37,76.1,38.8,1,acceptable
4.93,2.07,2.42,6.42,2.92,69.59,59.5,9.05,4.39,76.0,38.7,1,acceptable
4.93,2.06,2.42,6.37,2.92,71.56,59.5,9.05,4.37,76.0,38.7,1,acceptable
4.95,2.03,2.42,6.4,2.92,70.23,61.28,8.98,4.41,76.0,38.8,1,acceptable
4.93,2.06,2.42,6.4,3.01,71.56,61.28,8.98,4.41,76.1,38.8,1,acceptable
4.95,2.07,2.42,6.32,3.05,71.56,60.09,8.98,4.37,76.0,38.7,1,acceptable
4.93,2.04,2.42,6.37,3.05,70.89,58.93,9.09,4.39,76.1,38.8,1,acceptable
4.97,2.04,2.42,6.4,3.08,68.95,61.9,9.12,4.37,76.1,38.8,1,acceptable
4.93,2.06,2.41,6.4,3.1,70.23,60.68,9.16,4.41,76.8,39.0,1,acceptable
4.91,2.04,2.42,6.4,3.07,70.23,60.09,9.12,4.37,76.1,38.8,1,acceptable
4.93,2.07,2.42,6.4,2.63,70.89,59.5,9.02,4.37,76.2,38.8,1,acceptable
4.91,2.0,2.39,6.32,2.72,70.23,60.09,8.11,4.33,76.2,38.8,1,acceptable
4.88,2.0,2.42,6.37,2.86,70.89,61.28,8.11,4.35,76.1,38.8,1,acceptable
4.91,2.03,2.42,6.32,2.79,69.59,60.68,8.14,4.35,76.2,38.8,1,acceptable
4.88,2.01,2.41,6.32,2.84,72.24,60.09,7.89,4.31,76.2,38.8,1,acceptable
4.88,2.03,2.42,6.34,2.98,70.89,61.28,7.98,4.37,76.2,38.9,1,acceptable
4.91,2.03,2.42,6.37,3.04,70.89,60.09,8.08,4.33,76.2,38.7,1,acceptable
4.88,2.01,2.42,6.32,3.1,71.56,60.09,8.17,4.33,76.3,38.8,1,acceptable
4.95,2.03,2.41,6.34,3.08,70.89,61.28,8.27,4.39,76.3,38.4,1,acceptable
4.91,2.07,2.42,6.32,3.11,71.56,61.9,8.27,4.37,76.3,38.8,1,acceptable
4.91,2.03,2.42,6.34,3.19,72.24,60.68,8.4,4.35,76.3,38.8,1,acceptable
4.93,2.07,2.38,6.74,3.21,70.89,60.09,8.43,4.39,76.3,38.8,1,acceptable
4.93,2.07,2.42,6.29,3.27,70.89,61.9,8.57,4.39,76.3,38.7,1,acceptable
4.93,2.06,2.42,6.29,3.21,70.89,60.68,8.6,4.33,76.4,38.7,1,acceptable
4.93,2.1,2.42,6.27,3.27,69.59,60.09,8.7,4.39,76.5,38.8,1,acceptable
4.91,2.03,2.42,6.29,2.98,70.89,60.68,8.4,4.39,76.4,38.5,1,acceptable
4.93,2.04,2.41,6.22,3.08,70.23,61.9,8.33,4.39,76.5,38.8,1,acceptable
4.93,2.03,2.41,6.29,3.1,71.56,61.9,8.4,4.39,76.5,38.8,1,acceptable
4.91,2.07,2.41,6.24,3.05,71.56,61.9,8.3,4.41,76.6,38.7,1,acceptable
4.91,2.04,2.44,6.29,3.14,71.56,61.9,8.4,4.41,76.5,38.8,1,acceptable
4.93,2.07,2.42,6.27,3.14,71.56,61.9,8.5,4.41,76.6,38.7,1,acceptable
4.93,2.06,2.42,6.22,3.21,71.56,61.9,8.6,4.41,76.7,38.7,1,acceptable
4.91,2.04,2.41,6.24,3.27,70.89,60.09,8.63,4.37,76.6,38.7,1,acceptable
4.93,2.04,2.42,6.29,3.27,70.89,61.28,8.74,4.39,76.6,38.7,1,acceptable
4.95,2.04,2.41,6.22,3.3,71.56,61.9,8.81,4.39,76.6,38.7,1,acceptable
4.95,2.04,2.39,6.22,3.3,71.56,61.9,8.95,4.39,76.7,38.7,1,acceptable
4.97,2.07,2.42,6.24,3.16,71.56,61.9,8.67,4.37,76.6,38.7,1,acceptable
4.97,2.07,2.41,6.22,3.17,70.89,61.28,8.74,4.43,76.6,38.7,1,acceptable
4.93,2.04,2.42,6.22,3.17,71.56,100.52,8.74,4.39,76.6,38.7,1,acceptable
4.93,2.07,2.41,6.22,2.96,70.89,61.9,8.53,4.41,77.3,39.0,1,acceptable
4.93,2.06,2.42,6.24,2.92,69.59,60.68,8.27,4.37,76.6,38.7,1,acceptable
4.95,2.07,2.41,6.19,3.04,70.89,60.68,8.33,4.41,76.7,38.7,1,acceptable
4.95,2.04,2.41,6.16,2.82,71.56,61.9,8.4,4.41,76.7,38.7,1,acceptable
4.93,2.06,2.42,6.22,2.92,71.56,61.9,8.14,4.41,76.7,38.7,1,acceptable
4.91,2.04,2.41,6.16,2.99,70.89,61.28,8.11,4.37,76.8,38.7,1,acceptable
4.88,2.07,2.41,6.22,3.01,71.56,61.28,8.27,4.43,76.8,38.7,1,acceptable
4.91,2.07,2.41,6.22,3.07,71.56,63.81,8.3,4.43,76.8,38.9,1,acceptable
4.93,2.06,2.41,6.19,3.08,70.89,61.28,8.3,4.37,76.8,38.7,1,acceptable
4.95,2.04,2.42,6.22,3.07,70.89,61.28,8.33,4.39,76.9,38.7,1,acceptable
4.95,2.06,2.41,6.19,3.1,70.23,63.16,8.47,4.39,77.5,39.6,1,acceptable
4.88,2.01,2.39,6.16,2.67,72.94,63.16,7.64,4.39,76.8,38.7,1,acceptable
4.91,2.04,2.39,6.22,2.76,73.64,64.47,7.4,4.41,76.9,38.7,1,acceptable
4.88,2.03,2.42,6.19,2.74,70.89,62.53,7.29,4.35,77.4,38.7,1,acceptable
4.88,2.0,2.42,6.19,2.87,72.24,62.53,7.31,4.35,77.1,38.8,1,acceptable
4.88,2.03,2.42,6.22,2.93,72.94,62.53,7.4,4.35,77.1,38.7,1,acceptable
4.91,2.04,2.41,6.14,3.01,72.24,61.28,7.58,4.39,77.2,38.7,1,acceptable
4.93,2.04,2.42,6.14,3.05,69.59,61.9,7.7,4.41,77.2,38.3,1,acceptable
4.91,2.07,2.44,6.19,3.04,71.56,63.16,7.83,4.41,77.2,38.7,1,acceptable
4.93,2.06,2.42,6.14,3.08,70.23,61.28,7.92,4.41,77.3,38.7,1,acceptable
4.91,2.04,2.42,6.14,3.21,72.94,63.16,7.98,4.37,77.3,38.7,1,acceptable
4.91,2.04,2.41,6.16,3.1,69.59,61.28,8.04,4.41,77.2,38.8,1,acceptable
4.88,2.04,2.39,6.11,2.86,70.23,62.53,7.95,4.29,77.3,38.6,1,acceptable
4.91,2.07,2.41,6.11,2.93,70.89,63.16,7.76,4.35,77.3,38.7,1,acceptable
4.93,2.07,2.41,6.14,2.95,71.56,62.53,7.73,4.37,77.3,38.3,1,acceptable
4.91,2.04,2.42,6.14,2.96,70.23,62.53,7.73,4.33,77.2,38.7,1,acceptable
4.88,2.07,2.42,6.11,2.95,72.94,62.53,7.76,4.37,77.3,38.7,1,acceptable
4.88,2.07,2.42,6.11,2.89,72.24,62.53,7.83,4.37,77.3,38.7,1,acceptable
4.93,2.03,2.41,6.09,2.74,72.94,64.47,7.43,4.27,76.7,37.9,1,acceptable
4.88,2.06,2.42,6.11,2.8,72.24,63.81,7.34,4.33,77.3,38.7,1,acceptable
4.93,2.03,2.41,6.09,2.86,70.89,62.53,7.4,4.29,77.3,38.7,1,acceptable
4.91,2.04,2.41,6.11,2.87,72.24,62.53,7.55,4.33,77.3,38.7,1,acceptable
4.88,2.04,2.42,6.09,2.89,72.94,63.81,7.61,4.29,77.2,38.7,1,acceptable
4.93,2.03,2.41,6.11,2.76,70.89,62.53,7.49,4.35,77.3,38.7,1,acceptable
4.93,2.04,2.42,6.09,2.86,71.56,63.81,7.46,4.29,77.4,38.7,1,acceptable
4.91,2.03,2.41,6.06,2.89,70.89,62.53,7.52,4.27,77.3,38.7,1,acceptable
4.93,2.04,2.41,6.11,2.93,70.89,61.9,7.64,4.27,77.4,38.7,1,acceptable
4.91,2.07,2.42,6.09,2.93,71.56,62.53,7.64,4.31,77.4,38.8,1,acceptable
4.88,2.07,2.42,6.09,2.96,72.24,62.53,7.86,4.29,77.3,38.8,1,acceptable
4.93,2.04,2.41,6.06,2.72,71.56,63.81,7.67,4.31,77.3,38.8,1,acceptable
4.88,2.07,2.42,6.04,2.83,72.24,63.81,7.58,4.37,77.4,38.8,1,acceptable
4.88,2.04,2.42,6.09,2.84,70.23,62.53,7.58,4.35,77.4,38.8,1,acceptable
4.91,2.04,2.42,6.09,2.84,72.24,63.81,7.61,4.31,77.4,38.8,1,acceptable
4.93,2.07,2.39,6.04,2.86,72.94,64.47,7.7,4.29,77.4,38.8,1,acceptable
4.91,2.04,2.41,6.06,2.86,70.23,61.9,7.73,4.31,77.4,38.8,1,acceptable
4.88,2.03,2.42,6.04,2.62,70.89,62.53,7.64,4.39,77.4,38.8,1,acceptable
4.91,2.04,2.42,6.06,2.7,73.64,64.47,7.37,4.41,77.4,38.8,1,acceptable
4.91,2.03,2.41,6.06,2.72,73.64,63.81,7.34,4.33,77.5,38.8,1,acceptable
4.91,2.01,2.39,6.01,2.76,70.23,62.53,7.4,4.33,77.5,38.8,1,acceptable
4.91,2.07,2.41,6.04,2.73,71.56,63.16,7.49,4.41,77.5,38.8,1,acceptable
4.88,2.04,2.42,6.01,2.76,72.94,64.47,7.52,4.43,77.5,38.8,1,acceptable
4.88,2.03,2.42,6.01,2.73,72.94,64.47,7.55,4.39,77.5,38.8,1,acceptable
4.91,2.03,2.41,6.01,2.73,70.89,62.53,7.52,4.41,78.2,39.0,1,acceptable
4.91,2.04,2.41,6.01,2.72,70.23,62.53,7.46,4.39,77.5,38.8,1,acceptable
4.86,2.03,2.41,5.99,2.7,71.56,64.47,7.4,4.37,77.6,38.8,1,acceptable
4.91,2.07,2.41,5.99,2.73,71.56,62.53,7.49,4.43,77.6,38.8,1,acceptable
4.88,2.03,2.42,6.01,2.72,72.94,63.16,7.49,4.43,77.6,38.7,1,acceptable
4.86,2.04,2.42,6.01,2.7,72.24,64.47,7.52,4.41,77.6,38.8,1,acceptable
4.88,2.03,2.41,5.96,2.42,70.89,62.53,7.49,4.37,77.7,38.8,1,acceptable
4.91,2.0,2.39,6.01,2.46,72.24,65.15,6.67,4.35,78.3,39.0,1,acceptable
4.82,2.03,2.41,6.01,2.57,73.64,65.15,6.61,4.39,77.7,38.7,1,acceptable
4.91,2.04,2.41,5.96,2.63,73.64,65.15,6.7,4.37,77.7,38.7,1,acceptable
4.84,2.01,2.41,5.96,2.66,70.89,63.81,6.78,4.39,77.8,38.7,1,acceptable
4.91,2.04,2.41,5.96,2.69,73.64,64.47,6.78,4.41,77.7,38.7,1,acceptable
4.84,2.01,2.41,5.96,2.63,72.94,63.81,6.8,4.35,77.8,38.7,1,acceptable
4.88,2.01,2.41,6.01,2.69,73.64,65.83,6.86,4.37,77.8,38.7,1,acceptable
4.86,1.98,2.41,5.91,2.55,72.24,62.53,6.35,4.33,77.7,38.9,1,acceptable
4.86,2.0,2.41,5.96,2.55,72.24,64.47,6.2,4.35,77.8,38.7,1,acceptable
4.82,2.01,2.39,5.96,2.57,73.64,64.47,6.25,4.39,77.9,38.7,1,acceptable
4.82,1.97,2.39,5.91,2.62,72.24,63.81,6.25,4.33,77.9,38.7,1,acceptable
4.86,1.98,2.41,5.96,2.64,72.24,64.47,6.35,4.35,77.8,38.7,1,acceptable
4.88,2.0,2.41,5.94,2.69,72.24,62.53,6.43,4.33,77.9,38.7,1,acceptable
4.88,2.01,2.41,5.94,2.72,73.64,60.09,6.56,4.39,78.0,38.7,1,acceptable
4.84,2.01,2.41,5.96,2.7,72.24,62.53,6.61,4.31,78.0,38.9,1,acceptable
4.84,2.0,2.41,5.94,2.7,73.64,63.81,6.72,4.33,78.0,38.7,1,acceptable
4.84,2.0,2.42,5.91,2.69,72.24,64.47,6.78,4.35,78.0,38.7,1,acceptable
4.88,2.03,2.41,5.91,2.69,71.56,62.53,6.89,4.37,78.0,38.7,1,acceptable
4.84,2.0,2.41,5.94,2.63,71.56,63.16,6.94,4.37,78.1,38.7,1,acceptable
4.84,2.0,2.41,5.91,2.63,72.24,62.53,7.0,4.39,78.1,38.7,1,acceptable
4.86,2.01,2.42,5.94,2.56,72.94,64.47,7.03,4.39,78.1,38.7,1,acceptable
4.88,2.0,2.41,5.91,2.55,70.23,62.53,7.06,4.39,78.1,38.9,1,acceptable
4.84,2.01,2.39,5.91,2.33,72.24,62.53,6.07,4.39,78.1,38.7,1,acceptable
4.82,1.97,2.39,5.89,2.42,72.24,63.81,6.02,4.29,78.2,38.7,1,acceptable
4.84,1.98,2.42,5.94,2.48,72.24,63.16,6.04,4.29,78.2,38.7,1,acceptable
4.82,2.0,2.42,5.91,2.45,73.64,64.47,6.09,4.35,78.1,38.7,1,acceptable
4.84,1.98,2.41,5.89,2.53,74.36,64.47,6.17,4.31,78.2,38.7,1,acceptable
4.84,2.0,2.42,5.89,2.2,54.92,65.15,6.32,4.37,78.1,38.7,1,acceptable
4.84,2.01,2.41,5.94,2.57,72.94,63.16,6.4,4.33,78.1,38.8,1,acceptable
4.86,1.98,2.39,5.86,2.52,70.89,63.81,6.48,4.31,78.1,38.7,1,acceptable
4.82,2.01,2.41,5.89,2.55,73.64,64.47,6.4,4.31,78.2,38.7,1,acceptable
4.8,2.0,2.41,5.89,2.46,73.64,64.47,6.17,4.29,78.8,39.6,1,acceptable
4.84,1.97,2.41,5.91,2.49,72.24,64.47,6.2,4.27,78.2,38.7,1,acceptable
4.84,2.0,2.39,5.89,2.52,70.89,62.53,6.27,4.31,78.2,38.7,1,acceptable
4.86,1.97,2.41,5.89,2.53,72.24,63.16,6.32,4.29,78.3,38.7,1,acceptable
4.82,2.0,2.41,5.91,2.55,74.36,64.47,6.43,4.33,78.2,38.9,1,acceptable
4.86,2.0,2.39,5.89,2.56,70.89,62.53,6.48,4.33,78.3,38.7,1,acceptable
4.86,2.01,2.39,5.84,2.45,72.24,64.47,6.25,4.31,78.4,38.7,1,acceptable
4.86,2.0,2.39,5.84,2.46,72.94,65.15,6.12,4.33,78.4,38.3,1,acceptable
4.86,1.97,2.39,5.84,2.46,71.56,63.16,6.09,4.29,78.4,38.6,1,acceptable
4.82,1.98,2.39,5.84,2.48,73.64,64.47,6.15,4.27,78.5,38.7,1,acceptable
4.84,1.98,2.42,5.14,2.46,72.94,64.47,6.2,4.27,78.5,38.7,1,acceptable
4.86,1.97,2.39,5.84,2.52,72.24,63.16,6.3,4.27,78.5,38.8,1,acceptable
4.82,1.98,2.41,5.89,2.51,70.89,62.53,6.35,4.27,78.5,38.7,1,acceptable
4.86,2.0,2.39,5.82,2.42,72.94,64.47,6.35,4.31,78.5,38.7,1,acceptable
4.86,1.98,2.39,5.86,2.45,72.94,64.47,6.22,4.31,78.5,38.2,1,acceptable
4.86,2.01,2.39,5.86,2.45,72.24,64.47,6.27,4.33,78.5,38.7,1,acceptable
4.88,2.0,2.38,5.84,2.41,74.36,64.47,6.02,4.27,78.5,38.7,1,acceptable
4.84,1.97,2.39,5.51,2.38,71.56,64.47,6.04,4.31,78.6,38.7,1,acceptable
4.82,2.0,2.41,5.86,2.41,74.36,64.47,6.04,4.33,78.6,38.8,1,acceptable
4.84,1.97,2.39,5.84,2.4,73.64,64.47,6.07,4.31,78.6,38.7,1,acceptable
4.82,2.01,2.41,5.86,2.42,72.24,62.53,6.02,4.29,78.6,38.7,1,acceptable
4.84,2.0,2.39,5.82,2.32,74.36,64.47,5.7,4.29,78.6,38.3,1,acceptable
4.8,1.96,2.39,5.82,2.34,73.64,63.81,5.58,4.25,78.7,38.7,1,acceptable
4.86,1.97,2.38,5.82,2.38,73.64,65.83,5.63,4.31,78.7,38.7,1,acceptable
4.84,1.98,2.39,5.77,2.73,72.24,63.16,5.63,4.27,78.7,38.7,1,acceptable
4.84,1.94,2.36,5.82,2.19,74.36,64.47,5.04,4.29,78.7,38.8,1,acceptable
4.78,1.94,2.39,5.84,2.27,72.94,63.81,4.84,4.27,78.7,38.7,1,acceptable
4.82,1.93,2.38,5.82,2.28,72.94,64.47,4.78,4.25,78.7,38.7,1,acceptable
4.8,1.94,2.39,5.84,2.3,74.36,65.83,4.76,4.23,78.7,38.3,1,acceptable
4.82,1.94,2.38,5.82,2.34,74.36,65.83,4.8,4.27,78.7,38.7,1,acceptable
4.84,1.97,2.38,5.84,2.36,72.94,63.16,4.76,4.25,78.7,38.7,1,acceptable
4.8,1.94,2.38,5.37,2.36,72.24,63.81,4.82,4.31,78.8,38.7,1,acceptable
4.82,1.94,2.38,5.79,2.4,73.64,65.83,4.87,4.23,78.7,38.8,1,acceptable
4.82,1.96,2.39,5.79,2.4,72.24,64.47,4.84,4.29,78.8,38.7,1,acceptable
4.84,1.13,2.39,5.86,2.44,72.24,62.53,4.89,4.25,78.8,38.7,1,acceptable
4.82,1.97,2.39,5.79,2.41,72.24,63.16,4.93,4.29,78.8,38.3,1,acceptable
4.82,1.94,2.39,5.84,2.44,72.24,62.53,4.91,4.25,78.8,38.6,1,acceptable
4.8,1.93,2.39,5.79,2.45,72.24,63.16,4.99,4.27,78.8,38.6,1,acceptable
4.86,2.0,2.3,5.77,2.4,74.36,64.47,5.06,4.29,79.0,38.6,1,acceptable
4.86,1.98,2.39,5.77,2.4,72.24,64.47,5.02,4.35,78.9,38.7,1,acceptable
4.82,1.96,2.39,5.79,2.37,72.24,63.16,5.08,4.31,79.0,38.6,1,acceptable
4.84,1.22,2.39,5.82,2.33,72.24,63.81,5.13,4.35,79.0,38.6,1,acceptable
4.8,1.94,2.39,5.77,2.29,72.24,62.53,4.97,4.31,79.0,38.3,1,acceptable
4.84,1.97,2.38,5.79,2.3,72.94,64.47,4.95,4.33,79.0,38.6,1,acceptable
4.88,1.96,2.38,5.74,2.23,73.64,65.83,4.97,4.31,79.1,38.6,1,acceptable
4.82,1.97,2.33,5.86,2.25,74.36,64.47,4.87,4.37,79.2,38.6,1,acceptable
4.84,1.96,2.41,5.82,2.27,72.94,64.47,4.97,4.37,79.1,38.6,1,acceptable
4.84,1.96,2.39,5.79,2.25,73.64,64.47,4.95,4.37,79.2,38.6,1,acceptable
4.86,1.92,2.39,5.79,2.25,72.94,63.81,5.02,4.35,79.3,38.6,1,acceptable
4.82,1.96,2.39,5.79,2.21,72.24,65.15,5.04,4.39,79.3,38.3,1,acceptable
4.82,1.97,2.39,5.74,2.19,73.64,65.83,4.91,4.39,79.3,38.6,1,acceptable
4.84,1.96,2.39,5.79,2.2,73.64,64.47,4.97,4.37,79.4,38.6,1,acceptable
4.84,1.96,2.33,6.27,2.16,72.94,64.47,4.95,4.35,79.4,38.6,1,acceptable
4.82,1.96,2.41,5.79,2.16,70.89,63.81,4.89,4.39,79.4,38.6,1,acceptable
4.86,1.96,2.39,5.79,2.15,70.89,62.53,4.89,4.33,79.4,38.6,1,acceptable
4.82,1.13,2.39,5.74,2.14,72.94,64.47,4.99,4.39,79.4,38.6,1,acceptable
4.86,1.96,2.39,5.77,2.12,72.24,63.81,5.02,4.39,79.4,38.2,1,acceptable
4.86,1.94,2.41,5.77,2.15,70.89,62.53,5.04,4.39,79.4,38.6,1,acceptable
4.86,1.96,2.39,5.79,2.11,72.94,64.47,5.08,4.37,79.4,38.6,1,acceptable
4.8,1.94,2.39,5.72,2.01,72.24,63.81,4.61,4.31,79.5,38.6,1,acceptable
4.82,1.92,2.38,5.72,2.07,74.36,65.15,4.49,4.31,79.4,38.7,1,acceptable
4.8,1.93,2.39,5.74,2.06,73.64,63.81,4.59,4.29,79.5,38.6,1,acceptable
4.82,1.93,2.36,5.74,2.06,74.36,65.15,4.43,4.27,79.5,38.6,1,acceptable
4.78,1.94,2.38,5.77,2.09,72.94,63.81,4.51,4.27,79.5,38.2,1,acceptable
4.82,1.96,2.36,5.7,2.07,72.24,64.47,4.55,4.31,79.5,38.5,1,acceptable
4.78,1.96,2.38,5.72,2.11,72.24,63.16,4.55,4.33,79.6,38.5,1,acceptable
4.78,1.96,2.38,5.41,2.1,72.24,62.53,4.61,4.29,79.6,38.5,1,acceptable
4.82,1.96,2.38,5.72,2.11,72.94,65.83,4.7,4.33,79.6,38.7,1,acceptable
4.82,1.94,2.39,5.7,2.12,70.89,62.53,4.7,4.27,79.7,38.5,1,acceptable
4.8,1.94,2.36,5.7,2.14,73.64,64.47,4.76,4.33,79.7,38.5,1,acceptable
4.84,1.93,2.38,5.72,2.11,72.24,63.81,4.8,4.27,79.7,38.1,1,acceptable
4.82,1.93,2.39,5.72,2.14,70.89,63.16,4.82,4.27,79.7,38.5,1,acceptable
4.84,1.93,2.39,5.74,2.09,72.24,63.81,4.78,4.33,79.7,38.5,1,acceptable
4.8,1.93,2.39,5.7,2.07,73.64,65.15,4.8,4.27,79.7,38.6,1,acceptable
4.82,1.94,2.38,5.7,2.1,72.24,63.81,4.84,4.27,79.7,38.7,1,acceptable
4.82,1.94,2.39,5.74,2.09,73.64,64.47,4.72,4.29,79.7,38.5,1,acceptable
4.84,1.94,2.39,5.74,2.06,72.24,64.47,4.72,4.27,79.7,38.6,1,acceptable
4.82,1.96,2.36,5.7,2.07,72.24,64.47,4.76,4.33,80.4,39.2,1,acceptable
4.84,1.96,2.38,5.74,2.05,72.94,64.47,4.7,4.29,79.7,38.6,1,acceptable
4.8,1.94,2.39,5.67,2.06,72.24,63.16,4.72,4.27,79.7,38.5,1,acceptable
4.78,1.93,2.39,5.72,2.05,73.64,63.81,4.63,4.27,79.8,38.6,1,acceptable
4.82,1.96,2.39,5.72,2.05,72.24,63.16,4.65,4.31,79.8,38.8,1,acceptable
4.8,1.93,2.36,5.67,2.05,72.94,63.81,4.43,4.25,79.8,38.5,1,acceptable
4.8,1.96,2.38,5.67,2.06,72.24,64.47,4.49,4.31,79.8,38.5,1,acceptable
4.82,1.93,2.38,5.74,2.05,72.24,62.53,4.57,4.31,80.5,39.6,1,acceptable
4.8,1.94,2.36,5.7,2.05,72.24,63.16,4.53,4.31,79.8,38.6,1,acceptable
4.78,1.96,2.39,5.67,2.06,72.24,64.47,4.53,4.33,79.9,38.6,1,acceptable
4.82,1.93,2.36,5.7,2.06,72.94,65.15,4.59,4.27,79.9,38.6,1,acceptable
4.8,1.96,2.38,5.72,2.05,73.64,65.15,4.67,4.33,79.9,38.8,1,acceptable
4.78,1.92,2.38,5.74,2.02,73.64,64.47,4.7,4.27,79.9,38.5,1,acceptable
4.8,1.92,2.38,5.72,2.02,70.89,63.16,4.61,4.27,80.0,38.5,1,acceptable
4.82,1.96,2.38,5.7,2.02,72.94,64.47,4.57,4.31,80.0,38.5,1,acceptable
4.78,1.96,2.36,5.72,1.99,72.24,63.16,4.39,4.33,80.0,38.5,1,acceptable
4.8,1.93,2.35,5.7,1.94,72.94,64.47,4.09,4.23,80.0,38.5,1,acceptable
4.78,1.9,2.35,5.67,1.91,72.94,61.28,3.91,4.21,80.1,38.5,1,acceptable
4.78,1.93,2.36,5.67,1.97,74.36,65.83,3.91,4.25,80.0,38.8,1,acceptable
4.75,1.92,2.36,5.67,2.0,72.94,63.16,3.92,4.25,80.0,38.5,1,acceptable
4.8,1.93,2.38,5.72,1.99,74.36,65.15,3.96,4.25,80.2,38.5,1,acceptable
4.78,1.89,2.38,5.7,2.0,72.24,63.81,3.96,4.23,80.2,38.5,1,acceptable
4.8,1.93,2.36,5.67,2.03,72.94,64.47,4.02,4.27,80.2,38.5,1,acceptable
4.82,1.94,2.36,5.67,2.03,72.94,63.81,4.06,4.25,80.2,38.5,1,acceptable
4.75,1.93,2.36,5.65,2.0,74.36,67.25,3.81,4.25,80.3,38.5,1,acceptable
4.75,1.92,2.36,5.67,2.0,72.24,63.81,3.87,4.27,80.2,38.8,1,acceptable
4.78,1.92,2.36,5.7,1.99,74.36,64.47,3.85,4.27,80.3,38.5,1,acceptable
4.8,1.89,2.36,5.7,2.01,72.24,64.47,3.83,4.21,80.4,38.5,1,acceptable
4.78,1.93,2.36,5.67,2.06,72.24,63.16,3.91,4.25,80.4,38.5,1,acceptable
4.75,1.93,2.36,5.65,2.03,73.64,65.83,3.92,4.29,80.4,38.5,1,acceptable
4.78,1.92,2.38,5.7,2.03,72.94,65.83,3.98,4.31,80.5,38.5,1,acceptable
4.78,1.93,2.38,5.7,2.03,73.64,65.15,3.98,4.29,80.5,38.5,1,acceptable
4.8,1.93,2.36,5.7,2.05,72.24,63.81,4.0,4.31,80.5,38.7,1,acceptable
4.82,1.92,2.36,5.65,2.03,72.24,63.16,4.04,4.27,80.5,38.5,1,acceptable
4.78,1.93,2.38,5.7,2.02,74.36,65.83,4.11,4.27,80.5,38.5,1,acceptable
4.82,1.93,2.38,5.7,1.99,72.24,63.81,4.15,4.29,80.6,38.5,1,acceptable
4.82,1.93,2.38,5.7,1.96,72.24,64.47,4.21,4.27,80.6,38.5,1,acceptable
4.8,1.93,2.39,5.7,1.92,73.64,65.15,4.27,4.27,80.6,38.5,1,acceptable
4.82,1.93,2.39,5.7,1.89,72.94,64.47,4.31,4.25,80.7,38.5,1,acceptable
4.78,1.94,2.38,5.67,1.87,72.24,65.15,4.31,4.31,80.0,37.7,1,acceptable
4.8,1.93,2.41,5.7,1.89,72.24,63.16,4.29,4.29,80.7,38.5,1,acceptable
4.82,1.93,2.39,5.7,1.87,72.94,65.83,4.29,4.27,80.7,38.5,1,spoiled
4.8,1.96,2.39,5.65,1.86,72.24,64.47,4.21,4.31,80.8,38.5,1,spoiled
4.78,1.94,2.39,5.7,1.83,72.24,63.81,4.13,4.31,80.7,38.5,1,spoiled
4.8,1.96,2.38,5.65,1.85,72.24,63.81,4.09,4.27,80.8,38.5,1,spoiled
4.8,1.92,2.39,5.65,1.86,73.64,65.83,4.04,4.25,80.8,38.5,1,spoiled
4.8,1.94,2.39,5.65,1.83,72.94,63.16,4.08,4.29,80.8,38.5,1,spoiled
4.78,1.92,2.39,5.7,1.8,74.36,65.83,3.68,4.19,80.8,38.5,1,spoiled
4.75,1.93,2.38,5.65,1.81,72.94,63.81,3.6,4.19,80.9,38.5,1,spoiled
4.75,1.89,2.39,5.65,1.84,74.36,65.83,3.67,4.21,80.9,38.5,1,spoiled
4.82,1.92,2.38,5.67,1.86,73.64,65.15,3.78,4.23,80.8,38.5,1,spoiled
4.75,1.93,2.38,5.67,1.87,72.94,64.47,3.81,4.23,80.9,38.5,1,spoiled
4.75,1.93,2.38,5.67,1.87,72.24,65.15,3.89,4.23,80.9,38.5,1,spoiled
4.82,1.9,2.39,5.7,1.9,74.36,65.83,3.96,4.27,80.9,38.5,1,spoiled
4.75,1.92,2.39,5.67,1.89,72.24,63.81,3.89,4.25,80.9,38.5,1,spoiled
4.8,1.92,2.39,5.72,1.89,73.64,65.15,3.89,4.23,80.9,38.5,1,spoiled
4.71,1.92,2.48,5.7,1.91,73.64,63.16,3.87,4.25,81.0,38.5,1,spoiled
4.75,1.92,2.38,5.7,1.89,73.64,64.47,3.83,4.23,80.9,38.5,1,spoiled
4.75,1.96,2.39,5.74,1.9,72.24,63.81,3.92,4.27,81.0,38.5,1,spoiled
4.75,1.9,2.36,5.72,1.92,72.24,63.81,3.91,4.25,81.1,38.5,1,spoiled
4.8,1.92,2.38,5.74,1.92,72.24,65.15,3.98,4.25,81.0,38.2,1,spoiled
4.75,1.92,2.38,5.7,1.94,72.94,65.15,4.02,4.23,81.0,38.5,1,spoiled
4.75,1.96,2.38,5.7,1.95,73.64,63.16,4.04,4.29,81.0,38.5,1,spoiled
4.78,1.94,1.85,5.7,1.91,72.24,63.81,3.92,4.23,81.1,38.5,1,spoiled
4.75,1.93,2.38,5.7,1.9,70.89,63.81,3.89,4.23,81.0,38.6,1,spoiled
4.75,1.93,2.36,5.72,1.9,72.24,63.81,3.89,4.25,81.0,38.5,1,spoiled
4.75,1.93,2.39,5.74,1.9,74.36,65.83,3.91,4.25,81.1,38.5,1,spoiled
4.8,1.92,2.38,5.72,1.86,74.36,64.47,3.58,4.23,81.1,38.1,1,spoiled
4.75,1.9,2.39,5.67,1.91,72.24,63.16,3.72,4.21,81.1,38.5,1,spoiled
4.75,1.96,2.39,5.74,1.89,72.94,63.81,3.81,4.27,81.1,38.5,1,spoiled
4.75,1.93,2.38,5.67,1.87,72.24,62.53,3.81,4.25,81.1,38.5,1,spoiled
4.75,1.92,2.39,5.72,1.9,73.64,64.47,3.85,4.25,81.1,38.7,1,spoiled
4.73,1.9,2.38,5.67,1.87,72.24,63.81,3.72,4.21,81.1,38.5,1,spoiled
4.73,1.9,2.38,5.67,1.9,72.94,65.15,3.67,4.25,81.1,38.5,1,spoiled
4.78,1.93,2.38,5.7,1.89,74.36,64.47,3.76,4.29,81.7,39.6,1,spoiled
4.73,1.93,2.38,5.67,1.89,74.36,64.47,3.54,4.25,81.1,38.5,1,spoiled
4.73,1.89,2.38,5.67,1.9,72.24,63.16,3.65,4.23,81.1,38.5,1,spoiled
4.73,1.92,2.38,5.67,1.91,72.94,64.47,3.7,4.21,81.1,38.5,1,spoiled
4.73,1.93,2.36,5.7,1.89,71.56,65.15,3.78,4.25,81.1,38.7,1,spoiled
4.75,1.94,2.38,5.67,1.89,72.24,63.16,3.76,4.29,81.2,38.5,1,spoiled
4.75,1.93,2.38,5.67,1.87,73.64,65.15,3.78,4.29,81.3,38.5,1,spoiled
4.78,1.9,2.36,5.67,1.86,72.24,63.16,3.61,4.25,81.3,38.5,1,spoiled
4.71,1.92,2.38,5.65,1.86,74.36,64.47,3.54,4.23,81.3,38.5,1,spoiled
4.75,1.92,2.38,5.67,1.87,72.24,63.81,3.58,4.27,81.4,38.5,1,spoiled
4.75,1.93,2.36,5.67,1.86,72.94,67.25,3.52,4.27,81.4,38.5,1,spoiled
4.78,1.92,2.36,5.65,1.87,72.24,63.81,3.54,4.27,81.4,38.7,1,spoiled
4.73,1.94,2.38,5.67,1.86,74.36,65.83,3.58,4.25,81.4,38.5,1,spoiled
4.71,1.93,2.36,5.65,1.87,72.24,63.16,3.6,4.27,81.5,38.5,1,spoiled
4.71,1.9,2.38,5.65,1.87,73.64,65.83,3.6,4.19,81.5,38.5,1,spoiled
4.71,1.93,2.38,5.67,1.86,74.36,65.83,3.56,4.25,81.4,38.5,1,spoiled
4.73,1.92,2.38,5.7,1.83,74.36,65.15,3.42,4.23,81.5,38.5,1,spoiled
4.71,1.89,2.36,5.67,1.85,73.64,63.81,3.42,4.19,81.6,38.5,1,spoiled
4.69,1.89,2.36,5.65,1.86,73.64,64.47,3.47,4.19,80.9,37.6,1,spoiled
4.71,1.89,2.38,5.67,1.85,72.24,63.81,3.42,4.19,81.4,38.5,1,spoiled
4.69,1.92,2.39,5.67,1.87,74.36,65.83,3.47,4.23,81.5,38.5,1,spoiled
4.69,1.9,2.38,5.67,1.89,73.64,63.16,3.56,4.21,81.5,38.5,1,spoiled
4.69,1.93,2.38,5.65,1.87,72.24,63.16,3.61,4.25,81.4,38.5,1,spoiled
4.67,1.92,2.41,5.67,1.89,73.64,65.83,3.65,4.27,81.5,38.5,1,spoiled
4.69,1.92,2.39,5.67,1.87,72.24,63.16,3.68,4.23,81.5,38.5,1,spoiled
4.65,1.92,2.39,5.7,1.85,72.94,64.47,3.58,4.23,81.5,38.5,1,spoiled
4.71,1.9,2.36,5.67,1.81,72.24,63.16,3.58,4.25,81.5,38.5,1,spoiled
4.69,1.92,2.39,5.67,1.83,72.24,63.81,3.58,4.19,81.5,38.5,1,spoiled
4.69,1.92,2.36,5.65,1.81,72.24,63.16,3.58,4.23,81.6,38.5,1,spoiled
4.71,1.93,2.38,5.62,1.83,72.24,62.53,3.6,4.25,81.6,38.5,1,spoiled
4.69,1.9,2.39,5.65,1.8,72.94,64.47,3.61,4.21,81.7,38.5,1,spoiled
4.73,1.93,2.38,5.67,1.79,72.94,64.47,3.67,4.21,81.7,38.5,1,spoiled
4.73,1.89,2.39,5.65,1.79,72.94,65.15,3.6,4.19,81.7,38.4,1,spoiled
4.69,1.93,2.41,5.65,1.79,73.64,64.47,3.61,4.25,81.7,38.5,1,spoiled
4.73,1.92,2.38,5.62,1.77,72.94,62.53,3.61,4.23,81.7,38.5,1,spoiled
4.67,1.9,2.35,5.6,1.78,74.36,62.53,3.52,4.25,81.8,38.5,1,spoiled
4.69,1.89,2.38,5.6,1.76,70.89,62.53,3.54,4.19,81.7,38.5,1,spoiled
4.71,1.89,2.38,5.65,1.76,70.89,63.16,3.6,4.21,81.7,38.5,1,spoiled
4.71,1.85,2.38,5.6,1.73,72.24,63.81,3.6,4.23,81.8,38.5,1,spoiled
4.67,1.9,2.39,5.6,1.73,73.64,63.81,3.56,4.19,81.7,38.1,1,spoiled
4.65,1.9,2.39,5.62,1.72,72.24,62.53,3.58,4.23,81.7,38.5,1,spoiled
4.67,1.92,2.38,5.58,1.73,72.24,63.16,3.54,4.23,81.7,38.5,1,spoiled
4.63,1.87,2.38,5.62,1.7,74.36,65.15,3.51,4.19,81.7,38.5,1,spoiled
4.65,1.87,2.38,5.58,1.72,72.24,62.53,3.51,4.17,81.7,38.6,1,spoiled
4.65,1.87,2.39,5.62,1.74,72.24,63.16,3.54,4.21,81.7,38.4,1,spoiled
4.67,1.9,2.38,5.58,1.73,72.94,65.15,3.56,4.21,81.8,38.4,1,spoiled
4.69,1.89,2.39,5.65,1.73,72.94,64.47,3.56,4.19,82.5,39.4,1,spoiled
4.63,1.9,2.39,5.58,1.76,73.64,62.53,3.54,4.21,81.9,38.4,1,spoiled
4.63,1.93,2.39,5.58,1.74,74.36,64.47,3.51,4.21,82.0,38.4,1,spoiled
4.67,1.9,2.38,5.62,1.74,72.94,60.09,3.52,4.19,82.0,38.4,1,spoiled
4.67,1.89,2.39,5.65,1.74,72.94,65.15,3.52,4.15,82.0,38.6,1,spoiled
4.65,1.87,2.38,5.62,1.74,72.24,62.53,3.52,4.15,82.0,38.4,1,spoiled
4.69,1.9,2.38,5.65,1.73,72.24,63.16,3.47,4.13,82.0,38.4,1,spoiled
4.69,1.87,2.38,5.62,1.76,72.24,63.16,3.42,4.11,82.0,38.4,1,spoiled
4.65,1.87,2.38,5.58,1.79,74.36,64.47,3.45,4.11,82.0,38.4,1,spoiled
4.67,1.86,2.38,5.62,1.78,72.24,63.16,3.47,4.11,82.0,38.4,1,spoiled
4.67,1.89,2.38,5.6,1.78,72.24,63.81,3.44,4.13,82.0,38.4,1,spoiled
4.67,1.89,2.36,5.58,1.79,72.24,63.16,3.47,4.11,81.4,37.4,1,spoiled
4.67,1.87,2.36,5.58,1.8,72.24,63.16,3.47,4.09,82.0,38.4,1,spoiled
4.65,1.87,2.38,5.62,1.78,73.64,65.15,3.45,4.11,82.0,38.4,1,spoiled
4.63,1.87,2.38,5.62,1.77,74.36,65.83,3.45,4.13,82.0,38.4,1,spoiled
4.67,1.9,2.36,5.6,1.78,72.24,63.16,3.4,4.13,82.0,38.4,1,spoiled
4.67,1.89,2.38,5.58,1.8,72.24,63.16,3.33,4.07,82.0,38.5,1,spoiled
4.65,1.87,2.38,5.58,1.8,72.24,64.47,3.35,4.03,82.0,38.4,1,spoiled
4.63,1.89,2.39,5.58,1.79,74.36,64.47,3.38,4.07,82.0,38.4,1,spoiled
4.69,1.86,2.38,5.65,1.79,72.24,62.53,3.42,4.03,82.0,38.4,1,spoiled
4.65,1.89,2.39,5.6,1.79,74.36,63.16,3.44,4.05,82.0,38.4,1,spoiled
4.69,1.89,2.3,5.55,1.8,72.24,63.16,3.44,4.11,82.1,38.5,1,spoiled
4.69,1.92,2.39,5.6,1.8,74.36,65.83,3.44,4.07,82.0,38.4,1,spoiled
4.69,1.9,2.35,5.58,1.8,70.89,63.81,3.44,4.03,82.1,38.4,1,spoiled
4.71,1.89,2.38,5.53,1.74,72.24,63.16,3.23,3.99,82.1,38.4,1,spoiled
4.67,1.86,2.38,5.6,1.76,74.36,64.47,3.06,3.9,82.1,38.1,1,spoiled
4.65,1.86,2.38,5.6,1.83,75.83,65.83,3.1,3.94,82.1,38.4,1,spoiled
4.67,1.87,2.38,5.62,1.9,73.64,65.15,3.15,3.99,82.1,38.4,1,spoiled
4.65,1.87,2.36,5.62,1.92,73.64,64.47,3.23,4.01,82.0,38.4,1,spoiled
4.67,1.87,2.36,5.58,1.91,72.24,63.81,3.25,4.03,81.9,38.6,1,spoiled
4.69,1.87,2.38,5.65,1.92,72.24,63.16,3.25,3.96,81.9,38.4,1,spoiled
4.67,1.87,2.36,5.6,1.92,72.94,63.81,3.28,3.9,81.9,38.4,1,spoiled
4.69,1.89,2.36,5.65,1.91,74.36,63.81,3.25,3.92,81.8,38.4,1,spoiled
4.65,1.87,2.36,5.65,1.9,74.36,65.83,3.18,3.88,81.8,38.5,1,spoiled
4.69,1.9,2.38,5.65,1.91,72.24,63.81,3.25,3.96,81.9,38.4,1,spoiled
4.67,1.86,2.38,5.65,1.91,74.36,64.47,3.3,3.92,81.9,38.4,1,spoiled
4.73,1.92,2.38,5.67,1.91,74.36,65.83,3.37,3.97,81.8,38.6,1,spoiled
4.73,1.9,2.38,5.67,1.91,72.94,65.15,3.4,3.96,81.9,38.4,1,spoiled
4.73,1.9,2.38,5.67,1.92,72.24,63.81,3.49,3.97,81.9,38.4,1,spoiled
4.73,1.89,2.38,5.7,1.91,72.24,63.16,3.49,3.92,82.0,38.4,1,spoiled
4.71,1.92,2.38,5.67,1.91,72.24,63.81,3.54,3.97,81.9,38.4,1,spoiled
4.71,1.92,2.38,5.62,1.91,72.24,62.53,3.6,4.01,82.0,38.4,1,spoiled
4.69,1.9,2.38,5.6,1.91,72.94,64.47,3.61,3.96,82.0,38.4,1,spoiled
4.73,1.89,2.38,5.67,1.89,70.89,62.53,3.6,3.97,82.0,38.4,1,spoiled
4.73,1.92,2.38,5.65,1.87,72.94,64.47,3.63,3.97,82.0,38.4,1,spoiled
4.69,1.92,2.38,5.65,1.89,72.24,63.81,3.56,3.97,82.0,38.4,1,spoiled
4.75,1.93,2.32,5.67,1.86,72.24,63.16,3.44,4.05,82.0,38.4,1,spoiled
4.71,1.93,2.36,5.62,1.85,74.36,65.15,3.35,4.01,81.9,38.4,1,spoiled
4.71,1.9,2.36,5.62,1.85,72.24,63.81,3.35,3.99,81.8,38.4,1,spoiled
4.67,1.9,2.39,5.65,1.86,74.36,65.15,3.32,4.05,81.9,38.4,1,spoiled
4.69,1.93,2.38,5.65,1.86,73.64,65.15,3.32,4.07,81.8,38.0,1,spoiled
4.67,1.92,2.38,5.67,1.85,74.36,64.47,3.35,3.99,81.9,38.4,1,spoiled
4.67,1.93,2.38,5.62,1.87,72.94,63.16,3.42,4.01,81.8,38.4,1,spoiled
4.71,1.89,2.38,5.65,1.84,73.64,65.15,3.35,3.99,82.0,38.4,1,spoiled
4.69,1.92,2.38,5.65,1.83,72.24,63.81,3.38,4.09,81.9,38.5,1,spoiled
4.67,1.87,2.38,5.65,1.83,74.36,64.47,3.38,4.07,82.0,38.3,1,spoiled
4.69,1.89,2.38,5.62,1.83,71.56,64.47,3.44,4.09,82.0,38.3,1,spoiled
4.71,1.93,2.39,5.65,1.83,72.24,63.16,3.47,4.13,82.0,38.3,1,spoiled
4.69,1.92,2.39,5.6,1.81,72.24,65.15,3.54,4.13,82.0,38.3,1,spoiled
4.71,1.92,2.38,5.62,1.78,72.24,64.47,3.35,4.07,82.0,38.3,1,spoiled
4.67,1.9,2.36,5.6,1.79,73.64,66.53,3.15,4.09,82.0,38.3,1,spoiled
4.61,1.89,2.36,5.6,1.79,72.94,62.53,3.1,4.05,82.0,38.5,1,spoiled
4.61,1.89,2.36,5.58,1.83,75.83,65.15,3.11,3.94,82.1,38.3,1,spoiled
4.61,1.9,2.38,5.6,1.84,74.36,65.83,3.15,4.03,82.2,38.3,1,spoiled
4.63,1.89,2.38,5.58,1.84,74.36,64.47,3.23,3.97,82.0,38.3,1,spoiled
4.63,1.87,2.36,5.58,1.85,72.24,63.81,3.23,3.99,82.0,38.3,1,spoiled
4.67,1.9,2.36,5.62,1.81,72.24,65.15,3.15,3.9,82.0,38.3,1,spoiled
4.61,1.92,2.38,5.62,1.84,72.94,63.81,3.21,3.92,82.0,38.3,1,spoiled
4.63,1.9,2.36,5.58,1.85,72.24,63.16,3.16,3.9,81.9,38.5,1,spoiled
4.65,1.89,2.38,5.65,1.85,73.64,65.83,3.23,3.88,81.8,38.2,1,spoiled
4.67,1.9,2.38,5.65,1.86,74.36,65.15,3.32,3.9,81.9,38.2,1,spoiled
4.63,1.93,2.36,5.6,1.86,72.94,63.16,3.33,3.86,82.0,38.2,1,spoiled
4.65,1.9,2.36,5.6,1.86,74.36,63.16,3.26,3.9,82.1,38.2,1,spoiled
4.67,1.9,2.38,5.62,1.85,74.36,64.47,3.32,3.9,82.2,38.2,1,spoiled
4.67,1.9,2.36,5.58,1.86,73.64,65.15,3.32,3.82,82.2,38.2,1,spoiled
4.65,1.93,2.36,5.55,1.85,72.24,63.81,3.33,3.84,82.1,38.2,1,spoiled
4.63,1.9,2.36,5.6,1.84,72.24,65.15,3.21,3.79,82.0,38.2,1,spoiled
4.63,1.94,2.38,5.62,1.83,73.64,65.15,3.21,3.96,82.1,38.2,1,spoiled
4.65,1.92,2.38,5.6,1.8,74.36,63.81,3.16,3.94,82.1,38.1,1,spoiled
4.67,1.93,2.36,5.58,1.83,72.94,64.47,3.2,3.9,82.1,38.2,1,spoiled
4.67,1.94,2.38,5.58,1.83,72.24,65.15,3.23,3.94,82.1,38.1,1,spoiled
4.69,1.96,2.39,5.6,1.83,74.36,64.47,3.3,3.68,82.4,38.1,1,spoiled
4.63,1.92,2.38,5.58,1.8,72.24,63.16,3.23,3.97,81.6,37.9,1,spoiled
4.65,1.92,2.36,5.6,1.78,72.24,64.47,3.2,3.94,82.2,38.0,1,spoiled
4.63,1.93,2.39,5.62,1.79,72.94,65.15,3.28,4.01,82.2,38.0,1,spoiled
4.61,1.93,2.33,5.62,1.78,74.36,64.47,3.26,4.01,82.3,38.0,1,spoiled
4.61,1.93,2.38,5.58,1.78,72.24,63.81,3.3,3.97,82.3,38.0,1,spoiled
4.65,1.93,2.38,5.6,1.78,72.94,63.81,3.35,3.97,82.3,38.0,1,spoiled
4.63,1.58,2.38,5.6,1.76,72.24,65.83,3.28,3.99,82.5,38.0,1,spoiled
4.65,1.93,2.38,5.6,1.76,72.94,63.81,3.21,3.94,82.0,37.7,1,spoiled
4.65,1.93,2.38,5.6,1.78,72.94,63.81,3.26,4.01,82.0,37.9,1,spoiled
4.65,1.93,2.38,5.6,1.76,72.24,65.15,3.32,3.97,82.5,38.0,1,spoiled
4.61,1.96,2.39,5.58,1.73,72.24,63.81,3.35,3.99,82.3,38.0,1,spoiled
4.61,1.92,2.38,5.62,1.71,73.64,63.16,3.4,4.01,82.3,38.1,1,spoiled
4.61,1.94,2.38,5.6,1.71,72.94,62.53,3.38,4.05,81.7,37.9,1,spoiled
4.61,1.92,2.39,5.6,1.72,73.64,63.81,3.4,4.01,81.9,37.9,1,spoiled
4.63,1.93,2.39,5.62,1.7,72.24,63.16,3.37,3.97,82.4,38.6,1,spoiled
4.61,1.94,2.38,5.62,1.68,74.36,64.47,3.4,3.99,81.9,37.9,1,spoiled
4.63,1.92,2.38,5.58,1.7,72.24,65.15,3.35,3.96,81.8,37.9,1,spoiled
4.65,1.94,2.39,5.65,1.68,72.24,62.53,3.42,3.99,82.0,37.9,1,spoiled
4.63,1.96,2.39,5.55,1.67,72.24,63.16,3.38,3.99,82.5,38.1,1,spoiled
4.65,1.94,2.38,5.62,1.67,74.36,64.47,3.28,3.97,82.1,37.8,1,spoiled
4.65,1.9,2.38,5.58,1.71,73.64,64.47,3.26,3.94,82.3,37.8,1,spoiled
4.63,1.92,2.38,5.58,1.71,74.36,65.83,3.28,3.88,82.4,37.8,1,spoiled
4.65,1.93,2.36,5.58,1.72,72.24,65.83,3.26,3.96,82.5,37.8,1,spoiled
4.65,1.93,2.38,5.55,1.74,73.64,65.15,3.32,3.92,82.5,37.8,1,spoiled
4.65,1.96,2.36,5.6,1.71,72.24,64.47,3.32,3.94,82.5,37.8,1,spoiled
4.65,1.89,2.38,5.58,1.74,72.24,63.81,3.3,3.88,82.9,38.1,1,spoiled
4.65,1.92,2.38,5.58,1.72,73.64,62.53,3.23,3.84,82.2,37.9,1,spoiled
4.63,1.9,2.36,5.58,1.73,72.24,65.83,3.3,3.9,82.0,37.9,1,spoiled
4.65,1.96,2.38,5.6,1.74,74.36,65.83,3.23,3.84,82.0,37.9,1,spoiled
4.65,1.92,2.38,5.6,1.74,75.83,63.16,3.15,3.86,82.0,37.9,1,spoiled
4.63,1.92,2.39,5.6,1.74,72.24,63.81,3.11,3.88,81.9,37.8,1,spoiled
4.63,1.96,2.39,5.62,1.77,74.36,64.47,3.2,3.9,82.0,37.8,1,spoiled
4.61,1.96,2.39,5.58,1.78,72.24,63.16,3.21,3.92,82.0,37.8,1,spoiled
4.65,1.96,2.39,5.6,1.74,73.64,64.47,2.98,3.86,82.0,37.8,1,spoiled
4.65,1.92,2.39,5.6,1.79,75.09,65.83,3.03,3.84,82.0,37.8,1,spoiled
4.61,1.96,2.3,5.55,1.81,74.36,64.47,3.11,3.86,82.0,37.8,1,spoiled
4.65,1.94,2.38,5.6,1.8,72.24,63.81,3.18,3.84,81.8,37.8,1,spoiled
4.61,1.93,2.39,5.62,1.78,73.64,63.81,3.15,3.88,81.8,37.8,1,spoiled
4.63,1.9,2.36,5.53,1.77,72.94,63.16,3.16,3.88,81.9,37.8,1,spoiled
4.63,1.92,2.39,5.58,1.76,73.64,63.81,3.21,3.92,81.8,37.3,1,spoiled
4.67,1.93,2.38,5.58,1.74,72.24,65.15,3.28,3.92,81.7,37.8,1,spoiled
4.63,1.93,2.38,5.53,1.72,72.24,63.81,3.32,3.94,81.7,37.8,1,spoiled
4.65,1.96,2.38,5.53,1.72,72.94,57.81,3.38,3.96,81.8,37.8,1,spoiled
4.65,1.94,2.42,5.55,1.72,73.64,65.15,3.44,3.97,82.3,38.0,1,spoiled
4.67,1.92,2.38,5.53,1.71,72.24,64.47,3.47,3.9,81.8,37.8,1,spoiled
4.63,1.93,2.38,5.48,1.71,72.94,64.47,3.3,3.9,81.9,37.8,1,spoiled
4.63,1.93,2.39,5.55,1.68,72.24,63.81,3.28,3.92,81.9,37.8,1,spoiled
4.59,1.92,2.38,5.51,1.68,73.64,63.81,3.28,3.84,82.0,37.9,1,spoiled
4.65,1.89,2.38,5.53,1.66,72.24,63.81,3.23,3.86,82.0,37.9,1,spoiled
4.61,1.89,2.39,5.53,1.66,74.36,64.47,3.25,3.86,82.0,37.9,1,spoiled
4.65,1.89,2.36,5.51,1.68,73.64,65.15,3.21,3.86,82.0,37.1,1,spoiled
4.61,1.93,2.39,5.53,1.68,72.24,65.15,3.32,3.92,81.8,37.9,1,spoiled
4.63,1.9,2.38,5.51,1.68,74.36,65.15,3.21,3.86,81.8,37.9,1,spoiled
4.61,1.9,2.39,5.55,1.67,72.24,63.81,3.23,3.82,81.9,37.9,1,spoiled
4.61,1.92,2.38,5.48,1.7,74.36,65.83,3.21,3.9,81.8,37.9,1,spoiled
4.65,1.89,2.39,5.55,1.68,74.36,66.53,3.21,3.86,81.7,37.9,1,spoiled
4.65,1.92,2.39,5.51,1.7,72.24,63.16,3.2,3.84,81.7,37.9,1,spoiled
4.63,1.93,2.39,5.53,1.71,72.24,65.15,3.25,3.9,81.6,37.8,1,spoiled
4.65,1.92,2.38,5.48,1.7,72.24,63.81,3.26,3.92,81.7,37.9,1,spoiled
4.63,1.93,2.38,5.55,1.67,73.64,65.15,3.2,3.84,81.5,37.9,1,spoiled
4.61,1.93,2.32,5.86,1.67,74.36,65.83,3.2,3.86,81.4,37.9,1,spoiled
4.61,1.92,2.38,5.55,1.68,74.36,65.83,3.21,3.88,81.4,37.9,1,spoiled
4.63,1.89,2.38,5.55,1.7,74.36,65.83,3.23,3.82,81.4,37.9,1,spoiled
4.63,1.9,2.39,5.55,1.68,72.94,63.81,3.25,3.84,81.4,37.9,1,spoiled
4.65,1.93,2.38,5.53,1.71,73.64,66.53,3.15,3.84,81.4,37.6,1,spoiled
4.63,1.92,2.38,5.51,1.71,74.36,65.83,3.15,3.81,81.4,37.9,1,spoiled
4.65,1.93,2.38,5.51,1.68,72.24,63.16,3.18,3.9,81.4,37.9,1,spoiled
4.61,1.92,2.39,5.53,1.68,74.36,65.15,3.16,3.92,81.5,37.9,1,spoiled
4.63,1.92,2.39,5.53,1.7,74.36,65.83,3.25,3.94,82.0,38.0,1,spoiled
4.65,1.89,2.38,5.51,1.71,74.36,65.83,3.3,3.86,81.5,37.8,1,spoiled
4.67,1.9,2.38,5.53,1.71,74.36,65.83,3.38,3.81,81.7,37.8,1,spoiled
4.63,1.93,2.41,5.6,1.7,74.36,64.47,3.47,3.82,81.6,37.8,1,spoiled
4.69,1.92,2.39,5.55,1.72,73.64,65.15,3.42,3.82,81.7,37.7,1,spoiled
4.63,1.92,2.39,5.53,1.73,74.36,63.81,3.54,3.84,81.7,37.7,1,spoiled
4.69,1.93,2.42,5.55,1.74,73.64,64.47,3.61,3.88,81.9,37.7,1,spoiled
4.65,1.92,2.41,5.55,1.72,73.64,64.47,3.56,3.96,82.0,37.0,1,spoiled
4.67,1.96,2.41,5.55,1.71,73.64,65.15,3.54,3.99,82.0,37.7,1,spoiled
4.67,1.93,2.41,5.51,1.68,73.64,65.15,3.54,4.01,82.1,37.6,1,spoiled
4.65,1.93,2.42,5.55,1.65,73.64,64.47,3.52,4.01,82.2,37.6,1,spoiled
4.65,1.94,2.41,5.53,1.63,73.64,65.15,3.56,4.05,82.2,37.6,1,spoiled
4.65,1.94,2.42,5.55,1.63,74.36,65.83,3.61,4.05,82.2,37.7,1,spoiled
4.69,1.93,2.41,5.53,1.62,70.89,63.16,3.7,3.99,82.3,37.7,1,spoiled
4.71,1.92,2.41,5.55,1.63,72.24,64.47,3.74,3.99,82.4,37.7,1,spoiled
4.69,1.96,2.41,5.53,1.64,72.24,63.81,3.76,4.01,82.2,37.7,1,spoiled
4.73,1.96,2.44,5.55,1.62,72.24,63.81,3.72,4.05,82.1,37.7,1,spoiled
4.71,1.97,2.36,5.6,1.64,72.94,63.81,3.6,4.09,82.0,37.7,1,spoiled
4.67,1.96,2.42,5.55,1.64,73.64,65.83,3.44,4.07,81.9,37.7,1,spoiled
4.69,1.92,2.41,5.53,1.65,74.36,64.47,3.42,4.01,82.0,37.7,1,spoiled
4.65,1.96,2.42,5.53,1.65,74.36,64.47,3.42,3.99,82.0,37.7,1,spoiled
4.67,1.94,2.42,5.53,1.67,74.36,65.83,3.47,4.05,82.0,37.3,1,spoiled
4.67,1.93,2.42,5.51,1.65,72.24,63.81,3.52,4.13,82.1,37.7,1,spoiled
4.65,1.92,2.42,5.55,1.65,74.36,66.53,3.58,4.01,82.2,37.7,1,spoiled
4.69,1.96,2.41,5.51,1.67,73.64,64.47,3.65,4.09,82.2,37.7,1,spoiled
4.67,1.96,2.42,5.51,1.67,72.94,63.16,3.68,4.09,82.2,37.8,1,spoiled
4.67,1.96,2.44,5.53,1.66,72.24,63.81,3.72,4.03,82.1,37.7,1,spoiled
4.71,1.93,2.42,5.55,1.66,72.24,65.83,3.78,4.05,82.2,37.7,1,spoiled
4.67,1.94,2.42,5.51,1.67,72.24,63.81,3.72,4.09,82.2,37.7,1,spoiled
4.69,1.93,2.42,5.51,1.65,73.64,65.83,3.44,4.03,82.2,37.7,1,spoiled
4.69,1.93,2.44,5.55,1.66,74.36,64.47,3.4,4.07,82.2,37.7,1,spoiled
4.67,1.93,2.42,5.53,1.65,72.94,64.47,3.47,4.03,82.3,37.8,1,spoiled
4.67,1.93,2.44,5.55,1.67,73.64,65.15,3.52,4.05,82.8,38.0,1,spoiled
4.71,1.94,2.44,5.55,1.66,72.24,63.16,3.56,4.03,82.3,37.8,1,spoiled
4.65,1.9,2.42,5.51,1.67,73.64,65.83,3.65,4.01,82.4,37.8,1,spoiled
4.69,1.92,2.42,5.51,1.67,72.24,63.81,3.76,4.05,82.4,37.8,1,spoiled
4.67,1.94,2.42,5.55,1.66,72.24,65.15,3.81,4.05,82.4,37.8,1,spoiled
4.67,1.96,2.42,5.53,1.67,72.24,65.15,3.87,4.05,82.5,37.8,1,spoiled
4.69,1.93,2.42,5.53,1.66,72.94,63.16,3.85,4.35,82.5,37.8,1,spoiled
4.69,1.93,2.41,5.51,1.66,71.56,63.81,3.87,4.05,82.5,37.8,1,spoiled
4.69,1.92,2.42,5.53,1.64,74.36,65.83,3.83,4.01,82.4,37.8,1,spoiled
4.67,1.92,2.42,5.55,1.66,72.24,65.83,3.33,4.05,82.5,37.8,1,spoiled
4.65,1.92,2.38,5.51,1.67,72.24,63.81,3.52,3.94,82.5,37.8,1,spoiled
4.67,1.93,2.42,5.48,1.68,73.64,65.83,3.56,3.96,82.5,37.8,1,spoiled
4.69,1.92,2.42,5.53,1.68,72.24,65.83,3.6,4.01,82.5,37.8,1,spoiled
4.65,1.92,2.42,5.51,1.66,72.94,63.81,3.76,3.9,82.5,37.8,1,spoiled
4.67,1.92,2.42,5.53,1.68,72.24,63.81,3.74,4.05,82.6,37.5,1,spoiled
4.63,1.89,2.42,5.53,1.68,72.24,63.81,3.67,3.99,82.8,37.8,1,spoiled
4.69,1.92,2.41,5.55,1.7,72.24,63.81,3.67,4.05,82.8,37.8,1,spoiled
4.63,1.89,2.41,5.55,1.76,71.56,53.69,3.81,4.05,82.8,37.8,1,spoiled
4.69,1.93,2.42,5.6,1.84,73.64,65.83,3.81,3.99,82.9,37.9,1,spoiled
4.69,1.9,2.42,5.53,1.85,73.64,63.81,3.87,3.99,82.8,37.8,1,spoiled
4.69,1.93,2.42,5.55,1.84,73.64,65.83,3.83,4.03,82.8,37.8,1,spoiled
4.69,1.89,2.41,5.58,1.79,72.24,65.83,3.63,3.96,82.7,37.8,1,spoiled
4.69,1.93,2.42,5.48,1.79,72.24,63.81,3.51,3.97,82.5,37.7,1,spoiled
4.63,1.92,2.41,5.51,1.78,73.64,65.83,3.51,3.92,82.3,37.7,1,spoiled
4.67,1.89,2.39,5.51,1.76,72.94,66.53,3.49,3.75,82.1,37.7,1,spoiled
4.63,1.93,2.39,5.51,1.78,72.24,65.15,3.54,3.84,81.9,37.8,1,spoiled
4.65,1.9,2.42,5.51,1.78,72.24,65.15,3.61,3.77,81.8,37.8,1,spoiled
4.65,1.93,2.39,5.51,1.78,72.24,64.47,3.72,3.82,81.7,37.7,1,spoiled
4.63,1.92,2.42,5.53,1.72,72.24,64.47,3.67,3.82,81.6,37.7,1,spoiled
4.67,1.9,2.39,5.53,1.76,72.94,66.53,3.51,3.77,81.6,37.9,1,spoiled
4.63,1.89,2.41,5.53,1.76,74.36,65.83,3.51,3.77,81.6,37.7,1,spoiled
4.63,1.89,2.39,5.51,1.76,72.24,65.83,3.49,3.77,81.5,37.8,1,spoiled
4.63,1.89,2.41,5.53,1.74,74.36,66.53,3.47,3.79,81.5,37.8,1,spoiled
4.67,1.89,2.39,5.48,1.73,72.24,64.47,3.47,3.81,81.4,37.8,1,spoiled
4.67,1.92,2.39,5.48,1.74,73.64,65.15,3.56,3.82,81.5,37.8,1,spoiled
4.69,1.93,2.41,5.53,1.71,72.94,66.53,3.54,3.79,81.6,37.8,1,spoiled
4.63,1.93,2.41,5.53,1.72,74.36,65.15,3.54,3.82,81.4,37.8,1,spoiled
4.65,1.89,2.42,5.48,1.72,72.24,66.53,3.47,3.79,81.4,37.7,1,spoiled
4.71,1.89,2.41,5.53,1.68,72.24,65.15,3.49,3.79,81.4,37.8,1,spoiled
4.69,1.93,2.33,5.86,1.71,73.64,65.15,3.52,3.84,81.5,37.8,1,spoiled
4.65,1.89,2.41,5.51,1.67,74.36,65.15,3.1,3.79,81.5,37.8,1,spoiled
4.65,1.89,2.41,5.51,1.68,72.24,65.15,3.33,3.77,81.5,37.8,1,spoiled
4.65,1.89,2.41,5.53,1.68,74.36,66.53,3.4,3.79,81.6,37.8,1,spoiled
4.65,1.89,2.41,5.51,1.68,74.36,66.53,3.45,3.82,82.2,38.3,1,spoiled
4.69,1.87,2.41,5.51,1.68,72.24,63.81,3.49,3.77,81.5,37.8,1,spoiled
4.65,1.9,2.41,5.51,1.7,74.36,66.53,3.58,3.75,81.4,37.8,1,spoiled
4.63,1.9,2.42,5.48,1.7,72.94,64.47,3.44,3.79,81.4,37.8,1,spoiled
4.65,1.92,2.41,5.51,1.68,74.36,64.47,3.45,3.82,81.1,37.9,1,spoiled
4.67,1.92,2.41,5.53,1.68,74.36,66.53,3.52,3.81,81.0,37.8,1,spoiled
4.65,1.89,2.41,5.53,1.68,74.36,67.25,3.49,3.79,81.1,37.8,1,spoiled
4.69,1.89,2.39,5.53,1.68,73.64,65.15,3.56,3.79,80.9,37.7,1,spoiled
4.67,1.89,2.42,5.48,1.7,74.36,66.53,3.56,3.79,80.8,37.7,1,spoiled
4.67,1.9,2.41,5.48,1.7,74.36,66.53,3.32,3.84,80.8,37.7,1,spoiled
4.65,1.42,2.41,5.55,1.68,73.64,65.83,3.37,3.79,80.8,37.7,1,spoiled
4.69,1.92,2.41,5.53,1.68,72.94,66.53,3.42,3.81,80.8,37.5,1,spoiled
4.65,1.9,2.41,5.53,1.68,74.36,65.83,3.45,3.84,80.9,37.7,1,spoiled
4.67,1.89,2.39,5.48,1.68,73.64,66.53,3.28,3.79,81.1,37.7,1,spoiled
4.67,1.89,2.39,5.51,1.68,72.94,65.15,3.28,3.82,81.0,37.7,1,spoiled
4.65,1.9,2.41,5.51,1.68,75.09,65.15,3.3,3.82,81.1,37.8,1,spoiled
4.69,1.89,2.41,5.48,1.7,74.36,65.15,3.35,3.81,81.0,37.7,1,spoiled
4.67,1.9,2.42,5.48,1.7,74.36,67.25,3.38,3.79,81.0,37.7,1,spoiled
4.65,1.89,2.41,5.53,1.68,72.24,65.15,3.42,3.81,80.9,37.6,1,spoiled
4.67,1.92,2.39,5.48,1.7,72.24,64.47,3.45,3.81,80.9,37.6,1,spoiled
4.71,1.89,2.41,5.53,1.67,73.64,66.53,3.51,3.77,80.9,37.6,1,spoiled
4.65,1.85,2.42,5.53,1.68,72.24,65.15,3.54,3.79,80.9,37.6,1,spoiled
4.65,1.89,2.41,5.53,1.66,75.09,65.15,3.16,3.77,81.0,37.4,1,spoiled
4.65,1.89,2.39,5.48,1.68,72.94,65.83,3.13,3.75,81.1,37.6,1,spoiled
4.69,1.86,2.39,5.51,1.68,75.09,63.81,3.16,3.77,81.2,37.6,1,spoiled
4.67,1.87,2.41,5.51,1.68,72.24,65.15,3.25,3.79,81.3,37.6,1,spoiled
4.69,1.89,2.41,5.53,1.68,73.64,66.53,3.33,3.77,81.3,37.8,1,spoiled
4.65,1.89,2.39,5.51,1.68,72.94,64.47,3.38,3.81,81.4,37.6,1,spoiled
4.67,1.89,2.39,5.48,1.68,72.24,66.53,3.37,3.79,81.1,37.6,1,spoiled
4.67,1.89,2.42,5.53,1.67,74.36,65.83,3.42,3.81,81.2,37.6,1,spoiled
4.67,1.89,2.39,5.51,1.66,72.94,63.81,3.1,3.82,81.0,37.6,1,spoiled
4.71,1.89,2.41,5.53,1.67,72.94,65.15,3.23,3.81,81.0,37.6,1,spoiled
4.69,2.1,2.41,5.53,1.68,72.94,65.15,3.35,3.81,81.1,37.6,1,spoiled
4.67,1.89,2.41,5.53,1.66,75.83,64.47,3.06,3.81,81.2,37.4,1,spoiled
4.69,1.89,2.41,5.51,1.7,73.64,64.47,3.16,3.82,81.4,37.5,1,spoiled
4.69,1.89,2.41,5.55,1.68,73.64,66.53,3.38,3.82,81.5,37.5,1,spoiled
4.69,1.87,2.39,5.51,1.71,73.64,65.83,3.33,3.84,81.8,37.5,1,spoiled
4.67,1.89,2.39,5.53,1.67,73.64,64.47,3.45,3.86,82.0,37.6,1,spoiled
4.67,1.89,2.41,5.51,1.68,73.64,63.81,3.4,3.86,82.0,37.5,1,spoiled
4.69,1.9,2.39,5.51,1.68,72.24,63.81,3.37,3.84,82.0,37.5,1,spoiled
4.69,1.87,2.41,5.55,1.68,72.24,65.15,3.52,3.84,82.0,37.5,1,spoiled
4.65,1.9,2.41,5.55,1.68,72.94,64.47,3.52,3.88,81.8,37.5,1,spoiled
4.71,1.89,2.41,5.55,1.68,72.94,63.81,3.44,3.84,81.7,37.4,1,spoiled
4.73,1.92,2.41,5.53,1.67,74.36,65.83,3.28,3.82,81.6,37.5,1,spoiled
4.69,1.92,2.41,5.55,1.7,72.94,64.47,3.3,3.88,81.5,37.5,1,spoiled
4.69,1.89,2.41,5.58,1.7,74.36,65.15,3.35,3.84,81.5,37.5,1,spoiled
4.67,1.89,2.42,5.53,1.71,72.24,65.15,3.58,3.88,81.5,37.5,1,spoiled
4.67,1.93,2.39,5.51,1.66,73.64,65.83,3.67,3.97,81.7,37.5,1,spoiled
4.71,1.9,2.39,5.51,1.7,72.94,64.47,3.49,3.99,81.7,37.6,1,spoiled
4.65,1.9,2.41,5.53,1.7,74.36,66.53,3.58,4.21,81.7,37.5,1,spoiled
4.67,1.9,2.41,5.51,1.71,73.64,66.53,3.63,4.35,81.8,37.5,1,spoiled
4.71,1.87,2.41,5.55,1.68,72.94,65.15,3.45,4.15,81.7,37.5,1,spoiled
4.65,1.89,2.41,5.51,1.71,72.24,63.81,3.68,4.23,81.7,37.5,1,spoiled
4.69,1.89,2.41,5.51,1.67,72.24,63.81,3.61,4.19,81.7,37.5,1,spoiled
4.65,1.89,2.39,5.48,1.68,73.64,64.47,3.68,4.11,81.7,37.5,1,spoiled
4.69,1.9,2.39,5.53,1.65,74.36,65.83,3.76,4.23,81.7,37.5,1,spoiled
4.71,1.93,2.41,5.53,1.6,74.36,66.53,3.92,4.09,81.7,37.5,1,spoiled
4.67,1.89,2.39,5.51,1.58,72.94,66.53,3.49,4.09,81.8,37.5,1,spoiled
4.65,1.92,2.41,5.55,1.5,69.59,65.15,3.33,4.19,81.7,37.5,1,spoiled
4.71,1.89,2.41,5.53,1.58,72.24,64.47,3.38,4.11,81.7,37.6,1,spoiled
4.67,1.9,2.39,5.48,1.62,74.36,65.83,3.25,4.07,81.7,37.5,1,spoiled
4.69,1.89,2.41,5.53,1.6,75.83,67.25,3.23,4.07,81.7,37.6,1,spoiled
4.63,1.87,2.39,5.48,1.65,74.36,64.47,3.32,4.09,81.7,37.6,1,spoiled
4.65,1.89,2.42,5.48,1.65,74.36,65.83,3.33,4.13,81.6,37.6,1,spoiled
4.69,1.9,2.39,5.53,1.65,74.36,66.53,3.32,4.13,81.6,37.6,1,spoiled
4.65,1.89,2.39,5.48,1.65,73.64,67.25,3.21,3.86,81.6,37.6,1,spoiled
4.65,1.9,2.39,5.48,1.64,73.64,65.15,3.13,4.15,81.6,37.5,1,spoiled
4.67,1.87,2.39,5.48,1.64,72.94,65.15,3.08,4.09,81.6,37.6,1,spoiled
4.63,1.9,2.41,5.51,1.62,72.94,65.15,3.1,4.05,81.6,37.6,1,spoiled
4.67,1.87,2.41,5.48,1.64,81.41,67.25,3.06,4.07,81.6,37.6,1,spoiled
4.69,1.89,2.41,5.53,1.63,75.83,65.83,3.21,4.13,81.6,37.7,1,spoiled
4.69,1.89,2.39,5.53,1.62,72.94,65.15,3.28,4.07,81.5,37.6,1,spoiled
4.67,1.87,2.41,5.51,1.6,74.36,67.25,3.35,4.35,81.5,37.6,1,spoiled
4.67,1.9,2.42,5.51,1.59,74.36,65.15,3.23,4.41,81.6,37.6,1,spoiled
4.65,1.9,2.42,5.48,1.55,73.64,66.53,3.32,4.37,81.5,37.6,1,spoiled
4.67,1.9,2.42,5.51,1.55,74.36,65.83,3.35,4.39,81.6,37.6,1,spoiled
4.65,1.89,2.41,5.48,1.57,73.64,65.83,3.52,4.41,81.7,37.6,1,spoiled
4.65,1.9,2.42,5.51,1.57,72.94,65.15,3.67,4.41,81.7,37.6,1,spoiled
4.65,1.9,2.42,5.48,1.57,74.36,65.83,3.68,4.39,81.7,37.6,1,spoiled
4.65,1.87,2.41,5.48,1.57,75.09,65.83,3.21,4.43,81.7,37.5,1,spoiled
4.69,1.9,2.41,5.46,1.56,74.36,65.83,3.26,4.37,81.8,37.5,1,spoiled
4.65,1.89,2.41,5.48,1.58,75.83,66.53,3.21,4.35,81.7,37.7,1,spoiled
4.63,1.9,2.41,5.48,1.58,75.83,66.53,3.18,4.31,81.7,37.5,1,spoiled
4.67,1.87,2.39,5.46,1.59,74.36,66.53,3.21,4.47,81.8,37.5,1,spoiled
4.67,1.87,2.39,5.44,1.6,74.36,66.53,3.21,4.55,81.8,37.5,1,spoiled
4.67,1.9,2.41,5.44,1.6,72.24,63.81,3.33,4.33,81.9,37.5,1,spoiled
4.71,1.89,2.41,5.48,1.62,74.36,65.83,3.4,4.37,82.0,37.5,1,spoiled
4.67,1.87,2.42,5.48,1.6,73.64,65.15,3.56,4.35,82.0,37.5,1,spoiled
4.69,1.89,2.41,5.44,1.58,73.64,65.15,3.26,4.33,81.2,36.7,1,spoiled
4.71,1.87,2.41,5.48,1.59,72.94,64.47,3.54,4.35,82.0,37.5,1,spoiled
4.69,1.86,2.42,5.46,1.58,74.36,67.25,3.67,4.37,82.1,37.5,1,spoiled
4.67,1.87,2.41,5.44,1.59,72.94,65.83,3.42,4.41,82.1,37.5,1,spoiled
4.71,1.86,2.39,5.41,1.6,74.36,65.83,3.33,4.35,82.0,37.5,1,spoiled
4.69,1.89,2.41,5.44,1.6,72.94,65.83,3.6,4.41,82.1,37.5,1,spoiled
4.69,1.86,2.42,5.46,1.59,73.64,64.47,3.67,4.45,82.2,37.5,1,spoiled
4.67,1.87,2.41,5.46,1.6,73.64,63.81,3.61,4.78,82.3,37.2,1,spoiled
4.69,1.9,2.42,5.44,1.59,72.94,65.83,3.67,4.74,82.3,37.5,1,spoiled
4.67,1.87,2.41,5.44,1.6,72.24,65.15,3.83,4.93,82.4,37.5,1,spoiled
4.69,1.87,2.44,5.51,1.62,75.09,66.53,3.98,4.84,82.3,37.5,1,spoiled
4.71,1.87,2.42,5.48,1.6,75.09,65.83,3.7,4.93,82.2,37.6,1,spoiled
4.67,1.87,2.42,5.44,1.63,72.94,64.47,3.44,4.84,82.3,37.5,1,spoiled
4.71,1.87,2.41,5.48,1.6,72.94,65.15,3.37,4.95,82.3,37.5,1,spoiled
4.67,1.87,2.42,5.48,1.63,74.36,66.53,3.63,4.95,82.3,37.5,1,spoiled
4.65,1.89,2.42,5.46,1.63,72.24,65.15,3.7,4.61,82.2,37.5,1,spoiled
4.67,1.87,2.39,5.44,1.68,72.94,65.15,3.7,4.65,82.1,37.5,1,spoiled
4.69,1.87,2.41,5.46,1.71,74.36,64.47,3.85,5.0,81.8,37.5,1,spoiled
4.69,1.89,2.42,5.44,1.66,74.36,65.15,3.96,4.45,81.7,37.5,1,spoiled
4.69,1.87,2.42,5.44,1.67,74.36,65.83,4.02,4.63,81.5,37.5,1,spoiled
4.73,1.89,2.41,5.44,1.65,72.24,64.47,3.85,4.84,81.4,37.5,1,spoiled
4.67,1.9,2.42,5.46,1.6,74.36,65.83,4.19,5.13,81.3,37.5,1,spoiled
4.73,1.92,2.41,5.44,1.63,73.64,65.15,4.08,5.17,81.1,37.7,1,spoiled
4.69,1.9,2.42,5.44,1.64,72.94,65.15,4.06,5.2,81.1,37.5,1,spoiled
4.67,1.9,2.42,5.51,1.62,74.36,65.15,4.02,5.24,81.1,37.5,1,spoiled
4.69,1.9,2.42,5.44,1.63,72.94,65.15,3.74,5.17,81.1,37.5,1,spoiled
4.73,1.87,2.41,5.46,1.63,72.24,65.83,3.81,5.2,81.2,37.5,1,spoiled
4.73,1.9,2.41,5.48,1.62,74.36,66.53,3.54,4.65,81.5,37.5,1,spoiled
4.69,1.87,2.42,5.51,1.63,72.94,64.47,3.25,5.09,81.7,37.5,1,spoiled
4.69,1.9,2.39,5.44,1.64,73.64,65.15,3.18,4.95,81.8,37.5,1,spoiled
4.73,1.9,2.41,5.46,1.63,72.94,65.15,3.33,5.13,82.0,37.5,1,spoiled
4.69,1.9,2.41,5.48,1.64,72.94,65.83,3.47,5.22,82.1,37.5,1,spoiled
4.69,1.87,2.41,5.44,1.6,72.94,65.83,3.52,5.17,82.1,37.5,1,spoiled
4.69,1.89,2.42,5.51,1.63,74.36,66.53,3.52,5.13,82.1,37.5,1,spoiled
4.73,1.9,2.42,5.48,1.63,72.94,65.15,3.54,5.0,82.2,37.5,1,spoiled
4.69,1.9,2.42,5.48,1.62,74.36,66.53,3.79,5.02,82.2,37.5,1,spoiled
4.67,1.89,2.42,5.46,1.62,75.09,66.53,3.78,5.24,82.2,37.5,1,spoiled
4.67,1.89,2.42,5.44,1.63,72.94,65.15,3.76,5.24,82.2,37.5,1,spoiled
4.67,1.87,2.42,5.48,1.63,74.36,66.53,4.17,5.24,82.3,37.5,1,spoiled
4.69,1.89,2.42,5.48,1.62,74.36,65.83,4.35,5.13,82.5,37.5,1,spoiled
4.69,1.86,2.41,5.44,1.62,74.36,65.83,4.0,5.24,82.5,37.5,1,spoiled
4.69,1.9,2.41,5.44,1.6,72.24,65.15,3.91,5.22,82.5,37.5,1,spoiled
4.69,1.9,2.42,5.41,1.58,72.94,64.47,4.23,5.17,82.5,37.5,1,spoiled
4.71,1.86,2.41,5.37,1.58,72.24,65.83,4.67,5.27,82.5,37.5,1,spoiled
4.71,1.87,2.41,5.41,1.57,72.24,64.47,4.76,5.27,82.5,37.6,1,spoiled
4.69,1.89,2.41,5.44,1.56,72.94,64.47,4.27,5.15,82.5,37.5,1,spoiled
4.69,1.89,2.41,5.39,1.56,73.64,65.15,4.02,5.15,82.5,37.5,1,spoiled
4.67,1.86,2.44,5.44,1.57,74.36,65.83,4.17,5.2,82.4,37.5,1,spoiled
4.69,1.87,2.41,5.44,1.56,73.64,65.15,3.7,5.36,82.3,37.6,1,spoiled
4.67,1.86,2.42,5.41,1.6,72.24,65.15,3.7,5.27,82.4,37.6,1,spoiled
4.71,1.87,2.41,5.44,1.63,72.24,63.81,3.76,5.22,82.3,37.6,1,spoiled
4.67,1.89,2.42,5.46,1.6,74.36,65.83,4.0,5.31,82.2,37.6,1,spoiled
4.67,1.87,2.44,5.46,1.6,72.94,65.83,4.35,5.38,82.2,37.6,1,spoiled
4.73,1.9,2.42,5.41,1.62,74.36,65.83,4.63,4.29,82.0,37.6,1,spoiled
4.73,1.9,2.33,5.34,1.59,73.64,65.15,4.91,4.33,82.2,37.6,1,spoiled
4.71,1.87,2.42,5.39,1.57,72.24,63.81,5.1,4.31,82.2,37.6,1,spoiled
4.71,1.86,2.41,5.37,1.56,73.64,63.81,5.08,4.39,82.3,37.6,1,spoiled
4.71,1.86,2.42,5.39,1.55,73.64,65.15,3.52,4.39,82.4,37.6,1,spoiled
4.71,1.86,2.41,5.37,1.54,73.64,63.16,3.98,4.39,83.0,38.4,1,spoiled
4.69,1.86,2.41,5.37,1.51,74.36,64.47,3.49,5.29,82.5,37.6,1,spoiled
4.65,1.86,2.42,5.41,1.54,75.83,65.83,3.45,5.29,82.5,37.6,1,spoiled
4.65,1.85,2.41,5.41,1.62,75.09,65.15,3.72,5.24,82.6,37.7,1,spoiled
4.65,1.87,2.41,5.39,1.65,75.09,65.83,3.83,5.24,82.6,37.8,1,spoiled
4.69,1.83,2.41,5.39,1.63,72.94,63.81,3.91,5.2,82.6,37.7,1,spoiled
4.63,1.86,2.42,5.41,1.62,74.36,65.83,3.83,5.22,82.6,37.7,1,spoiled
4.65,1.85,2.42,5.41,1.62,75.09,65.83,3.6,5.09,82.5,37.7,1,spoiled
4.63,1.85,2.41,5.39,1.62,75.09,65.83,3.63,5.11,82.5,37.7,1,spoiled
4.67,1.85,2.41,5.39,1.59,75.83,66.53,3.78,5.13,82.5,37.8,1,spoiled
4.65,1.83,2.41,5.39,1.59,73.64,66.53,3.81,5.2,82.5,37.8,1,spoiled
4.67,1.85,2.39,5.37,1.59,72.94,64.47,4.09,5.17,82.4,37.6,1,spoiled
4.63,1.86,2.42,5.34,1.58,75.83,66.53,4.33,5.22,82.4,37.8,1,spoiled
4.63,1.86,2.42,5.39,1.57,75.09,66.53,4.51,5.22,82.4,37.8,1,spoiled
4.63,1.85,2.41,5.37,1.57,75.83,63.81,3.83,5.17,82.4,37.8,1,spoiled
4.69,1.86,2.41,5.39,1.55,73.64,65.83,4.23,5.2,82.9,38.0,1,spoiled
4.63,1.83,2.41,5.37,1.56,75.09,66.53,4.25,5.17,82.4,37.8,1,spoiled
4.63,1.83,2.42,5.39,1.55,75.83,65.83,3.35,5.15,82.4,37.9,1,spoiled
4.63,1.86,2.41,5.37,1.55,74.36,65.83,3.18,5.15,82.4,37.9,1,spoiled
4.65,1.86,2.39,5.34,1.55,73.64,65.15,3.11,5.15,82.4,37.9,1,spoiled
4.67,1.83,2.39,5.28,1.56,73.64,65.15,3.08,5.09,82.4,37.9,1,spoiled
4.65,1.83,2.39,5.3,1.56,73.64,65.15,3.05,5.09,82.4,37.9,1,spoiled
4.61,1.85,2.41,5.32,1.55,76.58,67.25,3.11,5.15,82.3,37.9,1,spoiled
4.63,1.83,2.41,5.34,1.54,75.83,67.25,3.16,5.11,82.8,38.0,1,spoiled
4.65,1.87,2.39,5.3,1.57,74.36,64.47,3.37,5.2,82.8,38.0,1,spoiled
4.63,1.86,2.36,5.32,1.55,75.83,66.53,3.56,5.17,82.8,38.0,1,spoiled
4.65,1.85,2.39,5.28,1.56,75.83,66.53,3.79,5.2,82.8,38.0,1,spoiled
4.65,1.83,2.39,5.28,1.55,74.36,65.83,3.98,5.15,82.8,38.0,1,spoiled
4.65,1.83,2.41,5.28,1.55,72.94,65.15,4.04,5.2,82.8,38.0,1,spoiled
4.63,1.83,2.41,5.32,1.54,74.36,66.53,4.04,5.24,82.2,37.8,1,spoiled
4.63,1.83,2.41,5.32,1.52,75.09,65.83,3.87,5.22,82.7,38.0,1,spoiled
4.61,1.81,2.39,5.28,1.54,73.64,64.47,3.87,5.2,82.7,38.0,1,spoiled
4.65,1.85,2.39,5.28,1.54,74.36,67.25,4.04,5.22,82.7,38.0,1,spoiled
4.61,1.83,2.41,5.3,1.54,75.09,67.25,4.19,5.24,82.7,38.2,1,spoiled
4.67,1.83,2.39,5.28,1.54,74.36,65.15,3.35,5.2,82.7,38.0,1,spoiled
4.61,1.85,2.39,5.25,1.54,75.83,65.83,3.32,5.17,82.7,38.0,1,spoiled
4.61,1.82,2.41,5.28,1.52,74.36,65.83,3.65,5.17,82.7,38.0,1,spoiled
4.63,1.85,2.41,5.28,1.51,75.09,66.53,3.54,5.22,82.7,38.0,1,spoiled
4.63,1.83,2.39,5.25,1.54,75.09,65.83,3.7,5.22,82.8,38.0,1,spoiled
4.63,1.85,2.39,5.25,1.55,75.09,65.83,3.92,5.33,82.8,38.0,1,spoiled
4.65,1.82,2.39,5.25,1.54,73.64,65.15,4.11,5.17,82.9,38.0,1,spoiled
4.61,1.81,2.39,5.28,1.52,72.24,64.47,4.31,5.13,83.0,38.0,1,spoiled
4.65,1.81,2.39,5.28,1.55,72.94,65.15,4.63,5.17,83.0,38.0,1,spoiled
4.61,1.82,2.39,5.25,1.54,72.94,64.47,4.93,5.2,83.1,38.0,1,spoiled
4.63,1.85,2.39,5.28,1.52,72.94,65.15,5.02,5.22,83.0,38.0,1,spoiled
4.63,1.83,2.39,5.28,1.51,73.64,64.47,4.87,5.22,83.0,38.1,1,spoiled
4.63,1.79,2.39,5.25,1.52,73.64,65.83,4.84,5.22,83.0,38.1,1,spoiled
4.65,1.85,2.39,5.28,1.51,74.36,65.83,4.93,5.27,82.3,37.9,1,spoiled
4.67,1.83,2.39,5.25,1.5,72.94,65.83,5.24,5.31,82.7,38.1,1,spoiled
4.63,1.86,2.39,5.3,1.52,73.64,63.81,5.42,5.33,82.5,38.1,1,spoiled
4.63,1.83,2.41,5.25,1.4,67.09,65.15,4.43,5.29,82.3,38.1,1,spoiled
4.65,1.83,2.39,5.3,1.51,72.24,65.15,4.87,5.31,82.3,38.2,1,spoiled
4.63,1.85,2.39,5.34,1.51,72.24,63.81,5.28,5.27,82.3,38.1,1,spoiled
4.67,1.85,2.42,5.34,1.54,72.94,63.81,5.56,5.27,82.4,38.1,1,spoiled
4.67,1.83,2.39,5.32,1.51,72.94,66.53,5.61,5.33,82.5,38.1,1,spoiled
4.65,1.85,2.39,5.3,1.54,72.24,65.15,5.77,5.31,82.7,38.1,1,spoiled
4.65,1.82,2.39,5.3,1.51,72.94,66.53,5.65,5.29,82.7,38.1,1,spoiled
4.63,1.85,2.41,5.3,1.54,74.36,66.53,5.49,5.27,82.7,38.1,1,spoiled
4.65,1.82,2.39,5.3,1.54,72.94,65.15,5.42,5.27,82.7,38.3,1,spoiled
4.65,1.83,2.39,5.3,1.51,74.36,66.53,5.56,5.29,82.7,38.1,1,spoiled
4.63,1.85,2.39,5.32,1.52,73.64,65.15,5.61,5.29,82.7,38.1,1,spoiled
4.63,1.85,2.39,5.3,1.54,74.36,66.53,5.8,5.31,82.8,38.1,1,spoiled
4.65,1.85,2.41,5.34,1.52,75.83,66.53,4.63,5.33,82.6,38.1,1,spoiled
4.65,1.82,2.41,5.3,1.54,73.64,66.53,5.06,5.29,82.7,38.1,1,spoiled
4.67,1.85,2.41,5.32,1.54,74.36,65.83,5.35,5.33,82.7,38.1,1,spoiled
4.63,1.83,2.41,5.34,1.52,73.64,65.83,5.51,5.31,82.8,38.1,1,spoiled
4.67,1.85,2.39,5.28,1.51,74.36,65.15,5.77,5.33,82.9,38.1,1,spoiled
4.65,1.83,2.39,5.28,1.51,74.36,66.53,6.3,5.33,83.0,38.1,1,spoiled
4.59,1.85,2.41,5.28,1.54,72.94,63.81,6.7,5.31,83.0,38.1,1,spoiled
4.63,1.85,2.41,5.3,1.52,74.36,66.53,6.64,5.33,83.0,38.1,1,spoiled
4.65,1.81,2.39,5.28,1.51,75.09,63.81,4.25,5.29,83.1,38.1,1,spoiled
4.67,1.78,2.39,5.25,1.52,74.36,65.83,4.19,5.36,83.0,38.1,1,spoiled
4.63,1.81,2.41,5.25,1.52,75.09,65.83,3.7,5.33,82.5,37.9,1,spoiled
4.65,1.82,2.39,5.21,1.52,73.64,65.15,3.18,5.27,83.0,38.1,1,spoiled
4.59,1.82,2.41,5.25,1.5,74.36,67.25,3.38,5.29,83.0,38.1,1,spoiled
4.61,1.82,2.41,5.21,1.49,72.94,63.81,3.61,5.29,83.1,38.2,1,spoiled
4.61,1.78,2.39,5.21,1.5,73.64,67.25,3.89,5.29,83.0,38.3,1,spoiled
4.59,1.81,2.41,5.23,1.52,76.58,67.25,3.45,5.33,83.1,38.2,1,spoiled
4.63,1.82,2.39,5.21,1.51,73.64,65.83,3.83,5.31,83.1,38.2,1,spoiled
4.59,1.82,2.41,5.21,1.52,73.64,65.15,4.11,5.31,83.1,38.2,1,spoiled
4.61,1.82,2.39,5.23,1.5,74.36,67.25,3.7,5.31,83.1,38.2,1,spoiled
4.59,1.83,2.39,5.25,1.5,72.94,66.53,3.87,5.31,83.2,38.2,1,spoiled
4.59,1.82,2.39,5.23,1.5,72.94,73.48,3.96,5.29,83.2,38.2,1,spoiled
4.52,1.82,2.39,5.21,1.52,73.64,64.47,4.17,5.33,83.1,38.4,1,spoiled
4.54,1.81,2.39,5.21,1.52,74.36,65.15,4.41,5.36,83.1,38.2,1,spoiled
4.54,1.83,2.39,5.21,1.5,73.64,65.15,4.65,5.31,83.1,38.2,1,spoiled
4.59,1.79,2.39,5.23,1.51,74.36,65.15,4.39,5.29,83.1,38.2,1,spoiled
4.61,1.82,2.39,5.21,1.51,75.09,65.15,4.63,5.27,83.1,38.2,1,spoiled
4.61,1.81,2.39,5.21,1.52,73.64,65.15,5.08,5.29,83.1,38.2,1,spoiled
4.59,1.78,2.39,5.23,1.5,74.36,65.15,5.44,5.29,83.2,38.2,1,spoiled
4.61,1.82,2.39,5.23,1.5,74.36,65.15,5.75,5.17,83.1,38.2,1,spoiled
4.65,1.78,2.38,5.21,1.5,75.09,66.53,5.95,5.2,83.2,38.3,1,spoiled
4.65,1.79,2.39,5.19,1.49,74.36,66.53,5.85,5.2,83.2,38.2,1,spoiled
4.59,1.78,2.41,5.23,1.49,73.64,65.15,5.44,5.22,83.3,38.2,1,spoiled
4.65,1.81,2.41,5.21,1.49,72.94,65.15,5.61,5.22,83.3,38.3,1,spoiled
4.65,1.82,2.39,5.19,1.49,73.64,64.47,5.8,5.24,83.3,38.3,1,spoiled
4.61,1.78,2.39,5.21,1.52,73.64,64.47,6.3,5.22,83.3,38.3,1,spoiled
4.65,1.82,2.39,5.19,1.51,73.64,64.47,5.42,5.24,83.2,38.1,1,spoiled
4.61,1.79,2.41,5.23,1.5,74.36,66.53,5.33,5.24,83.3,38.3,1,spoiled
4.63,1.81,2.42,5.23,1.5,74.36,65.83,5.42,5.27,83.3,38.3,1,spoiled
4.61,1.79,2.39,4.69,1.48,73.64,64.47,5.68,5.22,83.3,38.3,1,spoiled
4.65,1.78,2.39,5.21,1.51,73.64,64.47,5.97,5.24,83.3,38.4,1,spoiled
4.59,1.82,2.39,5.21,1.52,73.64,64.47,5.99,5.29,83.3,38.3,1,spoiled
4.59,1.82,2.41,5.23,1.52,75.09,66.53,6.04,5.27,83.3,38.3,1,spoiled
4.63,1.81,2.41,5.21,1.52,73.64,65.15,6.2,5.27,83.9,39.1,1,spoiled
4.59,1.78,2.39,5.21,1.51,73.64,65.15,6.4,5.31,83.2,38.3,1,spoiled
4.63,1.82,2.39,5.21,1.5,72.24,65.83,6.64,5.29,83.1,38.3,1,spoiled
4.63,1.79,2.38,5.19,1.52,73.64,65.83,6.8,5.31,83.2,38.3,1,spoiled
4.63,1.79,2.38,5.19,1.51,74.36,65.83,6.97,5.29,83.2,38.5,1,spoiled
4.65,1.81,2.39,5.23,1.5,74.36,65.83,7.0,5.36,83.2,38.3,1,spoiled
4.61,1.82,2.39,5.25,1.5,74.36,66.53,7.14,5.33,83.3,38.3,1,spoiled
4.65,1.81,2.38,5.21,1.51,73.64,65.15,6.75,5.33,83.3,38.3,1,spoiled
4.65,1.79,2.38,5.21,1.51,73.64,65.15,4.49,5.29,83.2,38.3,1,spoiled
4.61,1.78,2.38,5.21,1.5,73.64,65.83,3.68,5.29,83.2,38.3,1,spoiled
4.59,1.81,2.38,5.23,1.5,75.83,66.53,3.35,5.31,83.3,38.3,1,spoiled
4.57,1.78,2.38,5.19,1.51,74.36,65.83,3.3,5.27,83.3,38.3,1,spoiled
4.57,1.81,2.38,5.19,1.52,75.09,65.15,3.15,5.27,83.3,38.3,1,spoiled
4.61,1.78,2.38,5.21,1.5,75.09,64.47,3.11,5.29,83.3,38.3,1,spoiled
4.59,1.79,2.36,5.19,1.52,75.83,67.25,3.21,5.29,83.2,38.3,1,spoiled
4.61,1.78,2.36,5.19,1.52,74.36,65.83,3.25,5.24,83.2,38.4,1,spoiled
4.59,1.78,2.38,5.25,1.5,75.09,64.47,3.26,5.24,83.3,38.4,1,spoiled
4.57,1.77,2.38,5.25,1.5,77.35,67.25,3.37,5.24,83.3,38.3,1,spoiled
4.59,1.78,2.38,5.25,1.51,74.36,63.81,3.3,5.27,83.3,38.1,1,spoiled
4.59,1.79,2.36,5.19,1.51,76.58,67.25,3.38,5.29,83.4,38.3,1,spoiled
4.57,1.81,2.39,5.23,1.5,74.36,65.15,3.42,5.29,83.4,38.3,1,spoiled
4.54,1.79,2.38,5.23,1.52,75.83,65.83,3.49,5.29,83.5,38.3,1,spoiled
4.59,1.78,2.38,5.23,1.5,75.83,67.25,3.54,5.29,83.4,38.4,1,spoiled
4.65,1.79,2.36,5.19,1.5,73.64,65.15,3.49,5.31,83.4,38.3,1,spoiled
4.61,1.82,2.38,5.23,1.5,75.83,65.83,3.63,5.27,83.4,38.3,1,spoiled
4.59,1.78,2.38,5.23,1.5,76.58,67.25,3.47,5.27,84.1,39.1,1,spoiled
4.59,1.77,2.36,5.16,1.5,74.36,67.25,3.08,5.27,83.5,38.3,1,spoiled
4.63,1.78,2.38,5.16,1.49,75.83,65.83,3.25,5.27,83.4,38.3,1,spoiled
4.59,1.81,2.38,5.19,1.5,73.64,62.53,3.49,5.24,83.4,38.3,1,spoiled
4.59,1.78,2.38,5.19,1.51,73.64,66.53,3.74,5.27,83.4,38.5,1,spoiled
4.61,1.81,2.38,5.23,1.5,73.64,65.83,3.78,5.29,83.4,38.4,1,spoiled
4.59,1.78,2.39,5.19,1.51,73.64,64.47,4.04,5.29,83.4,38.4,1,spoiled
4.63,1.78,2.39,5.21,1.5,75.83,65.15,4.27,5.27,83.4,38.4,1,spoiled
4.61,1.82,2.39,5.23,1.48,75.09,66.53,4.23,5.24,83.3,38.4,1,spoiled
4.65,1.79,2.38,5.19,1.5,73.64,65.15,3.89,5.29,83.3,38.4,1,spoiled
4.59,1.79,2.38,5.19,1.49,73.64,65.83,4.25,5.22,83.4,38.4,1,spoiled
4.61,1.78,2.38,5.19,1.48,74.36,66.53,4.76,5.27,83.3,38.4,1,spoiled
4.61,1.78,2.39,5.23,1.48,73.64,65.15,5.24,5.22,83.3,38.4,1,spoiled
4.59,1.78,2.38,5.19,1.49,72.94,65.83,5.8,5.15,83.2,38.4,1,spoiled
4.54,1.78,2.39,5.23,1.5,73.64,65.15,5.75,5.15,83.3,38.4,1,spoiled
4.63,1.79,2.38,5.21,1.49,72.24,64.47,6.38,5.2,83.3,38.4,1,spoiled
4.63,1.78,2.38,5.19,1.49,72.94,65.83,5.97,5.24,83.4,38.4,1,spoiled
4.63,1.79,2.38,5.21,1.51,74.36,65.83,6.48,5.24,83.5,38.4,1,spoiled
4.61,1.78,2.39,5.19,1.5,73.64,65.15,7.17,5.27,83.6,38.2,1,spoiled
4.65,1.78,2.39,5.23,1.49,73.64,65.15,7.79,5.31,83.6,38.4,1,spoiled
4.67,1.82,2.39,5.23,1.5,75.09,66.53,7.55,5.13,83.5,38.4,1,spoiled
4.65,1.81,2.38,5.21,1.48,74.36,65.83,7.7,5.15,83.6,38.4,1,spoiled
4.65,1.79,2.36,5.19,1.5,72.94,65.83,7.79,5.22,83.5,38.5,1,spoiled
4.63,1.81,2.38,5.23,1.49,74.36,66.53,8.04,5.27,83.5,38.4,1,spoiled
4.61,1.79,2.38,5.16,1.52,73.64,63.81,4.67,5.2,83.6,38.4,1,spoiled
4.63,1.79,2.36,5.07,1.48,75.83,66.53,4.59,5.17,83.6,38.8,1,spoiled
4.61,1.79,2.36,5.1,1.5,73.64,64.47,4.0,5.17,83.5,38.4,1,spoiled
4.57,1.77,2.38,5.12,1.49,75.09,66.53,3.89,5.11,83.5,38.4,1,spoiled
4.57,1.78,2.35,5.1,1.5,73.64,65.15,3.78,5.02,83.5,38.4,1,spoiled
4.57,1.79,2.38,5.16,1.5,75.09,66.53,3.83,5.04,83.5,38.6,1,spoiled
4.61,1.78,2.36,5.12,1.51,74.36,63.81,3.83,5.04,83.6,38.4,1,spoiled
4.59,1.79,2.38,5.12,1.5,75.83,65.83,3.92,5.09,83.6,38.4,1,spoiled
4.57,1.75,2.38,5.16,1.5,76.58,65.15,3.98,5.09,83.5,38.4,1,spoiled
4.57,1.79,2.38,5.16,1.5,75.09,63.81,3.98,5.11,83.5,38.4,1,spoiled
4.63,1.78,2.38,5.12,1.51,73.64,63.81,4.0,5.09,83.5,38.4,1,spoiled
4.57,1.78,2.39,5.16,1.5,75.83,65.15,4.06,5.13,83.5,38.4,1,spoiled
4.59,1.78,2.39,5.14,1.51,76.58,65.83,3.78,5.13,83.5,38.4,1,spoiled
4.59,1.78,2.41,5.14,1.52,74.36,63.81,3.54,5.06,83.4,38.4,1,spoiled
4.61,1.81,2.39,5.19,1.51,76.58,65.83,3.72,5.15,83.4,38.4,1,spoiled
4.59,1.82,2.33,5.16,1.52,73.64,63.81,3.91,5.11,83.4,38.5,1,spoiled
4.63,1.78,2.39,5.21,1.5,75.83,65.15,4.13,5.09,83.5,38.5,1,spoiled
4.61,1.78,2.41,5.19,1.52,75.09,65.15,4.31,5.15,83.4,38.5,1,spoiled
4.65,1.79,2.39,5.16,1.52,74.36,65.83,4.53,5.15,83.5,38.4,1,spoiled
4.65,1.78,2.39,5.16,1.51,74.36,67.25,5.35,5.15,83.4,38.6,1,spoiled
4.63,1.78,2.39,5.14,1.51,76.58,67.25,5.17,5.11,83.4,38.6,1,spoiled
4.61,1.81,2.07,5.14,1.5,75.09,65.15,5.08,5.15,83.4,38.6,1,spoiled
4.67,1.81,2.41,5.19,1.5,74.36,67.25,5.44,5.17,83.4,38.6,1,spoiled
4.63,1.82,2.41,5.14,1.51,73.64,65.15,5.77,5.11,83.5,38.6,1,spoiled
4.65,1.79,2.41,5.19,1.5,73.64,63.81,5.54,5.13,83.5,38.6,1,spoiled
4.61,1.82,2.41,5.16,1.52,75.09,67.25,5.26,5.15,84.1,39.1,1,spoiled
4.65,1.78,2.39,5.12,1.52,77.35,67.25,4.65,4.98,83.4,38.6,1,spoiled
4.67,1.81,2.39,5.14,1.51,75.09,67.25,4.87,5.09,83.4,38.6,1,spoiled
4.63,1.81,2.41,5.16,1.51,74.36,65.83,5.51,5.09,83.4,38.6,1,spoiled
4.63,1.82,2.39,5.12,1.52,75.83,67.25,6.12,5.11,83.4,38.8,1,spoiled
4.61,1.82,2.41,5.19,1.5,75.83,67.25,6.38,5.11,83.5,38.6,1,spoiled
4.63,1.82,2.39,5.19,1.5,73.64,67.25,6.7,4.98,83.5,38.6,1,spoiled
4.63,1.79,2.42,5.19,1.5,74.36,65.83,7.06,5.02,83.5,38.6,1,spoiled
4.65,1.81,2.41,5.16,1.51,75.83,67.25,7.52,5.09,83.5,38.6,1,spoiled
4.65,1.82,2.41,5.16,1.51,73.64,65.15,7.95,5.11,83.5,38.6,1,spoiled
4.63,1.83,2.39,5.16,1.52,75.83,67.25,8.3,5.06,83.5,38.6,1,spoiled
4.61,1.81,2.41,5.21,1.51,75.83,64.47,8.43,5.02,83.5,38.6,1,spoiled
4.63,1.78,2.42,5.19,1.5,72.94,65.15,8.74,4.98,83.5,38.6,1,spoiled
4.63,1.82,2.41,5.19,1.52,75.09,67.25,9.02,5.04,83.4,38.6,1,spoiled
4.63,1.82,2.07,5.14,1.5,73.64,65.15,9.23,4.98,83.6,38.6,1,spoiled
4.67,1.79,2.41,5.16,1.52,74.36,66.53,9.41,5.04,83.5,38.6,1,spoiled
4.65,1.82,2.41,5.16,1.52,73.64,65.15,9.71,5.13,83.6,38.6,1,spoiled
4.63,1.81,2.42,5.19,1.5,75.83,67.25,6.67,5.09,83.6,38.6,1,spoiled
4.65,1.82,2.41,5.14,1.52,75.09,67.25,4.82,5.15,83.5,38.4,1,spoiled
4.61,1.82,2.41,5.14,1.52,73.64,65.15,5.47,5.15,83.6,38.6,1,spoiled
4.63,1.81,2.41,5.21,1.5,73.64,66.53,6.2,5.17,83.7,38.6,1,spoiled
4.63,1.82,2.41,5.16,1.51,72.94,63.81,6.3,5.2,83.8,38.6,1,spoiled
4.63,1.82,2.41,5.16,1.51,72.24,65.15,6.75,5.2,83.8,38.8,1,spoiled
4.63,1.79,2.39,5.12,1.54,75.83,67.25,6.59,5.13,83.7,38.6,1,spoiled
4.65,1.79,2.39,5.12,1.51,73.64,63.81,6.27,5.17,83.8,38.6,1,spoiled
4.65,1.78,2.39,5.12,1.52,74.36,66.53,4.97,5.13,83.7,38.6,1,spoiled
4.65,1.79,2.38,5.16,1.5,73.64,65.15,5.02,5.04,83.7,38.6,1,spoiled
4.61,1.82,2.39,5.16,1.5,75.83,66.53,5.19,4.95,83.7,38.6,1,spoiled
4.61,1.79,2.38,5.16,1.48,75.83,65.83,5.73,4.89,83.7,38.6,1,spoiled
4.61,1.79,2.39,5.14,1.52,73.64,63.81,6.02,4.98,83.8,38.3,1,spoiled
4.61,1.77,2.38,5.16,1.51,75.09,63.81,6.64,5.06,84.0,38.6,1,spoiled
4.63,1.78,2.38,5.16,1.5,72.94,63.81,6.8,5.06,84.0,38.6,1,spoiled
4.59,1.79,2.38,5.16,1.5,73.64,63.16,6.92,5.11,84.1,38.6,1,spoiled
4.65,1.79,2.38,5.14,1.49,72.94,64.47,7.29,5.09,84.0,38.6,1,spoiled
4.63,1.78,2.36,5.12,1.52,75.83,65.83,7.17,5.13,84.0,38.7,1,spoiled
4.61,1.77,2.38,5.19,1.49,72.94,64.47,6.75,5.04,84.0,38.7,1,spoiled
4.63,1.77,2.38,5.12,1.5,73.64,65.83,6.92,5.13,83.9,38.6,1,spoiled
4.61,1.77,2.38,5.12,1.48,72.94,63.16,6.8,5.04,83.8,38.7,1,spoiled
4.61,1.79,2.36,5.12,1.49,74.36,64.47,6.27,5.09,83.7,38.7,1,spoiled
4.63,1.78,2.32,5.82,1.48,76.58,65.15,5.97,5.09,83.7,38.7,1,spoiled
4.59,1.79,2.38,5.12,1.49,75.09,64.47,4.23,5.06,83.6,38.7,1,spoiled
4.63,1.79,2.36,5.07,1.49,75.09,65.15,4.43,5.09,83.7,38.7,1,spoiled
4.63,1.81,2.36,5.1,1.47,73.64,64.47,4.55,5.09,83.6,38.7,1,spoiled
4.65,1.77,2.36,5.12,1.48,75.83,65.83,4.87,5.06,83.4,38.4,1,spoiled
4.63,1.79,2.38,5.12,1.48,75.83,63.81,4.95,5.04,83.4,38.7,1,spoiled
4.61,1.78,2.39,5.12,1.51,73.64,63.81,5.13,5.15,83.5,38.7,1,spoiled
4.63,1.82,2.42,5.19,1.5,77.35,65.15,5.24,5.15,83.5,38.7,1,spoiled
4.63,1.82,2.42,5.16,1.5,75.83,65.83,5.31,5.17,83.5,38.8,1,spoiled
4.63,1.78,2.39,5.14,1.5,75.83,66.53,5.63,5.15,83.5,38.7,1,spoiled
4.61,1.81,2.39,5.12,1.51,73.64,64.47,5.85,5.15,83.6,38.7,1,spoiled
4.65,1.81,2.39,5.12,1.5,74.36,65.83,6.07,5.2,83.5,38.7,1,spoiled
4.65,1.78,2.39,5.14,1.52,74.36,66.53,6.17,5.15,83.4,38.7,1,spoiled
4.61,1.81,2.39,5.12,1.51,73.64,65.15,6.32,5.17,83.4,38.7,1,spoiled
4.65,1.79,2.41,5.16,1.5,74.36,66.53,6.38,5.15,83.4,38.7,1,spoiled
4.61,1.78,2.41,5.14,1.52,73.64,65.15,6.32,5.11,83.5,38.0,1,spoiled
4.61,1.81,2.39,5.12,1.5,75.09,65.15,6.35,5.15,83.4,38.7,1,spoiled
4.65,1.78,2.41,5.12,1.52,73.64,63.81,6.51,5.11,83.4,38.7,1,spoiled
4.65,1.78,2.39,5.12,1.51,73.64,63.81,6.43,5.09,83.5,38.7,1,spoiled
4.65,1.79,2.39,5.12,1.5,74.36,65.83,6.53,5.13,83.5,38.7,1,spoiled
4.63,1.79,2.39,5.12,1.5,75.09,65.15,6.15,5.17,83.6,38.7,1,spoiled
4.65,1.79,2.39,5.12,1.52,75.83,66.53,6.46,5.15,83.7,38.7,1,spoiled
4.65,1.82,2.39,5.1,1.5,73.64,65.83,6.72,5.17,83.6,38.7,1,spoiled
4.65,1.79,2.39,5.07,1.51,75.83,67.25,6.56,5.13,83.6,38.7,1,spoiled
4.63,1.77,2.39,5.07,1.5,74.36,67.25,6.25,5.15,83.6,38.7,1,spoiled
4.59,1.81,2.32,5.48,1.5,75.09,63.81,6.4,5.15,83.6,38.7,1,spoiled
4.59,1.79,2.38,5.12,1.48,73.64,64.47,6.56,5.15,83.6,38.7,1,spoiled
4.61,1.79,2.36,5.1,1.49,75.83,65.83,6.75,5.13,83.6,38.7,1,spoiled
4.59,1.81,2.39,5.1,1.49,75.09,64.47,6.43,5.31,83.6,38.7,1,spoiled
4.59,1.78,2.39,5.12,1.48,75.09,65.15,6.43,5.29,83.4,38.5,1,spoiled
4.63,1.77,2.39,5.1,1.48,75.83,65.83,6.72,5.17,83.5,38.7,1,spoiled
4.59,1.81,2.36,5.07,1.51,75.09,65.15,7.08,5.31,83.5,38.7,1,spoiled
4.59,1.81,2.39,5.14,1.49,75.83,64.47,7.29,5.36,83.6,38.7,1,spoiled
4.59,1.77,2.39,5.14,1.49,76.58,65.83,7.58,5.17,83.6,38.8,1,spoiled
4.54,1.77,2.38,5.12,1.51,73.64,64.47,7.79,5.31,83.6,38.8,1,spoiled
4.54,1.75,2.39,5.1,1.49,73.64,64.47,7.89,5.36,83.6,38.8,1,spoiled
4.57,1.79,2.39,5.1,1.49,75.09,63.81,8.04,5.38,83.6,38.8,1,spoiled
4.54,1.75,2.38,5.12,1.49,73.64,64.47,7.83,5.43,83.5,38.8,1,spoiled
4.59,1.75,2.36,5.07,1.5,75.83,65.15,8.01,5.45,83.6,38.8,1,spoiled
4.59,1.78,2.38,5.1,1.48,75.83,66.53,7.73,5.4,83.6,38.8,1,spoiled
4.61,1.77,2.36,5.07,1.5,73.64,63.81,7.37,5.36,83.5,38.2,1,spoiled
4.59,1.77,2.36,5.12,1.49,75.09,65.15,7.23,5.27,83.5,38.8,1,spoiled
4.59,1.78,2.38,5.14,1.49,75.09,63.81,7.52,5.31,83.4,38.8,1,spoiled
4.61,1.78,2.38,5.1,1.48,76.58,65.83,7.61,5.29,83.4,38.8,1,spoiled
4.59,1.79,2.38,5.1,1.5,75.09,65.15,7.98,5.31,83.4,38.8,1,spoiled
4.59,1.77,2.36,5.07,1.5,74.36,66.53,8.5,5.33,83.5,38.8,1,spoiled
4.59,1.75,2.36,5.07,1.5,73.64,65.83,8.88,5.24,83.6,38.8,1,spoiled
4.61,1.79,2.36,5.1,1.49,74.36,65.15,8.77,5.29,83.6,38.8,1,spoiled
4.61,1.78,2.36,5.07,1.49,75.83,65.15,9.19,5.0,83.6,38.8,1,spoiled
4.57,1.75,2.38,5.1,1.49,75.09,66.53,9.83,5.09,83.7,38.8,1,spoiled
4.57,1.77,2.78,5.14,1.48,75.83,64.47,10.22,5.2,83.7,38.8,1,spoiled
4.61,1.78,2.38,5.07,1.49,73.64,63.81,10.42,5.24,83.6,38.8,1,spoiled
4.59,1.79,2.39,5.12,1.48,75.83,65.83,10.14,5.24,83.6,38.8,1,spoiled
4.57,1.75,2.38,5.05,1.49,73.64,65.15,9.19,4.95,83.6,38.8,1,spoiled
4.57,1.78,2.38,5.07,1.48,75.09,65.83,9.3,5.09,83.6,38.6,1,spoiled
4.59,1.77,2.38,5.07,1.49,75.09,64.47,6.78,5.2,83.6,38.8,1,spoiled
4.54,1.77,2.36,4.88,1.49,77.35,66.53,4.78,5.22,83.5,38.8,1,spoiled
4.61,1.78,2.36,4.07,1.47,75.09,65.83,5.54,5.24,83.6,38.8,1,spoiled
4.59,1.79,2.38,4.96,1.5,75.09,65.15,4.51,5.11,83.7,38.9,1,spoiled
4.54,1.77,2.38,5.1,1.48,73.64,65.15,5.26,5.0,83.7,38.8,1,spoiled
4.54,1.81,2.38,5.1,1.5,75.09,63.81,6.09,5.06,83.7,38.8,1,spoiled
4.54,1.75,2.38,5.07,1.5,75.09,66.53,6.75,5.11,84.2,39.5,1,spoiled
4.57,1.77,2.38,5.07,1.49,75.09,65.83,7.29,5.0,83.6,38.8,1,spoiled
4.57,1.77,2.38,5.1,1.51,75.83,64.47,5.42,5.0,83.6,38.8,1,spoiled
4.54,1.77,2.38,5.1,1.49,73.64,53.69,5.63,5.2,83.7,38.8,1,spoiled
4.57,1.78,2.38,5.07,1.5,75.83,66.53,6.48,5.2,83.7,38.9,1,spoiled
4.61,1.77,2.36,5.07,1.49,74.36,64.47,6.3,5.38,83.6,38.7,1,spoiled
4.57,1.77,2.38,5.1,1.49,75.83,65.83,6.25,5.24,83.6,38.8,1,spoiled
4.61,1.77,2.36,5.07,1.5,74.36,67.25,6.09,5.4,83.6,38.8,1,spoiled
4.59,1.81,2.36,5.07,1.49,75.83,65.83,7.29,5.36,83.6,38.8,1,spoiled
4.61,1.81,2.38,5.12,1.48,75.83,66.53,8.17,5.43,83.6,38.8,1,spoiled
4.63,1.79,2.39,5.14,1.49,73.64,66.53,9.6,5.47,83.6,38.8,1,spoiled
4.61,1.79,2.36,5.12,1.49,74.36,65.83,10.34,5.54,83.6,38.0,1,spoiled
4.59,1.79,2.38,5.16,1.46,74.36,65.83,11.01,5.4,83.7,38.8,1,spoiled
4.57,1.77,2.38,5.12,1.5,75.83,65.15,5.75,5.47,83.8,38.8,1,spoiled
4.61,1.79,2.38,5.1,1.5,75.83,66.53,6.72,5.52,83.9,38.8,1,spoiled
4.61,1.81,2.39,5.1,1.52,73.64,63.16,6.94,4.8,83.7,38.8,1,spoiled
4.63,1.78,2.39,5.12,1.48,75.83,65.83,7.95,4.8,83.9,38.8,1,spoiled
4.59,1.78,2.39,5.12,1.49,73.64,63.81,8.74,5.02,83.9,38.8,1,spoiled
4.61,1.82,2.39,5.14,1.5,75.09,63.81,9.64,4.82,83.9,38.8,1,spoiled
4.61,1.81,2.41,5.14,1.48,72.94,65.15,10.71,4.76,83.8,38.8,1,spoiled
4.65,1.78,2.38,5.12,1.5,75.83,65.15,11.49,4.76,83.8,38.8,1,spoiled
5.02,1.81,2.39,5.16,1.48,75.83,65.83,12.29,4.72,83.9,38.8,1,spoiled
4.63,1.81,2.39,5.19,1.48,75.09,65.83,12.15,4.7,83.8,38.7,1,spoiled
4.61,1.82,2.41,5.14,1.5,73.64,65.83,12.05,4.76,83.9,38.8,1,spoiled
4.65,1.82,2.39,5.19,1.5,73.64,65.83,12.05,4.65,84.0,38.8,1,spoiled
4.61,1.81,2.41,5.14,1.49,73.64,64.47,11.72,4.67,84.0,38.7,1,spoiled
4.65,1.79,2.39,5.14,1.5,75.83,65.15,10.75,4.67,84.0,38.8,1,spoiled
4.44,1.64,2.23,4.94,1.36,74.36,64.47,7.37,4.53,84.0,38.8,1,spoiled
4.44,1.64,2.23,4.92,1.38,72.94,64.47,7.31,4.35,84.2,38.7,1,spoiled
4.46,1.66,2.24,4.96,1.38,75.09,65.83,6.51,4.33,84.0,38.7,1,spoiled
4.46,1.66,2.26,4.99,1.38,72.24,65.15,5.7,4.39,84.2,38.7,1,spoiled
4.48,1.68,2.24,4.99,1.37,72.24,65.83,6.3,4.13,84.4,38.7,1,spoiled
4.46,1.64,2.26,4.99,1.39,72.94,63.81,7.2,4.33,84.4,38.7,1,spoiled
4.46,1.67,2.24,4.96,1.37,74.36,65.83,7.92,4.03,84.2,38.5,1,spoiled
4.46,1.7,2.24,4.96,1.38,73.64,63.16,8.6,4.31,84.3,38.7,1,spoiled
4.48,1.68,2.26,4.99,1.37,73.64,65.15,9.67,4.15,84.1,38.7,1,spoiled
4.4,1.67,2.26,4.96,1.38,72.24,65.83,10.5,4.27,84.1,38.7,1,spoiled
4.4,1.7,2.24,4.99,1.39,73.64,65.15,10.38,4.37,84.1,38.7,1,spoiled
4.44,1.7,2.27,4.99,1.37,72.94,64.47,9.83,4.31,84.2,38.7,1,spoiled
4.42,1.67,2.24,4.96,1.37,74.36,66.53,10.02,4.15,84.5,38.7,1,spoiled
4.34,1.71,2.24,4.96,1.38,72.94,65.83,10.06,4.17,84.4,38.9,1,spoiled
4.32,1.68,2.24,4.96,1.39,73.64,65.83,9.6,4.61,84.4,38.7,1,spoiled
4.32,1.68,2.27,4.99,1.39,72.24,63.81,10.54,4.13,84.5,38.7,1,spoiled
4.34,1.66,2.26,4.96,1.39,72.94,64.47,10.3,4.17,84.5,38.7,1,spoiled
4.32,1.68,2.24,4.94,1.37,72.94,65.83,10.1,4.51,84.7,38.7,1,spoiled
4.28,1.68,2.26,4.96,1.38,72.24,64.47,10.79,4.07,84.6,38.7,1,spoiled
4.3,1.67,2.07,4.96,1.38,72.24,65.15,11.72,4.49,84.7,38.7,1,spoiled
4.34,1.68,2.27,5.03,1.37,72.24,64.47,12.79,4.51,84.6,38.7,1,spoiled
4.34,1.71,2.27,5.05,1.38,72.24,64.47,13.42,4.7,84.7,38.7,1,spoiled
4.3,1.68,2.26,5.05,1.41,72.24,64.47,14.85,4.55,84.8,38.7,1,spoiled
4.36,1.7,2.24,5.05,1.42,72.94,67.25,15.6,4.74,85.0,38.6,1,spoiled
4.34,1.74,2.27,5.07,1.43,72.24,65.83,15.47,4.55,85.2,38.7,1,spoiled
4.36,1.74,2.27,5.12,1.42,73.64,65.83,15.66,4.23,85.1,38.7,1,spoiled
4.38,1.71,2.27,5.12,1.41,70.89,64.47,15.73,4.51,84.8,38.7,1,spoiled
4.38,1.72,2.29,5.07,1.43,71.56,66.53,15.86,4.53,84.9,38.7,1,spoiled
4.38,1.71,2.27,5.07,1.42,72.24,65.15,16.12,4.29,85.1,38.6,1,spoiled
4.34,1.71,2.27,5.1,1.42,72.24,65.15,16.06,4.61,85.4,38.6,1,spoiled
4.36,1.75,2.27,5.07,1.43,73.64,65.15,15.15,4.61,84.8,37.9,1,spoiled
4.4,1.72,2.3,5.1,1.42,73.64,66.53,14.49,4.72,85.3,38.6,1,spoiled
4.36,1.72,2.29,5.07,1.42,72.24,64.47,14.55,4.7,85.3,38.7,1,spoiled
4.4,1.72,2.3,5.12,1.41,74.36,66.53,14.37,4.59,85.1,38.6,1,spoiled
4.36,1.72,2.3,5.12,1.41,73.64,66.53,14.67,4.7,85.1,38.6,1,spoiled
4.4,1.77,2.3,5.12,1.41,74.36,67.25,14.91,4.76,85.2,38.6,1,spoiled
4.4,1.72,2.3,5.14,1.41,74.36,66.53,15.15,4.72,85.4,38.7,1,spoiled
4.36,1.75,2.3,5.07,1.42,73.64,65.15,15.15,4.67,85.3,38.8,1,spoiled
4.4,1.74,2.3,4.88,1.4,73.64,64.47,8.2,4.65,85.3,38.7,1,spoiled
4.36,1.72,2.29,4.9,1.41,72.94,63.81,6.15,4.59,85.4,38.7,1,spoiled
4.36,1.72,2.32,5.03,1.4,72.94,65.15,4.91,4.59,85.1,38.4,1,spoiled
4.34,1.74,2.32,5.01,1.41,73.64,65.15,5.49,4.49,85.0,38.7,1,spoiled
4.36,1.78,2.32,5.03,1.43,73.64,65.15,6.51,4.65,85.1,38.7,1,spoiled
4.34,1.77,2.29,5.07,1.41,72.94,65.83,7.67,4.57,84.9,38.7,1,spoiled
4.36,1.77,2.32,5.07,1.41,72.24,65.15,8.63,4.45,85.0,38.7,1,spoiled
4.36,1.78,2.33,4.86,1.43,74.36,65.83,4.67,4.45,85.1,38.7,1,spoiled
4.32,1.75,2.32,4.96,1.42,73.64,66.53,4.82,4.35,85.0,38.7,1,spoiled
4.34,1.78,2.33,5.01,1.45,74.36,65.15,6.02,4.57,85.1,38.6,1,spoiled
4.34,1.81,2.35,5.1,1.46,75.83,67.25,6.67,4.33,85.1,38.7,1,spoiled
4.42,1.81,2.35,5.07,1.46,72.94,65.83,6.94,4.23,84.8,38.7,1,spoiled
4.46,1.83,2.36,5.16,1.48,72.94,65.83,7.4,4.15,84.6,38.7,1,spoiled
4.5,1.86,2.36,5.16,1.49,72.24,66.53,8.98,4.09,84.2,38.7,1,spoiled
4.46,1.83,2.38,5.19,1.49,72.24,65.15,10.34,4.09,84.4,38.7,1,spoiled
4.52,1.87,2.38,5.16,1.5,72.24,63.81,11.49,4.07,84.9,38.7,1,spoiled
4.54,1.9,2.38,5.16,1.51,73.64,64.47,9.27,4.15,84.8,38.7,1,spoiled
4.52,1.9,2.41,5.23,1.51,74.36,66.53,10.3,4.17,84.8,38.7,1,spoiled
4.52,1.89,2.41,5.3,1.51,74.36,65.83,11.72,4.13,84.8,38.7,1,spoiled
4.54,1.89,2.42,5.25,1.51,74.36,67.25,12.49,4.17,84.7,38.7,1,spoiled
4.54,1.87,2.42,5.28,1.51,72.24,65.83,13.0,4.21,84.7,38.8,1,spoiled
4.57,1.89,2.41,5.23,1.54,72.94,65.15,13.15,4.19,85.0,38.8,1,spoiled
4.57,1.92,2.44,5.32,1.51,73.64,65.15,13.36,4.23,84.9,38.8,1,spoiled
4.61,1.89,2.44,5.34,1.51,73.64,65.83,12.84,4.25,85.5,39.1,1,spoiled
4.61,1.92,2.45,5.3,1.54,74.36,65.83,13.15,4.23,84.8,38.8,1,spoiled
4.59,1.93,2.45,5.32,1.54,73.64,65.15,13.53,4.23,85.1,38.8,1,spoiled
4.59,1.92,2.47,5.32,1.54,72.94,65.15,14.14,4.25,85.1,38.8,1,spoiled
4.59,1.96,2.48,5.34,1.56,74.36,66.53,14.61,4.25,85.1,38.8,1,spoiled
4.65,1.96,2.5,5.41,1.56,72.94,65.15,15.22,4.27,85.0,38.8,1,spoiled
4.65,2.0,2.51,5.46,1.57,72.94,66.53,15.92,4.31,84.6,38.8,1,spoiled
4.65,1.98,2.5,5.41,1.56,72.94,65.15,16.46,4.35,85.6,39.0,1,spoiled
4.69,2.01,2.51,5.41,1.6,72.24,65.15,16.6,4.37,84.8,38.8,1,spoiled
4.73,2.03,2.54,5.46,1.59,74.36,65.83,16.4,4.39,84.8,38.8,1,spoiled
4.69,2.03,2.51,5.44,1.58,73.64,66.53,16.4,4.35,84.7,38.8,1,spoiled
4.71,2.04,2.51,5.46,1.62,74.36,67.25,16.4,4.33,85.0,38.8,1,spoiled
4.75,2.07,2.54,5.53,1.6,74.36,67.25,16.46,4.33,84.7,38.8,1,spoiled
4.73,2.04,2.53,5.41,1.62,74.36,65.15,12.0,4.35,84.4,38.8,1,spoiled
4.71,2.04,2.51,5.34,1.63,75.83,65.15,8.84,4.37,85.4,39.1,1,spoiled
4.73,2.04,2.51,5.34,1.62,73.64,65.15,10.67,4.35,84.9,38.8,1,spoiled
4.73,2.0,2.53,5.34,1.63,74.36,67.25,9.38,4.31,84.8,38.8,1,spoiled
4.71,2.04,2.53,5.37,1.62,72.94,65.15,11.23,4.33,84.8,38.8,1,spoiled
4.75,2.06,2.54,5.44,1.6,75.83,65.15,12.34,4.39,85.0,38.8,1,spoiled
4.67,2.07,2.53,5.41,1.59,74.36,65.15,13.05,4.33,84.7,38.8,1,spoiled
4.71,2.03,2.53,5.41,1.59,73.64,65.83,14.08,4.35,84.7,38.9,1,spoiled
4.73,2.07,2.54,5.41,1.6,72.94,65.15,14.67,4.37,83.9,37.8,1,spoiled
4.75,2.06,2.53,5.39,1.6,73.64,65.15,10.75,4.39,84.5,38.9,1,spoiled
4.73,2.06,2.54,5.46,1.62,74.36,65.15,12.05,4.41,84.5,38.9,1,spoiled
4.73,2.06,2.54,5.44,1.6,74.36,65.15,13.21,4.43,84.6,38.9,1,spoiled
4.75,2.04,2.56,5.46,1.62,75.09,67.25,13.97,4.43,84.5,38.9,1,spoiled
4.67,2.01,2.54,5.44,1.6,72.94,66.53,13.15,4.43,84.8,38.9,1,spoiled
4.73,2.04,2.53,5.34,1.62,74.36,67.25,13.0,4.37,85.7,39.0,1,spoiled
4.71,2.03,2.56,5.44,1.64,72.94,65.15,13.42,4.45,85.7,39.0,1,spoiled
4.71,2.07,2.56,5.48,1.65,72.94,65.15,14.08,4.39,85.9,39.0,1,spoiled
4.75,2.06,2.58,5.51,1.65,73.64,65.15,14.91,4.41,85.8,39.0,1,spoiled
4.73,2.06,2.58,5.51,1.64,75.09,65.83,13.47,4.41,85.2,38.9,1,spoiled
4.75,2.06,2.59,5.41,1.66,75.09,67.25,11.58,4.47,85.3,38.9,1,spoiled
4.71,2.03,2.59,5.41,1.66,75.09,65.83,12.79,4.39,85.3,38.9,1,spoiled
4.75,2.07,2.59,5.28,1.64,75.83,67.25,10.14,4.45,85.5,38.9,1,spoiled
4.73,2.1,2.61,5.48,1.66,73.64,67.25,10.92,4.47,85.3,38.6,1,spoiled
4.8,2.13,2.65,5.53,1.67,76.58,65.83,11.81,4.51,85.3,38.9,1,spoiled
4.82,2.13,2.67,5.53,1.71,75.09,68.71,12.59,4.55,85.1,38.9,1,spoiled
4.84,2.18,2.72,5.58,1.76,74.36,68.71,13.31,4.63,85.3,38.9,1,spoiled
4.44,1.85,2.38,4.99,1.45,72.94,65.83,13.1,4.19,86.0,39.1,1,spoiled
4.34,1.74,2.27,5.1,1.39,72.94,65.83,12.34,4.15,85.3,38.9,1,spoiled
4.36,1.71,2.24,5.03,1.4,73.64,63.81,13.36,4.15,85.2,38.9,1,spoiled
4.3,1.74,2.26,5.05,1.38,71.56,65.83,14.08,4.15,85.2,38.7,1,spoiled
4.3,1.71,2.24,5.03,1.38,71.56,63.81,14.43,4.11,85.2,38.9,1,spoiled
4.28,1.71,2.24,5.01,1.36,73.64,65.15,12.39,4.09,85.1,38.9,1,spoiled
4.3,1.7,2.24,5.03,1.34,70.89,63.81,11.4,4.11,84.9,38.9,1,spoiled
4.32,1.7,2.23,5.05,1.34,70.89,63.16,12.24,4.09,84.9,38.9,1,spoiled
4.28,1.7,2.24,5.03,1.38,72.94,65.15,13.1,4.15,84.9,38.9,1,spoiled
4.34,1.7,2.23,5.05,1.34,70.89,63.81,13.91,4.19,84.8,38.9,1,spoiled
4.28,1.7,2.22,4.99,1.36,72.94,64.47,12.05,4.35,84.9,38.0,1,spoiled
4.26,1.68,2.23,5.03,1.37,72.94,64.47,13.05,4.19,85.1,38.9,1,spoiled
4.26,1.7,2.24,5.01,1.37,73.64,63.81,12.39,4.11,85.0,38.9,1,spoiled
4.28,1.71,2.23,5.03,1.35,70.89,63.16,11.81,4.05,84.9,38.9,1,spoiled
4.26,1.68,2.23,4.99,1.36,72.94,65.83,12.89,4.07,84.9,38.9,1,spoiled
4.26,1.67,2.23,4.99,1.35,72.94,65.15,11.91,4.09,84.9,38.9,1,spoiled
4.28,1.68,2.22,4.9,1.38,72.24,65.15,12.94,4.07,84.9,38.9,1,spoiled
4.28,1.71,2.22,4.96,1.36,71.56,64.47,13.0,4.03,85.2,39.0,1,spoiled
4.26,1.7,2.23,5.01,1.34,72.94,65.83,12.44,4.03,84.7,38.9,1,spoiled
4.24,1.68,2.23,4.96,1.36,71.56,65.83,12.39,4.01,84.8,38.9,1,spoiled
4.24,1.66,2.23,5.03,1.34,72.94,64.47,10.46,4.05,84.9,38.9,1,spoiled
4.24,1.66,2.23,5.01,1.34,70.89,63.81,10.92,4.07,84.8,38.9,1,spoiled
4.22,1.67,2.23,4.99,1.34,70.89,65.15,11.36,4.07,84.9,38.9,1,spoiled
4.24,1.64,2.22,4.96,1.34,70.89,63.16,8.77,4.03,85.1,38.9,1,spoiled
4.22,1.66,2.22,4.94,1.36,72.94,65.83,9.98,4.03,84.9,38.9,1,spoiled
4.24,1.66,2.22,4.92,1.36,72.94,65.15,11.05,4.07,84.9,38.9,1,spoiled
4.24,1.68,2.23,4.96,1.34,70.89,63.16,11.77,4.03,84.9,38.9,1,spoiled
4.26,1.68,2.22,4.94,1.34,71.56,63.81,12.1,4.05,85.2,39.1,1,spoiled
4.22,1.66,2.23,4.99,1.34,71.56,63.16,13.15,4.09,84.6,38.9,1,spoiled
4.26,1.67,2.22,4.94,1.36,70.23,64.47,13.05,4.09,84.8,38.9,1,spoiled
4.26,1.67,2.2,4.96,1.35,70.23,63.81,14.14,4.11,84.8,38.6,1,spoiled
4.26,1.67,2.22,4.96,1.35,69.59,62.53,14.2,4.13,84.7,38.9,1,spoiled
4.28,1.7,2.23,5.01,1.34,71.56,63.16,14.31,4.09,84.8,38.9,1,spoiled
4.22,1.66,2.23,4.99,1.35,71.56,64.47,14.43,4.09,84.9,38.9,1,spoiled
4.26,1.67,2.22,4.94,1.36,70.23,62.53,14.55,4.07,84.9,38.9,1,spoiled
4.24,1.67,2.22,4.94,1.36,70.89,62.53,14.61,4.03,84.9,38.9,1,spoiled
4.26,1.68,2.22,4.96,1.35,70.89,63.81,13.91,4.03,85.0,38.9,1,spoiled
4.22,1.67,2.23,4.96,1.34,72.24,65.15,14.43,4.05,84.9,38.2,1,spoiled
4.24,1.68,2.23,4.96,1.34,70.23,65.15,13.97,4.05,84.9,38.9,1,spoiled
4.26,1.66,2.22,4.96,1.34,70.89,65.15,14.79,4.13,85.6,39.0,1,spoiled
4.26,1.67,2.22,4.96,1.35,70.89,63.81,15.09,4.13,85.4,39.0,1,spoiled
4.22,1.67,2.22,4.99,1.35,71.56,65.83,14.43,4.11,85.3,39.0,1,spoiled
4.22,1.66,2.23,4.92,1.35,72.24,64.47,15.22,4.09,85.4,39.0,1,spoiled
3.93,1.67,2.19,4.99,1.35,71.56,65.15,15.86,4.13,84.6,38.9,1,spoiled
4.22,1.64,2.22,4.92,1.36,71.56,65.15,16.26,4.11,84.7,38.9,1,spoiled
4.22,1.66,2.23,4.96,1.35,70.23,65.15,16.4,4.11,85.4,39.0,1,spoiled
4.22,1.66,2.23,4.94,1.35,72.94,65.15,16.67,4.11,85.4,39.0,1,spoiled
4.24,1.67,2.22,4.94,1.34,70.89,63.16,16.88,4.23,84.8,38.9,1,spoiled
4.2,1.64,2.22,4.94,1.34,71.56,65.83,17.1,4.74,84.8,38.9,1,spoiled
4.22,1.66,2.22,4.81,1.35,74.36,65.83,4.93,4.63,84.7,38.9,1,spoiled
4.22,1.66,2.22,4.86,1.32,72.94,65.83,6.4,4.63,84.7,38.9,1,spoiled
4.18,1.66,2.22,4.88,1.35,73.64,66.53,7.31,4.65,84.6,38.9,1,spoiled
4.22,1.62,2.2,4.86,1.34,71.56,65.15,7.92,4.63,84.6,38.9,1,spoiled
4.22,1.62,2.2,4.86,1.35,72.94,64.47,8.95,4.55,84.8,38.9,1,spoiled
4.2,1.66,2.2,4.88,1.32,70.89,64.47,9.86,4.59,85.5,39.0,1,spoiled
4.18,1.63,2.2,4.86,1.35,70.89,63.81,10.84,4.65,84.8,38.9,1,spoiled
4.18,1.62,2.22,4.86,1.35,71.56,63.81,10.5,4.67,85.4,39.0,1,spoiled
4.2,1.63,2.2,4.9,1.34,71.56,65.83,10.88,4.61,84.6,38.7,1,spoiled
4.2,1.62,2.19,4.88,1.35,72.94,66.53,11.49,4.65,85.3,39.0,1,spoiled
4.18,1.66,2.22,4.9,1.35,71.56,65.83,12.15,4.63,85.2,39.0,1,spoiled
4.24,1.64,2.2,4.9,1.34,71.56,65.83,12.89,4.65,85.1,39.0,1,spoiled
4.24,1.67,2.2,4.9,1.32,71.56,63.81,13.42,4.63,85.2,39.0,1,spoiled
4.22,1.66,2.2,4.94,1.31,73.64,65.15,14.03,4.63,85.3,39.0,1,spoiled
4.22,1.63,2.19,4.9,1.35,73.64,65.15,14.03,4.65,85.2,39.0,1,spoiled
4.2,1.62,2.2,4.92,1.35,72.94,63.81,14.79,4.7,85.2,39.1,1,spoiled
4.22,1.64,2.22,4.92,1.35,73.64,64.47,15.22,4.65,85.3,39.0,1,spoiled
4.18,1.64,2.19,4.88,1.34,75.09,65.83,9.38,4.41,85.3,39.0,1,spoiled
4.2,1.63,2.2,4.9,1.35,74.36,65.83,10.88,4.51,85.2,39.4,1,spoiled
4.22,1.66,2.2,4.94,1.32,73.64,65.83,12.24,4.51,85.2,39.0,1,spoiled
4.2,1.64,2.19,4.9,1.35,74.36,65.83,13.21,4.55,85.1,39.0,1,spoiled
4.18,1.63,2.24,4.92,1.35,72.24,63.81,14.08,4.57,85.0,39.0,1,spoiled
4.24,1.66,2.19,4.9,1.35,72.24,65.15,14.73,4.59,84.9,39.0,1,spoiled
4.24,1.62,2.17,4.9,1.35,72.24,63.81,15.34,4.59,85.0,39.0,1,spoiled
4.24,1.62,2.2,4.96,1.32,72.24,65.15,15.99,4.59,85.1,39.0,1,spoiled
4.2,1.63,2.19,4.88,1.34,72.94,64.47,15.53,4.57,85.0,39.0,1,spoiled
4.18,1.63,2.19,4.9,1.34,70.89,65.15,15.53,4.57,85.1,39.0,1,spoiled
4.22,1.62,2.19,4.88,1.34,72.94,63.81,13.75,4.57,85.1,39.0,1,spoiled
4.2,1.64,2.19,4.9,1.32,72.94,65.83,13.8,4.55,85.1,39.0,1,spoiled
4.18,1.63,2.2,4.92,1.32,72.24,65.83,14.67,4.57,85.0,39.0,1,spoiled
4.18,1.63,2.19,4.92,1.32,74.36,65.83,15.28,4.53,85.0,39.0,1,spoiled
4.24,1.62,2.17,4.88,1.32,73.64,65.15,15.41,4.57,85.1,39.0,1,spoiled
4.2,1.66,2.19,4.88,1.32,72.24,65.15,15.41,4.51,85.0,39.1,1,spoiled
4.2,1.63,2.19,4.86,1.34,73.64,64.47,13.21,4.45,84.9,39.0,1,spoiled
4.24,1.59,2.2,4.92,1.32,73.64,65.83,13.64,4.49,84.8,39.0,1,spoiled
4.22,1.64,2.2,4.9,1.31,72.94,65.15,14.08,4.43,84.1,38.9,1,spoiled
4.2,1.64,2.2,4.9,1.31,74.36,67.25,14.49,4.43,84.9,39.1,1,spoiled
4.2,1.62,2.2,4.79,1.34,73.64,66.53,8.84,4.49,84.8,39.0,1,spoiled
4.2,1.63,2.17,4.84,1.32,72.24,63.81,10.42,4.51,84.8,39.0,1,spoiled
4.18,1.62,2.19,4.84,1.34,74.36,64.47,11.01,4.53,84.8,39.0,1,spoiled
4.18,1.62,2.19,4.88,1.32,72.94,63.81,12.15,4.53,84.8,39.1,1,spoiled
4.22,1.66,2.19,4.86,1.34,72.24,63.81,13.0,4.53,84.8,39.1,1,spoiled
4.18,1.62,2.2,4.88,1.31,72.94,63.81,13.8,4.55,84.7,39.1,1,spoiled
4.24,1.61,2.17,4.88,1.31,72.24,63.81,14.08,4.55,84.7,39.1,1,spoiled
4.22,1.62,2.2,4.88,1.32,73.64,64.47,14.67,4.55,84.7,39.1,1,spoiled
4.24,1.63,2.16,4.86,1.34,73.64,66.53,15.03,4.51,84.6,39.1,1,spoiled
4.2,1.62,2.17,4.86,1.32,72.94,63.81,15.41,4.55,84.7,39.1,1,spoiled
4.22,1.63,2.17,4.86,1.32,73.64,65.83,15.73,4.51,84.6,39.1,1,spoiled
4.18,1.61,2.14,5.07,1.31,72.94,63.81,15.99,4.57,84.6,39.1,1,spoiled
4.24,1.62,2.17,4.84,1.34,72.24,65.83,16.19,4.53,84.5,39.1,1,spoiled
4.22,1.61,2.17,4.88,1.3,72.24,65.83,15.92,4.51,84.5,39.1,1,spoiled
4.2,1.62,2.19,4.88,1.31,74.36,66.53,15.34,4.67,84.5,39.1,1,spoiled
4.26,1.62,2.19,4.84,1.32,72.24,65.15,14.79,4.51,84.5,39.1,1,spoiled
4.24,1.62,2.17,4.88,1.31,72.24,65.15,14.37,4.55,84.3,39.1,1,spoiled
4.18,1.63,2.19,4.9,1.31,74.36,65.83,13.69,4.51,83.9,39.1,1,spoiled
4.24,1.64,2.17,4.86,1.34,70.89,64.47,13.86,4.51,84.0,39.1,1,spoiled
18.39,20.1,32.0,20.31,28.82,39.63,29.64,41.58,11.08,63.3,29.1,2,excellent
18.31,20.01,31.83,20.04,30.89,43.36,45.71,40.54,11.85,63.9,29.1,2,excellent
18.08,20.1,31.32,19.86,29.66,38.65,43.27,39.55,11.75,64.5,29.2,2,excellent
17.85,19.75,29.41,19.51,29.83,39.13,31.12,43.78,11.43,65.0,29.2,2,excellent
17.48,19.66,30.66,19.18,30.35,39.63,30.74,44.37,10.82,64.9,29.2,2,excellent
17.85,19.49,31.83,19.18,30.18,41.43,32.31,40.54,11.62,65.2,29.3,2,excellent
17.55,19.49,31.49,19.18,30.89,41.69,33.58,38.59,11.43,65.8,29.3,2,excellent
17.26,19.07,32.35,18.76,30.53,38.89,44.64,39.79,11.39,66.1,29.3,2,excellent
17.19,19.15,31.16,18.68,29.49,41.43,30.93,40.04,11.34,66.8,29.4,2,excellent
16.76,18.74,30.5,18.13,33.0,40.13,45.71,40.54,11.3,67.0,29.4,2,excellent
16.69,18.58,30.99,18.28,30.35,38.89,35.16,39.79,11.48,67.4,29.5,2,excellent
16.62,18.66,30.66,18.2,31.45,42.8,31.71,41.32,11.48,67.1,29.5,2,excellent
16.35,18.26,30.03,17.89,29.66,39.63,41.98,40.29,11.17,67.4,29.5,2,excellent
16.35,18.42,31.49,17.97,30.53,41.96,37.92,40.29,11.34,67.4,29.5,2,excellent
15.95,17.73,29.87,17.52,28.82,39.63,30.93,41.58,10.82,67.3,29.6,2,excellent
15.69,17.65,30.18,17.52,29.66,38.89,30.93,39.06,10.91,67.7,29.6,2,excellent
15.75,17.73,30.03,17.52,30.0,38.41,43.95,42.66,10.7,68.0,29.7,2,excellent
15.62,17.73,30.83,17.44,30.18,40.38,40.45,40.8,10.57,68.0,29.7,2,excellent
15.49,16.92,30.03,17.37,30.35,39.87,31.91,37.67,10.7,68.1,29.7,2,excellent
15.0,16.92,30.03,16.93,29.15,39.13,39.29,38.83,10.09,68.6,29.7,2,excellent
15.24,17.28,30.18,17.52,29.83,40.64,49.63,41.32,10.33,69.1,29.8,2,excellent
14.87,16.57,29.87,16.86,28.82,39.13,46.83,39.06,10.01,68.5,29.8,2,excellent
14.75,16.37,29.11,17.08,27.87,37.95,30.93,39.55,9.55,68.5,29.8,2,excellent
14.64,15.77,29.26,16.72,28.82,39.63,34.7,38.36,9.85,68.7,29.8,2,excellent
14.69,15.9,30.5,17.08,29.66,41.16,28.6,40.8,9.97,69.0,29.9,2,excellent
14.94,15.9,30.66,17.37,30.18,42.24,34.02,41.05,10.17,68.7,29.9,2,excellent
14.34,14.77,29.72,16.79,29.66,40.38,39.86,40.29,9.7,68.6,29.9,2,excellent
14.17,15.71,29.87,16.72,29.83,39.87,28.77,35.51,9.22,68.4,29.9,2,excellent
13.89,14.83,28.96,16.58,28.18,39.13,37.92,37.9,9.51,68.9,30.0,2,excellent
14.17,14.95,29.72,16.79,26.96,39.63,47.6,47.15,9.74,69.2,30.0,2,excellent
13.94,14.65,29.11,16.79,30.53,40.9,44.29,41.32,9.59,69.5,30.0,2,excellent
13.94,14.24,29.72,16.72,29.49,41.16,38.73,41.32,9.18,69.6,30.0,2,excellent
13.72,13.74,29.72,16.51,28.82,40.13,36.37,39.55,9.33,69.9,30.1,2,excellent
13.5,13.36,28.81,16.51,31.82,43.08,31.32,38.36,9.7,69.0,30.1,2,excellent
13.5,12.83,29.41,16.24,29.66,37.26,52.74,37.44,9.29,69.5,30.1,2,excellent
13.72,12.73,30.18,16.58,30.35,39.13,29.46,40.29,9.33,69.8,30.1,2,excellent
13.5,12.43,29.87,16.38,29.66,40.38,31.71,37.44,9.15,70.0,30.1,2,excellent
13.29,12.09,29.26,16.38,29.83,39.63,32.94,40.8,9.15,70.4,30.2,2,excellent
13.5,12.0,31.32,16.72,30.53,41.43,32.73,41.58,9.59,70.6,30.2,2,excellent
13.18,11.63,28.81,16.38,29.15,39.63,32.31,38.83,9.22,70.6,30.2,2,excellent
13.13,11.36,29.41,16.31,29.15,41.16,40.15,39.79,9.22,70.4,30.2,2,excellent
13.29,11.27,30.03,16.65,30.18,41.69,37.13,41.32,9.15,69.2,30.2,2,excellent
13.08,11.05,30.18,16.51,30.71,40.9,34.25,42.66,9.08,69.8,30.2,2,excellent
13.18,11.01,29.87,16.65,30.53,42.8,41.98,41.05,9.15,70.3,30.3,2,excellent
12.72,10.67,28.96,16.31,29.15,41.16,34.93,40.04,9.15,70.0,30.3,2,excellent
12.98,10.54,30.34,16.38,34.25,40.9,50.92,41.84,9.11,70.2,30.3,2,excellent
12.62,10.26,28.37,16.17,29.32,39.63,44.64,41.58,8.9,70.6,30.3,2,excellent
12.82,10.22,28.81,16.38,29.49,40.64,31.51,40.54,9.15,70.7,30.3,2,excellent
12.67,9.98,29.41,16.31,30.53,40.9,40.15,40.8,8.93,70.2,30.3,2,excellent
12.57,9.86,28.81,16.04,30.35,40.38,40.45,48.14,9.04,70.8,30.4,2,excellent
12.62,9.63,28.66,16.11,28.82,39.63,32.11,37.0,9.11,70.3,30.4,2,excellent
12.52,9.71,28.23,16.31,31.26,40.38,34.25,38.83,9.15,70.3,30.4,2,excellent
12.47,9.37,28.96,16.11,29.66,40.13,37.13,41.05,9.04,70.8,30.4,2,excellent
12.28,9.23,28.23,16.17,27.26,39.63,32.11,38.83,8.76,70.9,30.4,2,excellent
12.47,9.26,29.11,16.31,32.6,41.96,33.58,42.38,8.97,71.1,30.4,2,excellent
12.32,9.23,28.81,16.31,30.35,42.52,36.62,41.58,8.97,71.2,30.4,2,excellent
12.23,9.09,28.23,16.17,29.83,42.24,45.35,39.79,8.86,71.3,30.4,2,excellent
12.42,9.01,28.81,16.31,30.35,39.87,50.06,42.11,9.18,71.7,30.5,2,excellent
12.04,8.8,27.67,16.04,28.18,41.96,32.73,37.22,9.22,71.7,30.5,2,excellent
12.18,8.8,28.66,16.24,30.71,42.24,35.64,41.58,9.26,71.8,30.5,2,excellent
12.04,8.6,28.23,15.91,30.0,40.38,44.99,41.32,9.04,71.8,30.5,2,excellent
12.13,8.6,28.81,16.24,28.34,43.65,32.11,40.8,8.8,72.0,30.5,2,excellent
12.08,8.53,30.99,16.24,33.0,45.15,34.93,40.8,8.76,72.1,30.5,2,excellent
11.89,8.37,27.95,16.04,30.71,42.8,32.94,40.8,8.83,72.1,30.5,2,excellent
11.85,8.23,28.23,15.78,30.0,38.41,32.11,39.3,8.56,72.2,30.6,2,excellent
12.04,9.09,28.52,16.17,30.89,44.54,33.15,42.11,8.86,71.4,30.6,2,excellent
12.04,8.23,27.81,16.31,30.89,43.36,34.25,41.32,9.22,72.0,30.6,2,excellent
11.8,8.23,28.37,16.24,32.4,44.24,30.18,41.84,8.56,72.2,30.6,2,excellent
11.53,7.95,26.72,15.84,29.83,39.87,33.8,40.29,8.8,72.3,30.6,2,excellent
11.53,7.88,26.59,15.91,29.15,41.16,39.57,41.84,8.8,72.4,30.6,2,excellent
11.57,7.58,26.98,15.97,31.26,41.96,29.64,41.84,8.69,72.5,30.6,2,excellent
11.62,7.85,27.81,16.11,29.15,42.52,54.67,41.84,8.86,72.7,30.6,2,excellent
11.21,7.61,26.46,15.71,29.15,40.13,44.64,38.12,8.59,72.7,30.6,2,excellent
11.48,7.76,27.39,16.31,30.0,41.96,52.74,40.54,8.83,72.8,30.6,2,excellent
11.26,7.49,26.72,15.71,30.0,42.8,33.58,39.06,8.59,72.9,30.6,2,excellent
11.21,7.43,25.82,15.78,29.15,41.16,33.15,41.84,8.56,72.9,30.7,2,excellent
11.04,7.34,25.82,15.71,29.32,40.38,39.29,41.05,8.46,73.1,30.7,2,excellent
11.21,7.25,26.2,15.91,30.53,42.8,50.06,45.26,8.49,73.1,30.7,2,excellent
11.0,7.25,26.2,15.58,29.32,41.16,33.36,37.9,8.46,73.1,30.7,2,excellent
11.35,7.28,26.72,16.04,29.83,43.36,50.92,40.54,8.62,73.0,30.7,2,excellent
11.13,7.25,26.59,16.04,31.26,42.8,57.27,40.54,8.49,73.1,30.7,2,excellent
11.04,7.11,25.69,15.91,29.49,43.08,34.25,39.55,8.62,73.2,30.7,2,excellent
10.91,7.05,25.57,15.65,29.15,41.69,46.08,39.79,8.52,73.3,30.7,2,excellent
10.91,7.08,25.2,15.84,29.49,41.16,46.45,43.22,8.56,73.3,30.7,2,excellent
11.0,7.08,25.69,15.91,30.0,42.52,46.08,37.9,8.42,73.4,30.8,2,excellent
10.78,6.97,24.84,15.91,29.49,42.52,35.16,38.83,8.36,73.3,30.8,2,excellent
10.7,6.94,25.32,15.65,29.49,40.64,43.27,38.36,8.39,73.2,30.8,2,excellent
11.0,6.91,25.57,16.24,30.89,43.94,46.45,42.38,8.36,73.1,30.8,2,excellent
10.87,6.83,25.69,15.97,31.07,43.36,48.0,41.32,8.36,73.1,30.8,2,excellent
10.66,6.77,24.96,15.97,30.18,43.65,44.64,41.84,8.23,73.4,30.8,2,excellent
10.53,6.66,23.69,15.71,29.32,40.64,50.06,40.8,8.16,73.4,30.8,2,excellent
10.53,6.63,24.49,15.58,29.83,41.16,39.01,39.79,8.29,73.3,30.8,2,excellent
10.41,6.58,23.8,15.52,29.15,40.38,33.58,39.55,8.26,73.3,30.8,2,excellent
10.7,6.58,24.84,15.97,29.66,43.36,47.21,41.84,8.32,73.1,30.8,2,excellent
10.62,6.5,24.26,15.78,30.35,42.52,40.74,39.06,8.36,73.3,30.8,2,excellent
10.49,6.53,23.69,15.65,28.66,41.96,33.15,39.06,8.32,73.3,30.8,2,excellent
10.29,6.42,23.47,15.65,29.15,41.69,37.92,40.8,8.16,73.3,30.8,2,excellent
10.45,6.39,24.03,15.58,30.0,42.24,30.55,40.54,8.1,73.6,30.9,2,excellent
10.41,6.37,23.47,15.78,26.67,42.24,49.63,39.3,8.32,72.2,30.9,2,excellent
10.41,6.32,23.8,15.65,28.66,42.52,33.36,40.04,8.29,72.9,30.9,2,excellent
10.37,6.32,23.36,15.71,29.49,42.24,51.82,40.04,8.19,72.9,30.9,2,excellent
10.37,6.26,23.47,15.58,29.83,42.52,34.25,37.9,8.23,73.1,30.9,2,excellent
10.21,6.26,23.8,15.52,28.66,39.87,46.45,39.79,8.16,73.2,30.9,2,excellent
10.17,6.14,22.41,15.58,27.87,41.16,38.46,38.12,8.19,73.2,30.9,2,excellent
10.25,6.06,22.51,15.52,28.99,41.96,34.47,38.36,7.91,73.0,31.0,2,excellent
10.37,6.14,23.04,15.97,29.66,43.36,33.58,41.84,8.32,72.5,30.9,2,excellent
10.21,6.09,23.14,15.78,28.34,42.8,36.62,41.32,8.13,72.7,31.0,2,excellent
10.17,5.96,22.51,15.45,28.66,41.16,37.13,38.59,8.29,72.6,31.0,2,excellent
10.17,5.91,22.41,15.52,32.4,39.13,51.82,40.54,7.91,72.6,31.0,2,excellent
10.25,5.96,22.51,15.91,29.15,43.36,51.82,40.54,8.19,72.4,31.0,2,excellent
10.01,5.86,22.0,15.52,25.82,41.69,48.4,38.36,8.19,72.6,31.0,2,excellent
10.17,6.77,22.2,15.91,28.99,43.36,34.25,45.26,8.19,72.6,31.0,2,excellent
9.97,5.81,21.8,15.52,28.5,42.24,31.51,39.79,8.26,72.7,31.0,2,excellent
10.01,5.81,22.2,15.65,28.5,41.16,42.29,39.79,8.26,72.9,31.0,2,excellent
9.93,5.81,21.61,15.71,28.03,41.69,33.15,35.93,8.16,73.1,31.0,2,excellent
10.17,5.76,22.0,15.97,29.15,44.54,36.37,39.55,8.26,72.6,31.0,2,excellent
10.01,5.74,21.8,15.71,28.66,43.36,42.94,40.04,8.32,72.6,31.0,2,excellent
9.82,5.62,21.13,15.39,28.03,41.16,30.55,38.83,8.0,72.9,31.0,2,excellent
9.86,5.62,21.13,15.2,27.56,41.16,43.95,36.78,8.1,73.0,31.1,2,excellent
9.89,5.57,20.66,15.45,28.66,42.24,33.36,38.83,7.66,72.8,31.1,2,excellent
9.89,5.52,20.57,15.71,28.34,42.52,33.8,40.54,7.72,72.9,31.1,2,excellent
9.86,5.52,20.75,15.65,27.41,42.24,39.86,38.83,7.91,72.4,31.1,2,excellent
9.93,5.48,20.75,15.58,30.0,41.96,32.73,37.9,7.91,72.5,31.1,2,excellent
9.74,5.43,20.21,15.58,27.72,41.43,44.29,44.37,7.39,72.6,31.1,2,excellent
9.93,5.5,20.48,15.78,27.56,42.8,33.36,38.36,7.39,72.2,31.1,2,excellent
9.89,5.45,20.03,15.84,27.87,42.52,37.39,38.83,7.45,71.9,31.1,2,excellent
9.63,5.32,19.51,15.45,26.53,40.64,30.93,36.78,7.33,72.1,31.1,2,excellent
9.7,5.27,19.42,15.45,26.67,41.16,34.93,38.36,7.27,72.2,31.1,2,excellent
9.78,5.27,19.59,15.78,27.26,42.24,45.71,37.9,7.36,72.1,31.1,2,excellent
9.78,5.25,19.25,15.84,27.41,43.36,40.74,41.32,7.24,72.3,31.1,2,excellent
9.93,5.29,19.85,15.91,28.34,45.77,42.62,39.55,7.54,72.2,31.1,2,excellent
9.78,5.2,19.94,15.84,27.41,41.69,41.35,36.78,7.3,70.8,31.1,2,excellent
9.59,5.18,19.34,16.31,27.56,40.64,32.73,38.59,7.3,67.0,31.1,2,excellent
9.66,5.16,19.17,15.97,26.53,41.16,34.02,36.14,7.42,62.8,31.1,2,excellent
9.82,5.13,19.68,16.38,27.87,42.8,37.13,38.59,7.33,65.8,31.2,2,excellent
9.86,5.18,19.77,16.17,28.03,43.36,33.36,39.55,7.42,67.2,31.2,2,excellent
9.55,5.13,18.84,15.58,26.1,39.63,33.36,37.0,7.22,67.3,31.2,2,excellent
9.59,5.07,18.76,16.11,26.53,41.43,33.58,39.55,7.22,65.9,31.2,2,excellent
9.7,5.11,18.84,15.91,27.11,42.24,50.06,37.0,7.16,65.9,31.2,2,excellent
9.7,5.13,18.52,16.11,27.56,42.8,44.29,39.55,7.19,65.7,31.2,2,excellent
9.66,5.0,18.6,15.91,26.39,41.16,47.21,37.44,7.22,64.5,31.2,2,excellent
9.59,5.05,18.2,15.91,25.02,39.38,49.22,35.11,7.13,66.0,31.2,2,excellent
9.55,4.98,18.05,15.91,25.02,40.64,33.36,38.83,7.19,65.9,31.2,2,excellent
9.63,4.94,17.75,15.65,28.03,38.41,33.36,38.83,7.1,65.7,31.2,2,excellent
9.59,4.98,18.05,16.17,25.96,40.64,32.73,36.35,7.13,66.0,31.2,2,excellent
9.59,4.98,17.97,16.04,27.41,41.43,53.21,38.83,7.24,64.9,31.3,2,excellent
9.59,4.91,17.67,15.65,25.82,41.69,41.35,34.71,7.04,66.5,31.3,2,excellent
9.4,4.81,17.37,15.39,24.76,40.38,32.31,39.06,6.9,67.6,31.3,2,excellent
9.44,4.87,17.23,15.58,26.24,41.16,38.18,39.55,7.16,68.1,31.3,2,excellent
9.51,4.81,17.23,15.33,26.24,41.96,37.39,35.31,7.1,68.6,31.3,2,excellent
9.4,4.81,16.94,15.33,26.53,42.8,39.57,41.05,6.9,69.0,31.3,2,excellent
9.44,4.79,16.87,15.26,26.82,41.96,43.27,39.79,6.99,69.5,31.3,2,excellent
9.55,4.83,17.01,15.58,26.53,43.94,38.18,42.66,7.22,69.1,31.3,2,excellent
9.48,4.76,17.01,15.45,26.82,42.24,47.21,40.04,7.01,67.7,31.3,2,excellent
9.37,4.72,16.59,15.65,26.39,42.8,34.47,39.55,7.19,68.1,31.3,2,excellent
9.22,4.64,16.12,15.14,26.39,40.64,44.99,36.14,7.07,68.5,31.4,2,excellent
9.15,4.6,16.12,15.2,25.55,40.13,38.73,35.31,6.87,68.2,31.3,2,excellent
9.18,4.64,16.05,15.14,26.1,42.24,41.66,35.51,7.16,67.3,31.3,2,excellent
9.18,4.62,15.85,15.02,25.15,39.13,32.52,36.57,7.01,67.3,31.3,2,excellent
9.08,4.53,15.85,15.2,25.55,39.87,32.94,36.14,6.99,66.5,31.3,2,excellent
9.11,4.58,15.79,15.26,25.15,40.38,37.39,36.78,6.93,64.3,31.3,2,excellent
9.29,4.55,16.05,15.45,24.5,42.24,34.25,37.44,6.96,63.7,31.4,2,excellent
9.22,4.62,15.98,15.52,26.1,42.52,53.21,34.91,7.04,64.9,31.4,2,excellent
9.15,4.55,15.46,15.2,26.24,40.13,33.8,35.31,6.79,63.8,31.3,2,excellent
9.18,4.51,15.92,15.26,24.63,40.64,33.8,35.93,6.9,65.1,31.4,2,excellent
9.01,4.49,14.85,15.2,24.37,40.13,33.58,36.35,6.68,66.0,31.4,2,excellent
9.11,4.45,14.91,14.95,24.5,40.38,42.62,35.93,6.65,64.9,31.4,2,excellent
8.97,5.16,14.79,14.95,24.89,40.38,41.35,36.35,6.9,66.0,31.4,2,excellent
9.15,4.49,14.97,15.52,25.55,41.16,46.83,37.0,6.87,67.0,31.4,2,excellent
9.18,4.41,15.15,15.33,26.39,41.96,33.36,36.78,6.79,67.2,31.4,2,excellent
9.18,4.45,15.03,15.52,26.67,43.94,43.95,39.55,7.01,64.1,31.4,2,excellent
9.08,4.43,14.49,15.65,25.69,43.08,45.71,38.59,6.82,65.2,31.4,2,excellent
9.01,5.11,14.79,15.08,24.63,41.69,42.62,36.57,6.74,64.2,31.4,2,excellent
8.97,4.41,14.2,15.08,24.37,42.24,33.15,35.72,6.87,62.5,31.4,2,excellent
8.94,4.31,14.43,15.08,24.25,40.9,50.06,33.17,6.87,63.2,31.4,2,excellent
8.87,4.35,14.26,15.02,24.0,40.13,36.88,35.72,6.74,61.4,31.5,2,excellent
8.76,4.27,13.92,14.89,24.37,39.38,32.52,34.91,6.85,63.2,31.5,2,excellent
8.94,4.31,14.37,15.14,25.15,43.08,53.69,34.91,6.74,65.0,31.5,2,excellent
8.83,4.25,13.92,15.14,24.25,40.64,39.01,36.78,6.99,60.3,31.5,2,excellent
9.01,4.29,14.03,15.14,24.89,42.52,37.65,37.67,6.85,62.7,31.5,2,excellent
8.9,4.29,13.92,15.14,25.96,40.9,34.25,40.29,6.9,64.8,31.5,2,excellent
8.83,4.29,13.64,15.14,25.02,41.96,39.01,37.0,6.85,65.9,31.5,2,excellent
8.63,4.19,13.11,14.71,23.75,39.87,30.18,39.55,6.65,66.4,31.5,2,excellent
8.73,4.21,13.16,14.59,23.75,40.64,34.02,34.51,6.68,66.8,31.5,2,excellent
8.56,4.13,12.85,14.65,23.63,37.49,39.86,34.71,6.63,66.8,31.5,2,excellent
8.56,4.09,12.8,14.36,23.04,41.16,32.31,34.51,6.71,67.2,31.5,2,excellent
8.59,4.13,12.85,14.71,23.88,40.38,31.91,34.71,6.68,67.7,31.5,2,excellent
8.52,4.09,12.55,14.3,26.96,42.52,31.12,34.12,6.6,68.1,31.5,2,excellent
8.52,4.07,12.59,14.65,24.0,40.9,45.71,34.91,6.57,68.1,31.5,2,excellent
8.66,4.09,12.85,14.65,23.88,42.24,36.62,34.51,6.76,68.1,31.5,2,excellent
8.59,4.06,12.64,14.53,23.63,40.38,43.61,33.36,6.79,65.6,31.6,2,excellent
8.42,3.98,12.25,14.3,23.04,39.87,33.36,33.36,6.82,66.7,31.5,2,excellent
8.39,3.94,12.11,14.13,22.7,39.13,33.15,33.74,6.71,67.8,31.6,2,excellent
8.39,3.92,12.11,14.3,23.39,40.9,51.37,35.72,6.68,68.1,31.6,2,excellent
8.29,3.92,12.06,14.24,23.04,39.38,32.11,33.93,6.55,68.0,31.6,2,excellent
8.26,3.88,12.01,14.18,22.92,38.41,41.05,34.12,6.6,65.4,31.6,2,excellent
8.42,3.94,12.2,14.65,23.88,40.9,42.94,33.17,6.63,65.7,31.6,2,excellent
8.36,3.9,12.15,14.53,23.27,41.69,38.46,32.27,6.52,66.5,31.6,2,excellent
8.29,3.88,11.96,14.47,23.39,39.87,33.58,34.91,6.68,64.1,31.6,2,excellent
8.29,3.9,11.87,14.24,22.81,39.63,41.35,33.36,6.65,65.7,31.6,2,excellent
8.29,3.87,11.92,14.47,24.5,40.9,30.93,34.12,6.65,64.8,31.6,2,excellent
8.2,3.85,11.5,14.36,22.7,39.87,37.39,37.22,6.52,65.3,31.6,2,excellent
8.2,3.83,11.59,14.01,25.55,39.87,47.6,32.45,6.57,65.7,31.6,2,excellent
8.07,3.73,11.28,14.07,23.39,39.38,41.05,34.12,6.44,66.5,31.6,2,excellent
8.16,3.83,11.55,14.18,23.04,39.87,30.18,33.55,6.23,65.8,31.6,2,excellent
8.07,3.81,11.41,14.13,23.04,40.64,48.4,31.23,6.63,64.5,31.6,2,excellent
8.23,3.79,11.41,14.42,24.0,40.64,50.92,33.55,6.6,64.4,31.6,2,excellent
8.16,3.77,11.41,14.47,23.51,41.43,37.65,33.93,6.71,65.1,31.6,2,excellent
8.16,3.77,11.32,14.42,22.7,41.69,34.25,35.93,6.44,66.1,31.6,2,excellent
8.2,3.77,11.41,14.42,24.76,42.24,48.4,34.91,6.52,66.2,31.7,2,excellent
8.2,3.77,11.19,14.24,22.81,42.24,34.02,32.45,6.6,65.9,31.6,2,excellent
8.0,3.7,10.84,14.07,22.36,37.95,32.73,30.9,6.36,66.6,31.7,2,excellent
7.91,3.64,10.55,13.9,22.03,38.65,38.18,31.4,6.34,66.9,31.7,2,excellent
8.0,3.63,10.76,13.9,21.81,38.41,45.35,33.93,6.44,67.4,31.7,2,excellent
7.88,3.61,10.55,13.9,21.81,38.65,33.36,33.17,6.41,66.6,31.6,2,excellent
7.85,3.63,10.68,13.73,21.6,39.13,33.15,32.09,6.34,65.0,31.7,2,excellent
7.81,3.57,10.27,13.9,21.81,38.41,33.8,32.81,6.41,65.2,31.7,2,excellent
7.78,3.57,10.51,13.9,21.71,38.41,43.61,32.27,6.23,66.4,31.7,2,excellent
7.91,3.61,10.63,14.13,22.7,38.89,33.8,36.14,6.41,63.7,31.6,2,excellent
7.91,3.59,10.51,14.07,22.25,39.87,46.08,30.09,6.44,65.9,31.7,2,excellent
7.78,3.57,10.47,13.79,21.29,36.82,33.58,33.17,6.44,66.3,31.7,2,excellent
7.88,3.61,10.59,13.84,21.92,39.63,42.94,31.74,6.28,64.0,31.7,2,excellent
7.78,3.59,10.55,13.79,21.49,38.65,32.52,31.06,6.41,63.6,31.7,2,excellent
7.75,3.52,10.07,13.73,21.39,38.89,33.15,30.41,6.47,61.7,31.7,2,excellent
7.78,3.52,10.35,13.79,21.49,38.89,33.36,32.27,6.31,63.6,31.7,2,excellent
7.81,3.57,10.19,14.01,21.71,39.38,43.61,30.41,6.52,64.6,31.7,2,excellent
7.72,3.45,10.35,13.62,21.18,38.41,38.18,30.73,6.39,62.5,31.7,2,excellent
7.75,3.54,9.99,14.07,21.71,40.64,34.47,35.31,6.44,64.1,31.7,2,excellent
7.85,3.55,10.07,13.96,21.6,39.38,45.71,31.06,6.28,63.7,31.8,2,excellent
7.81,3.52,9.99,13.96,22.03,37.95,33.36,31.92,6.26,63.7,31.7,2,excellent
7.78,3.52,10.19,13.9,21.29,40.64,46.08,31.23,6.26,63.2,31.7,2,excellent
7.66,3.48,9.64,13.68,20.29,38.41,49.63,30.73,6.49,63.5,31.7,2,excellent
7.57,3.39,9.49,13.62,20.38,37.26,33.8,29.3,6.36,64.0,31.8,2,excellent
7.6,3.38,9.38,13.73,20.98,38.41,40.45,48.82,6.39,62.9,31.7,2,excellent
7.69,3.45,9.53,13.57,21.29,38.41,38.18,31.23,6.21,64.6,31.8,2,excellent
7.72,3.41,9.49,13.68,20.78,39.13,45.35,31.92,6.74,64.9,31.8,2,excellent
7.72,3.41,9.57,13.79,21.71,40.9,33.15,31.74,6.76,65.0,31.8,2,excellent
7.6,3.39,9.68,13.73,20.88,37.49,46.45,30.9,6.63,62.8,31.8,2,excellent
7.69,3.41,9.42,13.62,21.18,38.41,35.64,29.61,6.93,61.5,31.8,2,excellent
7.54,3.36,9.27,13.57,20.58,38.41,37.92,31.74,6.79,63.6,31.8,2,excellent
7.66,3.39,9.27,13.79,24.0,40.13,33.36,30.09,6.63,63.3,31.8,2,excellent
7.72,3.41,9.42,13.79,21.29,38.89,39.86,30.41,6.96,61.4,31.8,2,excellent
7.66,3.39,9.38,13.73,21.39,40.9,34.93,30.25,7.24,62.3,31.8,2,excellent
7.69,3.39,9.46,13.68,20.98,39.13,34.02,30.73,6.6,63.3,31.8,2,excellent
7.6,3.34,9.27,13.57,22.7,38.89,33.15,29.61,6.52,60.0,31.8,2,excellent
7.57,3.34,9.09,13.41,22.47,37.72,31.91,28.85,6.49,61.6,31.8,2,excellent
7.51,3.34,9.02,13.57,20.98,38.41,33.15,30.73,6.44,61.5,31.8,2,excellent
7.57,3.31,8.99,13.35,18.99,37.04,29.82,28.12,6.39,60.2,31.8,2,excellent
7.51,3.27,8.85,13.35,20.19,37.49,39.29,27.27,6.52,62.1,31.8,2,excellent
7.54,3.27,8.88,13.57,20.48,38.89,44.64,33.36,6.52,63.0,31.8,2,excellent
7.54,3.26,8.71,13.3,20.0,38.18,48.0,31.23,6.47,63.6,31.8,2,excellent
7.48,3.24,8.68,13.19,20.78,36.6,31.91,29.93,6.39,63.1,31.8,2,excellent
7.39,3.26,8.61,13.3,19.81,37.95,37.13,29.0,6.31,64.5,31.9,2,excellent
7.48,3.27,8.64,13.51,20.58,39.13,43.95,29.3,6.41,64.5,31.8,2,excellent
7.57,3.31,8.88,13.51,18.91,38.65,44.99,30.73,6.49,62.2,31.8,2,excellent
7.57,3.27,9.02,13.9,20.78,39.38,41.98,31.4,6.41,59.3,31.8,2,excellent
7.69,3.32,9.31,13.84,21.29,39.63,49.63,32.99,6.47,57.8,31.8,2,excellent
7.63,3.34,9.24,14.01,20.68,41.96,43.95,32.81,6.63,56.9,31.9,2,excellent
7.72,3.34,9.24,14.07,21.39,39.38,32.11,29.15,6.52,55.5,31.9,2,excellent
7.78,3.36,9.17,13.96,21.29,38.89,33.36,30.57,6.63,55.5,31.9,2,excellent
7.69,3.34,9.13,14.13,20.98,39.13,39.86,30.9,6.26,56.0,31.8,2,excellent
7.69,3.29,9.2,13.84,20.38,35.95,43.95,31.57,6.26,54.0,31.9,2,excellent
7.66,3.29,9.2,14.01,20.48,38.18,35.4,28.85,6.21,53.3,31.9,2,excellent
7.66,3.29,8.95,13.96,20.09,37.72,33.58,29.61,6.41,52.2,31.9,2,excellent
7.63,3.24,8.64,13.9,19.9,37.04,31.32,26.86,6.41,54.4,31.9,2,excellent
7.57,3.26,8.31,13.73,19.72,37.26,31.71,28.41,6.28,57.2,31.9,2,excellent
7.6,3.22,8.34,13.41,19.35,36.82,31.51,27.55,6.44,58.2,32.0,2,excellent
7.63,3.26,8.64,13.57,19.81,36.82,40.45,27.83,6.34,58.2,32.0,2,excellent
7.57,3.26,8.61,13.62,19.26,36.6,31.91,27.69,6.36,53.5,32.0,2,excellent
7.69,3.22,8.81,14.07,20.48,38.18,45.71,29.77,6.36,53.8,32.0,2,excellent
7.78,3.31,9.2,14.24,20.78,40.38,47.6,29.3,6.36,52.6,32.0,2,excellent
7.81,3.26,9.46,14.53,23.27,40.38,31.12,49.52,6.39,50.8,32.0,2,excellent
7.88,3.31,9.31,14.47,21.71,40.13,32.52,30.25,6.41,51.2,31.9,2,excellent
7.75,3.26,9.13,14.13,20.78,37.04,31.12,32.81,6.23,51.5,32.0,2,excellent
7.78,3.26,8.64,13.96,19.81,36.6,32.52,28.7,6.44,51.2,32.0,2,excellent
7.69,3.2,8.51,13.96,18.82,36.82,31.51,29.77,6.49,54.3,32.0,2,excellent
7.66,3.2,8.18,13.57,19.44,35.74,39.86,28.55,6.39,54.9,32.0,2,excellent
7.66,3.19,8.18,13.62,19.17,38.89,28.27,28.55,6.41,55.9,32.0,2,excellent
7.63,3.19,8.11,13.79,19.62,37.72,34.7,31.23,6.34,56.2,32.0,2,excellent
7.6,3.15,8.21,13.57,19.44,37.04,30.18,27.97,6.57,58.0,32.0,2,excellent
7.54,3.19,8.02,13.3,18.91,35.74,32.94,27.41,6.44,56.6,32.1,2,excellent
7.42,3.12,7.8,13.35,18.39,35.53,46.08,26.86,6.36,55.3,32.1,2,excellent
7.36,3.09,7.55,13.25,18.56,34.91,29.64,30.09,6.39,57.6,32.1,2,excellent
7.51,3.1,7.86,13.41,18.56,37.26,37.92,30.09,6.44,58.1,32.0,2,excellent
7.51,3.17,7.92,13.51,18.99,37.04,32.73,30.09,6.47,58.1,32.1,2,excellent
7.54,3.14,7.95,13.41,21.49,38.18,32.11,29.77,6.52,56.6,32.1,2,excellent
7.45,3.14,7.99,13.25,18.56,34.91,31.91,28.85,6.49,58.7,32.1,2,excellent
7.39,3.15,8.28,13.3,21.39,35.53,31.71,27.41,6.52,57.1,32.1,2,excellent
7.36,3.07,7.8,13.14,18.99,34.91,38.73,27.55,6.87,53.9,32.1,2,excellent
7.39,3.09,7.65,13.41,18.82,36.6,32.11,27.69,6.99,56.1,32.1,2,excellent
7.27,3.07,7.55,12.93,20.88,38.18,30.18,28.12,6.87,57.5,32.1,2,excellent
7.27,3.1,7.68,12.98,18.48,34.91,30.18,26.73,6.74,57.7,32.1,2,excellent
7.39,3.1,7.68,13.25,18.73,36.16,31.32,28.7,6.6,57.9,32.1,2,excellent
7.27,3.1,7.83,13.25,19.08,36.38,36.88,28.55,6.71,57.5,32.1,2,excellent
7.27,3.09,7.77,13.14,19.08,35.32,30.55,27.97,6.47,54.0,32.1,2,excellent
7.33,3.07,7.86,13.35,18.06,37.26,30.37,28.41,6.52,53.5,32.1,2,excellent
7.33,3.04,7.89,13.41,19.53,34.71,47.6,27.97,6.76,53.6,32.1,2,excellent
7.36,3.04,7.65,13.25,18.99,35.12,32.73,29.15,6.71,52.7,32.2,2,excellent
7.33,3.04,7.49,13.19,18.48,35.12,39.01,27.27,6.74,55.3,32.2,2,excellent
7.3,3.09,7.58,13.14,18.99,34.71,39.01,28.55,6.68,57.1,32.2,2,excellent
7.3,3.02,7.46,13.25,17.19,33.16,28.1,27.0,6.63,54.4,32.2,2,excellent
7.42,3.07,7.55,13.25,18.91,35.53,41.05,26.86,6.6,56.1,32.2,2,excellent
7.36,3.09,7.49,13.3,18.82,36.16,31.51,28.41,6.71,56.3,32.1,2,excellent
7.78,3.04,7.43,13.35,18.65,40.9,45.71,27.41,6.82,57.3,32.2,2,excellent
7.33,3.04,7.46,13.14,18.91,39.38,42.94,30.25,6.63,58.2,32.2,2,excellent
7.33,3.07,7.55,13.09,18.82,35.74,37.65,27.69,6.74,57.9,32.2,2,excellent
7.16,3.02,7.32,12.88,19.35,34.91,31.32,26.47,6.52,57.5,32.2,2,excellent
7.19,2.99,7.35,12.98,18.06,34.12,31.51,27.14,6.44,58.7,32.2,2,excellent
7.1,2.97,7.35,12.88,16.96,34.51,46.45,25.95,6.52,55.7,32.2,2,excellent
7.1,3.0,7.11,12.73,16.66,33.73,44.29,27.14,6.63,56.4,32.2,2,excellent
7.13,2.99,7.06,12.68,17.57,33.16,29.64,24.83,6.39,57.6,32.2,2,excellent
7.07,2.97,7.11,12.73,20.19,34.12,27.78,26.47,6.55,58.7,32.2,2,excellent
7.1,2.99,7.17,12.58,18.73,33.35,30.74,25.95,6.49,57.1,32.2,2,excellent
6.99,2.92,7.09,12.83,17.81,32.97,31.12,27.27,6.47,57.3,32.2,2,excellent
6.96,2.91,6.92,12.58,17.26,32.97,29.46,27.27,6.39,58.3,32.2,2,excellent
7.04,2.99,7.09,12.83,17.5,34.51,42.29,26.86,6.47,59.4,32.2,2,excellent
7.07,2.99,7.06,12.78,17.9,33.16,44.29,26.86,6.6,59.4,32.2,2,excellent
7.07,2.99,6.97,12.73,17.9,35.95,48.0,25.2,6.57,59.1,32.2,2,excellent
7.04,2.99,7.03,12.83,17.98,34.71,28.6,27.27,6.57,60.0,32.2,2,excellent
7.07,2.94,7.0,12.78,18.06,34.12,37.13,28.26,6.52,59.8,32.2,2,excellent
7.01,2.97,7.06,12.83,17.65,34.12,37.92,28.26,6.41,60.9,32.2,2,excellent
6.96,2.97,6.92,12.68,17.65,33.73,31.71,26.2,6.52,59.3,32.2,2,excellent
7.04,2.92,6.94,12.63,17.9,34.12,39.57,28.26,6.49,60.0,32.2,2,excellent
6.93,2.91,6.78,12.58,16.51,32.97,30.18,24.71,6.41,61.0,32.2,2,excellent
6.96,2.89,7.06,12.48,16.88,32.79,30.0,25.69,6.41,59.6,32.2,2,excellent
6.79,2.86,6.7,12.38,16.73,31.89,29.64,27.14,6.28,60.5,32.2,2,excellent
6.87,2.84,6.64,12.19,16.73,31.2,29.82,25.82,6.31,60.7,32.2,2,excellent
6.87,2.84,6.72,12.19,16.81,31.2,32.94,25.07,6.44,61.8,32.2,2,excellent
6.55,2.84,6.59,12.04,15.67,30.36,33.36,24.71,6.39,61.0,32.2,2,excellent
6.87,2.87,6.67,12.23,16.59,30.69,29.11,25.44,6.47,58.9,32.2,2,excellent
6.85,2.89,6.83,12.43,15.87,30.86,41.66,26.2,6.41,59.2,32.3,2,excellent
6.93,2.91,6.89,12.73,17.26,32.61,37.13,24.59,6.44,55.9,32.2,2,excellent
6.96,2.87,6.83,12.58,17.26,31.89,29.11,24.95,6.44,57.3,32.2,2,excellent
6.85,2.84,6.72,12.33,16.59,30.69,34.25,25.2,6.34,56.4,32.3,2,excellent
6.85,2.82,6.72,12.38,17.11,30.53,28.27,26.07,6.36,55.8,32.3,2,excellent
6.85,2.86,6.67,12.38,16.44,31.37,37.92,26.47,6.47,58.2,32.3,2,excellent
6.87,2.87,6.78,12.53,18.48,31.71,39.29,25.69,6.41,59.1,32.3,2,excellent
6.9,2.81,6.75,12.38,16.96,30.69,37.39,26.73,6.34,57.9,32.3,2,excellent
6.85,2.86,6.7,12.38,16.73,30.86,34.47,24.71,6.31,57.5,32.3,2,excellent
6.87,2.82,6.51,12.33,16.51,30.04,29.82,25.2,6.34,57.9,32.3,2,excellent
6.93,2.87,6.64,12.43,16.96,31.2,29.46,25.95,6.52,59.2,32.3,2,excellent
7.04,2.84,7.06,12.73,17.73,34.71,41.05,26.86,6.41,58.8,32.4,2,excellent
6.93,2.87,7.09,12.73,18.14,30.86,29.46,26.07,6.49,54.1,32.4,2,excellent
6.99,2.89,7.2,12.88,17.57,31.03,28.6,24.95,6.34,52.2,32.4,2,excellent
7.19,2.92,7.35,13.14,17.9,31.2,29.82,24.59,6.49,50.1,32.3,2,excellent
7.27,2.87,7.32,13.41,17.98,30.2,27.14,24.83,6.41,49.6,32.4,2,excellent
7.19,2.89,7.09,13.09,17.19,30.53,25.95,24.48,6.49,51.1,32.3,2,excellent
7.16,2.87,7.14,13.04,18.82,31.54,27.3,24.83,6.36,51.4,32.4,2,excellent
7.19,2.87,6.92,13.04,19.35,29.88,37.65,24.36,6.44,51.3,32.4,2,excellent
7.27,2.84,6.83,13.04,17.03,30.2,36.62,26.86,6.74,53.6,32.4,2,excellent
7.21,2.84,7.03,13.09,17.03,30.86,43.95,26.2,6.71,54.9,32.4,2,excellent
7.27,2.84,7.11,13.04,17.03,30.36,37.65,25.95,6.68,53.6,32.4,2,excellent
7.13,2.84,6.7,12.68,16.01,31.54,27.94,24.83,6.57,55.3,32.4,2,excellent
7.13,2.81,6.67,12.63,16.08,28.79,28.94,23.45,6.55,55.9,32.4,2,excellent
7.07,2.79,6.59,12.63,16.44,28.79,28.43,26.07,6.63,53.6,32.4,2,excellent
6.96,2.79,6.38,12.38,15.6,27.76,34.47,22.8,6.55,55.5,32.4,2,excellent
7.07,2.81,6.38,12.43,16.15,28.34,28.43,23.34,6.52,57.0,32.4,2,excellent
6.9,2.79,6.25,12.38,15.6,28.2,28.27,23.34,6.52,57.7,32.4,2,excellent
6.96,2.84,6.35,12.43,15.67,28.79,33.15,23.01,6.65,58.5,32.5,2,excellent
6.82,2.76,6.25,12.14,16.37,27.76,36.13,25.2,6.23,58.4,32.4,2,excellent
6.85,2.71,6.22,12.14,15.6,27.62,25.38,23.34,6.49,59.3,32.4,2,good
6.85,2.78,6.25,12.14,17.34,27.76,40.74,23.45,6.44,59.6,32.4,2,good
6.76,2.71,6.25,12.14,15.27,27.62,31.32,25.57,6.47,59.4,32.4,2,good
6.74,2.3,6.19,12.09,15.33,27.62,32.73,23.12,6.47,60.0,32.5,2,good
6.79,2.74,6.09,11.95,14.88,27.48,27.3,22.8,6.36,59.6,32.4,2,good
6.74,2.7,6.12,12.04,15.47,27.06,25.24,23.45,6.36,60.5,32.4,2,good
6.79,2.71,6.12,12.04,15.47,25.61,39.29,23.34,6.26,58.7,32.5,2,good
6.74,2.71,6.12,12.19,15.01,27.2,30.0,23.23,6.23,57.8,32.5,2,good
6.74,2.27,5.99,12.09,14.63,26.66,32.11,24.13,6.28,58.3,32.4,2,good
6.68,2.73,6.02,11.95,15.14,26.39,30.74,23.78,6.55,59.6,32.4,2,good
6.74,2.71,6.12,12.09,15.4,25.87,38.73,25.44,6.47,59.8,32.4,2,good
6.76,2.74,6.17,12.14,15.67,27.06,28.6,24.95,6.52,59.4,32.5,2,good
6.85,2.76,6.3,12.23,15.53,27.34,32.52,23.12,6.57,60.4,32.4,2,good
6.85,2.7,6.45,12.53,17.34,27.48,28.1,25.2,6.52,58.4,32.5,2,good
6.9,2.76,6.51,12.68,16.15,28.34,27.94,24.01,6.52,53.5,32.4,2,good
6.96,2.81,6.48,12.83,15.6,27.91,35.88,24.01,6.52,54.9,32.5,2,good
7.01,2.78,6.3,12.68,16.01,27.34,28.43,23.23,6.49,54.2,32.4,2,good
6.96,2.79,6.27,12.58,15.94,27.2,32.73,22.38,6.68,56.4,32.5,2,good
7.01,2.78,6.19,12.53,15.67,26.93,30.18,25.57,6.57,56.8,32.5,2,good
6.93,2.73,6.22,12.58,15.74,27.06,31.71,23.01,6.49,57.3,32.5,2,good
6.76,2.73,6.04,12.19,14.88,25.49,35.4,23.23,6.44,58.5,32.5,2,good
6.79,2.71,6.07,12.19,15.01,26.13,24.43,24.24,6.55,58.0,32.5,2,good
6.82,2.71,6.04,12.19,14.76,25.11,35.64,23.23,6.0,55.6,32.5,2,good
6.79,2.97,5.92,12.33,15.01,25.49,33.15,24.83,6.21,56.4,32.5,2,good
6.71,2.65,5.75,12.14,13.97,24.51,27.78,23.12,5.93,57.6,32.5,2,good
6.76,2.74,5.89,12.23,14.69,25.36,26.09,23.01,6.16,58.7,32.5,2,good
6.71,2.68,5.87,12.14,14.45,24.75,25.52,23.56,6.05,58.5,32.5,2,good
6.74,2.7,5.92,12.14,14.88,24.87,26.39,24.13,6.03,57.0,32.6,2,good
6.71,2.73,5.84,12.14,14.32,24.27,27.78,22.91,6.1,58.1,32.6,2,good
6.68,2.7,5.84,12.23,14.63,24.75,33.36,23.67,5.83,58.1,32.6,2,good
6.76,2.73,5.63,12.19,13.51,24.15,30.55,22.38,5.83,57.5,32.6,2,good
6.71,2.71,5.58,12.28,13.85,24.15,26.09,23.23,5.78,58.6,32.6,2,good
6.71,2.7,5.67,12.23,13.97,23.25,25.1,23.78,5.9,59.1,32.6,2,good
6.65,2.65,5.67,11.99,13.07,23.36,34.02,20.62,6.16,59.4,32.6,2,good
6.65,2.65,5.65,11.99,13.74,23.36,28.43,22.07,6.08,58.9,32.6,2,good
6.57,2.63,5.46,11.81,13.62,22.92,27.14,20.43,5.88,59.4,32.6,2,good
6.55,2.67,5.46,11.71,13.29,22.49,30.18,19.89,6.05,60.0,32.6,2,good
6.49,2.68,5.12,11.76,13.45,22.6,27.46,21.97,6.08,60.5,32.6,2,good
6.52,2.7,5.32,11.99,13.57,23.03,33.58,21.67,6.47,60.8,32.6,2,good
6.63,2.65,5.18,11.95,13.45,23.58,36.13,19.81,6.05,59.5,32.6,2,good
6.52,2.67,5.12,11.9,13.45,22.92,24.43,19.98,5.98,59.8,32.6,2,good
6.55,2.71,5.37,11.99,13.07,22.28,24.83,19.81,5.9,56.1,32.6,2,good
6.79,2.7,5.65,12.53,12.39,23.81,23.41,20.62,5.88,54.0,32.6,2,good
6.82,2.7,5.55,12.48,13.74,23.36,32.52,19.81,5.98,51.1,32.6,2,good
6.85,2.74,5.7,12.73,14.63,23.47,24.83,20.52,6.05,50.0,32.6,2,good
7.04,2.76,5.92,13.25,15.01,24.63,26.39,24.01,6.08,49.2,32.6,2,good
7.1,2.79,5.94,13.35,16.37,24.99,26.09,24.71,6.55,50.0,32.7,2,good
7.21,2.82,5.77,13.25,14.57,24.39,26.69,24.01,6.55,49.7,32.6,2,good
7.19,2.81,5.6,12.93,14.14,23.69,34.47,24.36,6.39,50.7,32.7,2,good
7.19,2.84,6.07,13.41,15.2,24.99,26.09,23.01,6.49,51.9,32.7,2,good
7.3,2.78,5.7,13.41,12.75,22.81,32.31,24.01,6.55,50.0,32.6,2,good
7.3,2.78,5.79,13.35,14.26,23.36,26.09,21.38,6.41,50.8,32.6,2,good
7.33,2.79,5.94,13.41,13.51,23.69,32.73,21.28,6.44,50.2,32.6,2,good
7.36,2.79,5.99,13.35,12.04,23.14,25.38,21.18,6.36,50.5,32.7,2,good
7.27,2.84,6.04,13.35,13.91,23.25,25.66,21.28,6.39,50.6,32.7,2,good
7.3,2.82,6.17,13.51,14.32,24.04,25.1,23.01,6.47,50.3,32.7,2,good
7.33,2.81,6.32,13.51,15.53,24.15,26.24,23.01,6.26,49.8,32.7,2,good
7.45,2.84,6.25,13.57,14.32,23.58,26.09,23.34,6.49,48.9,32.7,2,good
7.36,2.81,6.27,13.68,14.32,24.27,25.52,21.18,6.34,49.6,32.7,2,good
7.36,2.81,6.07,13.57,14.51,23.14,25.1,22.91,6.39,49.1,32.7,2,good
7.3,2.78,5.94,13.46,14.57,22.81,34.25,23.67,6.34,50.2,32.7,2,good
7.3,2.81,5.99,13.41,14.38,22.6,24.96,20.8,6.34,50.6,32.7,2,good
7.33,2.78,5.87,13.35,13.79,22.28,24.69,20.9,6.41,51.5,32.7,2,good
7.3,2.76,5.6,13.19,6.9,20.99,28.77,19.63,6.41,50.5,32.7,2,good
7.27,2.71,5.63,13.04,13.23,21.08,32.52,19.21,6.41,52.6,32.7,2,good
7.16,2.71,5.65,12.83,13.4,20.8,26.84,20.43,6.34,51.3,32.7,2,good
7.13,2.71,5.65,12.78,12.59,20.7,29.82,20.16,6.41,50.1,32.7,2,good
7.1,2.7,5.77,12.93,13.4,21.37,21.55,21.87,6.21,50.8,32.7,2,good
7.19,2.74,5.51,12.93,12.86,19.79,30.74,19.04,6.28,50.4,32.7,2,good
7.19,2.71,5.58,12.98,13.91,20.06,23.28,20.71,6.55,50.0,32.7,2,good
7.16,2.68,5.39,12.88,12.8,21.08,21.33,19.89,6.28,49.9,32.7,2,good
7.07,2.68,5.46,12.83,12.49,20.15,29.11,19.46,6.23,52.3,32.7,2,good
7.1,2.67,5.46,12.73,12.65,20.15,25.95,19.04,6.21,51.5,32.7,2,good
7.07,2.67,5.14,12.58,11.47,18.94,24.69,19.37,6.13,52.1,32.7,2,good
7.13,2.7,5.18,12.83,11.52,19.27,22.8,19.89,6.23,53.7,32.7,2,good
6.99,2.68,5.23,12.58,11.38,20.8,22.56,21.09,6.28,52.6,32.7,2,good
6.99,2.7,5.23,12.78,11.25,19.44,27.62,21.77,6.31,52.5,32.7,2,good
6.99,2.63,5.25,12.53,11.07,18.37,29.29,21.09,6.23,52.1,32.8,2,good
6.99,2.68,5.41,12.58,11.99,19.36,22.68,19.89,6.28,52.7,32.7,2,good
7.07,2.68,5.7,12.83,12.14,19.71,23.04,20.62,6.44,52.7,32.7,2,good
7.07,2.71,5.6,12.78,12.24,20.15,28.43,18.47,6.36,50.7,32.7,2,good
7.13,2.73,5.63,13.09,13.29,20.24,29.46,21.57,6.47,50.1,32.7,2,good
7.1,2.63,4.96,12.98,12.8,18.45,21.66,23.12,6.34,50.5,32.7,2,good
7.19,2.65,5.14,13.25,12.09,18.69,20.7,19.55,6.26,51.2,32.7,2,good
7.13,2.67,5.58,13.25,12.19,19.53,22.92,22.69,6.39,50.8,32.7,2,good
7.13,2.73,5.58,13.14,12.19,19.71,23.28,18.07,6.41,51.7,32.8,2,good
7.21,2.73,5.84,13.3,13.12,20.24,27.94,18.63,6.23,52.1,32.8,2,good
7.19,2.13,5.51,13.25,12.44,19.19,29.11,18.79,6.36,49.9,32.8,2,good
7.1,2.68,5.21,12.93,12.34,18.53,27.46,18.39,6.16,50.2,32.8,2,good
6.93,2.65,5.21,12.63,12.29,18.13,24.96,18.39,6.05,53.7,32.8,2,good
6.87,2.67,5.23,12.48,11.95,17.89,25.95,18.47,6.1,54.1,32.8,2,good
6.87,2.6,5.16,12.38,12.24,17.89,20.29,20.52,6.16,55.3,32.8,2,good
6.82,2.51,4.22,12.38,8.8,15.0,19.23,19.72,6.13,55.6,32.8,2,good
6.76,2.6,4.56,12.33,9.83,16.23,26.69,18.39,6.08,56.9,32.8,2,good
6.71,2.67,5.01,12.43,10.81,17.59,26.53,19.98,6.31,57.4,32.8,2,good
6.76,2.63,5.48,12.63,10.85,18.94,21.88,21.97,6.21,57.2,32.8,2,good
6.74,2.67,5.32,12.58,11.9,18.21,21.44,19.72,6.23,52.4,32.8,2,good
6.68,2.67,5.32,12.38,11.47,18.45,20.7,17.69,6.16,54.9,32.8,2,good
6.68,2.6,5.05,12.23,11.29,16.93,22.33,17.47,6.03,55.2,32.8,2,good
6.6,2.6,5.1,12.14,11.61,17.0,20.09,19.21,6.18,56.7,32.8,2,good
6.63,2.57,5.07,12.14,11.2,17.22,24.83,19.46,6.13,56.7,32.8,2,good
6.63,2.56,4.5,12.19,10.85,16.16,23.91,20.16,6.08,56.9,32.8,2,good
6.55,2.78,4.77,12.19,10.76,16.64,20.7,17.25,6.08,57.4,32.8,2,good
6.52,2.63,4.85,12.19,10.98,16.86,23.91,16.96,6.16,57.1,32.9,2,good
6.49,2.59,4.9,12.19,9.83,16.93,20.39,18.96,6.21,57.9,32.9,2,good
6.55,2.56,4.73,12.09,10.22,16.23,23.53,18.71,6.18,57.3,32.8,2,good
6.52,2.62,4.85,12.33,10.43,16.78,26.69,20.07,6.34,58.3,32.9,2,good
6.63,2.62,4.94,12.48,10.76,17.22,23.91,17.84,6.28,58.0,32.9,2,good
6.55,2.6,4.38,12.33,9.71,15.37,26.99,18.07,6.36,57.1,32.9,2,good
6.57,2.65,4.79,12.43,10.72,16.71,21.12,17.54,6.31,57.7,32.9,2,good
6.52,2.65,4.92,12.43,10.94,16.78,28.43,16.67,6.34,57.4,32.9,2,good
6.57,2.62,5.03,12.28,11.61,17.14,21.99,17.62,6.34,56.9,32.9,2,good
6.55,2.62,4.46,12.19,10.98,15.83,26.69,16.96,6.31,57.8,32.9,2,good
6.52,2.59,4.58,12.23,10.68,16.16,20.09,19.89,6.28,57.5,32.9,2,good
6.41,2.59,4.81,12.09,10.51,16.09,21.77,19.63,6.21,58.1,32.9,2,good
6.44,2.62,4.88,12.04,10.14,16.02,25.52,18.0,6.16,57.7,32.9,2,good
6.47,2.63,4.77,12.09,10.38,16.02,27.14,16.96,6.21,56.4,32.9,2,good
6.36,2.59,4.99,12.78,9.75,16.3,25.1,16.96,6.21,58.5,32.9,2,good
6.39,2.59,4.27,12.14,9.41,14.81,19.8,16.6,6.21,56.7,32.9,2,good
6.44,2.6,4.64,11.99,9.6,15.44,19.9,15.92,6.16,57.6,32.9,2,good
6.36,2.6,4.83,12.04,9.9,16.02,19.71,16.4,6.18,57.1,32.9,2,good
6.44,2.62,4.88,11.99,10.76,16.02,22.56,17.1,6.1,57.6,32.9,2,good
6.39,2.6,4.5,12.38,10.38,15.44,21.22,16.67,6.1,58.8,32.9,2,good
6.41,2.59,4.48,12.23,9.75,15.31,18.51,15.79,6.1,56.8,32.9,2,good
6.47,2.6,4.66,12.14,10.51,15.63,26.53,16.19,6.13,58.8,32.9,2,good
6.41,2.62,4.75,12.04,10.43,15.37,25.8,15.34,6.18,58.9,32.9,2,good
6.36,2.63,4.68,11.81,10.43,15.63,25.8,15.41,6.1,58.9,32.9,2,good
6.28,2.59,4.38,11.76,9.63,14.81,25.66,15.92,6.18,60.0,32.9,2,good
6.31,2.53,3.98,11.95,8.91,13.93,21.88,15.53,6.08,57.9,32.9,2,good
6.28,2.57,4.18,11.81,8.63,14.51,18.78,15.28,6.08,58.6,32.9,2,good
6.26,2.59,4.33,11.9,9.15,14.93,19.23,15.09,6.05,58.2,32.9,2,good
6.31,2.6,4.4,11.85,9.12,14.93,19.9,15.73,6.26,57.9,32.9,2,good
6.33,2.63,4.46,11.95,9.98,15.44,22.1,16.12,6.28,58.3,32.9,2,good
6.36,2.57,4.18,12.04,9.9,15.18,18.6,16.67,6.36,57.7,32.9,2,good
6.36,2.59,4.12,12.14,8.73,14.93,18.34,16.67,6.28,59.6,32.9,2,good
6.39,2.62,4.1,12.14,10.59,15.63,20.91,16.46,6.36,58.8,32.9,2,good
6.33,2.59,4.27,11.9,9.6,15.18,19.14,17.03,6.21,58.2,33.0,2,good
6.31,2.6,4.54,11.9,10.18,15.37,22.33,17.62,6.23,59.0,32.9,2,good
6.31,2.57,4.44,11.85,9.56,14.33,18.43,15.99,6.1,60.0,33.0,2,good
6.33,2.07,4.27,11.9,9.08,14.81,20.49,16.81,6.08,59.6,32.9,2,good
6.33,2.56,4.29,12.04,9.26,14.16,18.51,17.17,6.23,55.7,33.0,2,good
6.33,2.59,4.48,11.99,10.18,14.33,17.83,16.96,6.18,57.3,33.0,2,good
6.31,2.62,4.38,12.04,10.47,15.12,24.17,16.88,6.0,57.3,32.9,2,good
6.44,2.67,4.18,12.28,10.81,15.63,19.9,17.32,6.18,58.6,33.0,2,good
6.41,2.59,3.47,12.28,10.14,14.45,24.56,17.39,6.21,57.9,33.0,2,good
6.41,2.6,3.78,12.23,10.14,14.63,24.56,17.92,6.08,58.6,33.0,2,good
6.31,2.67,3.93,12.28,10.22,15.25,19.14,17.25,6.05,59.5,33.0,2,good
6.31,2.62,4.0,11.95,9.9,15.25,24.04,17.17,6.05,59.9,33.0,2,good
6.23,2.59,3.93,11.99,9.45,14.63,23.66,18.15,6.08,61.2,33.0,2,good
6.18,2.56,3.4,11.81,8.94,13.22,23.66,16.4,6.03,61.5,33.0,2,good
6.13,2.57,3.38,11.62,6.9,13.49,17.18,16.74,5.81,62.3,33.0,2,good
6.1,2.53,3.96,11.81,9.71,14.16,22.22,17.69,5.81,59.7,33.0,2,good
6.21,2.57,4.94,11.9,9.94,14.87,19.23,18.23,6.08,59.0,33.0,2,good
6.26,2.59,4.38,12.14,10.34,14.93,24.17,16.81,5.93,58.2,33.0,2,good
6.23,2.53,3.41,12.04,9.3,13.82,20.7,15.79,5.86,56.7,33.0,2,good
6.28,2.57,3.4,11.95,8.91,13.88,19.61,15.99,6.03,57.3,33.0,2,good
6.28,2.57,3.61,11.99,9.08,13.99,24.04,15.28,5.98,58.8,33.0,2,good
6.63,2.57,3.79,11.85,9.56,13.54,18.43,15.41,5.98,58.9,33.0,2,good
6.28,2.59,3.96,12.09,9.48,13.93,18.78,16.4,5.9,60.2,33.1,2,good
6.31,2.6,3.87,11.95,9.15,14.05,23.41,15.34,6.18,60.2,33.1,2,good
6.21,2.6,4.33,11.95,9.15,14.05,23.78,15.92,6.13,61.0,33.1,2,good
6.21,2.56,3.4,11.95,9.23,13.49,24.83,18.31,6.0,60.5,33.1,2,good
6.15,2.51,2.88,12.09,8.8,13.44,19.14,18.0,5.83,59.9,33.1,2,good
6.1,2.51,3.5,11.62,8.27,13.06,17.67,17.84,5.73,60.5,33.2,2,good
6.08,2.54,3.74,11.76,9.19,13.49,24.56,15.22,5.76,61.0,33.2,2,good
6.1,2.56,3.36,11.62,9.08,13.54,18.51,18.31,5.69,61.1,33.2,2,good
6.1,2.5,3.93,11.62,8.94,13.54,21.33,15.28,5.66,61.5,33.2,2,good
6.05,2.48,3.76,11.62,9.08,13.38,16.64,16.46,5.66,61.8,33.2,2,good
6.08,2.54,3.78,11.76,9.75,13.54,19.71,17.17,5.69,58.7,33.2,2,good
6.08,2.53,3.74,11.71,9.34,13.6,18.0,15.41,5.64,60.2,33.3,2,good
6.05,2.51,3.76,11.62,9.56,12.75,18.0,15.92,5.69,61.5,33.3,2,good
6.05,2.5,3.38,11.58,9.3,13.06,18.43,15.03,5.69,61.5,33.3,2,good
6.21,2.53,3.24,11.76,9.86,13.71,20.0,15.73,5.73,61.8,33.3,2,good
6.23,2.54,3.02,11.85,9.37,13.17,21.55,15.66,5.78,59.2,33.3,2,good
6.23,2.56,3.68,11.85,9.48,13.44,24.3,15.03,5.78,59.9,33.4,2,good
6.21,2.51,3.57,11.95,9.19,13.33,18.96,15.28,5.66,60.0,33.4,2,good
6.21,2.53,3.59,11.95,9.86,13.65,30.55,18.39,5.78,59.8,33.4,2,good
6.23,2.51,2.8,11.95,8.01,13.01,20.39,14.85,5.88,60.4,33.4,2,good
6.18,2.51,3.76,11.95,9.45,13.44,18.25,18.23,5.88,60.3,33.4,2,good
6.18,2.53,3.61,11.9,9.9,13.93,21.01,17.69,6.05,61.1,33.4,2,good
6.26,2.59,3.61,11.95,10.02,14.51,19.33,16.88,6.0,61.8,33.4,2,good
6.41,2.59,3.63,12.04,9.83,14.1,18.87,16.53,6.18,60.3,33.4,2,good
6.28,2.47,3.45,11.95,9.3,12.65,20.0,16.96,5.83,59.4,33.4,2,good
6.18,2.47,3.45,11.99,8.73,12.6,17.1,15.79,5.95,59.9,33.5,2,good
6.15,2.5,3.49,11.95,9.05,13.17,19.52,16.67,5.95,59.3,33.5,2,good
6.21,2.51,3.52,11.95,9.41,13.33,18.78,16.33,6.0,60.8,33.5,2,good
6.15,2.53,3.49,11.85,9.67,13.82,21.88,15.03,6.05,60.5,33.5,2,good
6.23,2.54,3.49,11.85,9.34,13.33,18.78,15.99,6.03,59.9,33.5,2,good
6.26,2.48,3.45,11.9,8.91,12.85,23.16,14.37,5.86,57.8,33.4,2,good
6.41,2.54,3.5,12.23,9.3,13.82,17.1,14.49,5.86,53.7,33.5,2,good
6.39,2.54,3.47,12.23,9.05,12.7,17.34,15.22,5.81,53.5,33.5,2,good
6.49,2.53,3.5,12.28,9.83,13.44,20.29,14.91,5.86,52.5,33.5,2,good
6.49,2.57,3.47,12.38,9.98,13.76,18.69,16.74,5.73,50.5,33.5,2,good
6.6,2.56,3.45,12.48,9.94,12.91,17.42,14.85,5.81,50.4,33.5,2,good
6.49,2.47,3.36,12.14,8.67,12.25,16.95,14.37,5.81,53.7,33.5,2,good
6.49,2.47,3.52,12.28,8.94,12.65,18.43,17.39,5.81,54.8,33.5,2,good
6.36,2.54,3.43,11.85,9.15,12.6,20.39,16.19,5.86,56.8,33.5,2,good
6.26,2.44,3.38,11.76,8.8,12.3,19.52,15.22,5.86,57.7,33.5,2,good
6.23,2.5,3.38,11.76,8.87,12.35,18.0,15.53,5.78,57.4,33.5,2,good
6.23,2.5,3.4,11.62,9.3,12.6,17.18,13.97,5.95,57.6,33.5,2,good
6.21,2.36,3.4,11.67,7.77,12.55,16.64,14.2,6.08,57.1,33.5,2,good
6.36,2.54,3.41,11.95,9.37,12.96,20.09,16.67,6.18,57.2,33.5,2,good
6.31,2.5,2.5,11.99,9.12,12.11,17.34,17.17,5.93,56.9,33.5,2,good
6.28,2.5,3.4,11.85,9.12,12.6,21.33,15.47,6.21,57.4,33.5,2,good
6.28,2.47,3.22,11.81,9.3,12.25,19.42,17.17,6.05,57.6,33.5,2,good
6.15,2.47,3.41,11.71,10.1,12.11,26.39,15.03,5.81,57.4,33.4,2,good
6.1,2.45,3.38,11.53,8.7,11.73,16.79,13.8,5.9,58.9,33.4,2,good
6.08,2.47,3.4,11.58,8.87,12.16,17.03,16.26,5.81,58.9,33.4,2,good
6.08,2.48,3.33,11.35,8.67,11.69,17.67,14.14,5.81,59.3,33.4,2,good
6.08,2.47,3.57,11.4,9.41,12.01,16.72,14.55,5.78,59.6,33.4,2,good
6.13,2.48,3.45,11.62,9.41,12.21,18.08,13.58,5.95,57.5,33.4,2,good
6.18,2.47,3.45,11.58,9.41,12.21,16.72,13.8,5.9,57.2,33.4,2,good
6.08,2.5,3.38,11.44,9.15,12.16,20.7,14.03,5.76,59.3,33.4,2,good
6.21,2.47,3.43,11.67,9.08,12.01,17.91,14.08,5.95,59.2,33.4,2,good
6.21,2.48,3.4,11.62,9.45,12.16,22.56,16.53,5.98,59.4,33.3,2,good
6.08,2.5,3.59,12.28,9.37,12.45,20.91,14.97,5.9,60.2,33.3,2,good
6.13,2.53,3.43,11.62,10.1,12.6,21.88,16.33,5.81,59.7,33.3,2,good
6.21,2.54,3.45,11.71,9.67,12.8,20.6,16.46,6.0,60.8,33.3,2,good
6.23,2.53,3.38,11.71,8.8,11.5,18.43,14.2,5.81,59.5,33.3,2,good
6.21,2.45,3.41,11.76,9.01,11.78,20.7,15.15,5.93,57.9,33.3,2,good
6.18,2.47,3.43,11.71,9.01,12.25,16.2,14.97,5.9,59.9,33.3,2,good
6.1,2.44,3.28,11.4,8.87,12.55,22.92,15.41,5.78,58.7,33.2,2,good
6.05,2.47,3.36,11.31,9.01,11.97,22.56,13.58,5.78,60.1,33.2,2,good
6.08,2.44,3.33,11.44,9.23,11.55,19.8,13.53,5.98,59.1,33.2,2,good
6.08,2.44,3.29,11.22,7.95,10.97,15.98,13.0,5.78,59.2,33.2,2,good
5.98,2.42,3.31,11.22,8.24,11.5,15.91,12.89,5.83,59.6,33.2,2,good
6.0,2.42,3.29,11.09,8.27,11.15,20.8,13.15,5.71,60.4,33.2,2,good
5.93,2.41,3.31,11.13,8.63,11.32,16.49,13.97,5.78,61.6,33.2,2,good
5.8,2.45,3.31,11.04,9.01,11.55,17.58,15.09,5.78,62.3,33.2,2,good
6.03,2.47,3.33,11.26,9.37,11.97,21.33,14.97,5.81,62.1,33.2,2,good
6.03,2.45,3.31,11.31,10.06,11.82,22.33,16.81,5.93,61.8,33.2,2,good
6.05,2.44,3.33,11.49,8.77,11.5,16.49,15.53,6.03,61.7,33.2,2,good
6.08,2.44,3.31,11.31,8.5,11.41,20.0,14.91,5.95,59.6,33.2,2,good
5.98,2.45,3.35,11.31,9.01,11.73,20.6,15.28,5.81,62.0,33.2,2,good
6.03,2.47,3.35,11.31,9.45,11.69,17.18,14.31,5.93,61.5,33.2,2,good
5.98,2.41,3.28,11.22,8.4,11.01,18.87,14.43,5.86,61.5,33.1,2,good
6.05,2.47,3.35,11.31,8.7,11.41,19.42,13.53,5.9,62.5,33.1,2,good
5.88,2.41,3.28,11.04,8.67,11.19,20.91,14.2,5.88,62.1,33.1,2,good
5.9,2.38,3.26,10.87,7.98,10.93,19.42,12.84,5.81,62.5,33.1,2,good
5.93,2.42,3.28,10.91,8.4,10.76,16.95,13.86,5.81,63.3,33.1,2,good
5.83,2.41,3.24,10.91,8.3,10.72,15.98,13.47,5.78,63.1,33.1,2,good
5.85,2.41,3.26,10.87,8.63,10.93,15.98,13.1,5.81,62.2,33.1,2,good
5.88,2.41,3.26,10.83,8.46,10.93,17.75,13.91,5.69,61.8,33.1,2,good
5.95,2.44,3.29,11.0,9.08,11.41,16.34,14.2,5.78,63.1,33.1,2,good
6.05,2.44,3.22,11.04,9.19,11.06,17.91,14.31,5.81,59.2,33.1,2,good
6.0,2.42,3.24,11.22,8.4,10.47,16.87,13.1,5.78,60.0,33.0,2,good
6.03,2.41,3.26,11.09,8.05,10.67,14.83,13.58,5.83,60.3,33.1,2,good
6.03,2.41,3.26,11.17,8.94,10.97,15.49,14.31,5.81,61.1,33.0,2,good
6.03,2.39,3.29,11.26,8.8,11.23,19.23,13.53,5.83,61.7,33.0,2,good
6.03,2.44,3.26,11.04,8.91,11.06,21.01,14.79,5.86,62.1,33.0,2,good
5.98,2.42,3.24,11.13,8.77,11.06,21.44,14.49,5.78,62.9,33.0,2,good
6.0,2.42,3.26,11.0,9.01,11.28,17.75,14.37,5.76,62.4,33.0,2,good
5.98,2.38,3.26,10.87,8.53,10.67,18.69,14.49,5.81,63.0,33.1,2,good
5.93,2.39,3.21,10.87,7.89,10.47,15.35,14.31,5.76,61.2,33.0,2,good
5.95,2.38,2.91,10.87,8.14,10.76,18.34,14.26,5.81,62.8,33.0,2,good
5.93,2.42,2.72,10.83,8.4,10.63,16.72,14.2,5.57,62.7,33.0,2,good
6.0,2.36,2.7,10.7,8.2,10.18,16.27,13.75,5.81,62.8,33.0,2,good
5.93,2.35,2.81,10.87,7.77,10.39,15.63,14.2,5.93,61.4,33.0,2,good
5.95,2.36,2.88,10.74,8.24,10.3,15.42,14.31,5.83,61.7,33.0,2,good
5.93,2.39,3.01,10.66,8.37,10.51,15.98,13.97,5.76,63.3,33.0,2,good
5.95,2.35,3.22,10.91,8.43,10.63,15.42,14.03,5.98,64.0,33.0,2,good
5.98,2.36,3.35,10.91,8.43,10.63,16.57,12.39,5.95,64.7,33.0,2,good
5.98,2.42,3.31,10.79,8.14,10.3,18.96,12.0,6.0,65.4,33.0,2,good
5.98,2.36,3.31,10.79,8.24,10.34,19.9,12.34,5.95,65.9,33.0,2,good
5.88,2.38,3.28,10.66,7.92,10.22,19.8,12.94,5.86,66.5,33.0,2,good
6.0,2.38,3.31,10.96,7.98,10.47,15.63,13.86,5.78,66.5,33.0,2,good
5.98,2.42,2.32,11.04,7.86,10.22,19.52,13.15,5.86,61.2,33.0,2,good
6.05,2.38,2.36,11.0,8.33,10.3,19.42,14.26,5.81,63.0,33.0,2,good
6.03,2.38,3.21,11.09,8.87,10.8,18.0,12.64,5.9,61.9,33.0,2,good
6.03,2.36,3.07,11.09,8.33,10.43,16.42,13.69,5.95,63.2,33.0,2,good
6.08,2.36,3.11,11.13,8.56,10.51,16.2,13.64,5.93,61.4,33.0,2,good
6.18,2.42,3.12,11.13,8.77,10.72,16.05,13.86,5.93,59.8,33.0,2,good
6.23,2.39,3.14,11.31,8.84,11.15,15.77,13.69,6.0,59.6,33.0,2,good
6.33,2.41,3.12,11.44,9.52,11.23,16.34,15.09,5.98,57.7,33.0,2,good
6.33,2.41,3.14,11.44,8.91,10.76,17.83,12.59,6.03,57.3,33.0,2,good
6.31,2.44,3.12,11.35,9.01,10.72,15.91,14.26,5.93,59.3,33.0,2,good
6.26,2.39,3.11,11.26,8.56,10.47,14.89,15.34,5.93,60.5,33.0,2,good
6.21,2.38,3.12,11.13,8.56,10.34,17.83,14.61,5.98,62.2,33.0,2,good
6.26,2.44,3.12,11.17,8.3,10.43,16.12,12.69,6.0,62.9,33.0,2,good
6.31,2.42,3.12,11.4,8.46,10.39,18.78,13.31,6.03,58.7,33.0,2,good
6.28,2.38,3.11,11.4,8.87,10.63,19.23,14.37,5.95,59.2,33.0,2,good
6.28,2.41,3.11,11.4,7.71,10.18,15.09,13.47,6.08,58.7,33.0,2,good
6.31,2.42,3.12,11.31,8.87,10.72,18.51,13.86,5.95,60.0,33.0,2,good
6.31,2.38,3.11,11.44,8.6,10.14,14.89,14.49,5.93,58.9,33.0,2,good
6.31,2.39,3.14,11.35,8.7,10.47,17.67,13.97,5.95,59.2,32.9,2,good
6.28,2.39,3.12,11.13,8.91,10.39,19.8,14.79,5.83,61.2,33.0,2,good
6.23,2.39,3.11,11.09,8.4,10.47,15.63,13.42,5.93,62.5,33.0,2,good
6.28,2.39,3.14,11.22,8.7,10.59,15.77,13.64,5.95,62.5,33.0,2,good
6.31,2.41,3.11,11.4,9.52,10.55,20.91,13.47,5.83,58.5,33.0,2,good
6.47,2.44,3.12,11.58,9.34,10.47,19.71,14.85,5.86,55.7,32.9,2,good
6.49,2.41,3.16,11.67,9.19,10.47,17.75,14.08,5.83,56.8,33.0,2,good
6.41,2.42,3.11,11.49,9.63,11.19,14.96,14.03,5.83,57.1,33.0,2,good
6.44,2.44,3.09,11.58,9.19,10.34,16.87,14.26,5.88,58.0,32.9,2,good
6.39,2.39,3.11,11.44,9.12,9.99,15.35,13.86,6.05,56.7,32.9,2,good
6.28,2.36,3.11,11.09,8.5,9.72,14.96,13.21,5.98,58.4,32.9,2,good
6.33,2.36,3.06,11.26,8.37,9.53,18.6,14.08,5.88,57.1,32.9,2,good
6.23,2.38,3.04,11.13,8.05,9.27,14.57,12.39,5.73,57.4,33.0,2,good
6.15,2.35,3.04,10.96,8.17,9.6,16.87,13.75,5.69,59.3,33.0,2,good
6.15,2.36,3.07,10.74,7.92,9.45,14.76,12.69,5.71,60.4,33.0,2,good
6.0,2.36,3.06,10.62,8.27,9.57,14.83,12.64,5.83,60.9,32.9,2,good
6.0,2.36,3.06,10.49,8.17,9.45,15.42,13.1,5.64,61.9,32.9,2,good
6.0,2.38,3.06,10.54,7.92,9.27,13.66,11.58,5.9,61.5,32.9,2,good
6.0,2.39,3.06,10.62,8.08,9.2,18.6,12.05,5.78,60.3,32.9,2,good
6.03,2.35,3.07,10.66,8.24,9.31,16.79,11.91,5.57,59.9,32.9,2,good
6.08,2.39,3.06,10.58,8.94,9.49,17.83,12.94,6.1,59.2,32.9,2,good
6.0,2.36,3.04,10.62,8.53,9.38,14.7,13.0,5.86,60.8,33.0,2,good
6.0,2.38,3.06,10.41,8.24,9.02,16.57,12.44,5.95,61.0,32.9,2,good
6.05,2.41,3.06,10.54,8.37,9.09,16.87,12.69,5.98,62.6,32.9,2,good
5.98,2.35,3.04,10.49,7.98,8.78,17.67,11.68,5.76,62.5,32.9,2,good
5.95,2.36,3.07,10.49,8.27,9.16,14.51,12.29,5.81,63.7,32.9,2,good
5.93,2.33,3.04,10.41,8.4,9.24,14.08,13.47,5.66,62.8,32.9,2,good
6.0,2.35,3.04,10.41,8.33,8.74,16.57,12.89,5.71,60.0,32.9,2,good
5.93,2.32,3.02,10.49,8.3,8.99,14.51,11.91,5.78,61.6,32.9,2,good
6.05,2.39,3.07,10.62,8.77,9.31,14.38,11.81,5.83,58.9,32.9,2,good
6.05,2.39,3.06,10.58,8.73,9.02,14.44,11.58,5.64,59.1,32.9,2,good
6.03,2.41,3.07,10.49,8.46,8.78,15.63,11.31,5.83,61.0,32.9,2,good
6.0,2.33,3.04,10.21,7.21,8.37,16.87,10.42,5.78,62.6,32.9,2,good
5.98,2.33,3.06,10.33,8.3,8.81,16.64,11.18,5.83,61.8,32.9,2,good
6.05,2.41,3.07,10.66,7.98,8.47,16.49,11.81,5.88,61.8,32.9,2,good
6.0,1.74,3.04,10.66,8.2,8.71,13.66,12.0,5.66,57.6,32.9,2,good
6.05,2.39,3.04,10.62,8.63,8.92,14.32,12.15,5.76,59.6,32.9,2,good
6.03,2.42,3.06,10.62,8.14,8.47,16.12,11.4,5.78,61.5,32.9,2,good
6.0,2.38,3.07,10.49,8.37,8.74,15.7,12.64,5.76,62.4,32.9,2,good
5.98,2.39,3.09,10.41,8.73,8.88,15.77,11.05,6.16,63.1,32.9,2,good
5.95,2.42,3.07,10.29,8.6,8.99,13.37,14.26,6.0,64.2,32.9,2,good
5.88,2.36,3.07,10.13,8.4,8.41,13.96,11.63,6.05,64.9,32.9,2,good
5.8,2.32,3.02,9.97,8.08,7.96,15.63,11.09,5.76,65.5,32.9,2,good
5.85,2.38,3.04,9.86,8.27,8.24,14.14,10.58,5.71,65.1,32.9,2,good
5.85,2.35,3.04,10.05,8.37,8.15,13.66,10.92,5.61,62.5,32.9,2,good
5.93,2.44,3.06,10.25,8.8,8.47,16.49,11.68,5.57,60.2,32.9,2,good
6.08,2.41,3.07,10.54,9.23,8.67,15.77,11.45,5.59,58.1,32.9,2,good
6.08,2.39,3.06,10.66,8.46,7.93,15.42,10.22,5.81,56.2,33.0,2,good
6.05,2.35,3.04,10.49,8.27,8.08,15.22,11.86,5.66,58.9,32.9,2,good
6.03,2.36,3.06,10.41,8.63,8.15,16.79,11.27,5.98,60.0,32.9,2,good
6.03,2.41,3.06,10.37,8.3,8.08,15.56,11.63,5.86,59.9,32.9,2,good
5.98,2.41,3.07,10.33,7.59,7.86,15.09,11.54,5.93,61.3,32.9,2,good
6.0,2.33,3.06,10.17,7.89,7.56,16.05,10.58,5.81,61.1,32.9,2,good
5.93,2.33,3.04,10.01,8.05,7.65,12.99,10.34,5.76,61.6,32.9,2,good
6.03,2.36,3.07,10.29,8.2,7.93,14.38,10.14,5.78,64.0,32.9,2,good
6.05,2.33,3.09,10.41,8.46,7.83,15.91,11.63,5.73,61.7,32.9,2,good
6.05,2.41,3.09,10.41,8.6,7.89,15.84,11.58,5.86,59.5,32.9,2,good
6.0,2.39,3.07,10.13,8.24,7.56,12.51,10.88,5.83,62.0,32.9,2,good
6.0,2.36,3.06,10.13,8.08,7.74,12.4,10.67,5.71,64.1,32.9,2,good
5.95,2.38,3.09,10.05,8.27,7.77,15.63,11.54,5.73,62.9,32.9,2,good
5.78,2.3,3.04,9.86,8.2,7.5,12.15,10.1,5.66,64.2,32.9,2,good
5.83,2.32,3.06,9.67,8.05,7.21,15.35,10.79,5.69,65.3,32.9,2,good
5.76,2.3,3.04,9.74,8.53,7.21,12.4,11.09,5.66,64.8,32.9,2,good
5.76,2.33,3.02,9.55,8.24,7.35,14.51,10.5,5.66,65.0,32.9,2,good
5.76,2.36,3.04,9.78,7.98,7.41,13.04,10.3,5.66,65.7,33.0,2,good
5.85,2.38,3.06,9.97,8.5,7.53,13.96,10.84,5.59,61.6,32.9,2,good
5.88,2.36,3.06,9.82,8.43,7.38,16.05,9.83,5.93,62.5,33.0,2,good
5.85,2.3,3.02,9.7,8.6,7.23,14.26,11.18,5.88,63.1,32.9,2,good
5.88,2.32,3.06,9.78,8.37,7.15,12.51,10.14,5.98,64.3,32.9,2,good
5.9,2.33,3.06,9.78,8.17,7.26,13.43,10.58,5.88,63.9,32.9,2,good
5.9,2.32,3.06,9.82,8.7,7.29,15.84,11.09,5.73,65.0,33.0,2,good
5.78,2.3,3.07,9.67,8.05,6.81,13.54,10.26,5.83,65.1,32.9,2,good
5.66,2.3,3.04,9.48,7.71,6.7,12.2,10.14,5.76,66.5,32.9,2,good
5.68,2.3,3.06,9.41,7.8,6.73,12.35,9.23,5.69,66.7,32.9,2,good
5.68,2.32,3.04,9.33,7.98,6.79,13.96,9.94,5.66,67.5,32.9,2,good
5.73,2.33,3.02,9.52,8.46,6.81,12.2,10.96,5.64,66.4,33.0,2,good
5.76,2.35,3.04,9.59,8.53,6.84,12.2,9.71,5.88,66.9,32.9,2,good
5.66,2.32,3.02,9.41,8.5,6.9,11.71,9.86,5.78,68.1,32.9,2,good
5.68,2.32,3.01,9.48,7.92,6.6,13.78,9.75,5.43,68.1,32.9,2,good
5.71,2.33,2.99,9.63,8.33,6.87,11.56,9.67,5.83,64.9,32.9,2,good
5.66,2.29,2.97,9.48,8.43,6.62,12.25,9.75,5.73,64.8,32.9,2,good
5.73,2.29,2.99,9.67,8.6,6.76,12.25,9.79,5.86,65.7,33.0,2,good
5.76,2.29,2.99,9.7,8.14,6.46,12.1,9.3,5.73,62.2,32.9,2,good
5.83,2.3,3.01,9.94,8.24,6.46,11.47,8.6,5.76,61.9,32.9,2,good
6.03,2.33,3.04,10.17,9.15,7.01,12.0,9.56,5.81,61.0,32.9,2,good
6.03,2.35,3.06,10.17,8.8,6.92,14.44,9.16,5.9,60.4,32.9,2,good
6.05,2.33,3.04,10.05,8.73,6.6,14.57,9.49,5.88,60.6,32.9,2,good
5.98,2.36,3.02,9.94,8.56,6.41,14.26,9.83,5.69,60.5,32.9,2,good
5.95,2.36,3.04,9.74,8.87,6.65,11.8,9.56,5.95,62.2,32.9,2,good
6.0,2.38,3.02,9.78,9.26,6.81,12.4,10.22,5.76,62.6,32.9,2,good
6.03,2.36,3.02,9.94,9.6,6.36,14.7,9.98,5.71,60.8,32.9,2,good
6.08,2.36,3.02,9.94,7.71,6.26,13.78,8.95,5.73,60.3,32.9,2,good
6.05,2.33,3.01,9.97,8.56,6.36,14.02,9.71,5.66,59.5,32.9,2,good
5.93,2.29,3.01,9.74,8.87,6.23,11.52,9.75,5.52,61.9,32.9,2,good
5.93,2.36,3.04,9.63,8.46,6.21,11.71,9.6,5.81,63.9,32.9,2,good
5.93,2.33,3.06,9.7,8.46,6.31,11.9,8.63,5.81,65.0,32.9,2,good
5.98,2.35,3.07,9.67,9.3,6.41,13.96,9.3,5.93,65.2,32.9,2,good
5.93,2.33,3.04,9.74,8.77,6.11,14.2,9.27,5.76,64.8,32.9,2,good
5.95,2.36,3.07,9.63,8.37,6.03,12.4,8.88,5.83,64.8,32.9,2,good
5.88,2.33,3.04,9.48,8.14,5.91,12.4,8.33,5.93,66.4,32.9,2,good
5.83,2.33,3.06,9.52,8.56,6.08,13.78,8.27,6.13,65.1,32.9,2,good
5.85,2.36,3.04,9.63,8.67,6.13,12.0,8.84,5.71,65.0,32.9,2,good
5.85,2.38,3.04,9.74,8.8,6.18,12.51,9.52,5.95,64.0,32.9,2,good
5.93,2.35,3.07,9.82,8.94,6.11,11.52,9.16,5.95,62.9,32.9,2,good
5.93,2.33,3.04,9.86,8.73,6.06,11.66,8.57,5.86,62.2,32.9,2,good
5.9,2.33,3.07,9.78,9.12,6.39,11.24,9.38,6.03,63.6,32.9,2,good
6.0,2.36,3.04,9.82,9.3,6.16,12.82,9.16,5.98,62.8,32.9,2,good
6.0,2.39,3.07,9.82,9.23,6.11,11.71,8.84,6.08,60.4,32.9,2,good
6.0,2.36,3.04,9.82,9.19,6.03,11.47,8.84,6.03,61.9,32.9,2,good
6.0,2.33,3.04,9.74,8.84,5.88,13.49,9.3,6.03,61.4,32.9,2,good
5.95,2.38,3.02,9.59,8.7,5.67,11.15,8.88,5.98,63.5,32.9,2,good
5.8,2.33,2.99,9.26,8.63,5.64,12.82,8.37,5.81,65.0,32.9,2,good
5.73,2.3,2.99,9.19,8.6,5.64,10.66,8.43,5.81,66.5,32.9,2,good
5.71,2.29,2.99,9.04,8.37,5.53,11.06,8.5,5.76,66.5,32.9,2,good
5.71,2.3,2.99,9.01,8.7,5.57,12.25,8.4,5.73,65.7,32.9,2,good
5.76,2.32,3.04,9.04,8.5,5.53,10.93,7.73,5.81,65.8,32.9,2,good
5.85,2.32,3.04,9.12,9.01,5.62,10.58,8.17,5.9,66.7,32.9,2,good
5.88,2.33,3.04,9.19,8.56,5.43,11.1,8.6,5.93,64.9,32.9,2,good
5.76,2.27,2.99,9.22,8.6,5.69,11.8,8.63,5.83,63.6,32.9,2,good
5.85,2.32,3.01,9.33,8.24,5.37,13.04,8.3,5.86,61.5,32.9,2,good
5.9,2.33,3.02,9.37,8.73,5.41,12.66,8.7,5.9,62.5,32.9,2,good
6.21,2.35,3.01,9.37,9.37,5.41,12.72,8.08,5.86,63.3,32.9,2,good
5.9,2.35,3.02,9.44,8.7,5.48,12.66,7.49,5.9,62.7,32.9,2,good
6.0,2.35,3.01,9.55,8.91,5.39,11.76,8.74,6.03,61.6,32.9,2,good
5.95,2.36,3.01,9.44,8.73,5.3,13.21,7.98,6.0,62.0,32.9,2,good
5.9,2.36,3.01,9.48,8.8,5.39,10.71,7.89,6.0,61.3,32.9,2,good
6.03,2.39,3.21,9.59,9.05,5.48,13.15,8.47,6.1,60.3,32.9,2,good
6.05,2.41,3.04,9.67,8.98,5.32,11.9,8.11,6.05,61.5,32.9,2,good
6.0,2.39,3.04,9.59,8.63,5.25,12.66,8.04,6.1,61.3,32.9,2,good
6.03,2.39,3.02,9.41,9.48,5.19,12.77,7.95,6.1,63.0,32.9,2,good
5.83,2.36,2.96,9.01,8.56,5.14,12.93,8.08,5.95,64.3,32.9,2,good
5.83,2.32,2.99,8.97,8.46,5.19,9.96,8.2,5.83,66.0,32.9,2,good
5.83,2.35,2.97,9.15,9.23,5.1,13.09,8.01,6.0,64.3,32.9,2,good
5.93,2.32,3.02,9.26,8.43,4.97,12.35,7.67,5.9,61.9,32.9,2,good
5.93,2.33,2.86,9.37,8.63,5.12,11.95,8.3,5.98,62.4,32.9,2,good
5.95,2.32,2.86,9.33,8.7,5.1,10.41,8.4,5.95,63.3,32.9,2,good
5.93,2.36,2.88,9.3,8.84,5.03,12.05,8.27,5.93,62.5,32.9,2,good
5.93,2.35,2.88,9.33,9.6,5.25,12.77,8.14,5.98,62.5,32.9,2,good
5.95,2.36,2.84,9.41,7.95,4.88,12.82,7.29,5.93,61.9,32.9,2,good
6.05,2.39,2.91,9.52,8.87,5.21,10.12,8.27,5.98,60.1,32.9,2,good
6.1,2.38,2.92,9.41,8.63,5.03,11.24,7.29,5.98,60.0,32.8,2,good
6.1,2.97,2.94,9.44,9.37,5.14,12.93,7.92,6.1,61.3,32.9,2,good
6.13,2.36,2.92,9.37,9.08,5.05,13.43,8.17,6.0,61.9,32.8,2,good
6.05,2.36,2.91,9.22,9.15,4.95,11.33,8.3,5.98,61.5,32.8,2,good
6.08,2.41,2.92,9.26,9.34,5.08,12.93,8.11,6.05,61.2,32.8,2,good
6.1,2.39,2.92,9.52,9.34,4.97,10.66,7.73,5.98,59.8,32.8,2,good
6.05,2.41,2.89,9.3,9.75,4.95,10.45,7.73,5.88,60.5,32.8,2,good
6.23,2.44,2.96,9.59,9.26,4.99,11.8,8.57,6.0,61.4,32.8,2,good
6.18,2.42,2.92,9.48,8.94,4.92,10.41,7.43,6.03,61.1,32.8,2,good
6.18,2.45,2.96,9.41,9.6,5.01,10.54,7.79,6.05,61.5,32.8,2,good
6.15,2.45,2.92,9.48,9.12,4.95,10.54,7.52,6.28,60.7,32.8,2,good
6.23,2.45,2.96,9.52,9.05,4.76,10.16,7.98,6.31,60.5,32.8,2,good
6.18,2.41,2.96,9.44,8.73,4.65,10.08,7.92,5.95,62.0,32.8,2,good
6.1,2.42,2.96,9.26,8.56,4.82,12.35,6.97,6.18,63.1,32.8,2,good
5.95,2.39,2.91,9.01,8.77,4.78,12.45,7.26,6.05,63.0,32.8,2,good
5.95,2.39,2.89,8.9,8.33,4.57,9.92,7.49,6.05,64.8,32.8,2,good
5.85,2.33,2.89,8.87,8.14,4.59,10.25,7.03,6.03,64.8,32.8,2,good
5.85,2.33,2.88,8.87,8.91,4.65,10.0,7.23,5.88,63.7,32.8,2,good
5.76,2.33,2.86,8.8,8.33,4.55,11.52,7.83,5.98,61.5,32.8,2,good
5.85,2.35,2.89,8.94,8.46,4.63,11.19,7.92,5.98,63.3,32.8,2,good
5.83,2.35,2.88,8.83,8.01,4.55,11.85,6.4,6.39,64.2,32.8,2,good
5.8,2.35,2.88,8.9,7.95,4.49,11.95,7.23,6.0,64.8,32.8,2,good
5.88,2.33,2.91,9.15,8.08,4.55,9.88,7.2,6.23,62.9,32.8,2,good
5.8,2.33,2.86,9.15,8.2,4.59,10.0,6.89,6.1,62.8,32.8,2,good
5.88,2.35,2.8,8.94,7.8,4.53,10.29,6.27,6.18,62.6,32.8,2,good
5.83,2.36,2.81,8.97,8.3,4.59,11.61,7.26,6.08,62.4,32.8,2,good
5.9,2.36,2.81,8.8,8.33,4.47,12.3,7.03,6.16,62.5,32.8,2,good
5.93,2.36,2.83,9.04,8.98,4.63,12.45,7.52,6.1,63.4,32.8,2,good
5.98,2.36,2.86,9.19,8.6,4.53,10.16,6.78,6.08,60.9,32.8,2,good
6.05,2.36,2.89,9.22,8.5,4.55,11.95,7.43,6.16,60.8,32.8,2,good
6.1,2.36,2.92,9.15,8.56,4.53,12.25,6.97,6.03,62.4,32.8,2,good
6.0,2.36,2.88,9.08,7.92,4.41,10.54,7.06,6.08,62.2,32.8,2,good
6.0,2.39,2.92,9.15,8.33,4.51,9.85,6.3,6.21,61.9,32.8,2,good
5.95,2.39,2.89,8.97,8.24,4.51,12.25,6.46,5.95,63.5,32.8,2,good
6.03,2.38,2.91,9.08,8.6,4.51,10.29,6.72,6.08,62.4,32.8,2,good
6.0,2.38,2.88,9.04,7.95,4.53,9.81,7.08,6.1,62.2,32.8,2,good
6.03,2.38,2.89,9.12,8.73,4.49,10.45,7.49,6.08,61.1,32.8,2,good
6.05,2.36,2.88,8.97,8.73,4.45,9.85,7.55,6.05,61.4,32.8,2,good
6.05,2.42,2.91,9.08,8.73,4.43,11.56,7.17,6.0,62.6,32.8,2,good
6.13,2.39,2.94,9.04,8.98,4.41,11.9,7.37,5.9,63.0,32.7,2,good
6.13,2.41,2.94,9.22,8.84,4.43,11.71,7.11,6.0,62.9,32.8,2,good
6.08,2.39,2.92,9.12,8.91,4.45,12.3,7.06,6.16,62.3,32.8,2,good
6.08,2.39,2.97,9.01,8.94,4.37,9.88,6.8,6.0,63.9,32.8,2,good
6.03,2.44,2.91,8.9,8.53,4.29,9.88,6.09,6.16,64.7,32.8,2,good
5.98,2.36,2.91,8.94,8.91,4.33,11.06,6.32,6.08,63.8,32.8,2,good
5.98,2.41,2.92,8.9,8.7,4.35,9.88,6.17,6.18,64.2,32.8,2,good
6.03,2.38,2.94,8.97,7.8,4.23,11.9,5.61,6.21,63.8,32.8,2,good
5.9,2.41,3.07,8.9,8.7,4.29,9.77,6.12,6.21,64.2,32.8,2,good
5.95,2.35,2.92,8.63,9.12,4.33,9.88,6.86,6.08,65.2,32.8,2,good
5.85,2.41,2.92,8.63,8.67,4.25,9.88,6.3,6.1,66.8,32.8,2,good
5.83,2.32,2.91,8.36,8.43,4.06,9.61,6.12,6.21,66.8,32.8,2,good
5.76,2.3,2.91,8.26,7.92,4.1,9.39,5.73,5.95,67.1,32.8,2,good
5.66,2.3,2.88,8.13,8.37,4.17,11.71,6.38,6.03,67.1,32.8,2,good
5.71,2.35,2.89,8.26,8.8,4.23,10.97,6.72,6.08,68.0,32.8,2,good
5.71,2.29,2.89,8.2,8.63,4.21,9.77,5.87,6.03,67.8,32.8,2,good
5.66,2.33,2.88,8.3,8.46,4.13,8.95,6.35,6.03,67.5,32.8,2,good
5.68,2.32,2.86,8.26,8.94,4.19,11.8,6.56,6.03,66.7,32.8,2,good
5.68,2.3,2.88,8.26,8.6,4.15,12.25,5.82,6.0,67.0,32.8,2,good
5.66,2.32,2.88,8.26,8.6,4.12,9.46,6.17,5.95,66.9,32.8,2,good
5.71,2.36,2.89,8.3,8.8,4.13,9.54,6.3,6.03,67.7,32.8,2,good
5.76,2.33,2.92,8.3,9.12,4.21,9.88,6.35,6.13,69.0,32.8,2,good
5.78,2.33,2.91,8.39,8.91,4.13,11.56,6.48,6.05,68.2,32.8,2,good
5.68,2.18,2.88,8.26,9.01,4.15,9.31,6.72,5.95,68.1,32.8,2,good
5.71,2.32,2.89,8.2,8.6,4.04,9.39,6.78,5.98,68.1,32.8,2,good
5.73,2.32,2.89,8.23,8.11,4.12,9.69,6.17,5.93,68.4,32.8,2,good
5.71,2.32,2.89,8.3,7.71,3.95,9.06,5.28,6.05,68.4,32.8,2,good
5.66,2.3,2.88,8.17,8.17,4.04,10.62,5.54,5.95,67.9,32.8,2,good
5.66,2.32,2.91,8.23,7.95,4.02,9.43,5.7,5.83,69.0,32.8,2,good
5.59,2.32,2.89,8.17,8.77,4.1,10.75,6.38,5.81,69.1,32.8,2,good
5.59,2.32,2.91,8.1,8.63,4.04,9.1,6.2,5.78,69.1,32.8,2,good
5.61,2.29,2.89,8.26,8.77,4.06,11.47,5.82,6.03,68.1,32.8,2,good
5.71,2.33,2.92,8.26,7.86,3.98,9.65,5.31,5.86,67.9,32.8,2,good
5.61,2.3,2.88,8.1,8.6,4.0,9.31,6.17,5.98,68.5,32.8,2,good
5.56,2.3,2.91,8.07,8.63,4.04,10.45,6.3,5.93,69.7,32.8,2,good
5.52,2.3,2.88,7.91,8.7,4.02,10.84,5.8,5.88,70.7,32.8,2,good
5.66,2.35,2.94,8.17,8.91,4.21,11.15,5.8,6.08,69.7,32.8,2,good
5.68,2.32,2.94,8.2,8.53,4.02,9.46,5.15,5.88,69.7,32.8,2,good
5.68,2.35,2.92,8.2,8.67,4.02,9.35,5.85,5.88,68.5,32.8,2,good
5.64,2.3,2.91,8.17,8.5,3.95,11.1,5.9,5.83,68.8,32.8,2,good
5.59,2.26,2.88,8.07,7.83,3.91,8.75,5.06,6.0,68.9,32.8,2,good
5.52,2.29,2.88,8.1,7.98,3.93,9.39,5.06,5.88,69.7,32.8,2,good
5.47,2.23,2.89,8.04,7.38,3.89,8.81,4.47,5.76,68.2,32.8,2,good
5.47,2.27,2.89,8.17,8.08,3.96,11.47,4.97,5.88,69.5,32.8,2,good
5.56,2.3,2.94,8.26,8.24,3.95,10.04,5.1,5.86,68.4,32.8,2,good
5.54,2.32,2.92,8.33,8.3,4.0,9.24,5.13,5.86,68.7,32.8,2,good
5.61,2.33,2.96,8.39,9.01,4.06,10.62,5.49,5.93,68.4,32.8,2,good
5.59,2.3,2.92,8.3,9.41,4.1,9.65,5.61,5.88,68.9,32.8,2,good
5.66,2.36,2.94,8.3,9.26,3.96,10.79,5.47,5.95,68.5,32.8,2,good
5.61,2.35,2.92,8.23,9.01,4.02,11.61,5.28,5.9,69.2,32.8,2,good
5.64,2.36,2.92,8.23,9.37,4.06,9.65,5.37,5.93,70.1,32.8,2,good
5.68,2.36,2.96,8.33,9.37,4.08,9.46,5.82,5.9,69.7,32.8,2,good
5.71,2.33,2.92,8.33,8.77,3.96,10.97,5.24,5.88,67.9,32.8,2,good
5.71,2.38,2.94,8.26,9.15,4.0,8.99,5.7,5.98,68.4,32.8,2,good
5.68,2.38,2.92,8.13,9.41,4.08,9.69,5.61,6.08,69.5,32.8,2,good
5.68,2.36,2.92,8.1,9.9,4.17,9.06,5.85,5.9,70.1,32.8,2,good
5.71,2.36,2.94,8.07,8.7,3.95,10.33,5.4,5.98,70.3,32.8,2,good
5.68,2.33,2.92,8.01,9.56,3.98,8.99,5.1,5.98,70.7,32.8,2,good
5.59,2.3,2.91,7.91,9.56,3.96,11.24,5.75,6.0,70.5,32.8,2,good
5.56,2.32,2.91,7.82,8.73,3.95,9.17,5.54,5.93,71.1,32.8,2,good
5.59,2.3,2.89,7.82,8.46,3.93,10.2,5.54,5.95,71.0,32.8,2,good
5.59,2.32,2.89,7.79,8.91,3.95,8.95,5.65,5.88,70.1,32.8,2,good
5.56,2.29,2.89,7.79,9.01,3.96,8.78,5.15,6.21,71.0,32.8,2,good
5.54,2.27,2.88,7.82,8.7,3.89,9.28,5.56,5.86,70.3,32.8,2,good
5.61,2.33,2.89,7.34,8.67,4.23,10.12,4.65,6.18,70.4,32.8,2,good
5.61,2.29,2.92,7.85,8.91,3.95,9.24,5.35,6.34,70.4,32.8,2,good
5.59,2.29,2.91,7.91,9.26,4.0,10.41,5.44,6.31,71.4,32.8,2,good
5.56,2.29,2.91,7.85,8.7,3.95,9.5,4.89,6.44,71.5,32.8,2,good
5.49,2.27,2.89,7.76,8.77,3.95,10.29,5.37,6.26,71.7,32.8,2,good
5.54,2.29,2.89,7.76,8.63,3.91,9.31,4.95,6.36,71.5,32.8,2,good
5.52,2.26,2.91,7.79,8.53,3.93,8.99,5.04,6.21,71.7,32.8,2,good
5.54,2.27,2.91,7.88,8.6,3.91,10.97,4.8,6.31,71.2,32.8,2,good
5.61,2.3,2.92,7.98,9.08,4.0,9.5,5.31,6.28,70.4,32.8,2,good
5.59,2.29,2.91,8.04,8.98,3.91,9.92,5.37,6.23,68.8,32.8,2,good
5.71,2.33,2.94,8.17,8.91,4.0,9.28,5.37,6.21,69.5,32.8,2,good
5.68,2.32,2.94,8.17,9.34,4.0,11.33,5.54,6.41,70.3,32.8,2,good
5.73,2.35,2.96,8.2,9.12,4.0,9.43,5.63,6.23,70.1,32.8,2,good
5.71,2.33,2.94,8.01,9.15,3.95,10.79,5.44,6.44,70.1,32.8,2,acceptable
5.59,2.3,2.91,7.94,8.01,3.82,10.66,4.49,6.34,71.0,32.8,2,acceptable
5.4,2.2,2.89,7.82,7.53,3.78,8.88,4.55,6.13,71.0,32.8,2,acceptable
5.35,2.2,2.89,7.76,7.65,3.82,9.73,4.59,6.16,72.2,32.8,2,acceptable
5.28,2.2,2.86,7.67,7.92,3.82,9.73,4.61,6.16,72.2,32.8,2,acceptable
5.33,2.2,2.81,7.7,8.01,3.82,10.88,4.49,5.98,71.5,32.8,2,acceptable
5.31,2.24,2.78,7.64,8.56,3.85,9.1,5.02,6.1,71.5,32.8,2,acceptable
5.42,2.26,3.09,7.82,8.37,3.93,10.71,4.47,6.16,72.3,32.8,2,acceptable
5.38,2.26,3.07,7.85,8.63,3.89,10.62,4.57,6.03,71.9,32.7,2,acceptable
5.47,2.27,3.11,7.91,8.84,3.89,11.01,4.76,6.16,71.7,32.8,2,acceptable
5.49,2.26,3.07,7.98,8.91,3.95,10.54,4.89,6.26,70.9,32.7,2,acceptable
5.54,2.29,3.04,7.88,8.67,3.85,10.93,4.51,6.18,70.3,32.8,2,acceptable
5.54,2.26,3.06,7.88,8.87,3.87,9.69,4.82,6.18,70.0,32.7,2,acceptable
5.54,2.27,3.06,7.82,8.63,3.85,9.1,4.76,6.23,70.8,32.8,2,acceptable
5.47,2.23,3.06,7.7,8.46,3.82,9.54,4.65,6.21,71.5,32.8,2,acceptable
5.42,2.24,3.06,7.7,8.63,3.84,9.92,4.41,6.34,71.7,32.7,2,acceptable
5.54,2.3,3.07,7.85,8.87,3.89,9.1,4.82,6.36,70.9,32.7,2,acceptable
5.59,2.3,3.09,7.88,9.01,3.87,9.5,4.8,6.39,70.1,32.7,2,acceptable
5.26,2.32,3.28,7.98,8.98,3.93,8.78,5.13,6.44,70.4,32.7,2,acceptable
5.59,2.27,3.07,7.91,8.94,3.85,9.1,4.59,6.36,70.7,32.7,2,acceptable
5.56,2.26,3.09,7.94,9.05,3.93,10.93,4.76,6.28,71.3,32.7,2,acceptable
5.59,2.29,3.07,7.98,8.2,3.84,8.95,4.55,6.31,70.3,32.7,2,acceptable
5.54,2.26,3.06,7.79,8.6,3.78,10.37,4.37,6.34,69.6,32.7,2,acceptable
5.49,2.24,3.04,7.79,8.33,3.8,8.88,4.31,6.05,70.7,32.7,2,acceptable
5.52,2.23,3.06,7.85,8.77,3.89,8.71,4.74,6.0,70.5,32.7,2,acceptable
5.54,2.27,3.07,7.85,8.91,3.85,9.17,4.57,6.26,70.7,32.7,2,acceptable
5.66,2.32,3.09,7.98,9.08,3.91,8.78,4.74,6.28,71.6,32.7,2,acceptable
5.66,2.32,3.11,8.17,9.83,3.89,10.33,4.8,6.23,69.7,32.7,2,acceptable
5.71,2.29,3.11,8.17,9.01,3.91,9.69,4.76,6.23,68.2,32.7,2,acceptable
5.64,2.32,3.07,8.07,8.94,3.87,8.95,4.63,6.03,69.0,32.7,2,acceptable
5.66,2.3,3.04,7.94,9.01,3.8,8.92,4.97,6.08,68.9,32.7,2,acceptable
5.61,2.26,3.04,7.98,8.43,3.84,10.58,4.65,6.1,68.3,32.7,2,acceptable
5.59,2.27,3.06,7.88,8.8,3.84,10.29,4.65,6.1,69.0,32.7,2,acceptable
5.66,2.3,3.07,8.1,8.6,3.8,8.99,4.57,6.31,68.8,32.7,2,acceptable
5.71,2.32,3.09,8.17,9.26,3.87,9.17,4.78,6.23,68.3,32.7,2,acceptable
5.68,2.3,3.09,8.07,8.8,3.85,9.06,4.51,6.18,67.9,32.7,2,acceptable
5.71,2.27,3.11,8.01,8.7,3.85,8.92,4.61,6.18,68.9,32.7,2,acceptable
5.66,2.27,3.09,7.98,8.6,3.84,8.85,4.45,6.23,69.0,32.7,2,acceptable
5.64,2.27,3.07,8.01,8.8,3.85,10.0,4.57,6.21,68.2,32.6,2,acceptable
5.71,2.3,3.07,8.1,8.84,3.82,10.04,4.87,6.31,67.1,32.6,2,acceptable
5.78,2.27,3.11,8.3,8.7,3.85,9.02,4.61,6.31,65.1,32.6,2,acceptable
5.8,2.3,3.11,8.3,8.5,3.87,10.25,4.65,6.39,65.4,32.6,2,acceptable
5.73,2.29,3.09,8.1,8.17,3.85,10.41,4.45,6.13,65.8,32.6,2,acceptable
5.71,2.3,3.11,8.07,8.6,3.82,8.99,4.57,5.83,66.6,32.6,2,acceptable
5.73,2.29,3.11,7.98,7.89,3.8,10.93,3.91,5.71,66.9,32.6,2,acceptable
5.78,2.32,3.12,8.26,8.67,3.87,9.24,4.53,5.66,66.7,32.6,2,acceptable
5.8,2.33,3.14,8.36,8.98,3.89,9.28,4.55,5.64,64.8,32.6,2,acceptable
5.88,2.29,3.14,8.43,9.15,3.91,10.45,4.61,5.54,64.6,32.6,2,acceptable
5.98,2.3,3.17,8.49,9.12,3.91,8.88,4.59,5.78,64.7,32.6,2,acceptable
5.9,2.35,3.14,8.46,9.01,3.93,9.2,4.53,5.76,62.4,32.5,2,acceptable
5.9,2.3,3.16,8.33,9.15,3.96,10.2,4.89,5.76,64.9,32.5,2,acceptable
5.93,2.3,3.16,8.17,8.3,3.85,11.19,4.7,5.66,66.0,32.5,2,acceptable
5.9,2.33,3.16,8.2,8.63,3.89,10.45,4.29,5.78,66.1,32.5,2,acceptable
5.9,2.3,3.14,8.43,8.53,3.91,9.28,4.31,5.86,64.0,32.5,2,acceptable
5.98,2.33,3.17,8.46,8.3,3.93,9.2,4.43,5.73,62.2,32.5,2,acceptable
5.9,2.33,3.17,8.33,8.33,3.93,9.31,4.45,5.9,63.4,32.5,2,acceptable
5.93,2.33,3.16,8.23,8.7,3.95,10.45,4.63,5.64,65.0,32.5,2,acceptable
5.95,2.33,3.19,8.23,8.7,3.93,10.0,4.27,5.83,65.2,32.5,2,acceptable
5.98,2.32,3.19,8.3,9.19,3.95,11.38,5.1,5.73,63.5,32.5,2,acceptable
5.98,2.32,3.19,8.3,8.5,3.85,9.58,4.11,5.81,63.2,32.4,2,acceptable
6.0,2.29,3.17,8.39,8.56,3.91,9.35,4.31,5.5,62.8,32.4,2,acceptable
5.93,2.32,3.19,8.36,8.5,3.89,10.93,4.37,5.66,63.3,32.4,2,acceptable
5.88,2.3,3.16,8.13,8.5,3.89,11.33,4.21,5.64,65.2,32.5,2,acceptable
5.93,2.36,2.23,8.1,8.56,3.95,10.79,4.37,5.73,65.2,32.4,2,acceptable
5.95,2.29,3.19,8.23,8.37,3.93,9.43,4.51,5.78,63.8,32.4,2,acceptable
5.95,2.33,3.16,8.2,8.67,3.95,9.54,4.47,5.73,63.6,32.5,2,acceptable
5.9,2.33,3.16,8.1,8.46,3.91,10.66,4.49,5.69,64.1,32.4,2,acceptable
5.98,2.32,3.19,8.26,8.7,3.95,9.17,4.31,5.64,64.2,32.4,2,acceptable
5.9,2.35,3.17,8.2,8.7,3.93,8.85,4.37,5.73,64.1,32.4,2,acceptable
5.95,2.32,3.21,8.36,8.67,3.96,10.66,4.43,5.76,63.8,32.4,2,acceptable
5.95,2.36,3.19,8.33,8.63,3.96,10.84,4.37,5.71,62.8,32.4,2,acceptable
6.03,2.3,3.19,8.36,8.91,3.98,9.31,4.8,5.83,63.6,32.4,2,acceptable
5.95,2.35,3.17,8.23,7.01,3.89,9.13,4.06,5.78,62.8,32.4,2,acceptable
5.85,2.32,3.17,8.2,7.35,3.87,10.29,3.87,5.86,63.5,32.4,2,acceptable
5.35,2.29,3.35,8.13,7.74,3.85,10.49,4.09,5.83,64.3,32.4,2,acceptable
5.78,2.3,3.17,8.07,7.98,3.89,9.17,4.06,5.71,63.8,32.3,2,acceptable
5.76,2.26,3.19,8.01,8.4,3.87,10.97,3.81,5.69,64.3,32.4,2,acceptable
5.76,2.29,3.21,8.07,8.3,3.87,11.01,4.31,5.66,64.3,32.4,2,acceptable
5.71,2.3,3.19,8.01,7.68,3.89,10.58,3.98,5.78,63.5,32.3,2,acceptable
5.71,2.27,3.17,7.88,7.92,3.95,11.06,3.98,5.5,65.2,32.4,2,acceptable
5.66,2.27,3.17,7.73,7.83,3.82,9.54,4.0,5.54,66.1,32.3,2,acceptable
5.49,2.26,3.14,7.58,8.01,3.82,10.97,3.96,5.5,66.1,32.3,2,acceptable
5.54,2.24,3.16,7.54,7.92,3.78,8.92,3.81,5.45,67.8,32.3,2,acceptable
5.52,2.24,3.12,7.64,8.14,3.8,9.61,4.13,5.45,65.6,32.3,2,acceptable
5.64,2.78,3.16,7.88,8.05,3.8,9.13,4.27,5.5,63.9,32.3,2,acceptable
5.56,2.21,3.16,7.79,7.95,3.84,9.81,4.02,5.54,64.3,32.3,2,acceptable
5.56,2.27,3.16,7.79,7.98,3.85,10.0,3.98,5.52,64.3,32.3,2,acceptable
5.68,2.23,3.16,7.82,7.98,3.85,8.75,4.06,5.54,63.8,32.3,2,acceptable
5.64,2.27,3.16,7.76,8.24,3.85,9.77,4.08,5.59,64.0,32.4,2,acceptable
5.66,2.27,3.17,7.64,8.05,3.85,8.92,4.11,5.54,65.0,32.3,2,acceptable
5.66,2.26,3.14,7.64,8.11,3.84,9.2,4.41,5.47,66.2,32.3,2,acceptable
5.64,2.27,3.14,7.73,8.11,3.85,10.0,4.02,5.57,64.1,32.3,2,acceptable
5.66,2.27,3.17,7.94,8.3,3.87,9.58,4.45,5.43,63.9,32.3,2,acceptable
5.76,2.29,3.16,8.01,8.4,3.91,9.81,4.47,5.59,62.3,32.3,2,acceptable
5.78,2.23,3.16,8.01,8.43,3.93,10.58,4.08,5.61,61.6,32.3,2,acceptable
5.85,2.3,3.16,8.04,8.56,3.93,9.88,4.49,5.61,62.4,32.3,2,acceptable
5.85,2.27,3.17,8.04,8.37,3.93,10.16,4.23,5.57,62.6,32.3,2,acceptable
5.85,2.27,3.17,8.01,8.67,3.95,9.31,4.63,5.57,62.1,32.3,2,acceptable
5.85,2.3,3.16,7.98,8.46,3.91,9.06,4.27,5.54,63.0,32.3,2,acceptable
5.9,2.33,3.19,7.94,8.6,3.95,11.19,4.41,5.5,62.0,32.3,2,acceptable
5.85,2.26,3.16,7.88,8.11,3.89,10.58,4.35,5.76,62.8,32.2,2,acceptable
5.83,2.24,3.16,7.94,8.6,3.93,10.41,4.27,5.78,61.9,32.2,2,acceptable
5.95,2.26,3.17,8.13,8.37,3.95,11.15,4.15,5.61,62.7,32.2,2,acceptable
5.93,2.27,3.16,8.23,8.01,3.96,9.81,3.74,5.57,59.8,32.2,2,acceptable
5.95,2.26,3.17,8.13,7.77,3.98,9.2,3.92,5.45,60.0,32.2,2,acceptable
5.98,2.3,2.86,8.07,8.33,4.0,9.85,4.19,5.76,61.9,32.2,2,acceptable
5.85,2.29,3.19,7.91,8.27,4.06,9.54,4.7,5.59,61.7,32.2,2,acceptable
5.83,2.3,3.19,7.7,7.89,3.96,9.2,4.25,5.76,64.8,32.2,2,acceptable
5.8,2.26,3.19,7.73,7.56,3.96,9.1,3.67,5.88,65.1,32.2,2,acceptable
5.71,2.26,3.16,7.76,8.24,3.98,10.0,4.0,5.61,63.4,32.2,2,acceptable
5.76,2.26,3.14,7.79,8.46,4.0,11.19,4.35,5.76,62.6,32.2,2,acceptable
5.8,2.27,3.16,7.85,8.3,4.0,10.54,4.0,5.66,63.5,32.2,2,acceptable
5.8,2.27,3.16,7.94,8.17,4.02,8.99,4.11,5.4,62.3,32.1,2,acceptable
5.93,2.3,3.17,8.1,8.43,4.12,9.24,4.15,5.61,60.6,32.2,2,acceptable
5.88,2.27,3.21,8.04,8.24,4.1,9.58,4.0,5.66,61.3,32.2,2,acceptable
5.8,2.3,3.21,7.76,8.17,4.12,9.65,3.87,5.73,63.8,32.2,2,acceptable
5.68,2.24,3.19,7.64,7.83,4.08,9.17,3.87,5.66,65.1,32.2,2,acceptable
5.61,2.23,3.14,7.64,8.05,4.02,10.71,3.98,5.61,64.3,32.2,2,acceptable
5.68,2.24,3.17,7.73,7.95,4.06,9.31,3.85,5.45,63.3,32.2,2,acceptable
5.76,2.27,3.16,7.73,7.98,4.08,9.28,4.39,5.52,62.5,32.1,2,acceptable
5.66,2.27,3.16,7.58,8.14,4.13,8.81,3.92,5.57,64.4,32.2,2,acceptable
5.61,2.26,3.14,7.49,8.53,4.08,10.66,3.87,5.71,65.7,32.2,2,acceptable
5.66,2.27,3.16,7.67,8.01,4.06,9.17,3.98,5.57,65.4,32.1,2,acceptable
5.64,2.29,3.14,7.85,8.37,4.12,10.0,3.79,5.61,63.1,32.1,2,acceptable
5.73,2.3,3.16,7.98,8.2,4.12,9.54,3.78,5.78,61.8,32.1,2,acceptable
5.73,2.3,3.17,8.04,8.24,4.12,10.62,3.78,6.49,62.5,32.2,2,acceptable
5.76,2.29,3.19,8.04,8.3,4.15,9.31,3.96,6.52,62.9,32.2,2,acceptable
5.59,2.27,3.16,7.91,8.24,4.15,11.01,3.89,6.44,62.9,32.1,2,acceptable
5.73,2.26,3.21,7.88,8.46,4.12,10.93,4.35,6.55,64.2,32.2,2,acceptable
5.73,2.26,3.21,7.88,8.43,4.13,9.2,4.08,6.49,63.6,32.1,2,acceptable
5.76,2.29,3.21,7.88,8.87,4.19,10.08,3.81,6.57,63.7,32.2,2,acceptable
5.78,2.27,3.19,8.04,8.73,4.17,11.1,3.96,6.55,63.3,32.1,2,acceptable
5.8,2.3,3.19,8.01,8.37,4.17,10.49,4.21,6.57,62.1,32.1,2,acceptable
5.85,2.27,3.22,7.94,8.63,4.21,10.71,3.83,6.52,63.3,32.1,2,acceptable
5.85,2.27,3.21,8.1,8.53,4.21,11.24,4.13,6.57,62.0,32.1,2,acceptable
5.88,2.26,3.21,8.17,8.77,4.25,9.54,3.87,6.6,61.6,32.1,2,acceptable
5.88,2.32,2.38,8.07,8.5,4.23,12.93,4.15,6.49,62.5,32.1,2,acceptable
5.88,2.27,3.12,7.88,9.15,4.25,9.43,3.85,5.83,62.1,32.1,2,acceptable
5.8,2.3,3.16,7.88,8.17,4.21,11.06,3.63,5.81,64.6,32.1,2,acceptable
5.76,2.3,3.16,7.82,8.84,4.23,11.01,3.92,5.88,63.1,32.1,2,acceptable
5.71,2.3,3.16,7.67,7.89,4.19,11.06,4.31,5.78,63.5,32.1,2,acceptable
5.59,2.29,3.14,7.54,7.77,4.15,10.88,3.92,5.83,65.3,32.1,2,acceptable
5.52,2.27,3.14,7.4,7.44,4.08,11.33,3.54,5.69,65.1,32.1,2,acceptable
5.54,2.24,3.14,7.37,7.38,4.08,9.24,3.6,5.57,65.6,32.1,2,acceptable
5.42,2.26,3.11,7.37,7.68,4.08,11.33,3.89,5.64,65.1,32.1,2,acceptable
5.4,2.21,3.11,7.31,7.86,4.13,9.13,3.74,5.52,65.2,32.1,2,acceptable
5.47,2.23,3.11,7.49,7.8,4.13,9.2,3.96,5.64,64.2,32.1,2,acceptable
5.47,2.24,3.11,7.52,8.01,4.13,10.04,3.79,5.64,62.5,32.1,2,acceptable
5.59,2.26,3.12,7.58,7.86,4.13,11.1,3.67,5.81,62.1,32.1,2,acceptable
5.64,2.26,3.16,7.67,7.74,4.15,11.33,3.49,5.54,63.6,32.1,2,acceptable
5.54,2.29,3.14,7.52,8.05,4.19,9.24,3.94,5.83,63.4,32.1,2,acceptable
5.59,2.27,3.16,7.46,7.71,4.17,11.06,4.02,5.24,64.1,32.1,2,acceptable
5.49,2.27,3.11,7.46,7.71,4.13,8.85,4.06,5.59,65.3,32.1,2,acceptable
5.54,2.24,3.12,7.43,7.44,4.1,10.33,3.45,5.69,63.9,32.0,2,acceptable
5.42,2.21,3.11,7.37,7.44,4.04,9.1,3.56,5.5,64.1,32.1,2,acceptable
5.49,2.24,3.11,7.52,7.5,4.12,10.2,3.78,5.57,64.1,32.1,2,acceptable
5.42,2.18,3.11,7.4,7.41,4.13,9.54,3.56,5.57,63.7,32.0,2,acceptable
5.38,2.2,3.09,7.37,7.53,4.1,8.81,3.74,5.54,64.8,32.1,2,acceptable
5.47,2.24,3.14,7.46,7.89,4.15,10.93,3.6,5.64,65.8,32.0,2,acceptable
5.42,2.23,3.11,7.34,7.74,4.15,9.1,3.63,5.64,64.1,32.1,2,acceptable
5.54,2.23,3.14,7.52,8.01,4.19,9.65,3.58,5.66,64.6,32.1,2,acceptable
5.49,2.21,3.14,7.4,7.83,4.23,10.2,3.6,5.57,64.8,32.1,2,acceptable
5.47,2.21,3.16,7.46,8.01,4.33,12.77,4.13,5.52,65.3,32.0,2,acceptable
5.52,2.27,3.17,7.4,7.89,4.23,11.47,3.47,5.57,65.1,32.0,2,acceptable
5.54,2.27,3.16,7.31,7.95,4.21,9.39,3.6,5.61,66.0,32.0,2,acceptable
5.56,2.3,3.14,7.54,8.33,4.29,10.29,4.06,5.81,63.9,32.0,2,acceptable
5.64,2.29,3.17,7.67,8.24,4.31,10.54,3.7,5.98,63.4,32.0,2,acceptable
5.59,2.27,3.16,7.61,8.08,4.33,11.47,3.72,5.88,63.2,32.1,2,acceptable
5.61,2.23,3.14,7.49,7.86,4.25,9.28,3.68,5.78,64.1,32.0,2,acceptable
5.54,2.26,3.12,7.46,7.98,4.25,9.65,3.91,5.66,64.0,32.0,2,acceptable
5.49,2.17,3.12,7.49,7.21,4.1,8.71,3.51,5.71,64.1,32.0,2,acceptable
5.49,2.17,3.12,7.31,7.15,4.06,9.96,3.33,5.66,64.0,32.0,2,acceptable
5.47,2.17,3.14,7.37,7.24,4.08,8.85,3.33,5.61,64.0,32.0,2,acceptable
5.42,2.18,3.12,7.37,7.32,4.1,9.39,3.44,5.69,63.5,32.0,2,acceptable
5.49,2.2,3.14,7.54,7.5,4.19,11.15,3.44,5.78,64.0,32.0,2,acceptable
5.61,2.23,3.16,7.64,7.89,4.23,10.97,3.72,5.9,62.0,32.0,2,acceptable
5.52,2.2,3.11,7.54,7.77,4.21,9.35,3.58,5.64,63.0,32.0,2,acceptable
5.61,2.26,3.14,7.61,7.95,4.25,9.13,4.11,5.93,62.6,32.0,2,acceptable
5.68,2.27,3.16,7.49,7.98,4.31,10.33,3.6,5.98,63.5,32.0,2,acceptable
5.66,2.26,3.19,7.43,8.11,4.31,11.8,3.58,5.9,64.1,32.0,2,acceptable
5.71,2.27,3.17,7.76,7.92,4.35,10.0,3.87,5.81,63.4,32.0,2,acceptable
5.68,2.24,3.19,7.79,7.98,4.33,10.41,3.65,5.71,62.1,32.0,2,acceptable
5.71,2.23,3.16,7.73,7.35,4.29,10.93,3.56,5.64,62.2,32.0,2,acceptable
5.68,2.24,3.7,7.85,7.86,4.23,9.65,3.72,5.64,61.9,31.9,2,acceptable
5.8,2.21,3.19,7.91,7.83,4.29,8.99,3.51,5.61,61.2,32.0,2,acceptable
5.73,2.24,3.16,7.73,8.3,4.25,10.71,3.44,5.43,60.4,31.9,2,acceptable
5.66,2.21,3.14,7.7,7.92,4.31,11.29,3.51,5.69,62.2,31.9,2,acceptable
5.64,2.21,3.16,7.46,7.95,4.25,10.84,3.58,5.59,62.5,31.9,2,acceptable
5.52,2.24,3.11,7.22,7.86,4.23,9.81,3.63,5.64,64.2,31.9,2,acceptable
5.59,2.21,3.12,7.22,7.92,4.12,9.2,3.33,5.61,64.9,31.9,2,acceptable
5.49,2.17,3.12,7.11,7.1,4.08,9.06,3.28,5.66,64.9,31.9,2,acceptable
5.45,2.21,3.09,7.11,7.65,4.13,10.04,3.79,5.64,66.0,31.9,2,acceptable
5.45,2.2,3.11,7.13,7.18,4.12,9.24,3.25,5.61,64.0,31.9,2,acceptable
5.47,2.2,3.12,7.13,7.32,4.12,10.66,3.38,5.66,65.9,31.9,2,acceptable
5.52,2.24,3.12,7.31,7.35,4.21,11.38,4.0,5.71,63.7,31.9,2,acceptable
5.54,2.18,3.14,7.46,7.74,4.25,9.96,3.45,5.61,64.5,31.9,2,acceptable
5.47,2.17,3.24,7.37,7.56,4.15,11.24,3.68,5.52,64.0,31.9,2,acceptable
5.59,2.24,3.14,7.46,7.92,4.25,9.58,3.58,5.45,63.3,31.8,2,acceptable
5.66,2.24,3.14,7.52,7.56,4.21,9.39,3.52,5.86,63.4,31.9,2,acceptable
5.61,2.21,3.14,7.64,7.68,4.19,11.47,3.42,5.76,63.5,31.9,2,acceptable
5.68,2.2,3.14,7.79,7.98,4.25,9.61,3.83,5.98,62.2,31.9,2,acceptable
5.71,2.2,3.16,7.67,7.65,4.15,9.24,3.54,5.61,61.8,31.9,2,acceptable
5.64,2.23,3.16,7.43,7.44,4.19,8.78,3.3,5.9,62.8,31.9,2,acceptable
5.59,2.2,3.14,7.52,7.83,4.25,9.92,3.56,5.86,63.7,31.9,2,acceptable
5.64,2.2,3.12,7.46,7.92,4.29,11.47,3.6,5.83,61.7,31.8,2,acceptable
5.64,2.17,3.12,7.28,7.77,4.23,10.88,3.98,5.71,62.6,31.9,2,acceptable
5.61,2.24,3.12,7.13,7.65,4.29,9.61,2.92,5.78,64.3,31.8,2,acceptable
5.56,2.18,3.12,7.02,7.13,4.23,9.2,2.82,6.0,63.9,31.9,2,acceptable
5.64,2.23,3.14,7.34,7.32,4.25,9.5,2.77,5.86,63.5,31.8,2,acceptable
5.61,2.21,3.14,7.43,7.1,4.25,9.35,2.92,5.76,61.8,31.8,2,acceptable
5.66,2.24,3.16,7.54,6.96,4.29,9.54,2.77,5.93,62.3,31.8,2,acceptable
5.76,2.26,3.19,7.61,7.65,4.37,9.85,2.93,5.93,61.4,31.8,2,acceptable
5.8,2.24,3.17,7.54,7.74,4.41,9.88,2.97,6.03,62.1,31.8,2,acceptable
5.71,2.2,3.19,7.46,6.93,4.31,10.45,2.73,6.08,62.8,31.8,2,acceptable
5.64,2.2,3.33,7.28,7.15,4.23,9.46,2.74,5.93,63.7,31.8,2,acceptable
5.61,2.21,3.17,7.28,7.21,4.23,9.06,2.67,5.93,64.8,31.8,2,acceptable
5.59,2.2,3.19,7.31,7.29,4.27,9.61,2.89,5.9,64.1,31.8,2,acceptable
5.59,2.2,3.17,7.22,7.56,4.31,9.46,2.87,5.93,64.3,31.8,2,acceptable
5.64,2.24,3.17,7.46,7.56,4.35,10.97,2.9,6.0,63.8,31.8,2,acceptable
5.66,2.23,3.19,7.49,7.68,4.47,10.25,2.85,6.03,62.9,31.8,2,acceptable
5.66,2.21,3.19,7.49,7.65,4.35,11.06,2.82,5.95,62.9,31.7,2,acceptable
5.64,2.23,3.19,7.28,7.15,4.23,9.69,2.68,5.93,63.1,31.8,2,acceptable
5.59,2.24,3.17,7.37,7.53,4.27,11.71,2.71,5.95,64.5,31.8,2,acceptable
5.64,2.21,3.17,7.46,7.65,4.41,9.61,2.97,5.88,63.0,31.8,2,acceptable
5.64,2.2,3.09,7.28,7.71,4.17,10.66,2.87,5.9,63.2,31.7,2,acceptable
5.59,2.21,3.11,7.19,7.24,4.31,10.79,2.85,5.9,65.4,31.8,2,acceptable
5.52,2.17,3.07,7.11,7.15,4.27,9.31,2.67,5.71,66.5,31.7,2,acceptable
5.49,2.2,3.09,7.13,6.72,4.23,9.28,2.67,6.0,65.5,31.8,2,acceptable
5.49,2.21,3.02,7.08,7.18,4.23,9.73,2.71,6.0,65.4,31.7,2,acceptable
5.59,2.2,3.01,7.37,7.32,4.25,9.65,2.73,6.05,64.3,31.8,2,acceptable
5.56,2.24,3.02,7.34,7.62,4.27,9.13,2.84,5.98,63.3,31.7,2,acceptable
5.59,2.23,3.06,7.34,7.47,4.35,10.66,2.71,6.0,62.7,31.7,2,acceptable
5.64,2.23,3.02,7.28,7.74,4.35,10.41,2.84,5.88,64.7,31.8,2,acceptable
5.66,2.24,3.06,7.31,7.77,4.41,11.71,2.84,5.95,64.2,31.7,2,acceptable
5.68,2.53,3.06,7.31,7.44,4.39,9.81,2.74,5.86,64.5,31.7,2,acceptable
5.64,2.23,3.02,7.28,7.38,4.33,10.58,2.73,6.05,63.7,31.7,2,acceptable
5.71,2.2,3.01,7.54,7.77,4.31,9.61,2.71,5.93,64.3,31.7,2,acceptable
5.78,2.23,3.16,7.7,7.86,4.41,10.75,2.71,5.98,60.8,31.7,2,acceptable
5.85,2.21,3.19,7.79,7.71,4.49,11.24,2.76,5.93,61.3,31.7,2,acceptable
5.76,2.26,3.02,7.61,7.29,4.39,9.61,2.68,5.98,61.6,31.7,2,acceptable
5.85,2.26,3.07,7.67,7.74,4.47,9.73,2.82,6.05,62.7,31.7,2,acceptable
5.83,2.38,3.11,7.7,7.83,4.55,10.84,2.81,6.03,61.0,31.7,2,acceptable
5.88,2.23,3.07,7.7,7.98,4.51,9.85,2.84,5.98,61.0,31.7,2,acceptable
5.88,2.24,3.04,7.67,7.95,4.45,10.41,2.76,6.1,62.4,31.6,2,acceptable
6.0,2.23,3.01,7.76,7.35,4.47,9.35,2.79,6.0,61.3,31.7,2,acceptable
5.93,2.23,3.04,7.82,8.01,4.49,9.35,2.73,6.05,61.4,31.7,2,acceptable
5.95,2.23,3.09,7.64,7.77,4.43,10.97,2.7,5.93,60.9,31.6,2,acceptable
5.95,2.23,3.06,7.73,7.59,4.45,12.05,2.81,6.0,62.5,31.7,2,acceptable
5.95,2.26,3.06,7.67,7.71,4.49,9.61,2.79,6.0,61.1,31.6,2,acceptable
5.83,2.26,3.04,7.61,6.9,4.37,11.56,2.56,6.0,62.0,31.6,2,acceptable
5.8,2.24,3.01,7.61,7.53,4.41,10.66,2.73,5.86,62.4,31.6,2,acceptable
5.85,2.21,3.02,7.58,7.95,4.47,9.73,2.74,5.98,63.1,31.6,2,acceptable
5.95,2.23,3.02,7.73,8.53,4.41,9.65,2.79,5.86,61.0,31.6,2,acceptable
5.95,2.24,3.02,7.76,7.21,4.37,9.61,2.59,5.98,59.9,31.6,2,acceptable
5.88,2.23,2.99,7.58,7.74,4.43,9.96,2.63,5.71,61.7,31.6,2,acceptable
5.85,2.24,3.02,7.67,7.89,4.53,11.24,2.7,5.83,62.6,31.6,2,acceptable
5.95,2.26,3.02,7.64,7.77,4.45,9.73,2.68,5.98,62.1,31.6,2,acceptable
5.95,2.23,3.06,7.58,7.68,4.47,10.12,2.67,6.05,62.0,31.6,2,acceptable
5.85,2.23,3.01,7.49,7.15,4.37,11.29,2.57,5.98,62.4,31.6,2,acceptable
5.78,2.24,3.01,7.4,7.35,4.37,11.15,2.56,5.81,62.7,31.5,2,acceptable
5.83,2.23,2.99,7.37,7.68,4.39,11.71,2.68,6.03,63.1,31.6,2,acceptable
5.8,2.21,2.97,7.46,7.47,4.31,9.73,2.6,5.88,62.2,31.6,2,acceptable
5.83,2.24,3.06,7.49,7.38,4.39,11.85,2.62,5.69,63.1,31.6,2,acceptable
5.76,2.23,3.09,7.46,7.18,4.29,10.49,2.54,6.1,62.6,31.5,2,acceptable
5.76,2.21,3.09,7.43,7.29,4.33,9.77,2.67,5.73,63.1,31.6,2,acceptable
5.71,2.2,3.07,7.37,7.35,4.29,9.85,2.59,6.0,63.1,31.6,2,acceptable
5.71,2.21,3.04,7.46,7.04,4.31,10.71,2.5,6.08,63.4,31.5,2,acceptable
5.66,2.23,3.04,7.54,7.24,4.33,11.56,2.56,5.93,62.1,31.5,2,acceptable
5.66,2.21,2.99,7.37,6.93,4.23,11.19,2.53,5.93,62.7,31.5,2,acceptable
5.64,2.17,3.02,7.28,7.44,4.21,11.56,2.48,6.0,64.3,31.5,2,acceptable
5.64,2.17,2.99,7.4,7.24,4.27,11.06,2.5,6.34,63.8,31.5,2,acceptable
5.66,2.17,2.94,7.49,6.88,4.27,11.1,2.45,6.18,62.0,31.5,2,acceptable
5.54,2.17,2.94,7.19,6.93,4.13,9.13,2.45,6.05,62.6,31.5,2,acceptable
5.47,2.18,2.97,7.02,7.04,4.15,9.31,2.41,6.1,65.3,31.5,2,acceptable
5.54,2.17,2.96,7.28,7.95,4.23,10.37,2.54,5.9,65.1,31.5,2,acceptable
5.64,2.2,2.94,7.52,7.38,4.33,11.15,2.47,5.71,61.6,31.5,2,acceptable
5.66,2.2,2.96,7.49,7.24,4.23,9.46,2.48,5.73,61.8,31.5,2,acceptable
5.54,2.14,2.91,7.16,7.07,4.25,8.92,2.45,5.69,62.5,31.5,2,acceptable
5.38,2.16,2.91,6.91,6.8,4.17,9.28,2.36,5.78,65.8,31.5,2,acceptable
5.31,2.16,2.89,6.8,6.51,4.08,10.66,2.35,5.59,66.1,31.5,2,acceptable
5.33,2.11,2.88,6.74,6.82,4.06,10.12,2.35,5.61,65.3,31.5,2,acceptable
5.45,2.13,3.01,7.11,7.18,4.1,9.31,2.44,5.5,63.7,31.5,2,acceptable
5.54,2.11,2.92,7.52,7.62,4.23,10.84,2.48,6.28,61.0,31.5,2,acceptable
5.54,2.14,2.96,7.34,7.04,4.21,11.29,2.39,5.61,60.0,31.5,2,acceptable
5.66,2.16,3.01,7.37,7.01,4.25,10.84,2.5,5.81,62.4,31.5,2,acceptable
5.64,2.14,2.99,7.46,7.1,4.35,11.33,2.51,5.71,61.8,31.5,2,acceptable
5.66,2.16,3.02,7.28,6.77,4.23,8.95,2.44,5.81,61.0,31.4,2,acceptable
5.52,2.16,2.99,6.99,6.61,4.13,9.54,2.36,5.64,62.9,31.4,2,acceptable
5.56,2.18,3.06,7.08,6.96,4.21,10.84,2.48,5.59,64.9,31.4,2,acceptable
5.56,2.14,3.01,7.19,7.07,4.15,10.58,2.47,5.66,62.9,31.4,2,acceptable
5.61,2.13,3.01,7.37,7.04,4.21,8.99,2.45,5.64,62.1,31.4,2,acceptable
5.56,2.16,3.04,7.25,7.1,4.25,10.45,2.51,5.81,62.1,31.4,2,acceptable
5.45,2.13,3.02,6.94,7.15,4.25,9.46,2.63,5.81,64.1,31.4,2,acceptable
5.49,2.14,3.02,6.96,6.85,4.13,9.35,2.47,5.78,66.3,31.4,2,acceptable
5.49,2.1,3.01,7.11,6.88,4.08,11.24,2.5,5.71,62.9,31.4,2,acceptable
5.4,2.1,2.96,6.96,6.74,4.1,9.88,2.45,5.76,62.9,31.4,2,acceptable
5.4,2.08,3.01,7.02,7.07,4.19,10.79,2.41,5.71,63.3,31.4,2,acceptable
5.45,2.11,3.01,7.11,6.64,4.25,9.28,2.41,5.71,62.9,31.4,2,acceptable
5.49,2.14,2.99,7.22,7.83,4.29,9.43,2.63,5.57,61.9,31.4,2,acceptable
5.56,2.11,3.01,7.4,7.21,4.33,11.66,2.47,5.59,60.7,31.4,2,acceptable
5.64,2.13,3.01,7.37,6.96,4.27,9.13,2.38,5.76,61.1,31.4,2,acceptable
5.56,2.14,2.16,7.02,6.64,4.21,9.28,2.34,5.76,61.8,31.4,2,acceptable
5.52,2.16,2.99,6.91,6.88,4.27,9.65,2.47,5.88,63.5,31.4,2,acceptable
5.66,2.14,3.04,7.22,7.5,4.41,9.81,2.56,5.88,64.0,31.4,2,acceptable
5.73,2.16,3.02,7.31,7.59,4.49,11.33,2.63,5.95,61.1,31.4,2,acceptable
5.68,2.16,3.04,7.28,7.44,4.51,12.0,2.63,5.9,62.5,31.3,2,acceptable
5.78,2.18,3.06,7.34,7.41,4.51,11.9,2.57,5.71,62.5,31.4,2,acceptable
5.78,2.18,3.06,7.37,7.18,4.21,10.25,2.41,5.95,62.3,31.3,2,acceptable
5.68,2.11,3.02,7.31,6.53,4.15,10.16,2.32,5.93,62.0,31.4,2,acceptable
5.61,2.13,3.02,7.49,6.69,4.12,9.02,2.36,5.88,62.1,31.4,2,acceptable
5.68,2.1,3.04,7.54,7.01,4.25,10.84,2.29,5.64,60.5,31.3,2,acceptable
5.64,2.11,3.14,7.37,7.29,4.29,10.0,2.29,5.9,60.7,31.4,2,acceptable
5.61,2.16,3.01,7.46,7.35,4.39,10.84,2.42,6.0,62.3,31.4,2,acceptable
5.61,2.16,3.04,7.34,7.1,4.35,11.01,2.35,5.9,61.5,31.4,2,acceptable
5.47,2.13,2.99,6.96,6.85,4.25,9.02,2.29,5.81,63.0,31.4,2,acceptable
5.45,2.16,3.01,6.94,6.82,4.19,9.58,2.32,5.57,65.0,31.4,2,acceptable
5.52,2.16,3.01,6.34,7.53,4.37,9.77,2.35,5.73,64.8,31.3,2,acceptable
5.59,2.14,3.06,7.11,7.35,4.33,9.73,2.32,5.73,61.6,31.3,2,acceptable
5.56,2.14,3.06,7.05,7.35,4.43,11.19,2.42,5.66,62.6,31.3,2,acceptable
5.56,2.18,2.97,7.08,7.24,4.41,10.37,2.39,5.59,64.4,31.3,2,acceptable
5.59,2.18,2.97,7.13,7.01,4.33,8.99,2.34,5.71,62.6,31.3,2,acceptable
5.64,2.16,2.99,7.13,6.8,4.25,9.65,2.28,5.76,62.8,31.3,2,acceptable
5.61,2.11,2.99,7.16,6.77,4.21,9.17,2.23,5.93,62.6,31.3,2,acceptable
5.56,2.14,2.96,7.08,6.9,4.23,9.2,2.31,5.88,61.6,31.3,2,acceptable
5.56,2.11,2.96,7.11,7.35,4.29,10.08,2.38,5.88,62.2,31.3,2,acceptable
5.52,2.14,2.96,7.02,6.74,4.15,8.81,2.29,5.9,60.8,31.3,2,acceptable
5.45,2.1,2.97,6.88,6.46,4.15,10.54,2.29,5.88,63.2,31.3,2,acceptable
5.45,2.08,3.04,6.74,6.77,4.13,10.88,2.32,5.73,64.1,31.3,2,acceptable
5.42,2.06,3.01,6.96,6.88,4.23,9.35,2.39,5.54,64.3,31.3,2,acceptable
5.42,2.13,2.96,6.94,6.53,4.13,9.46,2.31,5.47,61.7,31.3,2,acceptable
5.4,2.08,2.99,6.72,6.53,4.1,9.13,2.22,5.52,63.5,31.3,2,acceptable
5.28,2.06,3.01,6.66,6.9,4.12,9.54,2.34,5.59,65.2,31.3,2,acceptable
5.15,2.1,2.97,6.42,6.53,4.1,11.1,2.23,5.54,65.6,31.3,2,acceptable
5.13,2.06,3.01,6.32,6.99,4.06,11.24,2.28,5.71,68.3,31.3,2,acceptable
5.13,2.06,2.97,6.37,6.28,4.02,11.1,2.25,5.64,68.1,31.3,2,acceptable
5.17,2.06,2.99,6.58,6.77,4.1,9.46,2.23,5.66,67.8,31.3,2,acceptable
5.15,2.06,2.94,6.53,6.85,4.02,11.19,2.18,5.86,65.5,31.3,2,acceptable
5.1,2.04,2.89,6.4,6.72,4.08,9.65,2.25,5.52,67.8,31.3,2,acceptable
5.02,2.03,2.96,6.32,6.64,4.02,9.58,2.21,5.5,67.1,31.3,2,acceptable
4.97,2.07,2.96,6.27,6.4,3.91,9.1,2.19,5.45,67.8,31.3,2,acceptable
4.95,2.07,2.97,6.4,6.58,4.04,10.08,2.21,5.5,67.9,31.3,2,acceptable
4.97,2.06,2.97,6.06,6.43,3.87,12.77,2.15,5.52,68.1,31.3,2,acceptable
4.82,2.0,2.94,6.29,6.15,3.87,10.45,2.09,5.33,68.2,31.3,2,acceptable
4.84,2.0,2.92,6.4,6.56,3.85,10.66,2.08,5.43,68.5,31.3,2,acceptable
4.95,2.06,2.91,6.66,6.72,4.0,9.24,2.18,5.31,65.3,31.3,2,acceptable
5.1,2.07,2.94,6.96,7.47,4.27,8.95,2.35,5.76,65.2,31.3,2,acceptable
5.22,2.06,2.94,7.08,7.62,4.33,10.58,2.34,5.5,62.4,31.3,2,acceptable
5.38,2.08,2.94,7.25,7.18,4.45,11.8,2.36,5.64,62.9,31.3,2,acceptable
5.49,2.13,2.94,7.34,7.5,4.49,11.33,2.48,5.78,61.8,31.3,2,acceptable
5.52,2.11,2.99,7.34,7.62,4.55,12.1,2.5,5.88,62.6,31.3,2,acceptable
5.52,2.13,2.99,7.31,7.32,4.45,9.35,2.32,5.88,61.8,31.3,2,acceptable
5.47,2.1,3.01,7.02,7.13,4.31,9.54,2.34,5.95,61.7,31.2,2,acceptable
5.31,2.06,2.99,6.66,6.88,4.27,10.12,2.35,5.86,64.9,31.2,2,acceptable
5.19,2.11,2.97,6.5,6.43,4.23,9.31,2.25,5.83,67.5,31.3,2,acceptable
5.15,2.08,2.97,6.48,6.99,4.19,11.47,2.28,5.81,67.5,31.3,2,acceptable
5.19,2.06,3.01,6.48,6.72,4.17,9.28,2.25,5.76,67.5,31.3,2,acceptable
5.15,2.06,2.97,6.53,6.82,4.19,10.16,2.25,5.71,67.1,31.3,2,acceptable
5.13,2.06,2.92,6.37,7.07,4.29,9.61,2.32,5.76,67.7,31.3,2,acceptable
4.95,2.1,2.89,6.14,7.01,4.41,9.77,2.38,5.59,70.1,31.3,2,acceptable
5.04,2.08,2.92,6.22,6.8,4.17,11.01,2.23,5.66,72.7,31.3,2,acceptable
4.99,2.06,2.84,6.32,6.69,4.17,10.33,2.22,5.71,70.5,31.3,2,acceptable
4.97,2.08,2.89,6.22,6.96,4.23,9.65,2.28,5.66,69.6,31.3,2,acceptable
5.02,2.04,2.83,6.22,6.72,4.17,10.88,2.23,5.66,70.8,31.3,2,acceptable
5.04,2.07,2.84,6.4,6.56,4.15,10.71,2.21,5.61,69.6,31.3,2,acceptable
5.08,2.06,2.83,6.42,6.66,4.13,9.5,2.23,5.71,68.5,31.3,2,acceptable
5.06,2.07,2.83,6.4,6.51,4.21,8.81,2.25,5.64,68.3,31.3,2,acceptable
5.02,2.07,2.86,6.27,6.77,4.13,9.28,2.26,5.61,68.1,31.3,2,acceptable
5.02,2.1,3.02,6.22,7.44,4.21,9.35,2.41,5.64,70.8,31.3,2,acceptable
5.02,2.1,2.94,6.04,6.77,4.21,10.58,2.29,5.54,72.0,31.3,2,acceptable
4.97,2.07,2.94,6.16,6.46,4.1,9.46,2.26,5.61,71.7,31.3,2,acceptable
5.04,2.01,2.96,6.32,6.03,3.98,9.58,2.15,5.71,69.3,31.3,2,acceptable
5.02,2.04,2.92,6.4,6.35,4.02,9.17,2.32,5.52,68.8,31.3,2,acceptable
4.88,2.0,2.88,6.27,7.1,4.08,12.2,2.39,5.15,68.6,31.3,2,acceptable
4.88,2.06,2.94,6.14,5.96,4.08,10.45,2.16,5.36,69.5,31.3,2,acceptable
4.97,2.03,2.92,6.34,6.35,4.08,10.84,2.15,5.36,70.6,31.3,2,acceptable
4.95,2.04,2.91,6.37,6.18,4.02,9.28,2.15,5.5,66.6,31.3,2,acceptable
5.06,2.07,2.89,6.53,6.58,4.15,10.29,2.25,5.2,68.3,31.3,2,acceptable
5.13,2.03,2.92,6.58,5.84,4.19,10.75,2.25,5.2,65.1,31.3,2,acceptable
4.99,2.03,2.89,6.37,5.91,4.06,8.92,2.21,5.24,66.9,31.2,2,acceptable
4.99,2.01,2.92,6.22,6.03,4.04,9.06,2.18,5.24,69.2,31.3,2,acceptable
4.91,2.03,2.91,6.14,7.01,4.12,9.85,2.42,5.52,70.0,31.2,2,acceptable
4.82,2.04,2.92,5.99,7.71,4.25,10.79,2.6,5.69,71.5,31.3,2,acceptable
4.84,2.01,2.94,6.09,6.43,4.13,9.2,2.21,5.54,74.2,31.2,2,acceptable
4.91,2.04,2.92,6.4,6.25,4.1,10.97,2.09,5.52,71.5,31.3,2,acceptable
4.88,2.01,2.94,6.53,5.8,3.98,9.39,2.11,5.54,67.0,31.3,2,acceptable
4.97,1.98,2.91,6.74,6.51,4.19,8.95,2.22,5.31,69.0,31.3,2,acceptable
4.99,1.98,2.92,6.69,7.07,4.19,9.17,2.35,5.5,64.8,31.3,2,acceptable
4.97,2.03,2.92,6.5,6.72,4.21,9.31,2.23,5.4,66.9,31.2,2,acceptable
5.06,2.01,2.8,6.61,6.53,4.27,9.24,2.34,5.27,68.1,31.2,2,acceptable
5.02,2.0,2.92,6.4,6.66,4.21,8.81,2.21,5.24,65.8,31.2,2,acceptable
5.08,2.01,2.94,6.58,6.38,4.21,11.1,2.18,5.33,68.9,31.2,2,acceptable
5.17,2.04,2.96,6.69,6.08,4.29,10.93,2.19,5.27,66.1,31.2,2,acceptable
5.13,2.07,2.92,6.66,6.25,4.21,9.02,2.18,5.29,65.5,31.2,2,acceptable
5.15,2.01,2.91,6.55,6.25,4.25,10.88,2.22,5.04,65.4,31.2,2,acceptable
5.19,2.06,2.94,6.53,6.15,4.25,9.58,2.23,5.47,67.0,31.2,2,acceptable
5.26,2.06,2.96,6.58,6.4,4.27,11.15,2.13,5.4,67.3,31.2,2,acceptable
5.24,2.07,2.94,6.83,6.3,4.21,9.13,2.16,5.64,66.4,31.2,2,acceptable
5.28,2.06,2.96,6.72,6.13,4.21,8.81,2.15,5.71,65.0,31.2,2,acceptable
5.22,2.06,2.94,6.74,6.35,4.23,8.99,2.21,5.76,66.2,31.2,2,acceptable
5.24,2.04,2.92,6.69,6.3,4.21,10.45,2.22,5.43,66.3,31.2,2,acceptable
5.08,2.03,2.96,6.45,6.93,4.17,10.29,2.34,5.57,66.7,31.2,2,acceptable
4.99,2.04,2.91,6.22,6.46,4.25,10.04,2.25,5.54,70.7,31.2,2,acceptable
4.97,2.04,3.02,6.22,6.23,4.17,9.28,2.19,5.61,71.7,31.2,2,acceptable
5.06,2.04,3.06,6.5,6.2,4.15,9.5,2.19,5.61,69.7,31.2,2,acceptable
5.06,2.04,3.04,6.53,5.89,4.13,10.88,2.16,5.43,67.7,31.2,2,acceptable
5.1,2.06,3.04,6.66,6.43,4.19,9.88,2.21,5.59,67.4,31.2,2,acceptable
5.26,2.06,3.06,6.91,6.53,4.33,11.06,2.34,5.52,65.9,31.2,2,acceptable
5.24,2.04,3.06,6.83,6.64,4.45,10.49,2.34,5.5,64.1,31.2,2,acceptable
5.22,2.07,3.04,6.64,6.2,4.49,11.19,2.28,5.54,67.2,31.2,2,acceptable
5.15,2.07,3.07,6.48,5.8,4.17,10.2,2.12,5.64,68.3,31.2,2,acceptable
5.15,2.03,3.06,6.5,5.75,4.06,8.58,2.13,5.47,69.2,31.2,2,acceptable
5.06,2.07,3.04,6.53,5.77,4.13,11.01,2.15,5.64,68.8,31.2,2,acceptable
5.06,2.04,3.04,6.5,5.91,4.19,8.99,2.21,5.5,68.6,31.2,2,acceptable
5.02,2.06,3.06,6.4,6.82,4.27,10.25,2.47,5.47,68.8,31.2,2,acceptable
4.86,2.07,3.21,6.85,6.06,4.23,10.54,2.22,5.47,69.0,31.1,2,acceptable
5.13,2.03,3.06,6.64,5.68,4.27,10.79,2.21,5.47,68.2,31.2,2,acceptable
5.19,2.03,3.06,6.72,5.91,4.33,9.17,2.26,5.47,66.9,31.2,2,acceptable
5.24,2.04,3.06,6.66,5.48,4.39,11.33,2.34,5.52,66.9,31.2,2,acceptable
5.26,2.03,3.04,6.94,5.48,4.39,9.28,2.22,5.43,67.1,31.1,2,acceptable
5.28,2.04,3.04,6.96,5.8,4.39,10.58,2.26,5.33,65.0,31.1,2,acceptable
5.38,2.07,3.07,6.94,5.61,4.41,10.45,2.26,5.5,64.0,31.1,2,acceptable
5.35,2.06,3.04,6.99,5.5,4.35,10.93,2.22,5.43,65.5,31.1,2,acceptable
5.28,2.07,3.04,6.83,5.59,4.31,9.96,2.23,5.52,65.3,31.2,2,acceptable
5.26,2.08,3.07,6.83,5.0,4.29,9.43,2.28,5.5,66.5,31.1,2,acceptable
5.26,2.07,3.01,6.8,5.43,4.35,10.62,2.22,5.54,66.1,31.1,2,acceptable
5.26,2.04,3.01,6.74,5.02,4.29,9.96,2.16,5.45,67.2,31.1,2,acceptable
5.22,2.07,2.94,6.64,5.21,4.21,11.06,2.29,5.45,67.0,31.1,2,acceptable
5.19,2.07,2.97,6.8,5.02,4.25,8.75,2.28,5.47,66.8,31.1,2,acceptable
5.35,2.03,3.09,6.99,6.01,4.37,9.43,2.36,5.47,66.1,31.1,2,acceptable
5.31,2.07,3.09,7.02,5.19,4.27,10.71,2.19,5.54,62.9,31.1,2,acceptable
5.42,2.07,2.97,7.16,5.36,4.35,10.2,2.25,5.59,64.8,31.1,2,acceptable
5.47,2.03,2.99,7.05,5.52,4.37,9.46,2.25,5.61,63.9,31.1,2,acceptable
5.54,2.06,2.99,7.11,5.48,4.49,9.77,2.32,5.66,64.1,31.1,2,acceptable
5.47,2.07,2.97,7.02,4.86,4.45,9.39,2.32,5.64,64.3,31.1,2,acceptable
5.52,2.06,2.97,7.11,4.9,4.43,9.5,2.23,5.69,64.2,31.1,2,acceptable
5.47,2.06,2.97,6.94,4.8,4.33,10.71,2.23,5.71,63.9,31.1,2,acceptable
5.4,2.04,2.97,6.94,4.92,4.15,8.99,2.34,5.4,65.4,31.1,2,acceptable
5.33,2.07,2.99,6.77,5.06,4.17,9.17,2.25,5.61,64.9,31.1,2,acceptable
5.35,2.04,3.01,6.72,4.88,4.21,10.84,2.29,5.52,65.9,31.1,2,acceptable
5.33,2.04,2.97,6.74,5.09,4.31,10.25,2.25,5.78,66.5,31.1,2,acceptable
5.38,2.03,2.99,6.83,4.62,4.31,9.54,2.04,5.5,65.0,31.1,2,acceptable
5.47,2.07,2.99,7.08,5.04,4.33,10.25,2.16,5.57,64.1,31.1,2,acceptable
5.4,2.07,2.99,6.99,4.92,4.33,9.28,2.18,5.59,63.2,31.1,2,acceptable
5.38,2.03,3.01,6.69,4.94,4.19,9.28,2.12,5.5,65.4,31.1,2,acceptable
5.38,2.04,3.01,6.94,4.96,4.31,10.62,2.15,5.78,66.8,31.1,2,acceptable
5.45,2.04,3.01,6.8,5.17,4.31,9.35,2.16,5.71,63.9,31.1,2,acceptable
5.42,2.04,2.97,6.96,4.7,4.31,9.88,2.25,5.61,64.0,31.1,2,acceptable
5.28,2.03,2.94,6.66,4.48,4.21,9.46,2.18,5.45,64.7,31.1,2,acceptable
5.28,2.0,2.96,6.66,4.16,4.25,11.01,2.12,5.36,66.1,31.1,2,acceptable
5.22,2.03,2.94,6.5,4.35,4.15,10.66,2.22,5.59,65.2,31.0,2,acceptable
5.28,2.01,2.99,6.55,4.07,4.19,8.99,2.19,5.57,66.5,31.1,2,acceptable
5.26,2.03,2.96,6.66,4.02,4.29,8.99,2.21,5.47,65.4,31.1,2,acceptable
5.33,2.03,2.96,6.72,4.16,4.27,9.5,2.19,5.59,64.3,31.1,2,acceptable
5.38,2.04,2.94,6.94,3.95,4.29,9.92,2.26,5.52,63.9,31.1,2,acceptable
5.33,2.03,2.96,6.74,3.67,4.12,8.85,2.12,5.36,63.7,31.1,2,acceptable
5.22,2.03,2.96,6.64,3.84,4.12,9.81,2.16,5.4,65.0,31.0,2,acceptable
5.24,2.03,2.97,6.64,3.91,4.08,11.01,2.16,5.43,66.0,31.1,2,acceptable
5.24,2.04,3.01,6.69,4.04,4.27,9.28,2.25,5.33,64.7,31.1,2,acceptable
5.31,2.01,3.01,6.74,4.09,4.29,9.46,2.29,5.36,65.3,31.0,2,acceptable
5.4,2.07,3.02,6.88,3.98,4.41,9.2,2.5,5.57,64.5,31.1,2,acceptable
5.45,2.07,3.04,6.8,3.76,4.35,10.88,2.34,5.36,64.9,31.1,2,acceptable
5.28,2.03,2.97,6.58,3.64,4.27,9.58,2.25,5.31,64.9,31.1,2,acceptable
5.26,2.04,2.97,6.45,3.24,4.27,9.02,2.23,5.43,66.5,31.0,2,acceptable
5.28,2.01,2.96,6.74,3.3,4.08,10.49,2.15,5.33,66.3,31.0,2,acceptable
5.35,2.04,2.96,6.94,3.49,4.21,8.78,2.23,5.43,63.8,31.0,2,acceptable
5.28,2.03,2.94,6.85,3.48,4.25,9.69,2.22,5.27,63.5,31.0,2,acceptable
5.26,2.03,2.96,6.5,3.36,4.02,10.0,2.22,5.29,64.7,31.0,2,acceptable
5.26,1.98,2.96,6.58,3.39,4.21,8.78,2.18,5.36,66.1,31.0,2,acceptable
5.28,2.0,2.96,6.66,3.25,4.25,9.54,2.26,5.2,65.7,31.1,2,acceptable
5.19,2.01,2.91,6.55,3.16,4.15,9.31,2.21,5.17,64.7,31.1,2,acceptable
5.15,1.98,2.91,6.5,2.99,4.08,10.97,2.26,5.09,65.5,31.0,2,acceptable
5.08,2.01,2.94,6.37,2.98,4.12,9.81,2.34,5.09,66.1,31.1,2,acceptable
5.13,1.98,2.96,6.34,2.93,4.12,9.39,2.22,5.15,67.3,31.1,2,acceptable
5.1,2.0,2.91,6.4,2.69,4.04,9.2,2.26,5.13,67.0,31.1,2,acceptable
5.1,2.0,2.89,6.45,2.77,4.12,10.62,2.34,5.04,65.3,31.1,2,acceptable
5.24,2.01,2.94,6.66,2.7,3.04,7.96,2.39,5.2,66.0,31.1,2,acceptable
5.35,2.0,2.96,6.94,2.8,4.39,9.65,2.21,5.36,63.3,31.1,2,acceptable
5.45,2.03,2.99,7.02,2.84,4.43,9.61,2.29,5.38,63.1,31.1,2,acceptable
5.33,2.0,2.97,6.85,2.83,4.27,11.38,2.25,5.43,63.9,31.1,2,acceptable
5.35,2.0,2.99,6.8,2.84,4.29,10.54,2.28,5.36,64.9,31.1,2,acceptable
5.26,2.03,2.97,6.66,2.8,4.31,9.28,2.32,5.33,64.7,31.1,2,acceptable
5.26,2.06,2.97,6.61,2.69,4.41,9.35,2.38,5.27,65.5,31.1,2,acceptable
5.76,2.01,2.99,6.66,2.63,4.33,9.85,2.28,5.38,65.8,31.1,2,acceptable
5.26,2.01,2.99,6.53,2.62,4.25,9.13,2.19,5.36,65.3,31.1,2,acceptable
5.28,2.06,2.99,6.66,2.64,4.31,8.85,2.39,5.29,66.0,31.1,2,acceptable
5.22,2.04,2.99,6.55,2.55,4.29,9.43,2.28,5.29,65.6,31.1,2,acceptable
5.19,2.07,2.99,6.42,2.46,4.19,9.61,2.48,5.4,66.5,31.1,2,acceptable
5.15,2.07,3.12,6.69,2.4,4.19,10.25,2.34,5.36,67.7,31.1,2,acceptable
5.24,2.04,2.99,6.58,2.4,4.19,8.71,2.22,5.22,66.5,31.1,2,acceptable
5.19,2.01,2.99,6.45,2.4,4.17,9.1,2.29,5.31,66.2,31.1,2,acceptable
5.22,2.03,2.99,6.55,2.24,4.23,11.15,2.23,5.4,67.0,31.1,2,acceptable
5.17,2.01,3.01,6.64,2.34,4.21,10.75,2.22,5.29,65.8,31.1,2,acceptable
5.19,2.07,2.99,6.66,2.4,4.23,12.35,2.41,5.38,65.9,31.1,2,acceptable
5.24,2.06,2.97,6.72,2.34,4.19,8.95,2.51,5.36,65.0,31.1,2,acceptable
5.31,2.07,2.97,6.85,2.4,4.39,9.65,2.56,5.38,64.5,31.1,2,acceptable
5.33,2.04,1.99,6.8,2.29,4.31,10.93,2.47,5.33,63.6,31.1,2,acceptable
5.31,2.03,2.83,6.64,2.32,4.23,9.43,2.48,5.31,65.0,31.2,2,acceptable
5.4,2.07,2.84,6.85,2.25,4.06,10.0,2.41,5.33,65.0,31.1,2,acceptable
5.42,2.07,2.88,6.94,2.2,4.17,10.12,2.5,5.52,63.2,31.1,2,acceptable
5.31,2.03,2.89,6.64,2.23,4.0,9.81,2.34,5.45,63.9,31.1,2,acceptable
5.22,2.07,2.89,6.45,2.01,3.65,8.88,2.18,5.43,66.0,31.2,2,acceptable
5.19,2.04,2.88,6.5,2.05,3.73,10.58,2.32,5.24,66.4,31.1,2,acceptable
5.19,2.03,2.91,6.42,2.09,3.89,10.12,2.34,5.38,66.0,31.1,2,acceptable
5.15,2.03,2.91,6.34,1.96,3.8,9.35,2.29,5.33,66.9,31.2,2,acceptable
5.06,2.06,2.91,6.27,1.99,3.64,8.25,2.28,5.31,67.2,31.2,2,acceptable
4.95,2.01,2.88,6.04,1.99,3.58,9.88,2.22,5.31,68.1,31.2,2,acceptable
4.97,2.04,2.91,6.04,1.9,3.62,10.41,2.32,5.36,69.1,31.2,2,acceptable
4.91,2.03,2.89,6.04,1.83,3.64,9.88,2.21,5.38,68.8,31.2,2,acceptable
4.93,2.0,2.91,6.06,1.7,3.53,9.77,2.25,5.11,68.2,31.2,2,acceptable
4.84,2.0,2.88,6.01,1.81,3.8,8.71,2.35,5.22,69.2,31.2,2,acceptable
4.86,2.0,2.76,5.99,1.67,3.55,8.78,2.18,5.27,69.1,31.2,2,acceptable
4.91,2.0,2.84,6.09,1.67,3.6,10.29,2.35,5.15,69.5,31.2,2,acceptable
4.84,1.98,2.84,6.06,1.64,3.8,8.95,2.34,5.13,69.3,31.2,2,acceptable
4.8,2.03,2.88,6.09,1.64,3.73,10.33,2.41,5.22,69.1,31.2,2,acceptable
4.78,2.01,2.84,5.96,1.64,3.6,10.33,2.39,5.13,70.2,31.3,2,acceptable
4.82,2.03,2.86,6.06,1.62,3.6,10.0,2.56,5.27,69.5,31.2,2,acceptable
4.84,2.0,2.88,6.16,1.59,3.41,9.5,2.35,5.36,69.6,31.2,2,acceptable
4.8,2.03,2.86,6.14,1.59,3.76,10.16,2.18,5.22,69.3,31.3,2,acceptable
4.88,2.0,2.86,6.22,1.58,3.87,10.66,2.38,5.27,69.3,31.3,2,acceptable
4.95,2.04,2.88,6.53,1.62,3.69,8.15,2.21,5.22,66.0,31.3,2,acceptable
4.99,2.0,2.89,6.4,1.63,3.71,9.24,2.23,5.29,65.8,31.3,2,acceptable
5.04,2.0,2.88,6.37,1.59,3.64,8.68,2.28,5.24,67.3,31.3,2,acceptable
4.91,2.04,2.86,6.24,1.57,3.84,9.96,2.44,5.17,67.0,31.3,2,acceptable
4.91,2.0,2.86,6.16,1.58,3.74,8.78,2.23,5.15,68.2,31.3,2,acceptable
4.88,2.0,2.86,6.19,1.52,3.71,9.81,2.23,5.24,68.1,31.3,2,acceptable
4.86,2.03,2.88,6.24,1.54,3.67,8.47,2.31,5.22,67.5,31.3,2,acceptable
4.91,2.0,2.91,6.16,1.54,3.84,9.24,2.35,5.17,68.5,31.3,2,acceptable
4.88,2.01,2.88,6.09,1.5,3.57,10.12,2.38,5.2,69.3,31.3,2,acceptable
4.97,2.0,2.89,6.16,1.52,3.87,9.43,2.28,5.11,69.0,31.3,2,acceptable
4.86,2.01,2.81,6.14,1.46,3.6,8.25,2.44,4.84,68.6,31.3,2,acceptable
4.93,2.04,2.83,6.24,1.43,3.5,8.71,2.45,5.22,69.0,31.3,2,acceptable
4.99,2.0,2.84,6.37,1.49,3.89,10.0,2.56,5.2,67.4,31.3,2,acceptable
5.04,2.01,2.83,6.34,1.47,3.69,8.12,2.47,5.2,65.8,31.3,2,acceptable
5.08,2.04,2.94,6.4,1.51,3.76,8.85,2.34,5.31,67.3,31.3,2,acceptable
5.04,2.03,2.86,6.42,1.45,4.08,9.28,2.34,5.24,67.2,31.3,2,acceptable
5.15,2.06,3.04,6.61,1.43,3.89,9.92,2.42,5.2,66.5,31.3,2,acceptable
5.15,2.07,2.86,6.4,1.41,4.1,11.01,2.54,5.24,65.5,31.4,2,acceptable
5.1,2.0,2.84,6.42,1.43,3.93,10.0,2.32,5.2,66.6,31.4,2,acceptable
5.1,2.07,2.86,6.48,1.39,3.74,9.31,2.31,5.24,66.5,31.4,2,acceptable
5.13,2.0,2.84,6.42,1.39,3.84,10.62,2.35,5.17,66.7,31.3,2,acceptable
5.08,2.04,2.84,6.32,1.42,3.87,9.92,2.29,5.29,67.0,31.4,2,acceptable
5.06,2.04,2.84,6.34,1.4,4.12,9.02,2.28,5.31,66.8,31.3,2,acceptable
4.97,2.03,2.83,6.16,1.36,3.89,8.28,2.38,5.31,67.5,31.4,2,acceptable
4.99,2.0,2.81,6.11,1.36,3.65,9.81,2.32,5.22,68.9,31.4,2,acceptable
4.97,2.0,2.84,6.19,1.32,3.89,9.17,2.32,5.38,68.5,31.4,2,acceptable
4.97,1.98,2.83,6.24,1.34,4.12,10.04,2.41,5.24,68.0,31.4,2,acceptable
4.97,2.03,2.81,6.27,1.34,3.78,8.51,2.35,5.33,67.4,31.4,2,acceptable
5.08,2.03,2.83,6.34,1.34,3.85,10.62,2.35,5.24,67.6,31.4,2,acceptable
5.04,2.0,2.81,6.42,1.35,3.98,9.1,2.25,5.24,66.7,31.4,2,acceptable
5.04,2.0,2.81,6.42,1.35,3.87,9.77,2.36,5.24,66.7,31.4,2,acceptable
5.02,2.01,2.84,6.29,1.32,3.84,9.24,2.34,5.13,66.3,31.4,2,acceptable
5.02,2.01,2.83,6.16,1.35,3.89,9.54,2.34,5.17,68.3,31.4,2,acceptable
5.02,2.0,2.83,6.29,1.3,4.15,9.02,2.35,5.22,67.7,31.4,2,acceptable
5.02,1.98,2.84,6.32,1.27,4.06,10.45,2.44,5.17,66.8,31.4,2,acceptable
4.86,2.01,2.84,5.94,1.29,3.74,8.75,2.45,5.11,69.4,31.4,2,acceptable
4.84,2.0,2.84,5.89,1.31,3.38,8.09,2.57,5.17,70.9,31.4,2,acceptable
4.82,1.96,2.84,5.94,1.29,3.91,9.13,2.65,5.11,70.9,31.5,2,acceptable
4.75,1.94,2.83,5.82,1.29,3.95,8.81,2.5,5.15,70.6,31.5,2,acceptable
4.67,1.97,2.83,5.74,1.24,3.39,8.38,2.42,5.22,71.8,31.5,2,acceptable
4.65,1.93,2.8,5.7,1.23,3.6,9.2,2.39,5.0,72.2,31.5,2,acceptable
4.63,1.94,2.8,5.67,1.2,3.62,10.04,2.23,4.93,72.1,31.5,2,acceptable
4.57,1.92,2.76,5.62,1.2,3.6,8.75,2.51,4.98,72.0,31.5,2,acceptable
4.54,1.9,2.78,5.58,1.19,3.73,9.2,2.22,5.0,72.0,31.6,2,acceptable
4.54,1.93,2.76,5.62,1.15,3.36,8.21,2.19,4.98,72.9,31.6,2,acceptable
4.71,1.94,2.78,5.86,1.15,3.57,9.31,2.32,4.87,72.1,31.5,2,acceptable
4.46,1.94,2.78,5.6,1.15,3.44,8.18,2.5,4.89,71.7,31.5,2,acceptable
4.48,1.93,2.8,5.53,1.17,3.73,9.5,2.34,4.87,73.2,31.6,2,acceptable
4.44,1.96,2.78,5.51,1.14,3.38,8.34,2.42,4.91,74.2,31.6,2,acceptable
4.44,1.93,2.8,5.41,1.14,3.64,9.58,2.41,5.02,75.0,31.6,2,acceptable
4.36,1.9,2.75,5.28,1.17,3.65,9.39,2.32,4.93,75.9,31.6,2,acceptable
4.4,1.93,2.8,5.28,1.14,3.46,8.09,2.48,4.95,76.6,31.6,2,acceptable
4.3,1.42,2.75,5.21,1.14,3.69,9.46,2.47,4.95,77.3,31.7,2,acceptable
4.3,1.92,2.76,5.51,1.13,3.73,9.46,2.32,4.93,78.3,31.6,2,acceptable
4.3,1.89,2.73,5.19,1.11,3.69,8.21,2.34,4.87,78.4,31.7,2,acceptable
4.38,1.89,2.8,5.14,1.1,3.69,8.21,2.32,4.93,78.3,31.7,2,acceptable
4.3,1.89,2.78,5.16,1.07,3.65,8.38,2.56,4.8,78.0,31.7,2,acceptable
4.4,1.92,2.8,5.21,1.1,3.69,8.44,2.29,4.93,78.7,31.7,2,acceptable
4.32,1.92,2.76,5.14,1.09,3.51,7.81,2.45,4.93,79.5,31.7,2,acceptable
4.3,1.89,2.81,5.19,1.1,3.69,8.31,2.45,4.93,80.0,31.7,2,acceptable
4.3,1.93,2.81,5.21,1.08,3.73,8.28,2.56,4.93,80.7,31.7,2,acceptable
4.28,1.9,2.78,5.19,1.09,3.6,8.78,2.39,4.87,80.8,31.7,2,acceptable
4.34,1.92,2.81,5.23,1.08,3.64,9.65,2.42,4.89,81.0,31.8,2,acceptable
4.3,1.89,2.8,5.25,1.06,3.6,9.69,2.63,4.87,81.0,31.7,2,acceptable
4.3,1.93,2.81,5.16,1.06,3.55,9.35,2.36,4.84,81.6,31.8,2,acceptable
4.3,1.89,2.78,5.05,1.05,3.74,9.5,2.51,4.95,81.6,31.8,2,acceptable
4.32,1.9,2.8,5.19,1.04,3.58,8.81,2.48,4.91,81.7,31.8,2,acceptable
4.32,1.93,2.8,5.19,1.03,3.57,8.85,2.39,4.87,81.8,31.8,2,acceptable
4.32,1.89,2.78,5.12,1.05,3.6,9.54,2.73,4.91,81.7,31.8,2,acceptable
4.36,1.89,2.8,5.14,1.04,3.57,8.15,2.47,4.91,81.8,31.8,2,acceptable
4.4,1.92,2.78,5.28,1.02,3.71,9.13,2.54,4.78,81.5,31.8,2,acceptable
4.46,1.93,2.8,5.39,1.02,3.69,8.95,2.63,4.91,79.7,31.8,2,acceptable
4.46,1.93,2.81,5.44,1.02,3.78,8.34,2.57,4.91,80.0,31.8,2,acceptable
4.5,1.93,2.81,5.3,1.02,3.69,8.75,2.48,4.84,79.6,31.8,2,acceptable
4.44,1.9,2.78,5.3,0.99,3.69,8.88,2.65,4.84,80.0,31.8,2,acceptable
4.46,1.9,2.8,5.39,1.01,3.55,7.71,2.39,4.78,78.9,31.8,2,acceptable
4.38,1.86,2.76,5.28,1.01,3.64,8.34,2.5,4.82,79.1,31.8,2,acceptable
4.38,1.86,2.76,5.53,0.99,3.67,8.47,2.5,4.87,79.4,31.9,2,acceptable
4.38,1.9,2.76,5.14,1.01,3.62,8.68,2.51,4.8,79.7,31.8,2,acceptable
4.42,1.9,2.76,5.16,1.0,3.62,8.21,2.65,4.74,80.0,31.8,2,acceptable
4.4,1.89,2.78,5.14,0.97,3.53,8.92,2.54,4.91,80.1,31.8,2,acceptable
4.36,1.87,3.24,5.14,0.99,3.44,8.58,2.7,4.82,80.2,31.8,2,spoiled
4.36,1.9,2.75,5.23,0.97,3.53,8.61,2.79,4.76,80.5,31.8,2,spoiled
4.4,1.87,2.8,5.34,0.96,3.48,8.58,2.48,4.84,80.6,31.9,2,spoiled
4.4,1.83,2.78,5.16,0.97,3.62,8.09,2.54,4.8,80.3,31.8,2,spoiled
4.44,1.9,2.8,5.23,0.97,3.51,8.31,2.68,4.67,79.6,31.8,2,spoiled
4.46,1.9,2.81,5.37,0.97,3.65,8.71,2.57,4.78,80.0,31.9,2,spoiled
4.48,1.87,2.81,5.3,0.99,3.69,8.61,2.84,4.84,80.2,31.9,2,spoiled
4.48,1.9,2.81,5.34,0.98,3.71,8.02,3.06,4.91,80.3,31.9,2,spoiled
4.42,1.9,2.8,5.3,1.0,3.58,8.47,2.65,4.98,80.1,31.9,2,spoiled
4.42,1.89,2.81,5.58,0.99,3.73,7.87,2.38,5.02,80.5,31.9,2,spoiled
4.5,1.94,2.83,5.3,0.98,3.55,8.02,2.77,4.84,80.5,31.9,2,spoiled
4.5,1.92,2.83,5.37,0.97,3.58,8.99,2.41,4.93,80.3,31.9,2,spoiled
4.48,1.92,2.83,5.28,0.98,3.71,7.87,2.48,4.84,80.4,31.9,2,spoiled
4.52,1.92,2.83,5.34,0.98,3.64,7.68,2.87,4.89,80.6,31.9,2,spoiled
4.48,1.89,2.8,5.32,1.01,3.6,8.68,2.65,4.95,80.5,31.9,2,spoiled
4.5,1.89,2.81,5.37,0.97,3.64,8.21,2.82,4.93,80.2,31.9,2,spoiled
4.52,1.92,2.83,5.28,0.98,3.44,9.17,2.79,4.89,80.2,31.9,2,spoiled
4.52,1.92,2.83,5.32,0.98,3.58,8.85,2.68,4.89,79.9,32.0,2,spoiled
4.54,1.92,2.84,5.34,0.96,3.58,8.51,2.63,4.84,80.1,31.9,2,spoiled
4.5,1.89,2.81,5.37,0.97,3.57,8.15,2.79,4.91,80.3,32.0,2,spoiled
4.59,1.93,2.84,5.34,0.98,3.57,9.02,2.44,4.53,79.4,32.0,2,spoiled
4.52,1.89,2.83,5.39,0.96,3.58,8.21,2.48,4.87,79.1,32.0,2,spoiled
4.46,1.86,2.78,5.28,0.97,3.6,9.28,6.38,4.87,79.5,32.0,2,spoiled
4.48,1.92,2.83,5.32,0.96,3.67,8.92,2.5,4.95,79.9,32.0,2,spoiled
4.52,1.89,2.81,5.28,0.97,3.57,9.39,2.7,4.87,80.3,32.0,2,spoiled
4.52,1.9,2.84,5.32,0.95,3.64,9.31,2.63,4.87,80.2,32.0,2,spoiled
4.5,1.92,2.84,5.32,0.95,3.38,7.9,2.51,4.87,80.4,32.0,2,spoiled
4.44,1.9,2.83,5.3,0.97,3.44,7.87,2.42,4.93,80.5,32.0,2,spoiled
4.44,1.9,2.83,5.23,0.97,3.5,8.18,2.65,4.87,80.4,32.0,2,spoiled
4.44,1.89,2.84,5.3,0.95,3.58,8.18,2.42,4.78,80.4,32.0,2,spoiled
4.42,1.87,2.8,5.28,0.97,3.51,8.99,2.47,4.84,80.2,32.0,2,spoiled
4.5,1.89,2.81,5.39,0.95,3.58,8.88,2.44,4.87,79.1,32.0,2,spoiled
4.5,1.92,2.84,5.37,0.95,3.6,8.64,2.5,4.91,79.0,32.0,2,spoiled
4.57,1.9,2.81,5.34,0.95,3.57,8.18,2.39,4.87,79.3,32.0,2,spoiled
4.5,1.86,2.78,5.37,0.95,3.55,8.05,2.7,4.76,78.4,32.0,2,spoiled
4.63,1.87,2.8,5.39,0.94,3.48,8.58,2.28,4.78,77.3,32.0,2,spoiled
4.57,1.85,2.8,5.34,0.97,3.51,8.15,2.39,4.82,76.9,32.0,2,spoiled
4.59,1.89,2.78,5.3,0.96,3.55,8.47,2.51,4.78,77.5,32.0,2,spoiled
4.57,1.86,2.8,5.34,0.95,3.51,8.44,5.54,4.8,78.0,32.0,2,spoiled
4.59,1.86,2.8,5.3,0.97,3.51,9.43,2.6,4.87,77.7,32.0,2,spoiled
4.57,1.9,2.83,5.28,0.96,3.55,8.68,2.42,4.76,78.2,32.0,2,spoiled
4.63,1.87,2.83,5.28,0.97,3.51,7.71,2.76,4.8,78.6,32.0,2,spoiled
4.67,1.89,2.86,5.41,0.97,3.55,9.02,2.53,4.8,78.6,32.0,2,spoiled
4.67,1.89,2.84,5.46,0.95,3.58,9.5,2.31,4.8,77.3,32.0,2,spoiled
4.67,1.9,2.83,5.46,0.97,3.55,8.44,2.48,4.87,75.6,32.0,2,spoiled
4.67,1.87,2.76,5.48,0.97,3.57,8.44,2.34,4.87,75.4,32.0,2,spoiled
4.69,1.92,2.8,5.55,0.95,3.6,7.96,2.31,4.82,74.9,32.0,2,spoiled
4.78,1.92,2.8,5.58,0.95,3.6,8.92,2.47,4.82,73.4,32.0,2,spoiled
4.69,1.89,2.78,5.46,0.94,3.41,8.09,2.71,4.78,74.5,32.0,2,spoiled
4.59,1.87,2.76,5.34,0.97,3.46,8.21,2.29,4.82,76.2,32.0,2,spoiled
4.5,1.85,2.78,5.34,0.94,3.51,8.28,2.31,4.78,76.9,32.0,2,spoiled
4.59,1.9,2.78,5.34,0.86,3.57,8.99,2.51,4.72,76.8,32.0,2,spoiled
4.61,1.87,2.8,5.39,0.94,3.53,8.61,2.41,4.72,75.4,32.0,2,spoiled
4.61,1.9,2.8,5.37,0.98,3.55,8.88,2.39,4.84,76.0,32.0,2,spoiled
4.63,1.92,2.81,5.44,0.95,3.57,9.5,2.76,4.84,76.8,32.1,2,spoiled
4.65,1.9,2.81,5.41,0.94,3.58,8.68,2.48,4.84,76.4,32.0,2,spoiled
4.63,1.89,2.81,5.37,0.95,3.57,8.25,2.45,5.0,77.3,32.1,2,spoiled
4.63,1.87,2.81,5.37,0.95,3.57,8.34,2.34,4.91,77.7,32.0,2,spoiled
4.61,1.9,2.81,5.32,0.95,3.53,8.51,2.29,4.87,78.3,32.1,2,spoiled
4.54,1.89,2.78,5.23,0.94,3.5,8.31,2.45,4.76,78.5,32.1,2,spoiled
4.52,1.87,2.76,5.19,0.96,3.44,8.18,2.54,4.76,78.6,32.1,2,spoiled
4.52,1.86,2.78,5.21,0.93,3.39,7.99,2.47,4.8,78.8,32.1,2,spoiled
4.48,1.87,2.78,5.19,0.94,3.44,8.41,2.19,4.78,78.6,32.1,2,spoiled
4.5,1.87,2.8,5.14,0.96,3.43,8.92,2.25,4.8,79.2,32.1,2,spoiled
4.48,1.86,2.81,5.19,0.93,3.44,8.15,2.42,4.76,79.2,32.1,2,spoiled
4.5,1.87,2.81,5.21,0.96,3.48,9.02,2.74,4.87,78.8,32.1,2,spoiled
4.46,1.89,2.78,5.16,0.94,3.48,9.28,2.34,4.8,78.6,32.1,2,spoiled
4.59,1.9,2.83,5.21,0.94,3.51,9.43,2.31,4.8,78.7,32.1,2,spoiled
4.59,1.9,2.83,5.16,0.96,3.48,8.21,2.35,4.74,79.2,32.1,2,spoiled
4.52,1.87,2.78,5.19,0.95,3.43,8.02,2.38,4.8,79.2,32.1,2,spoiled
4.52,1.83,2.8,5.16,0.95,3.43,7.96,2.35,4.82,78.1,32.1,2,spoiled
4.48,1.89,2.78,5.12,0.96,3.41,8.38,2.28,4.78,78.7,32.1,2,spoiled
4.52,1.87,2.78,5.16,0.95,3.41,8.21,2.5,4.76,79.0,32.1,2,spoiled
4.57,1.86,2.8,5.23,0.92,3.41,7.68,2.54,4.82,77.9,32.1,2,spoiled
4.52,1.83,2.78,5.19,0.96,3.41,8.15,2.44,4.84,77.6,32.1,2,spoiled
4.57,1.87,2.81,5.23,0.95,3.43,8.18,2.81,4.82,78.3,32.1,2,spoiled
4.59,1.9,2.83,5.23,0.96,3.46,9.31,2.42,4.82,78.2,32.1,2,spoiled
4.59,1.89,2.86,5.23,0.96,3.48,8.31,2.44,4.82,78.6,32.1,2,spoiled
4.54,1.9,2.83,5.16,0.98,3.48,8.12,2.47,4.82,78.9,32.1,2,spoiled
4.59,1.87,2.86,5.21,0.95,3.48,9.43,2.36,4.8,79.2,32.1,2,spoiled
4.52,1.86,2.83,5.16,0.97,3.46,9.39,2.39,4.87,79.3,32.1,2,spoiled
4.54,1.87,2.83,5.14,0.97,3.46,8.09,2.47,4.89,79.5,32.1,2,spoiled
4.59,1.86,2.86,5.14,0.96,3.43,7.99,2.5,4.87,79.5,32.1,2,spoiled
4.54,1.9,2.84,5.14,0.96,3.39,8.47,2.44,4.82,79.8,32.2,2,spoiled
4.54,1.86,2.84,5.19,0.95,3.44,8.44,2.45,4.82,79.4,32.2,2,spoiled
4.52,1.86,2.83,5.16,0.97,3.43,8.34,2.39,4.87,79.4,32.2,2,spoiled
4.57,1.87,2.84,5.21,0.95,3.46,7.93,2.45,4.8,79.4,32.2,2,spoiled
4.5,1.9,2.84,5.19,0.95,3.46,7.75,2.22,4.84,79.5,32.2,2,spoiled
4.46,1.86,2.81,5.16,0.95,3.44,8.21,2.22,4.78,79.6,32.1,2,spoiled
4.46,1.86,2.81,5.14,0.97,3.41,7.99,2.25,4.87,79.7,32.2,2,spoiled
4.5,1.86,2.81,5.14,0.96,3.41,9.13,2.41,4.87,79.4,32.2,2,spoiled
4.46,1.87,2.81,5.14,0.94,3.38,9.24,2.31,4.76,78.9,32.2,2,spoiled
4.5,1.86,2.81,5.1,0.94,3.32,7.51,2.31,4.78,79.2,32.2,2,spoiled
4.46,1.83,2.8,5.05,0.96,3.29,8.78,2.32,4.78,79.5,32.2,2,spoiled
4.48,1.83,2.83,5.05,0.96,3.29,7.87,2.25,4.82,79.6,32.2,2,spoiled
4.46,1.86,2.81,5.05,0.96,3.34,9.06,2.68,4.74,79.7,32.2,2,spoiled
4.38,1.82,2.8,5.05,0.93,3.34,7.96,2.97,4.78,79.6,32.2,2,spoiled
4.44,1.86,2.81,5.07,0.94,3.38,8.54,2.34,4.72,79.7,32.2,2,spoiled
4.5,1.86,2.81,5.05,0.96,3.38,9.1,2.21,4.74,79.5,32.2,2,spoiled
4.46,1.85,2.78,5.07,0.96,3.34,7.54,2.6,4.78,79.4,32.2,2,spoiled
4.5,1.86,2.78,5.07,0.92,3.34,8.05,2.47,4.72,79.5,32.2,2,spoiled
4.57,1.87,2.81,5.1,0.95,3.39,8.02,2.34,4.78,79.4,32.2,2,spoiled
4.63,1.9,2.83,5.14,0.96,3.44,7.71,2.28,4.78,79.5,32.2,2,spoiled
4.67,1.87,2.81,5.19,0.94,3.46,7.75,2.73,4.82,79.4,32.2,2,spoiled
4.67,1.9,2.83,5.23,0.95,3.41,9.02,2.36,4.84,79.4,32.2,2,spoiled
4.67,1.9,2.84,5.23,0.95,3.39,8.88,2.62,4.84,79.2,32.2,2,spoiled
4.65,1.86,2.83,5.19,0.97,3.41,8.54,2.5,4.87,79.3,32.2,2,spoiled
4.61,1.89,2.97,5.67,0.96,3.44,8.44,2.36,4.87,78.8,32.2,2,spoiled
4.67,1.86,2.83,5.23,0.95,3.38,8.15,2.62,4.89,79.0,32.2,2,spoiled
4.69,1.87,2.83,5.21,0.96,3.38,9.2,2.63,4.84,79.4,32.2,2,spoiled
4.65,1.83,2.81,5.14,0.97,3.36,8.28,2.71,4.89,79.5,32.2,2,spoiled
4.67,1.89,2.81,5.16,0.95,3.44,9.1,2.62,4.87,79.5,32.2,2,spoiled
4.65,1.83,2.94,5.12,0.97,3.31,7.75,2.7,4.87,79.5,32.2,2,spoiled
4.59,1.85,2.83,5.14,0.96,3.29,8.64,2.32,4.89,79.5,32.2,2,spoiled
4.59,1.85,2.83,5.16,0.94,3.31,8.95,2.29,4.91,79.6,32.2,2,spoiled
4.5,1.86,2.81,5.12,0.96,3.26,7.51,2.29,4.87,79.5,32.2,2,spoiled
4.48,1.83,2.8,5.07,0.94,3.31,8.41,2.54,4.87,79.7,32.2,2,spoiled
4.57,1.87,3.04,5.12,0.95,3.36,8.38,2.51,4.84,79.9,32.3,2,spoiled
4.54,1.9,2.84,5.12,0.98,3.34,8.75,2.6,4.82,79.9,32.3,2,spoiled
4.52,1.86,2.81,5.14,0.94,3.34,7.57,3.94,4.76,79.9,32.2,2,spoiled
4.57,1.87,2.83,5.14,0.95,3.36,8.54,3.25,4.84,80.0,32.3,2,spoiled
4.54,1.89,2.81,5.1,0.95,3.32,8.09,2.5,4.8,80.1,32.3,2,spoiled
4.59,1.87,2.84,5.1,0.97,3.29,7.93,2.54,4.76,80.1,32.3,2,spoiled
4.52,1.83,2.81,5.1,0.97,3.29,9.02,2.5,4.87,80.1,32.3,2,spoiled
4.57,1.83,2.81,5.07,0.94,3.26,7.81,2.59,4.8,80.0,32.3,2,spoiled
4.5,1.83,2.81,5.07,0.94,3.27,8.61,2.74,4.82,80.1,32.3,2,spoiled
4.46,1.83,2.78,5.01,0.96,3.26,8.64,2.28,4.65,80.1,32.3,2,spoiled
4.54,1.82,2.8,5.1,0.94,3.31,7.96,2.48,4.72,79.8,32.3,2,spoiled
4.48,1.81,2.78,5.05,0.97,3.32,7.45,2.54,4.8,79.5,32.3,2,spoiled
4.52,1.83,2.78,5.07,0.95,3.26,8.88,2.82,4.84,79.1,32.3,2,spoiled
4.52,1.82,2.8,5.03,0.96,3.21,7.84,2.44,4.78,79.5,32.3,2,spoiled
4.52,1.83,2.8,5.05,0.94,3.24,8.51,2.47,4.76,79.7,32.3,2,spoiled
4.34,1.81,2.91,5.48,0.95,3.21,8.88,2.84,4.84,79.6,32.3,2,spoiled
4.46,1.82,2.76,4.99,0.95,3.26,7.42,2.41,4.8,79.6,32.3,2,spoiled
4.52,1.85,2.76,5.05,0.95,3.27,7.75,2.63,4.65,79.5,32.3,2,spoiled
4.57,1.83,2.76,5.05,0.97,3.29,7.68,2.71,4.89,79.5,32.3,2,spoiled
4.57,1.86,2.78,5.05,0.96,3.31,7.99,2.36,4.78,79.6,32.3,2,spoiled
4.54,1.83,2.76,4.94,0.96,3.27,7.62,2.25,4.8,79.8,32.3,2,spoiled
4.57,1.82,2.76,5.05,0.94,3.22,7.6,2.41,4.89,79.3,32.3,2,spoiled
4.54,1.85,2.75,5.01,0.96,3.26,7.42,2.54,4.67,79.6,32.3,2,spoiled
4.61,1.89,2.8,5.1,0.95,3.31,7.99,2.32,4.74,79.9,32.3,2,spoiled
4.61,1.86,2.8,5.05,0.98,3.29,8.71,2.5,4.84,79.8,32.3,2,spoiled
4.69,1.87,2.81,4.88,0.99,3.38,7.75,2.63,4.8,79.6,32.3,2,spoiled
4.67,1.86,2.81,5.19,0.95,3.31,8.21,2.73,4.87,78.9,32.3,2,spoiled
4.65,1.86,2.78,5.14,0.97,3.29,8.54,2.74,4.87,79.0,32.3,2,spoiled
4.67,1.86,2.81,5.12,0.98,3.27,8.18,2.35,4.8,79.2,32.3,2,spoiled
4.71,1.9,2.84,5.19,0.96,3.31,7.9,2.48,4.87,79.5,32.3,2,spoiled
4.69,1.86,2.91,5.14,0.97,3.24,8.58,2.38,4.87,79.5,32.3,2,spoiled
4.59,1.89,2.81,5.14,0.97,3.24,7.45,2.35,4.91,79.6,32.3,2,spoiled
4.61,1.86,2.84,5.16,0.97,3.27,8.21,2.31,4.91,79.5,32.3,2,spoiled
4.61,1.83,2.83,5.16,0.97,3.27,7.9,2.7,4.89,79.7,32.4,2,spoiled
4.61,1.86,2.81,5.14,0.98,3.29,7.9,2.7,4.91,79.1,32.3,2,spoiled
5.06,1.86,2.83,5.16,0.97,3.29,8.18,2.65,4.93,79.0,32.3,2,spoiled
4.65,1.86,2.81,5.16,0.98,3.27,8.25,2.84,4.87,79.1,32.3,2,spoiled
4.67,1.87,2.86,5.16,0.96,3.31,7.96,2.47,4.8,79.1,32.4,2,spoiled
4.63,1.9,2.83,5.19,0.95,3.29,7.51,2.36,4.89,79.4,32.3,2,spoiled
4.69,1.89,2.83,5.16,1.0,3.31,8.02,2.68,4.89,79.5,32.3,2,spoiled
4.65,1.87,2.83,5.14,0.98,3.32,9.02,2.53,4.89,79.5,32.3,2,spoiled
4.71,1.89,2.84,5.19,0.96,3.27,8.71,2.68,4.7,79.6,32.3,2,spoiled
4.63,1.86,2.83,5.12,0.97,3.27,7.9,2.38,4.91,79.6,32.3,2,spoiled
4.63,1.86,2.81,5.14,0.95,3.26,7.9,2.35,4.91,79.8,32.3,2,spoiled
4.67,1.89,2.84,5.12,0.96,3.27,8.71,2.36,4.87,79.8,32.3,2,spoiled
4.63,1.86,2.83,5.14,0.94,3.24,7.93,3.52,4.84,79.7,32.3,2,spoiled
4.63,1.87,2.84,5.14,0.95,3.24,8.61,2.42,4.82,79.8,32.3,2,spoiled
4.59,1.87,2.84,5.12,0.97,3.22,8.95,2.28,4.91,79.7,32.3,2,spoiled
4.63,1.87,2.83,5.14,0.97,3.26,8.28,2.53,4.89,79.8,32.4,2,spoiled
4.63,1.83,2.76,5.1,0.98,3.24,8.09,2.62,4.93,79.7,32.3,2,spoiled
4.61,1.86,2.76,5.14,0.97,3.22,7.65,2.56,4.89,79.8,32.4,2,spoiled
4.63,1.83,2.78,5.14,0.97,3.22,8.85,2.44,4.87,79.6,32.4,2,spoiled
4.65,1.86,2.78,5.16,0.97,3.26,8.12,2.36,4.74,79.8,32.3,2,spoiled
4.71,1.89,2.84,5.14,0.95,3.27,8.99,2.41,4.93,79.8,32.4,2,spoiled
4.67,1.87,2.81,5.12,0.96,3.24,8.31,2.67,4.91,79.8,32.4,2,spoiled
4.65,1.83,2.8,5.16,0.95,3.21,7.81,3.3,4.89,79.6,32.4,2,spoiled
4.65,1.89,2.78,5.14,0.98,3.19,7.51,2.48,4.82,79.5,32.4,2,spoiled
4.67,1.86,2.81,5.19,0.95,3.22,7.39,2.39,4.8,79.0,32.3,2,spoiled
4.63,1.89,2.81,5.14,0.97,3.22,7.39,2.54,4.91,79.3,32.4,2,spoiled
4.63,1.83,2.78,5.14,0.97,3.21,8.47,2.54,4.89,79.5,32.4,2,spoiled
4.69,1.87,2.81,5.14,0.95,3.19,7.87,2.67,4.82,79.6,32.4,2,spoiled
4.67,1.87,2.8,5.14,0.97,3.21,8.88,2.31,4.84,79.4,32.4,2,spoiled
4.75,1.89,2.81,5.21,0.98,3.26,7.93,2.56,4.89,78.8,32.4,2,spoiled
4.71,1.85,2.8,5.19,0.97,3.21,7.78,2.54,4.82,78.0,32.4,2,spoiled
4.67,1.86,2.81,5.21,0.96,3.19,7.9,2.23,4.84,78.5,32.3,2,spoiled
4.63,1.83,2.81,5.19,0.95,3.17,7.81,2.29,4.7,78.8,32.4,2,spoiled
4.57,1.85,2.8,5.14,0.97,3.16,8.31,2.29,4.82,78.9,32.4,2,spoiled
4.59,1.83,2.81,5.16,0.95,3.14,7.36,2.73,4.84,79.0,32.4,2,spoiled
4.59,1.85,2.83,5.12,0.98,3.14,8.38,2.25,4.72,78.9,32.4,2,spoiled
4.61,2.06,2.83,5.12,0.98,3.14,7.78,2.19,4.82,78.9,32.4,2,spoiled
4.59,1.87,2.84,5.16,0.96,3.19,7.81,2.31,4.78,78.9,32.4,2,spoiled
4.59,1.89,2.83,5.12,0.98,3.16,8.54,2.34,4.78,79.0,32.4,2,spoiled
4.65,1.87,2.83,5.12,0.98,3.17,8.85,2.35,4.76,78.8,32.4,2,spoiled
4.61,1.83,2.8,5.14,0.98,3.12,7.81,2.65,4.84,78.8,32.4,2,spoiled
4.63,1.86,2.83,5.19,0.95,2.91,9.28,2.26,4.67,78.6,32.4,2,spoiled
4.59,1.83,2.81,5.14,0.96,3.12,8.34,2.29,4.67,78.6,32.4,2,spoiled
4.63,1.86,2.83,5.14,0.98,3.16,7.96,2.56,4.78,78.8,32.4,2,spoiled
4.65,1.87,2.83,5.14,0.98,3.17,7.84,2.81,4.82,78.8,32.4,2,spoiled
4.63,1.85,2.81,5.12,0.98,3.12,8.05,2.32,4.76,78.6,32.4,2,spoiled
4.67,1.86,2.83,5.16,0.95,3.17,7.81,2.47,4.87,78.6,32.4,2,spoiled
4.71,1.86,2.83,5.19,0.98,3.12,7.68,2.39,4.74,77.7,32.4,2,spoiled
4.67,1.83,2.81,5.16,0.95,3.12,8.92,2.39,4.82,78.1,32.4,2,spoiled
4.69,1.85,2.81,5.16,0.98,3.14,8.31,2.32,4.82,77.8,32.4,2,spoiled
4.67,1.87,2.83,5.16,0.98,3.14,7.68,2.36,4.78,77.7,32.4,2,spoiled
4.73,1.87,2.97,5.23,0.96,3.14,7.87,2.73,4.82,77.7,32.4,2,spoiled
4.67,1.87,2.81,5.12,0.98,3.14,8.38,2.71,4.74,78.3,32.4,2,spoiled
4.71,1.83,2.84,5.16,0.95,3.16,8.25,2.76,4.87,78.4,32.4,2,spoiled
4.65,1.83,2.83,5.14,0.97,3.14,7.96,2.44,4.82,78.1,32.4,2,spoiled
4.63,1.83,2.81,5.1,0.98,3.12,8.41,2.38,4.82,78.2,32.4,2,spoiled
4.69,1.85,2.83,5.14,0.96,3.14,8.41,2.36,4.72,78.3,32.4,2,spoiled
4.69,1.86,2.84,5.1,0.96,3.14,8.51,2.42,4.74,78.1,32.4,2,spoiled
4.69,1.83,2.84,5.12,0.95,3.12,7.33,2.74,4.74,78.4,32.4,2,spoiled
4.69,1.83,2.84,5.12,0.95,3.14,7.81,2.48,4.78,78.5,32.4,2,spoiled
4.69,1.87,2.83,5.07,0.97,3.11,7.84,2.68,4.76,78.4,32.5,2,spoiled
4.69,1.83,2.83,5.05,0.98,3.11,8.71,2.59,4.67,78.3,32.4,2,spoiled
4.75,1.86,2.83,5.12,0.95,3.12,8.47,2.44,4.78,78.1,32.4,2,spoiled
4.69,1.85,2.84,5.16,0.95,3.12,8.21,2.53,4.8,78.3,32.4,2,spoiled
4.69,1.86,2.8,5.16,0.97,3.09,8.18,2.7,4.78,78.5,32.5,2,spoiled
4.71,1.85,2.83,5.16,0.95,3.12,7.78,2.47,4.65,78.1,32.4,2,spoiled
4.73,1.87,2.83,5.12,0.97,3.14,7.71,2.42,4.78,78.2,32.5,2,spoiled
4.8,1.86,2.83,5.1,0.96,3.09,7.6,2.53,4.67,78.3,32.5,2,spoiled
4.73,1.83,2.81,5.12,0.94,3.04,8.25,2.77,4.78,78.3,32.5,2,spoiled
4.69,1.83,2.81,5.07,0.96,3.04,7.57,2.87,4.7,78.4,32.5,2,spoiled
4.63,1.85,2.78,5.01,0.96,3.03,8.05,2.7,4.61,78.4,32.5,2,spoiled
4.61,1.82,2.78,4.99,0.95,3.03,7.51,2.57,4.65,78.3,32.4,2,spoiled
4.63,1.81,2.78,5.03,0.95,3.03,8.12,3.68,4.78,78.4,32.4,2,spoiled
4.65,1.85,2.78,4.99,0.96,3.03,7.6,3.15,4.7,78.0,32.5,2,spoiled
4.63,1.83,2.8,4.99,0.95,3.06,7.68,2.56,4.72,78.0,32.5,2,spoiled
4.61,1.81,2.78,4.96,0.95,2.99,7.36,2.82,4.65,78.4,32.5,2,spoiled
4.63,1.81,2.8,4.96,0.93,3.03,8.34,2.56,4.61,78.7,32.5,2,spoiled
4.67,1.85,2.8,5.01,0.95,3.03,7.65,2.62,4.61,78.7,32.5,2,spoiled
4.67,1.85,2.8,4.96,0.96,3.01,8.18,3.03,4.76,78.3,32.5,2,spoiled
4.67,1.85,2.81,5.01,0.94,3.03,8.61,2.44,4.76,78.5,32.5,2,spoiled
4.59,1.85,2.78,4.94,0.95,2.96,7.57,2.47,4.76,78.5,32.5,2,spoiled
4.63,1.83,2.78,4.94,0.96,2.99,8.25,2.74,4.82,78.6,32.5,2,spoiled
4.67,1.85,2.8,5.01,0.96,3.04,7.96,3.1,4.78,78.4,32.5,2,spoiled
4.67,1.82,2.8,4.99,0.96,3.03,7.25,2.77,4.76,78.3,32.5,2,spoiled
4.78,1.85,2.81,5.07,0.96,3.03,7.19,2.5,4.76,78.2,32.5,2,spoiled
4.75,1.82,2.81,5.07,0.95,3.04,7.51,2.62,4.67,77.1,32.5,2,spoiled
4.78,1.82,2.78,5.1,0.96,2.98,8.05,3.0,4.7,77.4,32.5,2,spoiled
4.86,1.82,2.78,5.21,0.94,3.03,7.68,2.85,4.8,74.5,32.5,2,spoiled
4.88,1.85,2.78,5.21,0.97,3.08,8.38,2.51,4.74,74.0,32.5,2,spoiled
4.91,1.83,2.81,5.19,0.96,3.06,8.05,2.63,4.82,74.4,32.5,2,spoiled
4.84,1.83,2.81,5.16,0.95,3.04,7.54,2.68,4.84,75.4,32.5,2,spoiled
4.82,1.85,2.81,5.14,0.97,3.03,8.18,2.67,4.78,75.4,32.5,2,spoiled
4.86,1.86,2.84,5.19,0.96,3.08,7.87,2.92,4.78,75.8,32.5,2,spoiled
4.82,1.83,2.81,5.19,0.98,3.03,8.05,3.05,4.76,75.2,32.5,2,spoiled
4.86,1.86,2.83,5.19,0.96,3.08,7.68,2.65,4.8,75.5,32.5,2,spoiled
4.82,1.83,2.83,5.14,0.95,3.04,8.41,2.97,4.82,76.0,32.5,2,spoiled
4.8,1.87,2.84,5.19,0.97,3.03,8.02,2.51,4.76,76.5,32.6,2,spoiled
4.8,1.83,2.84,5.19,0.95,3.06,8.58,2.82,4.84,75.3,32.6,2,spoiled
4.84,1.83,2.84,5.12,0.96,3.01,8.12,2.73,4.89,76.1,32.6,2,spoiled
4.82,1.85,2.84,5.12,0.94,3.03,8.18,2.81,4.78,76.1,32.6,2,spoiled
4.75,1.83,2.83,5.07,0.97,3.03,8.54,2.95,4.74,76.7,32.6,2,spoiled
4.78,1.86,2.83,5.07,0.95,3.01,7.6,2.79,4.91,76.8,32.6,2,spoiled
4.82,1.85,2.83,5.1,0.94,3.03,7.65,2.85,4.82,76.8,32.6,2,spoiled
4.82,1.86,2.84,5.12,0.94,3.01,7.65,3.13,4.78,76.9,32.6,2,spoiled
4.82,1.83,2.83,5.1,0.94,2.99,7.71,3.1,4.74,76.9,32.6,2,spoiled
4.78,1.85,2.83,5.12,0.98,2.99,8.38,2.89,4.76,77.0,32.6,2,spoiled
4.86,1.82,2.83,5.21,0.94,3.01,7.99,3.05,4.84,75.0,32.6,2,spoiled
4.86,1.86,2.83,5.16,0.96,2.99,8.28,2.65,4.91,74.8,32.6,2,spoiled
4.78,1.83,2.83,5.14,0.94,2.96,8.64,2.62,4.78,75.4,32.6,2,spoiled
4.78,1.85,2.83,5.12,0.93,2.96,8.15,2.77,4.76,75.8,32.6,2,spoiled
4.63,1.81,2.78,4.99,0.96,2.95,7.42,2.63,4.63,76.1,32.6,2,spoiled
4.73,1.82,2.78,5.03,0.97,2.9,7.51,2.73,4.84,76.3,32.6,2,spoiled
4.78,1.79,2.78,5.16,0.97,2.95,7.28,2.84,4.82,73.8,32.6,2,spoiled
4.84,1.82,2.8,5.16,0.94,2.99,8.31,2.97,4.89,72.6,32.6,2,spoiled
4.84,1.83,2.81,5.14,0.94,2.99,8.71,2.6,4.74,74.0,32.6,2,spoiled
4.8,1.81,2.81,5.07,0.96,2.98,8.68,2.81,4.61,74.8,32.6,2,spoiled
4.82,1.82,2.8,5.07,0.95,2.98,7.57,2.97,4.76,75.4,32.6,2,spoiled
4.78,1.85,2.81,5.1,0.94,2.95,8.54,2.65,4.8,75.5,32.6,2,spoiled
4.75,1.81,2.8,4.99,0.96,2.85,7.57,2.59,4.8,75.5,32.6,2,spoiled
4.75,1.85,2.81,5.1,0.94,2.91,7.19,2.71,4.82,75.3,32.6,2,spoiled
4.8,1.78,2.81,5.16,0.95,2.91,8.09,2.67,4.78,75.0,32.6,2,spoiled
4.73,1.79,2.81,5.12,0.93,2.9,8.25,3.3,4.8,74.1,32.6,2,spoiled
4.73,1.83,2.83,5.12,0.94,2.93,7.48,2.73,4.78,74.6,32.6,2,spoiled
4.73,1.83,2.84,5.14,0.95,2.96,8.28,3.13,4.82,75.0,32.6,2,spoiled
4.71,1.83,2.83,5.07,0.97,2.91,7.42,2.95,4.84,75.3,32.6,2,spoiled
4.73,1.85,2.83,5.05,0.96,2.93,7.62,3.13,4.76,75.6,32.6,2,spoiled
4.73,1.81,2.84,5.1,0.93,2.93,8.21,2.68,4.74,75.9,32.6,2,spoiled
4.71,1.83,2.83,5.05,0.94,2.98,7.62,2.97,4.82,75.9,32.6,2,spoiled
4.73,1.81,2.81,5.03,0.95,2.93,8.51,2.97,4.91,75.8,32.6,2,spoiled
4.78,1.85,2.83,5.05,0.96,2.93,7.65,4.21,4.76,76.1,32.6,2,spoiled
4.8,1.82,2.83,5.1,0.96,2.95,7.78,2.6,4.84,76.0,32.6,2,spoiled
4.82,1.82,2.84,5.1,0.94,2.95,8.64,3.2,4.8,76.4,32.6,2,spoiled
4.75,1.85,2.83,5.07,0.94,2.96,7.28,2.85,4.8,76.4,32.6,2,spoiled
4.73,1.82,2.81,5.05,0.92,2.88,7.93,3.85,4.76,76.1,32.6,2,spoiled
4.67,1.79,2.78,4.96,0.95,2.88,7.3,3.1,4.74,76.5,32.7,2,spoiled
4.65,1.81,2.78,4.94,0.95,2.88,8.58,2.97,4.67,76.5,32.6,2,spoiled
4.67,1.83,2.78,4.94,0.97,2.87,8.25,2.81,4.76,76.6,32.6,2,spoiled
4.65,1.81,2.78,4.96,0.95,2.85,7.62,2.79,4.7,76.6,32.6,2,spoiled
4.69,1.81,2.8,4.92,0.95,2.88,7.16,2.62,4.7,76.7,32.6,2,spoiled
4.78,1.83,2.8,5.01,0.95,2.91,7.87,3.28,4.76,76.7,32.6,2,spoiled
4.78,1.85,2.81,5.05,0.94,2.91,9.28,2.82,4.72,76.6,32.6,2,spoiled
4.8,1.82,2.83,5.03,0.95,2.9,8.25,2.68,4.72,76.5,32.7,2,spoiled
4.86,1.87,2.83,5.19,0.95,2.95,8.47,2.71,4.84,76.4,32.6,2,spoiled
4.88,1.83,2.84,5.16,0.95,2.87,7.13,2.82,4.93,73.5,32.6,2,spoiled
4.88,1.83,2.83,5.19,0.97,2.9,7.6,2.57,4.78,74.5,32.6,2,spoiled
4.88,1.82,2.86,5.23,0.96,2.91,7.22,2.98,4.78,74.4,32.6,2,spoiled
4.82,1.85,2.84,5.16,0.96,2.93,7.68,2.9,4.89,75.0,32.6,2,spoiled
4.95,1.87,2.86,5.21,0.96,2.95,8.15,3.05,4.78,75.4,32.6,2,spoiled
4.86,1.83,2.83,5.19,0.97,2.91,7.45,2.59,4.8,73.2,32.7,2,spoiled
4.88,1.86,2.84,5.19,0.97,2.93,8.78,2.59,4.89,74.3,32.6,2,spoiled
4.82,1.83,2.84,5.16,0.97,2.9,7.51,2.73,4.8,74.6,32.6,2,spoiled
4.84,1.85,2.86,5.1,0.96,2.91,8.09,3.13,4.8,75.1,32.7,2,spoiled
4.8,1.83,2.88,5.12,0.95,2.91,8.61,2.7,4.82,75.4,32.7,2,spoiled
4.8,1.82,2.88,5.14,0.95,2.91,8.05,2.74,4.76,75.7,32.7,2,spoiled
4.82,1.83,2.84,5.12,0.97,2.95,7.45,3.03,4.89,74.0,32.7,2,spoiled
4.84,1.83,2.86,5.14,0.95,2.9,7.65,2.63,4.82,74.9,32.7,2,spoiled
4.91,1.83,2.89,5.16,0.96,2.93,8.09,2.67,4.91,75.4,32.7,2,spoiled
4.86,1.83,2.84,5.14,0.95,2.93,8.28,2.92,4.84,74.9,32.7,2,spoiled
4.86,1.86,2.84,5.12,0.98,2.9,7.42,2.97,4.93,75.0,32.7,2,spoiled
4.93,1.86,2.88,5.14,0.96,2.93,8.21,2.93,4.84,75.2,32.7,2,spoiled
4.95,1.86,2.86,5.14,0.96,2.93,8.68,2.9,4.76,75.4,32.7,2,spoiled
4.88,1.86,2.84,5.12,0.98,2.9,7.57,3.0,4.8,75.2,32.7,2,spoiled
4.91,1.86,2.86,5.12,0.96,2.88,7.62,2.65,4.84,75.0,32.6,2,spoiled
4.97,1.83,2.88,5.25,0.95,2.88,7.75,2.98,4.87,74.8,32.7,2,spoiled
4.91,1.82,2.81,5.19,0.97,2.88,7.71,2.65,4.78,72.7,32.7,2,spoiled
4.84,1.82,2.83,5.12,0.96,2.84,7.48,2.81,4.8,74.0,32.7,2,spoiled
5.02,1.85,2.81,5.34,0.95,2.87,8.64,2.97,4.74,74.4,32.7,2,spoiled
5.04,1.83,2.81,5.39,0.93,2.91,8.05,2.84,4.67,66.5,32.7,2,spoiled
5.02,1.85,2.8,5.32,0.95,2.88,7.54,2.77,4.74,69.5,32.7,2,spoiled
4.97,1.74,2.78,5.23,0.97,2.87,8.58,2.67,4.8,69.8,32.7,2,spoiled
4.93,1.83,2.81,5.23,0.94,2.88,8.88,2.85,4.82,71.4,32.7,2,spoiled
4.99,1.87,2.84,5.21,0.98,2.91,7.78,3.23,4.89,72.3,32.7,2,spoiled
4.84,1.83,2.78,5.1,0.95,2.85,7.42,2.93,4.74,72.8,32.7,2,spoiled
4.91,1.82,2.81,5.12,0.95,2.85,7.36,2.81,4.8,73.0,32.7,2,spoiled
4.99,1.83,2.83,5.21,0.95,2.91,8.78,2.79,4.37,72.8,32.7,2,spoiled
5.02,1.83,2.84,5.23,0.96,2.88,7.13,2.89,4.8,72.3,32.7,2,spoiled
4.95,1.86,2.84,5.25,0.94,2.9,7.28,2.87,4.89,72.7,32.7,2,spoiled
5.06,1.83,2.83,5.37,0.94,2.87,7.54,2.59,4.72,71.7,32.7,2,spoiled
5.04,1.87,2.83,5.28,0.96,2.88,8.99,2.71,4.76,69.7,32.7,2,spoiled
4.97,1.82,2.81,5.25,0.95,2.84,8.99,2.76,4.89,70.0,32.7,2,spoiled
4.97,1.83,2.81,5.21,0.96,2.87,7.57,2.6,4.87,70.7,32.7,2,spoiled
4.93,1.82,2.81,5.21,0.95,2.87,7.54,2.95,4.89,71.5,32.8,2,spoiled
4.95,1.85,2.8,5.12,0.95,2.85,7.51,3.2,4.91,72.2,32.8,2,spoiled
4.95,1.83,2.8,5.12,0.94,2.84,8.81,2.87,4.84,72.8,32.7,2,spoiled
4.93,1.86,2.84,5.16,0.95,2.87,10.08,2.6,4.93,73.3,32.8,2,spoiled
4.95,1.83,2.84,5.19,0.96,2.85,7.48,2.84,5.11,72.9,32.8,2,spoiled
4.86,1.83,2.83,5.14,0.97,2.8,8.88,2.95,5.0,73.4,32.8,2,spoiled
4.86,1.87,2.83,5.19,0.98,2.82,8.54,2.81,4.89,73.2,32.8,2,spoiled
4.95,1.9,2.8,5.32,0.98,2.84,8.95,2.98,5.17,72.7,32.8,2,spoiled
5.19,2.23,2.99,5.65,0.95,2.88,8.99,3.49,4.67,67.9,32.8,2,spoiled
5.22,1.87,2.83,5.53,0.98,2.9,7.33,3.0,4.65,64.9,32.8,2,spoiled
5.24,1.87,2.86,5.51,0.97,2.87,9.02,2.92,4.57,65.9,32.8,2,spoiled
5.13,1.86,2.84,5.37,0.98,2.88,8.81,2.85,4.07,67.3,32.8,2,spoiled
5.17,1.9,2.88,5.39,0.96,2.91,7.51,2.93,4.21,69.5,32.8,2,spoiled
5.06,1.83,2.88,5.3,0.95,2.84,8.61,3.35,4.17,69.8,32.9,2,spoiled
4.95,1.86,2.84,5.23,0.98,2.8,8.31,2.92,4.15,70.6,32.9,2,spoiled
4.97,1.86,2.86,5.23,0.98,2.85,8.61,2.87,4.23,70.9,32.9,2,spoiled
4.97,1.87,2.84,5.23,0.98,2.82,7.78,2.9,4.09,70.5,32.8,2,spoiled
4.97,1.83,2.86,5.19,0.96,2.84,8.64,2.98,4.15,71.0,32.9,2,spoiled
4.97,1.87,2.86,5.16,0.98,2.8,8.68,2.87,4.15,71.7,32.9,2,spoiled
4.97,1.86,2.84,5.21,0.95,2.8,8.47,3.37,4.15,71.3,32.9,2,spoiled
4.99,1.86,2.86,5.21,0.96,2.8,8.58,3.16,4.01,71.9,32.9,2,spoiled
4.95,1.89,2.86,5.16,0.98,2.82,7.45,2.89,4.11,71.7,32.9,2,spoiled
4.93,1.87,2.84,5.19,0.97,2.8,7.54,2.93,4.21,72.3,32.9,2,spoiled
4.97,1.83,2.86,5.21,0.95,2.8,8.78,3.44,4.11,72.1,32.9,2,spoiled
4.93,1.87,2.84,5.16,0.97,2.79,8.71,3.25,4.19,72.3,32.9,2,spoiled
4.86,1.83,2.86,5.12,0.97,2.76,8.12,3.1,4.19,72.5,32.9,2,spoiled
4.86,1.87,2.84,5.12,0.98,2.77,7.84,3.25,4.11,72.8,32.9,2,spoiled
4.88,1.83,2.86,5.12,0.95,2.79,8.92,3.05,4.17,73.0,32.9,2,spoiled
4.8,1.87,2.83,5.07,0.97,2.74,7.25,3.2,4.63,73.0,32.9,2,spoiled
4.78,1.85,2.83,5.1,0.97,2.74,8.78,3.11,4.01,73.3,32.9,2,spoiled
4.78,1.82,2.83,5.03,0.96,2.73,8.34,2.98,3.96,73.4,32.9,2,spoiled
4.78,1.82,2.84,5.05,0.96,2.74,7.75,3.08,3.99,73.0,32.9,2,spoiled
4.75,1.85,2.81,5.03,0.95,2.71,7.25,2.79,3.96,73.2,32.9,2,spoiled
4.71,1.85,2.81,4.99,0.96,2.71,7.65,2.84,3.84,72.9,32.9,2,spoiled
4.78,1.81,2.84,5.05,0.95,2.73,7.65,2.98,4.07,73.1,33.0,2,spoiled
4.82,1.83,2.83,5.07,0.94,2.71,7.48,2.95,3.96,73.0,32.9,2,spoiled
4.88,1.85,2.83,5.12,0.95,2.71,8.38,2.74,4.01,70.0,32.9,2,spoiled
4.93,1.85,2.81,5.25,0.77,2.74,9.85,3.23,4.05,70.1,32.9,2,spoiled
5.13,1.83,2.83,5.44,0.95,2.8,8.88,3.11,3.99,66.7,32.9,2,spoiled
5.19,1.89,2.86,5.39,0.98,2.79,8.68,2.85,4.11,64.0,32.9,2,spoiled
5.15,1.87,2.84,5.44,0.97,2.8,8.51,2.85,4.07,67.3,32.9,2,spoiled
5.08,1.83,2.83,5.32,0.94,2.77,8.99,2.89,4.03,64.4,32.9,2,spoiled
5.04,1.85,2.89,5.3,0.94,2.79,7.28,3.08,4.03,67.6,32.9,2,spoiled
4.97,1.86,2.81,5.16,0.96,2.74,8.95,3.06,3.99,68.6,32.9,2,spoiled
4.93,1.83,2.83,5.19,0.95,2.74,7.3,3.03,4.03,69.7,32.9,2,spoiled
4.95,1.83,2.83,5.1,0.96,2.74,7.54,3.28,3.99,70.1,32.9,2,spoiled
4.84,1.85,2.83,5.1,0.97,2.7,8.09,3.06,4.01,70.6,32.9,2,spoiled
4.78,1.81,2.83,5.1,0.93,2.7,7.84,3.13,3.92,71.0,32.9,2,spoiled
4.84,1.86,2.84,5.12,0.94,2.71,8.41,3.1,3.86,71.1,33.0,2,spoiled
4.84,1.86,2.83,5.14,0.94,2.74,7.6,3.16,3.96,71.2,32.9,2,spoiled
4.86,1.85,2.84,5.07,0.97,2.7,8.25,3.15,3.99,71.6,33.0,2,spoiled
4.82,1.83,2.83,5.07,0.96,2.7,7.13,3.15,3.99,72.0,32.9,2,spoiled
4.82,1.81,2.83,5.07,0.95,2.68,8.34,3.13,3.94,72.1,33.0,2,spoiled
4.84,1.87,2.84,5.07,0.97,2.71,7.51,3.44,4.03,71.8,33.0,2,spoiled
4.88,1.83,2.88,5.16,0.95,2.71,7.81,3.13,4.05,72.3,33.0,2,spoiled
4.91,1.85,2.86,5.12,0.96,2.73,7.68,3.2,4.05,72.2,32.9,2,spoiled
4.93,1.87,2.86,5.12,0.98,2.73,8.34,3.35,4.03,72.2,33.0,2,spoiled
4.88,1.83,2.86,5.14,0.95,2.7,7.71,3.11,4.03,72.4,33.0,2,spoiled
4.95,1.86,2.86,5.12,0.98,2.74,7.22,3.26,4.11,72.5,33.0,2,spoiled
4.86,1.85,2.84,5.12,0.94,2.71,7.57,3.4,4.19,72.8,33.0,2,spoiled
4.88,1.89,2.88,5.1,0.97,2.71,8.15,3.2,4.17,72.9,32.9,2,spoiled
4.93,1.87,2.88,5.14,0.96,2.71,7.19,3.25,4.19,72.9,33.0,2,spoiled
4.91,1.85,2.88,5.1,0.96,2.71,8.68,3.18,4.19,72.5,33.0,2,spoiled
4.86,1.87,2.86,5.07,0.98,2.68,7.81,3.15,4.19,73.2,33.0,2,spoiled
4.91,1.86,2.88,5.1,0.98,2.73,8.34,3.21,4.23,73.0,33.0,2,spoiled
4.93,1.86,2.86,5.21,0.95,2.7,7.93,3.28,4.91,73.2,33.0,2,spoiled
5.02,1.86,2.88,5.23,0.96,2.55,8.47,3.44,5.02,71.0,33.0,2,spoiled
5.04,1.86,2.89,5.23,0.95,2.73,7.6,3.35,4.03,71.1,33.0,2,spoiled
5.02,1.86,2.89,5.23,0.95,2.73,7.93,3.37,3.96,71.5,33.0,2,spoiled
4.95,1.87,2.86,5.16,0.98,2.73,7.65,3.32,3.99,71.0,33.0,2,spoiled
5.06,1.89,2.86,5.23,0.98,2.73,8.28,3.44,4.11,72.0,33.0,2,spoiled
5.64,1.85,2.89,6.14,0.97,2.85,8.75,3.47,4.09,67.7,33.0,2,spoiled
6.23,1.9,2.89,6.8,1.02,3.16,7.87,3.7,4.23,54.5,32.9,2,spoiled
6.65,1.93,2.91,7.19,1.01,3.29,10.16,3.87,4.21,50.9,32.9,2,spoiled
7.13,1.9,2.91,7.64,1.04,3.55,9.43,4.17,4.29,49.8,32.9,2,spoiled
7.45,1.93,2.91,7.94,1.06,3.58,8.68,3.98,4.37,47.2,32.9,2,spoiled
7.78,1.97,2.94,8.2,1.09,3.67,11.06,4.23,4.37,46.6,32.9,2,spoiled
8.13,1.97,2.97,8.36,1.12,3.85,9.28,4.43,4.49,45.6,32.9,2,spoiled
8.33,1.98,2.96,8.49,1.15,3.8,8.95,4.19,4.57,45.5,32.9,2,spoiled
8.49,1.97,2.97,8.9,1.24,3.98,10.29,4.25,4.76,44.9,32.9,2,spoiled
8.76,1.96,3.01,8.9,1.34,3.69,10.54,4.39,4.76,43.9,32.9,2,spoiled
8.94,2.01,2.99,9.08,1.42,3.78,10.45,4.72,4.8,43.9,32.9,2,spoiled
9.01,2.0,3.01,9.12,1.47,3.78,10.29,4.47,4.82,43.8,32.9,2,spoiled
8.83,2.03,2.97,8.6,1.39,3.55,11.06,4.02,4.82,43.9,32.9,2,spoiled
8.52,2.0,2.97,8.07,1.35,3.34,8.68,4.0,4.78,45.1,32.9,2,spoiled
8.13,1.97,2.96,7.67,1.28,3.17,10.41,3.79,4.72,45.8,32.9,2,spoiled
8.29,2.0,2.97,8.17,1.34,3.29,8.54,3.81,4.63,46.7,32.9,2,spoiled
8.1,2.01,3.01,7.91,1.25,3.22,9.61,3.81,4.76,44.7,32.9,2,spoiled
7.81,1.97,2.99,7.46,1.24,3.19,8.61,3.83,4.67,46.3,32.9,2,spoiled
7.81,1.96,2.96,7.88,1.35,3.32,9.43,4.06,4.65,47.5,32.9,2,spoiled
8.16,2.01,2.96,8.36,1.36,3.5,12.0,4.02,4.74,44.6,32.9,2,spoiled
8.39,1.98,2.97,8.6,1.41,3.51,9.1,4.33,4.82,43.9,32.9,2,spoiled
8.63,1.98,2.96,8.8,1.42,3.6,9.28,4.17,4.72,43.5,32.9,2,spoiled
8.73,1.98,2.97,8.77,1.45,3.6,8.81,4.02,4.67,43.3,32.9,2,spoiled
9.01,2.03,2.97,9.04,1.58,3.76,9.31,4.53,4.93,43.5,32.9,2,spoiled
9.11,2.0,2.97,9.22,1.64,3.85,9.1,4.97,4.91,43.0,32.9,2,spoiled
9.11,2.01,2.97,9.12,1.58,3.78,9.2,4.21,4.89,43.0,32.9,2,spoiled
9.22,2.03,2.99,9.15,1.65,3.84,10.25,4.25,4.98,43.0,32.9,2,spoiled
9.48,2.04,2.99,9.55,1.79,4.12,9.73,4.89,4.98,42.6,32.9,2,spoiled
9.51,2.01,3.01,9.44,1.72,3.74,9.17,4.39,5.0,42.4,32.9,2,spoiled
9.51,2.06,2.99,9.37,1.67,3.8,10.71,3.94,5.04,42.5,32.8,2,spoiled
9.44,2.03,2.99,9.26,1.71,3.71,8.88,4.19,4.95,42.3,32.8,2,spoiled
9.37,2.01,2.97,9.15,1.8,3.71,10.97,4.41,4.93,42.5,32.8,2,spoiled
9.48,2.03,3.02,9.26,1.84,3.87,11.29,4.45,5.02,42.4,32.8,2,spoiled
9.55,2.03,3.01,9.33,1.78,3.6,10.08,4.08,5.04,42.3,32.8,2,spoiled
9.44,2.04,2.99,9.19,1.73,3.6,9.77,4.17,5.04,42.3,32.8,2,spoiled
9.48,2.06,2.96,9.33,1.85,3.85,11.61,4.35,5.11,42.3,32.8,2,spoiled
9.44,2.06,2.97,9.08,1.72,3.71,10.84,4.17,5.09,42.1,32.8,2,spoiled
9.4,2.06,2.96,9.08,1.73,3.78,9.43,4.25,5.15,42.4,32.8,2,spoiled
9.15,2.06,2.97,8.83,1.57,3.39,9.88,4.02,5.09,42.3,32.8,2,spoiled
9.22,2.04,2.97,8.97,1.74,3.67,8.78,4.59,5.04,42.7,32.8,2,spoiled
9.18,2.01,2.97,8.9,1.65,3.73,9.1,4.33,5.06,42.1,32.8,2,spoiled
9.26,2.04,2.99,8.87,1.65,3.64,9.69,4.25,5.04,42.0,32.8,2,spoiled
9.15,2.03,2.99,8.73,1.66,3.73,9.17,4.45,4.82,42.0,32.9,2,spoiled
8.94,2.17,2.96,8.63,1.79,3.71,9.81,3.96,5.04,42.0,32.9,2,spoiled
8.94,2.01,2.94,8.7,1.67,3.5,10.29,4.02,6.0,42.1,32.9,2,spoiled
9.11,2.03,2.97,8.87,1.72,3.71,10.71,4.27,5.93,42.0,32.9,2,spoiled
9.15,1.98,2.97,9.01,1.7,3.82,10.71,4.33,5.95,41.8,32.9,2,spoiled
9.11,1.98,2.96,8.97,1.71,3.69,9.35,3.98,5.83,41.6,32.9,2,spoiled
9.4,2.06,2.99,9.12,1.81,3.87,13.54,4.74,6.03,41.7,32.9,2,spoiled
9.44,2.04,3.01,9.22,1.83,3.84,10.33,4.47,5.98,41.4,32.9,2,spoiled
9.29,2.03,2.99,9.26,1.78,3.76,10.97,4.29,6.05,41.4,32.9,2,spoiled
9.29,2.04,2.96,8.94,1.76,3.73,8.81,4.25,6.0,41.2,32.9,2,spoiled
9.33,2.0,2.96,9.04,1.77,3.76,11.66,4.02,6.03,41.3,32.9,2,spoiled
9.22,2.04,3.09,8.8,1.74,3.62,9.06,4.21,6.03,41.2,32.9,2,spoiled
9.22,2.06,2.94,9.01,1.66,3.84,10.66,4.49,6.05,41.6,32.9,2,spoiled
9.37,2.0,2.94,9.33,1.9,3.95,9.39,5.26,5.88,41.2,32.9,2,spoiled
9.37,2.03,2.97,9.19,1.79,3.78,9.54,4.57,6.16,40.9,33.0,2,spoiled
9.51,2.06,2.99,9.19,1.79,3.65,9.17,4.04,6.08,41.4,33.0,2,spoiled
9.51,2.03,3.01,9.26,1.91,3.74,11.42,4.61,6.13,41.2,33.0,2,spoiled
9.48,2.01,2.99,9.3,1.73,3.67,9.17,4.09,6.05,41.1,33.0,2,spoiled
9.63,2.04,3.01,9.48,2.0,4.0,9.73,4.95,6.16,41.2,33.0,2,spoiled
9.63,2.03,3.01,9.37,1.89,3.89,10.66,4.33,6.26,40.9,33.0,2,spoiled
9.63,2.07,3.01,9.48,2.01,4.0,10.54,4.89,5.66,41.1,33.0,2,spoiled
9.7,2.06,3.02,9.63,2.02,3.96,9.73,4.97,6.23,40.9,33.0,2,spoiled
9.82,2.07,3.04,9.52,1.91,3.91,9.06,3.78,6.16,41.0,33.1,2,spoiled
9.78,2.07,3.02,9.52,2.0,4.0,11.85,4.33,5.86,41.0,33.0,2,spoiled
9.86,2.07,3.04,9.63,2.02,3.98,9.81,4.11,6.08,41.1,33.0,2,spoiled
9.7,2.06,3.01,9.59,2.0,3.93,11.47,4.29,6.23,41.0,33.0,2,spoiled
9.48,2.03,2.99,9.19,2.0,3.84,11.06,4.61,6.18,41.2,33.0,2,spoiled
9.63,2.07,2.99,9.26,1.87,3.73,9.17,3.76,6.1,41.2,33.0,2,spoiled
9.48,2.07,2.99,9.08,1.81,3.65,8.68,4.11,6.13,41.3,33.0,2,spoiled
9.15,2.0,2.96,8.77,1.66,3.31,8.34,3.56,6.18,41.6,33.0,2,spoiled
8.94,2.0,2.94,8.56,1.76,3.5,8.68,3.91,6.05,41.7,33.0,2,spoiled
8.29,1.98,2.94,7.79,1.57,3.11,10.12,3.7,6.08,41.9,33.0,2,spoiled
7.69,1.96,2.92,7.25,1.47,2.96,8.44,3.47,6.23,43.4,32.9,2,spoiled
7.66,2.0,2.94,7.4,1.52,3.17,9.65,3.83,6.08,44.6,33.0,2,spoiled
7.88,2.01,2.96,7.67,1.52,3.24,10.33,3.37,6.03,43.5,33.0,2,spoiled
7.88,2.29,2.94,7.91,1.59,3.43,8.99,3.81,6.16,43.3,33.0,2,spoiled
8.26,1.98,2.94,8.3,1.52,3.34,8.34,3.92,6.13,43.1,33.0,2,spoiled
8.36,2.01,2.97,8.3,1.5,3.31,10.33,3.68,6.21,43.0,33.0,2,spoiled
8.23,1.98,2.97,8.07,1.5,3.31,9.81,3.7,6.31,43.3,33.0,2,spoiled
8.46,2.01,2.99,8.46,1.58,3.53,8.61,3.81,6.36,44.1,33.0,2,spoiled
8.8,2.0,3.01,8.9,1.62,3.74,9.81,4.43,6.13,43.5,33.0,2,spoiled
9.01,2.07,2.99,8.97,1.66,3.84,11.29,4.23,6.26,43.3,33.0,2,spoiled
9.04,2.07,3.01,8.8,1.64,3.67,9.35,4.09,6.39,43.2,32.9,2,spoiled
9.18,2.04,3.01,9.12,1.7,3.84,10.79,3.94,6.41,43.4,33.0,2,spoiled
9.29,2.07,2.99,9.22,1.83,3.87,9.5,4.82,6.36,43.4,33.0,2,spoiled
9.48,2.07,3.02,9.22,1.72,3.69,9.35,4.02,6.36,43.4,33.0,2,spoiled
9.48,2.07,3.01,9.19,1.78,3.84,9.31,4.31,6.39,43.5,33.0,2,spoiled
9.55,2.04,3.01,9.33,1.85,3.96,9.54,4.61,6.31,43.6,32.9,2,spoiled
9.74,2.07,3.02,9.37,1.8,3.95,9.1,4.47,6.41,43.6,32.9,2,spoiled
9.78,2.04,3.04,9.41,1.83,4.02,11.01,4.35,6.47,43.7,32.9,2,spoiled
9.66,2.04,3.02,9.3,1.73,3.71,9.5,3.98,6.39,43.9,32.9,2,spoiled
9.59,2.04,3.01,9.19,1.74,3.82,11.61,4.27,6.41,44.1,32.9,2,spoiled
9.63,2.08,3.02,9.15,1.78,3.87,10.75,4.47,6.6,44.2,32.9,2,spoiled
9.55,2.07,3.01,9.22,1.71,3.73,11.15,4.35,6.55,44.3,32.9,2,spoiled
9.59,2.04,3.01,9.44,1.84,3.93,11.06,4.67,6.57,44.4,32.9,2,spoiled
9.37,2.03,2.99,8.8,1.63,3.67,8.99,4.25,6.44,44.4,32.9,2,spoiled
9.15,2.04,3.01,8.53,1.59,3.53,8.99,3.91,6.36,44.8,32.8,2,spoiled
9.22,2.07,3.02,8.77,1.72,3.73,9.17,4.19,6.57,45.2,32.8,2,spoiled
9.4,2.03,3.02,9.01,1.63,3.74,11.24,3.85,6.31,45.2,32.8,2,spoiled
9.18,2.04,3.04,8.66,1.58,3.53,9.35,4.0,6.57,45.2,32.8,2,spoiled
8.97,2.03,3.02,8.49,1.62,3.58,8.88,4.02,6.6,45.7,32.8,2,spoiled
9.11,2.07,3.02,8.73,1.6,3.65,11.47,4.49,6.49,45.8,32.8,2,spoiled
8.52,2.07,2.99,7.94,1.45,3.24,10.62,3.76,6.49,45.7,32.8,2,spoiled
7.66,2.03,2.97,6.91,1.3,2.98,9.2,3.56,6.26,47.1,32.8,2,spoiled
6.85,1.48,2.97,6.27,1.22,2.85,8.02,3.42,6.28,49.7,32.8,2,spoiled
6.36,2.0,2.96,5.89,1.19,2.88,8.31,3.38,6.1,51.5,32.8,2,spoiled
5.95,1.98,2.96,5.58,1.13,2.8,8.28,3.42,6.1,52.9,32.8,2,spoiled
5.68,1.92,2.92,5.39,1.09,2.77,8.15,3.37,6.03,54.3,32.8,2,spoiled
5.45,1.96,2.91,5.25,1.05,2.8,10.12,3.23,5.88,55.4,32.8,2,spoiled
5.38,1.93,2.92,5.19,1.0,2.8,7.93,3.32,5.95,56.4,32.9,2,spoiled
5.24,1.9,2.89,5.05,1.01,2.76,8.31,3.15,5.76,57.2,32.9,2,spoiled
5.08,1.86,2.88,4.96,0.97,2.77,9.65,3.15,5.66,58.0,32.9,2,spoiled
5.06,1.9,2.88,4.96,0.95,2.74,9.69,3.4,5.54,58.5,32.9,2,spoiled
4.99,1.86,2.84,4.92,0.95,2.74,7.54,3.2,5.52,59.1,32.9,2,spoiled
4.97,1.86,2.84,4.9,0.94,2.71,8.09,3.23,5.66,59.6,32.9,2,spoiled
4.99,1.86,2.86,4.86,0.95,2.71,8.41,3.05,5.5,60.1,32.9,2,spoiled
4.95,1.86,2.86,4.9,0.94,2.7,8.25,3.18,5.47,60.4,33.0,2,spoiled
4.93,1.9,2.84,4.88,0.92,2.73,9.13,3.13,5.47,61.1,32.9,2,spoiled
4.86,1.83,2.86,4.84,0.92,2.7,9.24,3.42,5.4,62.0,33.0,2,spoiled
4.88,1.83,2.86,4.81,0.92,2.67,9.02,3.06,5.43,62.7,33.0,2,spoiled
4.8,1.83,2.84,4.79,0.92,2.67,7.6,3.32,5.33,63.2,33.0,2,spoiled
4.88,1.86,2.84,4.84,0.92,2.71,7.51,3.26,5.27,63.7,33.0,2,spoiled
4.82,1.87,2.83,4.75,0.94,2.62,8.78,3.2,5.24,64.2,33.0,2,spoiled
4.8,1.87,2.84,4.81,0.92,2.67,7.45,3.21,5.24,64.5,33.0,2,spoiled
4.8,1.89,2.83,4.63,0.96,2.67,7.57,3.42,5.2,64.7,33.0,2,spoiled
4.82,1.87,2.81,4.75,0.94,2.65,7.36,3.21,5.22,65.4,33.0,2,spoiled
4.88,1.89,2.84,4.88,0.94,2.71,9.17,3.33,5.24,65.8,33.0,2,spoiled
4.91,1.86,2.88,4.92,0.93,2.67,8.28,3.52,5.24,66.2,33.0,2,spoiled
4.86,1.89,2.86,4.88,0.96,2.71,7.68,3.4,5.17,66.5,33.0,2,spoiled
4.86,1.86,2.88,4.88,0.93,2.7,7.68,3.28,5.27,66.9,33.0,2,spoiled
4.82,1.89,2.86,4.86,0.95,2.65,8.88,3.08,5.27,67.3,33.0,2,spoiled
4.86,1.85,2.86,4.86,0.96,2.59,8.28,3.28,5.27,67.6,33.0,2,spoiled
4.8,1.9,2.89,4.88,0.95,2.68,8.09,3.03,5.31,67.7,33.0,2,spoiled
4.82,1.86,2.89,4.92,0.94,2.67,7.48,3.38,5.27,68.0,33.0,2,spoiled
4.86,1.87,2.89,4.92,0.94,2.67,7.6,3.23,5.2,67.8,33.0,2,spoiled
4.84,1.89,2.86,4.86,0.97,2.65,7.65,3.35,5.22,68.0,33.0,2,spoiled
4.91,1.86,2.88,4.9,0.94,2.68,7.57,3.6,5.22,68.4,33.0,2,spoiled
4.86,1.86,2.88,4.9,0.94,2.68,8.58,3.18,5.22,68.6,33.0,2,spoiled
4.91,1.86,2.88,4.96,0.96,2.7,8.18,3.3,5.06,68.4,33.0,2,spoiled
4.97,1.86,2.89,5.01,0.95,2.67,7.84,3.3,5.11,67.9,33.0,2,spoiled
4.93,1.9,2.89,4.96,0.95,2.67,7.6,3.11,5.31,68.1,33.0,2,spoiled
4.88,1.87,2.86,4.92,0.95,2.65,8.75,3.45,5.29,68.7,33.0,2,spoiled
4.93,1.89,2.89,4.94,0.96,2.65,8.64,3.28,5.09,69.0,33.0,2,spoiled
5.04,1.89,2.86,5.07,0.96,2.7,7.39,3.15,5.22,69.0,33.0,2,spoiled
5.08,1.87,2.88,5.14,0.95,2.74,7.51,3.1,5.29,67.0,33.0,2,spoiled
5.04,1.86,2.89,5.12,0.94,2.73,8.41,3.42,5.27,67.3,33.0,2,spoiled
5.06,1.86,2.89,5.21,0.95,2.71,7.45,3.28,5.27,68.2,33.0,2,spoiled
5.08,1.86,2.89,5.12,0.98,2.71,8.28,3.28,5.38,67.2,33.0,2,spoiled
5.06,1.87,2.92,5.16,0.96,2.73,9.77,3.51,5.43,68.2,33.0,2,spoiled
5.1,1.92,2.91,5.12,0.96,2.76,7.78,3.3,5.27,68.1,33.0,2,spoiled
5.08,1.92,2.89,5.1,0.98,2.73,8.44,3.4,5.47,68.7,33.0,2,spoiled
5.02,1.9,2.89,5.07,0.95,2.77,7.11,3.33,5.45,69.4,33.0,2,spoiled
5.02,1.86,2.88,5.03,0.96,2.73,7.19,3.28,5.45,69.7,33.0,2,spoiled
4.95,1.87,3.02,5.46,0.94,2.73,7.22,3.35,5.43,70.1,33.0,2,spoiled
4.99,1.86,2.88,4.99,0.96,2.7,7.62,3.42,5.4,70.4,33.0,2,spoiled
5.02,1.86,2.89,5.01,0.96,2.7,7.36,3.38,5.5,71.0,33.1,2,spoiled
5.02,1.89,2.89,4.99,0.97,2.68,7.02,3.11,4.29,71.0,33.0,2,spoiled
4.93,1.9,2.88,4.99,0.95,2.67,7.05,3.21,4.05,71.3,33.0,2,spoiled
4.97,1.86,2.88,5.01,0.94,2.68,7.78,3.35,5.11,71.7,33.0,2,spoiled
4.93,1.9,2.88,4.94,0.97,2.65,7.0,3.32,4.33,71.8,33.0,2,spoiled
4.88,1.86,2.89,4.96,0.94,2.64,8.25,3.28,4.19,71.9,33.0,2,spoiled
4.86,1.86,2.86,4.9,0.94,2.67,6.78,3.18,4.21,72.2,33.0,2,spoiled
4.88,1.87,2.84,4.86,0.96,2.62,7.62,3.25,4.13,72.4,33.0,2,spoiled
4.84,1.83,2.84,4.9,0.92,2.67,7.05,3.37,4.01,72.5,33.0,2,spoiled
4.91,1.87,2.86,4.86,0.94,2.65,7.28,3.28,4.17,72.8,33.0,2,spoiled
4.93,1.86,2.86,4.84,0.96,2.62,7.71,3.3,4.11,72.9,33.0,2,spoiled
4.84,1.83,2.84,4.88,0.92,2.58,6.6,3.3,4.03,73.0,33.0,2,spoiled
4.78,1.83,2.84,4.86,0.95,2.59,7.42,3.32,4.11,73.0,33.0,2,spoiled
4.8,1.86,2.83,4.86,0.96,2.58,7.45,3.33,3.97,73.0,33.0,2,spoiled
4.84,1.87,2.86,4.9,0.96,2.62,7.28,3.4,4.05,73.0,33.0,2,spoiled
4.84,1.86,2.88,4.9,0.95,2.64,7.78,3.47,4.21,73.2,33.0,2,spoiled
4.86,1.87,2.86,4.86,0.96,2.61,7.28,3.47,4.01,73.5,33.0,2,spoiled
4.88,1.9,2.86,4.92,0.94,2.61,7.68,3.45,4.01,73.7,33.0,2,spoiled
4.84,1.83,2.83,4.84,0.94,2.64,6.86,3.45,4.01,73.9,33.0,2,spoiled
4.88,1.87,2.86,4.88,0.96,2.64,7.42,3.49,4.17,74.0,33.0,2,spoiled
4.93,1.87,2.89,4.99,0.94,2.65,7.39,3.49,4.09,74.3,33.0,2,spoiled
4.86,1.85,2.86,4.94,0.93,2.62,7.51,3.49,4.13,73.5,33.0,2,spoiled
4.88,1.83,2.86,4.88,0.97,2.58,7.45,3.42,4.05,73.9,33.0,2,spoiled
4.88,1.87,2.86,4.92,0.96,2.59,6.97,3.49,4.07,73.7,33.0,2,spoiled
4.97,1.87,2.88,4.99,0.96,2.62,7.65,3.51,4.05,73.2,33.0,2,spoiled
4.95,1.9,2.88,4.99,0.96,2.65,6.6,3.45,4.15,73.4,33.0,2,spoiled
4.97,1.87,2.91,5.07,0.95,2.68,7.71,3.37,4.09,73.7,33.0,2,spoiled
4.97,1.87,2.89,5.03,0.97,2.68,7.02,3.61,4.09,73.9,33.0,2,spoiled
4.99,1.89,2.92,5.07,0.95,2.67,7.62,3.44,4.07,73.9,33.0,2,spoiled
5.02,1.9,2.92,5.05,0.97,2.65,7.71,3.47,4.07,74.2,33.0,2,spoiled
5.06,1.9,2.92,5.1,0.94,2.67,7.08,3.52,4.09,73.9,33.0,2,spoiled
5.02,1.87,2.91,5.05,0.95,2.65,7.81,3.51,4.13,74.0,33.0,2,spoiled
5.04,1.89,3.06,5.23,0.95,2.67,6.62,3.6,4.23,74.4,33.0,2,spoiled
5.04,1.9,2.91,5.03,0.97,2.65,8.05,3.58,4.25,74.7,33.0,2,spoiled
5.08,1.93,2.94,5.05,0.96,2.65,7.71,3.54,4.37,74.9,33.0,2,spoiled
5.06,1.89,2.91,5.07,0.95,2.64,6.65,3.61,5.38,75.1,33.0,2,spoiled
4.99,1.89,2.91,5.05,0.96,2.68,7.48,3.61,5.71,75.2,33.0,2,spoiled
5.04,1.87,2.92,5.05,0.97,2.64,7.51,3.56,5.73,75.7,33.0,2,spoiled
4.99,1.89,2.86,5.03,0.95,2.62,6.67,3.56,5.59,75.7,33.0,2,spoiled
4.99,1.92,2.89,5.05,0.95,2.65,7.48,3.6,5.57,75.8,33.0,2,spoiled
4.97,1.87,2.88,5.03,0.95,2.61,7.28,3.56,5.83,75.6,33.0,2,spoiled
4.99,1.9,2.91,5.07,0.96,2.64,7.71,3.56,5.59,75.8,33.0,2,spoiled
4.99,1.89,2.88,5.05,0.94,2.65,7.19,3.6,5.54,76.0,33.0,2,spoiled
5.08,1.9,2.89,5.07,0.95,2.65,7.05,3.6,5.52,76.0,33.0,2,spoiled
5.1,1.92,2.91,5.14,0.94,2.67,6.81,3.6,5.45,75.7,33.0,2,spoiled
5.08,1.9,2.91,5.12,0.94,2.67,6.89,3.6,5.38,75.4,33.0,2,spoiled
5.1,1.9,2.88,5.07,0.97,2.64,6.89,3.61,5.54,75.6,33.0,2,spoiled
5.15,1.9,2.91,5.12,0.95,2.64,6.75,3.61,5.59,75.7,33.0,2,spoiled
5.08,1.9,2.89,5.1,0.95,2.65,6.57,3.61,5.47,76.2,33.0,2,spoiled
5.1,1.9,2.92,5.05,0.96,2.64,6.57,3.6,5.47,76.3,33.0,2,spoiled
5.08,1.92,2.89,5.03,0.97,2.64,7.28,3.61,5.43,76.9,33.0,2,spoiled
5.08,1.85,2.88,5.01,0.95,2.62,6.39,3.6,5.47,77.0,33.0,2,spoiled
5.08,1.9,2.89,5.05,0.97,2.62,6.39,3.58,5.52,76.9,33.0,2,spoiled
5.08,1.89,2.91,5.07,0.96,2.65,7.08,3.54,5.64,76.9,33.0,2,spoiled
5.13,1.87,2.91,5.1,0.96,2.61,6.57,3.47,5.61,76.9,33.0,2,spoiled
5.04,1.86,2.88,5.05,0.96,2.62,7.57,3.54,5.69,76.5,33.0,2,spoiled
5.02,1.86,2.88,5.05,0.93,2.58,7.02,3.52,5.47,76.5,33.0,2,spoiled
5.04,1.9,2.91,5.07,0.97,2.56,7.08,3.49,5.54,76.5,33.0,2,spoiled
4.95,1.89,2.88,5.03,0.94,2.61,6.54,3.52,5.4,76.7,33.0,2,spoiled
4.95,1.87,2.88,5.01,0.95,2.61,7.22,3.56,5.22,76.9,33.0,2,spoiled
5.04,1.9,2.88,5.03,0.96,2.59,6.52,3.6,5.52,77.0,33.0,2,spoiled
5.04,1.9,3.01,5.03,0.95,2.56,6.37,3.52,5.45,77.0,33.0,2,spoiled
5.08,1.87,2.86,5.05,0.97,2.58,6.86,3.52,5.43,76.5,33.0,2,spoiled
5.1,1.9,2.88,5.05,0.96,2.61,6.6,3.56,5.5,76.2,33.0,2,spoiled
5.06,1.87,2.84,5.03,0.96,2.58,6.7,3.54,5.5,76.5,33.0,2,spoiled
4.97,1.86,2.83,4.94,0.95,2.52,6.91,3.47,5.38,76.9,33.0,2,spoiled
4.95,1.83,2.83,4.94,0.96,2.52,6.22,3.44,5.45,77.2,33.0,2,spoiled
4.99,1.9,2.88,5.03,0.96,2.58,6.67,3.49,5.43,77.5,33.0,2,spoiled
4.99,1.9,2.86,4.99,0.97,2.58,6.49,3.54,5.59,77.5,33.0,2,spoiled
4.93,1.83,2.84,4.99,0.94,2.53,7.25,3.51,5.52,77.7,33.0,2,spoiled
5.02,1.83,2.86,4.96,0.95,2.58,6.78,3.51,5.47,77.7,33.0,2,spoiled
5.02,1.87,2.83,4.94,0.96,2.58,6.34,3.54,5.52,77.9,33.0,2,spoiled
5.04,1.83,2.84,4.94,0.95,2.55,6.86,3.51,5.5,77.7,33.0,2,spoiled
5.04,1.86,2.84,5.01,0.92,2.59,6.32,3.37,5.5,77.9,33.0,2,spoiled
5.1,1.87,2.88,5.07,0.96,2.55,7.16,3.35,5.54,78.2,33.0,2,spoiled
5.06,1.9,2.86,5.05,0.94,2.58,7.25,3.56,5.47,78.2,33.0,2,spoiled
5.04,1.87,2.83,4.96,0.96,2.61,6.32,3.51,5.61,78.1,33.0,2,spoiled
5.04,1.86,2.88,5.01,0.96,2.59,6.47,3.56,5.5,78.2,33.0,2,spoiled
5.08,1.87,2.86,5.01,0.96,2.56,6.39,3.52,5.52,78.2,33.0,2,spoiled
5.1,1.89,2.84,5.1,0.93,2.61,6.6,3.58,5.5,77.9,33.0,2,spoiled
5.15,1.89,2.84,5.03,0.95,2.59,6.91,3.45,5.5,77.9,33.0,2,spoiled
5.1,1.86,2.81,5.05,0.94,2.58,6.81,3.52,5.59,78.0,33.0,2,spoiled
5.13,1.89,2.78,5.1,0.94,2.64,6.34,3.61,5.45,78.1,33.0,2,spoiled
5.19,1.9,2.81,5.14,0.93,2.62,6.14,3.56,5.66,78.2,33.0,2,spoiled
5.22,1.86,2.8,5.19,0.96,2.61,7.22,3.52,5.59,77.4,33.0,2,spoiled
5.31,1.87,2.83,5.28,0.95,2.62,6.94,3.56,5.66,76.2,33.0,2,spoiled
5.33,1.87,2.83,5.28,0.96,2.59,7.05,3.51,5.69,76.6,33.0,2,spoiled
5.38,1.93,2.88,5.32,0.96,2.62,6.37,3.52,5.71,76.4,33.0,2,spoiled
5.26,1.89,2.86,5.25,0.97,2.62,6.49,3.61,5.81,76.9,33.0,2,spoiled
5.24,1.92,2.86,5.23,0.97,2.61,6.91,3.54,5.4,77.3,32.9,2,spoiled
5.31,1.93,2.88,5.28,0.95,2.68,7.0,3.6,5.81,77.4,33.0,2,spoiled
5.26,1.92,2.86,5.21,0.98,2.62,7.13,3.61,5.93,77.5,33.0,2,spoiled
5.24,1.89,2.86,5.19,0.98,2.61,7.22,3.54,5.86,77.7,33.0,2,spoiled
5.22,1.87,2.88,5.16,0.98,2.52,6.49,3.42,5.93,78.0,33.0,2,spoiled
5.17,1.9,2.88,5.21,0.97,2.56,6.27,3.42,5.9,78.5,33.0,2,spoiled
5.22,1.93,2.88,5.14,0.96,2.61,6.39,3.52,5.86,77.9,33.0,2,spoiled
5.15,1.86,2.88,5.23,0.95,2.56,6.89,3.51,5.95,77.9,33.0,2,spoiled
5.17,1.89,2.88,5.23,0.95,2.55,7.0,3.49,5.93,78.1,33.0,2,spoiled
5.17,1.89,2.88,5.23,0.95,2.56,6.97,3.47,5.9,78.5,33.0,2,spoiled
5.19,1.89,2.88,5.16,0.97,2.58,6.89,3.51,5.95,78.5,33.0,2,spoiled
5.22,1.87,2.89,5.19,0.95,2.65,7.19,3.52,5.83,78.6,33.0,2,spoiled
24.06,19.75,41.54,19.34,39.83,38.89,32.94,40.54,13.24,60.9,30.0,3,excellent
23.95,20.01,41.8,19.18,39.02,39.13,38.73,38.59,12.98,61.8,29.9,3,excellent
24.29,19.83,40.03,18.93,40.67,38.18,29.82,41.05,12.77,62.7,29.8,3,excellent
24.06,20.01,42.07,18.76,40.39,38.65,29.82,47.48,13.13,63.5,29.7,3,excellent
24.75,19.75,41.54,18.76,47.1,36.38,30.0,42.38,12.67,64.1,29.7,3,excellent
24.63,19.57,41.28,18.84,38.24,39.87,38.46,40.04,13.24,64.8,29.6,3,excellent
24.29,19.66,40.27,18.84,39.83,37.95,28.27,39.3,13.08,65.4,29.6,3,excellent
24.99,19.57,41.28,18.76,40.39,37.95,29.64,40.04,13.13,66.0,29.6,3,excellent
25.23,19.49,41.8,18.36,41.83,38.18,34.47,40.04,13.13,66.4,29.5,3,excellent
25.11,20.46,39.78,18.44,41.25,37.95,35.88,39.55,13.29,66.9,29.6,3,excellent
24.52,19.49,45.76,18.44,40.11,38.89,38.18,39.3,13.29,67.2,29.5,3,excellent
23.39,19.57,39.54,18.52,39.29,38.89,36.88,40.54,12.98,67.6,29.5,3,excellent
23.95,19.32,40.03,18.2,40.67,38.89,30.18,39.55,13.45,68.0,29.5,3,excellent
23.5,20.73,40.52,18.36,39.29,38.41,36.62,40.04,13.03,68.4,29.5,3,excellent
24.06,20.55,40.52,18.13,37.98,42.52,41.98,39.79,13.34,68.8,29.5,3,excellent
23.83,19.24,39.78,18.2,42.13,37.26,41.35,40.29,13.4,69.1,29.5,3,excellent
23.61,19.32,40.03,18.13,40.39,38.89,31.32,42.94,13.4,69.4,29.5,3,excellent
23.28,19.24,39.78,18.05,39.56,37.95,30.18,43.22,13.13,69.7,29.5,3,excellent
22.96,19.24,39.78,17.89,40.67,38.41,34.47,39.55,13.24,70.0,29.5,3,excellent
23.95,19.32,38.83,17.97,39.83,38.41,28.27,37.22,12.77,70.1,29.5,3,excellent
23.39,18.99,39.07,17.89,39.83,38.65,37.13,39.79,12.92,70.3,29.5,3,excellent
24.17,18.99,37.25,17.74,40.96,38.65,36.37,39.3,13.29,70.7,29.6,3,excellent
23.83,19.07,39.07,17.82,39.83,38.65,29.11,39.55,12.98,71.0,29.6,3,excellent
23.5,19.32,40.03,17.67,40.39,37.95,30.55,39.79,13.08,71.2,29.6,3,excellent
23.83,18.9,38.37,17.89,39.83,39.13,36.37,39.3,13.03,71.5,29.6,3,excellent
23.5,18.82,36.6,17.59,39.29,38.18,29.82,39.3,13.29,71.6,29.6,3,excellent
23.28,19.07,36.82,17.74,40.11,38.41,40.15,37.9,13.08,71.9,29.6,3,excellent
22.96,19.15,42.6,17.74,40.39,38.89,29.46,40.29,11.75,72.0,29.6,3,excellent
23.07,19.15,35.77,17.67,40.39,38.65,30.37,39.3,12.67,72.3,29.6,3,excellent
23.39,20.27,38.83,17.59,39.29,38.65,34.25,42.66,12.57,72.5,29.7,3,excellent
23.28,20.19,37.69,17.37,40.39,38.41,36.62,39.79,12.67,72.7,29.7,3,excellent
22.96,18.74,37.69,17.52,37.23,36.82,28.77,39.55,12.72,72.9,29.7,3,excellent
22.96,20.27,35.56,17.44,40.67,37.04,29.82,39.79,12.77,73.1,29.7,3,excellent
22.86,18.58,37.91,17.3,41.83,37.95,39.29,40.29,12.67,73.3,29.7,3,excellent
22.65,18.82,37.91,17.37,39.56,38.18,37.39,37.44,12.82,73.5,29.7,3,excellent
22.54,18.9,36.6,17.44,39.29,38.65,30.37,46.83,12.72,73.6,29.7,3,excellent
23.18,18.66,38.14,17.3,39.56,38.89,35.16,44.96,12.57,74.1,29.8,3,excellent
22.75,18.58,36.6,17.3,39.02,38.65,38.46,51.34,13.03,74.3,29.8,3,excellent
23.18,18.42,37.25,17.15,39.56,37.95,33.36,43.22,12.92,74.4,29.8,3,excellent
22.86,18.42,36.18,17.22,39.29,37.95,30.55,40.29,13.13,74.5,29.8,3,excellent
23.18,18.42,37.25,17.08,43.05,37.49,29.82,41.32,12.98,74.6,29.8,3,excellent
23.07,18.34,35.77,17.08,40.11,37.49,31.12,39.3,13.18,74.7,29.8,3,excellent
23.07,18.58,35.77,17.3,38.76,37.26,29.46,39.79,12.77,75.0,29.9,3,excellent
22.86,18.26,34.37,17.15,39.83,38.18,30.0,39.55,12.87,75.1,29.9,3,excellent
23.39,18.11,36.18,16.79,40.11,37.72,36.37,40.29,12.67,75.2,29.9,3,excellent
23.07,18.5,35.16,16.93,40.11,37.04,31.12,39.79,13.18,75.3,29.9,3,excellent
23.28,18.34,34.76,17.01,38.24,42.52,29.82,39.55,13.08,75.4,29.9,3,excellent
23.18,17.96,35.16,16.93,38.76,37.95,28.94,40.04,13.18,75.6,29.9,3,excellent
22.65,18.11,34.18,17.08,38.76,38.41,33.58,39.3,11.62,75.8,30.0,3,excellent
23.18,18.19,34.76,16.79,39.56,37.72,36.88,39.3,13.08,75.9,30.0,3,excellent
22.75,17.88,34.18,17.01,39.29,37.72,30.18,39.3,12.87,76.0,30.0,3,excellent
23.18,17.88,33.99,16.86,39.56,37.72,32.31,39.3,12.42,76.1,30.0,3,excellent
22.86,17.8,33.62,16.79,39.02,36.82,38.73,37.44,12.82,76.2,30.0,3,excellent
22.54,17.8,33.43,16.93,38.76,37.72,37.13,37.44,12.98,76.3,30.0,3,excellent
22.65,17.73,32.7,16.86,39.02,38.41,35.16,41.05,12.62,76.4,30.1,3,excellent
22.86,17.65,33.43,16.72,39.29,37.95,41.05,40.54,12.57,76.5,30.1,3,excellent
22.65,17.21,32.53,16.72,38.5,37.49,30.0,43.5,13.13,76.7,30.1,3,excellent
22.34,17.5,32.7,16.86,38.24,37.95,34.02,43.78,12.52,76.7,30.1,3,excellent
22.75,17.21,32.7,16.65,40.11,37.04,42.29,41.58,12.87,76.8,30.1,3,excellent
22.54,17.21,31.83,16.65,38.24,37.95,34.25,41.84,12.82,77.0,30.2,3,excellent
22.65,17.28,31.66,16.65,38.5,38.18,33.36,41.32,12.82,77.0,30.2,3,excellent
22.65,17.14,32.18,16.51,38.76,36.6,30.18,42.94,12.72,77.1,30.2,3,excellent
22.24,17.36,30.99,16.58,39.29,37.72,30.37,42.94,12.67,77.1,30.2,3,excellent
22.24,17.14,30.99,16.58,40.11,38.18,41.35,42.66,12.82,77.3,30.2,3,excellent
22.44,16.85,30.99,16.44,39.29,37.04,31.91,41.05,12.92,77.3,30.2,3,excellent
22.14,16.78,30.03,16.44,39.02,38.65,40.15,45.88,12.82,77.4,30.2,3,excellent
22.14,17.0,30.5,16.51,37.73,37.72,41.66,44.07,12.62,77.4,30.2,3,excellent
22.14,16.85,30.18,16.31,37.48,37.26,30.37,44.96,12.37,77.6,30.3,3,excellent
21.93,16.85,29.87,16.38,38.24,37.04,30.0,43.22,12.57,77.7,30.3,3,excellent
21.74,16.44,29.87,16.31,38.5,37.49,28.6,44.07,12.37,77.8,30.3,3,excellent
22.44,16.44,29.72,16.24,38.76,37.04,37.13,44.37,12.52,77.9,30.3,3,excellent
22.14,16.44,29.11,16.31,38.5,37.26,36.37,42.94,12.67,78.1,30.4,3,excellent
21.64,16.23,28.81,16.58,38.5,36.82,33.58,40.29,12.57,78.1,30.4,3,excellent
21.64,16.23,28.81,16.17,39.02,37.04,33.15,42.38,12.77,78.3,30.4,3,excellent
21.64,16.03,29.26,16.17,38.5,37.49,28.77,42.66,11.62,78.3,30.4,3,excellent
21.44,15.9,28.96,16.11,38.24,37.26,31.12,42.94,12.67,78.3,30.4,3,excellent
21.35,16.03,30.18,16.17,39.02,37.26,37.92,42.11,12.62,78.4,30.4,3,excellent
21.35,15.97,28.66,16.31,37.73,38.41,33.36,42.38,12.52,78.5,30.5,3,excellent
21.54,15.71,32.53,16.11,38.24,36.82,30.37,41.58,12.67,78.6,30.5,3,excellent
21.54,15.58,26.85,16.04,38.5,36.82,30.37,42.11,12.67,78.6,30.5,3,excellent
21.25,15.58,27.95,16.17,45.34,37.26,41.35,42.94,12.62,78.6,30.5,3,excellent
21.16,15.45,27.95,16.17,37.98,37.04,36.88,42.38,12.87,78.7,30.5,3,excellent
20.97,15.45,27.53,16.11,37.23,38.89,35.16,40.8,12.87,78.7,30.5,3,excellent
21.16,15.84,28.09,16.04,37.98,37.04,35.88,46.83,13.18,78.9,30.6,3,excellent
20.97,15.26,27.67,16.04,37.73,37.04,30.37,40.8,12.67,78.9,30.6,3,excellent
21.35,14.95,26.2,15.91,37.98,36.6,29.82,43.22,12.82,79.0,30.6,3,excellent
21.25,15.07,27.53,15.91,36.51,37.26,41.35,42.94,12.52,79.1,30.6,3,excellent
20.97,14.71,27.25,15.97,38.24,36.82,30.37,42.94,12.57,79.1,30.6,3,excellent
20.88,14.71,26.85,15.97,38.76,39.38,38.18,40.54,12.32,79.2,30.6,3,excellent
20.97,14.59,26.07,16.04,36.75,36.38,28.1,42.94,12.27,79.2,30.6,3,excellent
20.78,14.36,26.59,15.97,37.73,36.82,27.94,42.66,12.52,79.3,30.6,3,excellent
21.06,14.24,26.59,15.78,37.98,37.26,35.4,42.11,12.72,79.3,30.6,3,excellent
20.69,14.3,26.07,15.91,36.75,37.26,29.29,41.84,12.57,79.5,30.7,3,excellent
20.6,14.24,25.82,15.78,38.5,38.41,30.0,42.66,12.62,79.5,30.7,3,excellent
20.42,13.96,25.69,15.78,39.83,36.6,32.52,42.38,12.32,79.5,30.7,3,excellent
20.69,13.79,26.07,15.65,37.48,36.6,29.82,43.22,12.27,79.5,30.7,3,excellent
20.51,13.68,25.32,15.71,37.23,36.6,30.55,42.94,11.52,79.6,30.7,3,excellent
20.15,13.63,25.08,15.78,36.51,35.53,29.46,48.82,11.89,79.7,30.8,3,excellent
20.33,13.46,24.84,15.52,41.83,36.38,28.77,43.78,11.75,79.8,30.8,3,excellent
20.51,13.2,25.2,15.52,37.48,34.51,40.74,42.38,11.94,79.8,30.8,3,excellent
20.42,13.2,27.25,15.65,36.51,36.82,28.1,43.22,11.85,79.9,30.8,3,excellent
20.42,13.04,23.14,15.45,36.75,36.38,29.64,42.66,11.66,80.0,30.8,3,excellent
20.24,12.99,23.58,15.45,36.99,36.82,30.0,42.66,11.94,80.1,30.8,3,excellent
19.97,12.83,23.69,15.65,36.51,36.6,30.0,41.58,12.08,80.2,30.9,3,excellent
19.88,12.63,23.47,15.52,37.73,36.38,30.37,42.94,11.99,80.2,30.9,3,excellent
19.97,12.53,22.2,16.17,37.48,37.26,30.55,42.94,12.03,80.2,30.9,3,excellent
20.06,12.24,23.58,15.39,36.27,36.16,33.15,47.15,12.18,80.3,30.9,3,excellent
19.88,12.14,23.36,15.52,36.27,37.26,40.15,44.37,12.13,80.4,31.0,3,excellent
19.88,11.9,22.83,15.45,35.81,36.16,41.35,40.29,12.08,80.3,30.9,3,excellent
19.97,11.86,22.72,15.39,36.51,36.38,28.77,40.29,12.18,80.3,30.9,3,excellent
19.8,11.77,23.25,15.45,35.81,35.53,30.37,41.32,12.08,80.5,31.0,3,excellent
19.97,11.49,22.41,15.26,35.58,35.74,41.05,41.84,12.18,80.6,31.0,3,excellent
19.88,11.49,22.1,15.2,35.81,35.74,30.74,42.66,11.85,80.6,31.0,3,excellent
19.63,11.22,21.8,15.33,38.24,35.95,39.86,39.55,11.99,80.6,31.0,3,excellent
20.06,11.09,22.72,15.14,36.51,35.74,30.37,42.66,12.13,80.8,31.0,3,excellent
19.8,11.05,21.9,15.2,35.35,35.74,30.55,42.94,11.99,80.9,31.1,3,excellent
19.71,10.96,21.41,15.2,36.04,36.16,30.74,41.58,12.03,80.9,31.1,3,excellent
19.63,10.83,21.8,15.26,36.51,36.16,38.73,44.37,12.42,80.9,31.1,3,excellent
19.8,10.71,21.51,15.14,35.13,35.53,35.64,42.66,11.75,80.9,31.1,3,excellent
19.8,10.42,21.03,15.08,37.98,35.95,39.29,42.38,11.94,80.9,31.1,3,excellent
19.63,10.46,21.32,15.2,35.58,36.16,41.35,42.66,11.89,80.9,31.1,3,excellent
19.63,10.75,22.62,15.02,35.58,35.74,30.37,45.57,12.37,80.9,31.1,3,excellent
19.12,10.22,20.3,15.39,35.58,35.95,30.0,42.66,12.08,81.0,31.1,3,excellent
19.29,9.98,20.48,14.95,35.58,34.12,39.57,42.94,12.08,81.0,31.2,3,excellent
18.95,9.9,20.12,15.02,35.81,35.32,33.58,44.37,12.13,81.0,31.2,3,excellent
18.71,9.86,20.12,15.08,34.68,35.95,30.93,42.38,12.08,81.0,31.2,3,excellent
18.71,9.75,20.03,15.02,34.9,35.74,39.01,40.04,11.71,81.2,31.2,3,excellent
18.63,9.67,19.59,15.02,34.9,35.53,30.74,41.32,11.62,81.2,31.2,3,excellent
18.79,9.48,19.77,14.89,35.58,35.12,38.18,42.11,11.66,81.1,31.2,3,excellent
18.63,9.37,19.68,15.02,34.9,35.74,36.13,42.94,11.52,81.0,31.2,3,excellent
18.47,9.26,19.17,15.02,34.68,35.74,29.11,42.38,10.91,81.1,31.3,3,excellent
18.55,9.3,19.25,14.95,34.9,35.53,35.4,43.22,11.48,81.0,31.3,3,excellent
18.63,9.09,18.92,14.83,33.62,36.82,44.64,41.32,12.08,80.8,31.3,3,excellent
18.55,8.98,19.17,14.83,35.58,34.91,30.93,41.84,11.8,80.7,31.3,3,excellent
18.47,8.94,18.68,14.77,34.68,36.16,39.57,43.78,10.61,80.8,31.4,3,excellent
18.31,8.84,18.44,14.77,34.04,36.38,36.37,41.84,11.04,80.8,31.3,3,excellent
18.47,8.67,17.82,14.77,35.13,34.51,42.29,41.58,9.81,80.9,31.4,3,excellent
18.31,8.6,17.82,14.71,34.04,34.91,36.88,41.32,9.85,80.9,31.4,3,excellent
18.08,8.57,17.45,14.71,35.13,34.71,35.64,41.84,9.59,81.0,31.4,3,excellent
18.24,8.43,16.8,14.53,34.47,34.31,36.88,41.32,9.85,81.2,31.4,3,excellent
17.7,8.23,18.52,14.65,33.62,34.51,35.88,41.05,9.33,81.2,31.4,3,excellent
17.63,8.11,16.94,14.71,33.62,34.12,43.61,41.84,9.62,81.2,31.4,3,excellent
17.78,8.07,16.8,14.59,33.62,33.16,29.46,38.36,9.66,81.2,31.4,3,excellent
17.78,7.98,16.66,14.47,34.25,34.31,27.3,42.66,9.55,81.2,31.4,3,excellent
17.63,7.98,16.66,14.53,35.35,33.35,40.74,40.29,9.36,81.3,31.5,3,excellent
17.55,7.82,15.98,14.59,33.2,34.71,29.64,40.54,9.36,81.1,31.5,3,excellent
17.48,7.82,15.4,14.47,33.2,34.12,35.88,40.29,9.22,80.8,31.5,3,excellent
17.4,7.73,15.98,14.53,32.4,33.16,29.11,40.04,8.97,80.8,31.5,3,excellent
17.26,7.64,15.66,14.59,33.2,34.71,48.0,34.91,9.11,81.0,31.5,3,excellent
17.11,7.52,15.46,14.53,32.6,34.51,33.58,40.54,9.22,80.8,31.6,3,excellent
17.26,7.58,14.91,14.42,33.62,34.12,35.88,40.54,8.93,80.7,31.6,3,excellent
17.19,7.52,15.34,14.36,33.2,34.12,29.29,39.79,9.01,80.6,31.6,3,excellent
17.19,7.25,15.15,14.36,33.62,33.54,33.58,40.54,9.04,80.5,31.6,3,excellent
17.11,7.31,14.97,14.36,33.41,33.35,34.02,42.38,8.86,80.5,31.6,3,excellent
16.97,7.25,14.85,14.42,33.0,33.54,35.4,40.54,8.8,80.3,31.6,3,excellent
17.11,7.31,14.97,14.36,35.35,33.54,40.74,38.12,8.8,80.2,31.7,3,excellent
16.9,7.19,14.79,14.36,32.8,33.54,29.29,39.55,8.8,79.7,31.7,3,excellent
16.76,7.14,14.08,14.42,32.4,33.54,38.46,40.29,8.59,79.9,31.7,3,excellent
16.83,7.14,14.43,14.3,32.6,33.54,35.64,40.04,8.86,79.7,31.7,3,excellent
16.9,7.08,14.26,14.3,32.4,33.16,29.11,40.04,8.59,79.6,31.7,3,excellent
16.83,7.11,14.26,14.36,32.4,33.35,29.46,39.79,8.56,79.3,31.8,3,excellent
16.76,6.99,14.2,14.24,32.8,33.35,34.7,40.54,8.73,79.4,31.8,3,excellent
16.55,6.88,14.14,14.42,32.21,33.35,34.47,40.54,8.73,79.3,31.8,3,excellent
16.55,6.85,13.75,14.36,31.82,32.97,34.02,40.04,8.9,79.4,31.8,3,excellent
16.35,6.83,13.75,14.36,34.47,33.16,29.11,40.54,8.49,79.2,31.8,3,excellent
16.48,6.83,13.75,14.24,32.01,32.61,29.64,39.79,8.8,79.4,31.9,3,excellent
16.35,6.77,13.58,14.3,32.01,32.79,29.64,41.05,8.59,79.2,31.9,3,excellent
16.28,6.72,13.37,14.24,31.82,32.97,34.02,38.12,9.04,79.0,31.9,3,excellent
16.28,6.58,13.21,14.13,32.21,32.61,29.82,38.83,9.04,79.0,32.0,3,excellent
16.08,6.55,13.0,14.3,31.63,32.97,36.37,40.04,8.9,78.9,32.0,3,excellent
16.08,6.53,13.05,14.18,30.18,31.71,40.45,40.04,8.8,78.4,32.0,3,excellent
16.15,6.53,13.0,14.13,32.8,32.61,28.1,41.05,8.83,78.3,32.0,3,excellent
16.15,6.47,12.85,14.13,31.45,32.79,39.57,37.9,8.73,77.9,32.0,3,excellent
15.95,6.42,12.64,14.24,30.89,32.79,37.13,40.8,8.9,78.1,32.1,3,excellent
16.15,6.32,12.59,14.07,29.66,32.79,39.29,43.78,8.93,77.5,32.1,3,excellent
15.95,6.32,12.5,14.13,30.89,32.42,29.29,39.79,8.86,77.4,32.1,3,excellent
15.82,6.24,12.35,14.18,30.0,32.97,37.13,38.83,8.69,77.3,32.1,3,excellent
16.01,6.16,12.3,14.13,30.53,32.07,32.52,39.06,8.69,77.1,32.2,3,excellent
15.75,6.14,12.11,14.18,30.71,32.07,37.13,39.55,8.62,76.6,32.2,3,excellent
15.82,6.16,12.01,14.13,29.83,32.07,28.27,39.06,8.46,76.4,32.2,3,excellent
15.75,6.14,11.32,14.13,30.71,31.37,28.1,39.55,8.76,76.2,32.2,3,excellent
15.82,6.01,11.82,14.07,30.0,30.53,31.12,37.67,8.8,75.4,32.2,3,excellent
15.56,6.01,11.96,14.24,29.83,31.03,26.69,38.36,8.8,75.6,32.3,3,excellent
15.69,5.96,11.64,14.13,31.45,30.36,28.27,36.14,8.62,75.0,32.3,3,excellent
15.49,5.94,11.55,14.18,30.71,33.92,29.11,39.3,8.66,74.3,32.3,3,excellent
15.62,5.91,11.59,14.01,32.21,30.53,27.78,39.06,8.36,74.8,32.4,3,excellent
15.56,5.84,11.5,14.13,30.18,30.2,35.16,37.67,8.66,75.5,32.4,3,excellent
15.31,5.86,11.19,14.07,31.45,30.36,28.1,38.36,8.66,74.8,32.4,3,excellent
15.49,5.86,11.5,14.01,30.71,30.86,28.94,38.83,8.26,75.1,32.4,3,excellent
15.24,5.76,11.32,14.01,30.0,31.2,35.64,38.59,8.23,74.3,32.4,3,excellent
15.31,5.76,11.23,13.96,30.0,31.37,32.52,37.9,8.36,75.4,32.5,3,excellent
15.31,5.69,11.1,14.07,29.66,31.54,34.7,36.14,8.62,74.2,32.5,3,excellent
15.12,5.74,11.19,14.01,29.66,31.2,33.36,40.29,8.56,74.0,32.6,3,excellent
15.06,5.64,10.76,14.01,29.49,31.37,29.64,37.9,9.4,73.7,32.6,3,excellent
15.06,5.64,10.72,13.84,29.49,31.03,29.11,37.9,9.51,73.7,32.6,3,excellent
15.06,5.57,11.06,13.84,29.49,31.2,33.58,38.12,9.55,74.1,32.6,3,excellent
14.87,5.52,10.47,13.84,30.0,31.03,32.52,37.9,9.4,73.6,32.6,3,excellent
14.94,5.5,10.23,13.84,27.72,31.37,28.43,37.44,9.29,73.5,32.7,3,excellent
14.69,5.41,10.35,13.96,28.34,31.03,33.36,37.44,9.62,73.6,32.7,3,excellent
14.81,5.43,10.19,13.9,28.82,30.86,34.02,37.9,9.55,73.9,32.7,3,excellent
14.75,5.41,10.15,13.9,28.82,30.69,28.77,37.44,9.55,73.2,32.7,3,excellent
14.52,5.32,9.61,14.01,27.26,29.4,26.09,37.0,9.48,72.9,32.7,3,excellent
14.64,5.29,9.64,13.79,27.41,30.53,37.39,37.44,9.66,72.6,32.7,3,excellent
14.46,5.27,9.95,13.84,28.82,30.04,35.88,37.0,9.59,72.7,32.8,3,excellent
14.46,5.22,9.8,13.84,28.18,30.36,28.77,37.67,9.66,74.0,32.7,3,excellent
14.28,5.18,9.91,13.9,28.03,29.88,28.77,37.44,9.66,73.6,32.7,3,excellent
14.23,5.25,9.76,13.96,26.1,30.69,31.71,36.57,9.33,73.1,32.8,3,excellent
14.46,5.32,9.49,13.79,28.99,30.53,34.02,37.9,9.44,72.9,32.8,3,excellent
14.4,5.43,9.35,13.73,28.66,30.36,31.32,37.22,9.51,72.7,32.8,3,excellent
14.34,5.36,9.31,13.79,29.32,30.04,26.53,38.36,9.74,72.6,32.9,3,excellent
14.34,5.27,9.13,13.79,27.87,30.2,32.11,36.57,9.44,72.8,32.8,3,excellent
14.17,5.34,9.13,13.9,28.5,29.88,43.61,31.92,9.51,73.0,32.9,3,excellent
14.11,5.18,8.88,13.84,28.03,30.04,35.16,36.35,9.59,72.3,32.9,3,excellent
14.28,5.11,8.99,13.79,28.18,29.56,38.18,37.9,9.66,72.6,32.9,3,excellent
14.17,5.07,8.88,13.96,27.26,30.36,27.3,36.14,9.62,72.4,32.9,3,excellent
14.34,5.02,8.78,13.9,27.72,28.94,38.18,40.04,9.44,71.2,32.9,3,excellent
14.28,4.6,8.81,13.96,27.56,29.88,32.52,37.22,9.7,68.6,32.9,3,excellent
14.17,4.96,8.71,13.84,28.18,32.24,26.69,40.29,9.62,69.9,32.9,3,excellent
14.23,4.89,8.61,13.9,27.56,30.36,39.86,38.12,9.66,70.8,33.0,3,excellent
14.23,4.89,8.54,13.9,27.11,29.88,36.13,36.14,9.48,69.0,32.9,3,excellent
14.34,4.89,8.57,14.01,27.41,29.1,37.39,36.78,9.48,68.9,33.0,3,excellent
14.11,4.79,8.28,14.01,27.26,29.88,28.43,36.35,9.7,67.0,33.0,3,excellent
14.11,4.83,8.44,13.96,26.96,30.2,27.94,37.0,9.48,68.3,33.0,3,excellent
13.94,4.81,8.47,13.96,27.56,32.61,26.09,37.0,9.89,68.6,33.1,3,excellent
13.89,4.74,8.28,13.84,26.53,29.56,34.7,35.72,9.97,69.3,33.1,3,excellent
13.94,4.68,8.24,13.9,27.41,28.05,28.1,36.14,9.81,69.6,33.1,3,excellent
13.89,4.7,8.61,13.96,26.53,29.25,33.8,35.93,9.59,69.1,33.1,3,excellent
13.56,4.7,8.11,13.96,26.67,29.56,28.6,35.93,9.59,67.1,33.1,3,excellent
13.78,4.62,8.24,13.9,26.67,29.4,27.94,35.51,9.74,68.8,33.1,3,excellent
14.0,4.7,7.99,14.07,26.82,28.34,36.62,35.11,9.85,69.0,33.1,3,excellent
13.89,4.64,7.86,13.96,25.96,29.1,34.02,35.72,9.89,66.4,33.2,3,excellent
13.89,4.6,7.86,13.84,26.82,28.79,34.93,35.72,9.97,66.7,33.2,3,excellent
14.0,4.66,7.83,14.01,26.82,29.25,28.77,35.31,9.81,67.6,33.2,3,excellent
13.94,4.6,7.8,13.84,26.82,29.88,32.31,35.31,9.89,66.9,33.2,3,excellent
13.89,4.55,7.71,13.9,26.39,28.64,38.46,32.99,9.93,66.8,33.2,3,excellent
13.78,4.6,7.68,14.01,25.15,29.88,28.1,36.14,9.85,67.4,33.3,3,excellent
13.83,4.51,7.62,13.96,26.82,29.72,34.25,33.55,9.81,66.9,33.3,3,excellent
13.78,4.47,7.49,13.9,26.39,29.4,37.13,35.51,9.89,68.0,33.3,3,excellent
13.67,4.51,7.43,13.96,26.1,29.72,26.84,35.11,9.62,67.4,33.3,3,excellent
13.83,4.43,7.46,14.07,25.82,29.25,34.93,34.91,9.66,65.4,33.3,3,excellent
13.72,4.41,7.38,13.84,28.82,29.56,28.43,34.91,9.81,65.8,33.4,3,excellent
13.61,4.45,7.35,13.9,26.39,28.94,34.93,33.74,9.01,66.3,33.4,3,excellent
13.72,4.39,7.11,14.13,25.82,29.25,28.43,34.51,10.21,67.0,33.4,3,excellent
13.61,4.45,7.09,14.13,25.82,29.72,28.1,34.91,9.93,64.8,33.4,3,excellent
13.67,4.39,7.11,14.13,25.28,29.4,30.74,34.31,9.97,63.3,33.5,3,excellent
13.67,4.37,7.06,13.9,25.28,29.25,30.74,34.51,9.81,63.9,33.5,3,excellent
13.5,4.37,7.06,13.9,25.15,28.94,27.78,35.11,9.78,64.2,33.5,3,excellent
13.45,4.39,7.14,14.01,25.55,27.91,27.94,34.71,9.51,65.4,33.5,3,excellent
13.45,4.31,7.0,14.07,24.63,31.71,28.6,34.12,9.93,64.7,33.5,3,excellent
13.56,4.31,6.89,13.9,25.42,28.94,28.27,34.71,9.93,64.2,33.5,3,excellent
13.4,4.27,6.81,14.01,25.96,27.91,35.16,33.55,9.93,64.8,33.6,3,excellent
13.45,4.29,6.78,13.96,25.82,28.64,36.62,34.31,9.93,64.5,33.6,3,excellent
13.34,4.25,6.75,14.07,25.55,28.94,37.92,32.27,9.97,64.1,33.6,3,excellent
13.45,4.23,6.75,13.9,24.5,28.64,27.78,34.12,9.89,63.2,33.6,3,excellent
13.34,4.23,6.48,13.84,25.02,28.64,27.94,34.31,9.85,63.7,33.6,3,excellent
13.13,4.19,6.94,13.96,24.0,28.34,27.62,34.12,9.89,64.1,33.6,3,excellent
13.13,4.17,6.53,13.79,25.42,28.34,28.27,34.31,9.85,65.2,33.6,3,excellent
13.08,4.15,6.75,13.84,25.42,28.05,34.47,34.31,9.89,65.3,33.6,3,excellent
13.03,4.17,6.51,13.79,24.37,27.91,28.1,34.12,9.89,66.0,33.7,3,excellent
12.87,4.13,6.48,13.84,25.15,28.34,31.32,33.55,9.97,66.2,33.6,3,excellent
12.92,4.13,6.56,13.79,25.42,28.94,26.53,33.55,10.05,65.0,33.7,3,excellent
12.92,4.15,6.43,13.79,24.76,27.62,26.09,33.36,10.21,64.5,33.7,3,excellent
12.77,4.11,6.48,14.07,24.76,28.79,26.53,33.36,10.13,64.1,33.7,3,excellent
12.92,4.13,6.32,13.96,23.75,30.69,26.99,33.93,9.55,64.1,33.7,3,excellent
12.72,4.04,6.27,13.84,26.96,28.34,38.73,36.78,9.48,64.2,33.7,3,excellent
12.62,4.09,6.22,13.79,24.76,29.56,30.93,33.36,9.4,65.0,33.7,3,excellent
12.67,4.0,6.35,13.73,24.76,27.91,37.92,32.99,9.26,65.1,33.7,3,excellent
12.52,4.0,6.12,13.57,24.25,27.76,36.88,33.36,9.4,64.0,33.8,3,excellent
12.67,4.02,6.07,13.84,24.5,28.2,28.27,32.63,9.33,64.7,33.8,3,excellent
12.57,4.04,6.07,13.84,24.5,28.49,30.0,33.17,9.4,63.1,33.8,3,excellent
12.52,4.04,6.02,13.9,23.27,29.1,26.69,32.99,9.33,64.0,33.8,3,excellent
12.52,3.94,5.97,13.84,24.25,28.2,33.36,33.17,9.4,63.0,33.8,3,excellent
12.57,3.96,5.97,13.73,24.5,28.79,29.29,33.74,9.29,63.9,33.8,3,excellent
12.37,3.94,5.92,13.84,24.76,28.49,28.94,32.99,9.36,64.8,33.8,3,excellent
12.47,3.92,5.94,13.68,24.25,28.2,27.78,33.17,9.48,64.0,33.8,3,excellent
12.47,3.96,5.79,13.73,24.5,28.34,27.14,32.99,9.11,63.8,33.8,3,excellent
12.37,3.94,5.79,13.84,24.25,29.1,27.62,32.81,9.29,63.5,33.9,3,excellent
12.47,3.88,5.87,13.73,24.89,28.64,27.78,33.17,9.4,62.5,33.9,3,excellent
12.42,3.9,5.77,13.96,24.25,28.05,31.32,32.63,9.36,62.4,33.9,3,excellent
12.67,3.9,5.79,13.96,25.02,30.2,36.37,34.31,9.36,60.7,33.9,3,excellent
12.52,3.92,6.02,14.07,24.25,28.49,33.15,32.81,9.36,58.2,33.9,3,excellent
12.47,3.88,5.67,14.07,24.63,28.34,28.27,32.99,9.26,59.3,34.0,3,excellent
12.47,3.88,5.63,13.9,24.37,29.25,27.78,32.81,9.33,58.7,34.0,3,excellent
12.52,3.87,5.6,13.96,24.5,28.05,27.78,33.93,9.18,59.1,34.0,3,excellent
12.62,3.87,5.44,14.13,24.12,27.76,27.94,32.09,9.15,58.5,34.0,3,excellent
12.42,3.9,5.55,14.18,23.88,28.05,39.01,35.72,9.01,58.2,34.0,3,excellent
12.42,3.9,5.44,14.07,24.0,28.34,27.62,31.92,9.22,58.3,34.0,3,excellent
12.47,3.85,5.55,14.01,23.88,28.34,31.71,32.63,9.48,58.2,34.0,3,excellent
12.37,3.83,5.44,14.13,23.75,27.91,27.78,31.92,9.44,57.5,34.1,3,excellent
12.47,3.85,5.41,13.96,24.0,28.05,27.94,32.27,9.33,58.6,34.1,3,excellent
12.37,3.77,5.39,13.84,23.75,27.91,29.46,32.45,9.33,58.0,34.1,3,excellent
12.42,3.77,5.39,13.79,24.25,28.05,29.82,32.09,9.44,58.2,34.1,3,excellent
12.32,3.12,5.37,13.9,25.69,28.79,25.24,31.92,9.33,58.7,34.1,3,excellent
12.47,3.79,5.32,13.96,23.88,27.76,36.88,31.92,8.93,58.8,34.1,3,excellent
12.47,3.73,5.18,13.9,22.36,26.52,37.65,32.09,9.29,58.2,34.2,3,excellent
12.32,3.72,5.3,13.96,23.51,27.76,27.14,31.92,9.08,57.5,34.2,3,excellent
12.23,3.77,5.25,13.68,24.25,27.2,27.62,34.71,9.4,58.5,34.2,3,excellent
12.18,3.73,5.25,13.79,23.51,28.05,29.11,31.74,9.44,59.2,34.2,3,excellent
12.13,3.75,5.28,13.84,23.16,27.62,27.14,31.06,9.18,59.0,34.2,3,excellent
12.13,3.75,5.16,13.79,22.03,27.62,36.13,32.45,9.18,58.2,34.2,3,excellent
12.13,3.75,5.25,13.9,23.04,27.91,27.94,31.92,9.11,58.7,34.2,3,excellent
12.18,3.7,5.21,13.79,24.63,27.62,27.46,32.27,9.18,57.5,34.2,3,excellent
12.04,3.7,5.18,13.68,24.12,27.2,28.94,35.51,9.44,58.7,34.2,3,excellent
12.04,3.7,5.21,13.79,23.51,27.62,29.11,31.74,9.44,58.7,34.3,3,excellent
11.94,3.66,5.16,13.57,23.04,27.48,25.38,32.45,9.22,58.5,34.2,3,excellent
11.94,3.68,5.14,13.57,24.5,26.66,34.7,33.36,9.11,60.0,34.3,3,excellent
11.94,3.63,5.14,13.57,23.51,27.06,31.91,32.45,9.33,60.0,34.3,3,excellent
11.89,3.66,5.23,13.68,23.63,26.93,27.78,33.55,9.01,59.2,34.3,3,excellent
11.89,3.88,5.03,13.57,21.92,26.66,35.88,34.51,9.44,59.6,34.2,3,excellent
11.75,3.7,5.03,13.84,21.6,26.0,37.39,33.93,9.26,58.6,34.3,3,excellent
11.8,3.66,5.07,13.57,23.04,27.06,34.02,33.36,9.15,58.2,34.3,3,excellent
11.66,3.64,5.03,13.68,22.7,27.06,27.3,32.63,9.18,59.0,34.3,3,excellent
11.71,3.59,5.18,13.46,23.04,26.66,38.73,32.99,9.36,59.2,34.3,3,excellent
11.66,3.2,4.96,13.46,22.81,26.66,27.14,33.36,9.33,59.3,34.3,3,excellent
11.62,3.63,4.94,13.73,22.58,26.93,32.73,33.17,9.18,60.3,34.4,3,excellent
11.71,3.57,4.99,13.41,23.51,26.52,30.74,32.99,8.93,57.2,34.4,3,excellent
11.62,3.61,4.96,13.46,23.51,26.66,34.02,33.17,9.22,58.8,34.4,3,excellent
11.62,3.55,4.94,13.51,23.27,26.66,29.29,32.99,9.08,59.0,34.4,3,excellent
11.44,3.54,4.92,13.35,23.04,26.79,28.43,33.17,9.29,59.1,34.4,3,excellent
11.48,3.61,4.88,13.25,22.92,27.2,36.88,32.81,8.83,60.3,34.5,3,excellent
11.26,3.55,4.83,13.35,22.47,25.74,26.53,33.17,8.13,61.0,34.4,3,excellent
11.35,3.52,4.88,13.35,23.04,26.39,32.94,33.36,9.4,61.2,34.4,3,excellent
11.3,3.5,5.03,13.19,23.16,26.39,27.14,32.27,9.62,61.1,34.5,3,excellent
11.13,3.5,4.85,13.41,21.18,26.93,34.25,32.45,9.62,61.7,34.5,3,excellent
11.17,3.5,4.79,13.25,22.92,26.26,28.43,32.45,9.55,62.4,34.5,3,excellent
11.13,3.48,4.75,13.14,24.12,25.74,34.7,32.45,9.48,61.2,34.5,3,excellent
11.13,3.55,4.79,13.19,22.58,26.52,34.25,31.23,9.59,62.1,34.5,3,excellent
11.0,3.52,4.75,13.35,22.58,26.52,26.53,32.27,9.4,61.2,34.5,3,excellent
11.04,3.52,4.75,13.25,22.7,26.13,34.93,31.92,9.44,60.7,34.5,3,excellent
11.04,3.54,4.75,13.35,22.47,26.39,26.84,32.27,9.51,60.2,34.6,3,excellent
11.0,3.48,4.68,13.25,22.36,26.26,27.78,32.63,9.55,59.5,34.6,3,excellent
11.08,3.46,4.73,13.14,23.39,26.52,32.11,31.4,9.44,60.1,34.6,3,excellent
11.0,3.5,4.71,13.3,22.58,26.26,26.84,32.63,9.29,60.0,34.6,3,excellent
11.0,3.5,4.71,13.3,22.7,26.0,26.69,33.36,9.59,60.1,34.6,3,excellent
10.95,3.48,4.9,13.35,21.08,26.0,26.99,32.63,9.62,59.5,34.6,3,excellent
11.0,3.45,4.71,13.3,22.92,26.0,33.8,33.17,9.22,58.7,34.6,3,excellent
10.87,3.46,4.71,13.19,22.58,26.66,33.36,33.36,9.4,58.9,34.6,3,excellent
10.95,3.45,4.62,13.09,24.12,25.87,37.65,32.81,9.33,60.9,34.6,3,excellent
10.83,3.46,4.66,13.04,22.81,25.87,34.02,31.4,9.66,61.1,34.7,3,excellent
10.83,3.45,4.62,13.09,22.7,25.74,27.14,33.17,9.59,61.6,34.7,3,excellent
10.74,3.46,4.62,13.19,22.36,26.13,26.53,33.74,9.59,60.5,34.7,3,excellent
10.87,3.46,4.6,13.09,25.42,24.63,35.4,32.81,9.85,59.4,34.7,3,excellent
10.7,3.43,4.54,13.19,22.14,25.74,26.84,32.81,9.55,59.3,34.7,3,excellent
10.62,3.43,4.56,13.04,22.36,26.39,36.37,32.27,9.29,59.1,34.7,3,excellent
10.53,3.43,4.56,12.93,22.7,25.87,28.1,33.55,9.81,60.4,34.7,3,excellent
10.57,3.38,4.56,12.93,22.58,26.0,26.99,32.63,9.81,61.9,34.7,3,excellent
10.57,3.39,4.58,12.88,23.04,25.36,32.52,32.81,9.44,61.5,34.8,3,excellent
10.62,3.39,4.52,12.83,21.92,25.36,26.69,32.63,8.93,62.5,34.8,3,excellent
10.53,3.41,4.46,12.93,21.49,25.24,26.99,32.81,8.29,61.0,34.8,3,excellent
10.57,3.41,4.5,13.04,22.03,25.49,32.52,32.09,9.04,61.0,34.8,3,excellent
10.57,3.34,4.48,13.04,22.14,24.63,26.39,32.63,9.04,58.9,34.8,3,excellent
10.62,3.38,4.44,12.93,24.25,25.11,41.66,32.99,8.59,60.4,34.8,3,excellent
10.53,3.38,4.46,12.98,21.81,25.24,32.94,32.81,8.66,59.6,34.8,3,excellent
10.49,3.39,4.44,12.98,20.68,25.24,36.88,32.81,8.26,59.9,34.8,3,excellent
10.53,3.32,4.4,12.83,21.18,24.87,26.24,32.99,7.91,60.5,34.8,3,excellent
10.57,3.34,4.42,12.78,22.14,24.51,26.39,33.55,8.56,61.1,34.8,3,excellent
10.37,3.36,4.46,13.3,21.29,25.24,36.37,35.31,8.39,60.6,34.9,3,excellent
10.41,3.31,4.35,12.93,21.6,24.99,26.69,32.63,8.46,59.6,34.8,3,excellent
10.49,3.34,4.35,12.93,21.71,24.75,30.74,32.45,8.76,59.7,34.9,3,excellent
10.33,3.31,4.33,12.93,20.48,25.74,26.69,32.63,8.49,59.6,34.8,3,excellent
10.41,3.31,4.31,12.73,21.81,24.27,30.74,32.63,8.36,59.6,34.9,3,good
10.29,3.31,4.29,12.83,21.39,24.04,24.83,31.4,8.56,60.0,34.9,3,good
10.37,3.31,4.29,12.93,21.49,24.51,32.73,32.45,8.42,60.1,34.9,3,good
10.41,3.32,4.29,12.83,21.39,24.63,24.56,31.92,8.26,58.7,34.9,3,good
10.33,3.24,4.25,12.88,21.18,24.39,30.55,32.27,8.62,58.7,34.9,3,good
10.33,3.26,4.24,12.88,21.18,24.15,29.11,32.09,8.49,57.2,34.9,3,good
10.25,3.26,4.24,12.78,21.49,24.15,26.39,32.45,8.46,58.5,34.9,3,good
10.13,3.27,4.24,12.83,22.7,24.15,26.24,32.45,8.42,58.4,34.9,3,good
10.13,3.29,4.2,12.73,21.29,24.27,33.15,32.27,8.23,58.2,35.0,3,good
10.05,3.26,4.25,12.83,21.92,24.51,27.94,32.09,8.07,57.5,35.0,3,good
10.13,3.22,4.25,12.78,21.29,24.27,33.15,32.45,8.13,58.8,35.0,3,good
10.13,3.24,4.27,12.63,21.49,24.15,24.69,32.45,8.42,58.9,35.0,3,good
10.13,3.24,4.24,12.73,20.68,24.39,34.47,32.09,7.72,59.3,35.0,3,good
10.05,3.24,4.2,12.53,21.08,24.04,26.39,32.27,8.46,59.1,35.0,3,good
9.97,3.26,4.12,12.53,20.0,24.27,33.8,32.09,8.23,59.5,35.0,3,good
9.97,3.24,4.4,12.53,20.88,23.69,26.09,32.81,7.48,59.6,35.0,3,good
9.93,3.19,4.24,12.58,21.18,24.04,28.1,32.45,8.32,59.4,35.0,3,good
10.01,3.22,4.18,12.58,20.09,23.58,32.94,32.27,8.26,59.2,35.0,3,good
10.01,3.24,4.22,12.63,20.48,23.81,28.1,31.23,8.26,58.3,35.0,3,good
10.01,3.22,4.22,12.53,20.78,23.81,26.69,31.57,8.19,58.5,35.0,3,good
9.86,3.22,4.24,12.53,20.88,24.04,32.94,32.27,8.23,57.7,35.0,3,good
9.86,3.17,4.2,12.43,20.78,23.58,28.1,32.45,8.23,58.1,35.1,3,good
9.93,3.2,4.24,12.43,20.78,23.69,26.09,32.27,8.07,59.1,35.1,3,good
9.93,3.22,4.25,12.38,20.0,22.92,35.16,32.45,8.49,59.8,35.1,3,good
9.86,3.17,4.44,12.38,20.78,23.47,25.52,32.09,8.16,58.8,35.1,3,good
9.74,3.15,4.25,12.33,20.78,23.69,28.1,33.36,8.36,59.1,35.1,3,good
9.66,3.14,4.14,12.33,20.58,23.25,25.8,30.41,8.13,59.8,35.1,3,good
9.7,3.15,4.14,12.38,20.29,23.69,26.09,32.09,8.07,59.6,35.1,3,good
9.7,3.14,4.12,12.38,20.98,23.81,30.93,31.57,8.13,59.9,35.1,3,good
9.59,3.12,4.04,12.14,20.98,23.36,23.66,32.09,8.1,59.4,35.1,3,good
9.63,3.19,4.14,12.19,20.48,23.03,32.31,31.74,7.85,61.2,35.1,3,good
9.66,3.15,4.06,12.19,21.18,23.14,25.8,32.27,7.45,61.7,35.1,3,good
9.66,3.15,4.08,12.04,20.88,23.36,32.11,33.17,8.13,61.0,35.1,3,good
9.78,3.12,4.02,12.19,20.38,22.92,35.88,31.92,8.19,61.8,35.1,3,good
9.74,3.17,4.12,12.23,20.48,23.36,25.1,30.25,8.1,60.6,35.1,3,good
9.74,3.15,4.06,12.04,20.78,23.36,24.17,31.74,8.16,60.5,35.2,3,good
9.66,3.1,3.98,12.04,20.58,22.7,30.55,31.23,8.23,60.2,35.2,3,good
9.59,3.1,4.02,12.14,19.9,22.92,32.73,32.63,8.16,60.3,35.2,3,good
9.55,3.14,4.02,12.04,20.29,22.92,29.64,31.4,8.1,61.4,35.2,3,good
9.7,3.15,4.02,12.04,20.29,22.39,29.82,31.57,7.97,61.9,35.2,3,good
9.59,2.99,3.93,12.04,20.58,22.81,25.8,31.4,8.03,60.3,35.2,3,good
9.59,3.12,3.98,12.09,20.19,22.39,28.94,31.4,8.0,59.0,35.2,3,good
9.59,3.09,4.0,12.19,20.09,24.27,32.73,31.92,8.16,59.6,35.3,3,good
9.7,3.14,4.0,12.04,20.58,22.81,27.62,31.74,7.91,59.2,35.2,3,good
9.59,3.12,4.0,12.04,19.26,23.03,31.32,32.27,8.23,58.4,35.2,3,good
9.63,3.12,4.0,11.9,20.29,22.6,30.55,32.45,8.07,59.5,35.2,3,good
9.59,3.1,4.02,11.9,20.48,22.49,26.53,32.45,7.88,59.9,35.2,3,good
9.59,3.1,3.94,12.04,19.35,21.87,34.02,31.57,7.69,60.1,35.3,3,good
9.37,3.0,3.89,11.85,20.09,21.77,24.69,31.4,8.03,60.3,35.3,3,good
9.37,3.09,4.08,11.9,20.19,22.6,31.91,31.74,7.97,60.6,35.3,3,good
9.4,3.1,3.87,11.76,20.19,22.18,30.74,31.4,7.91,61.6,35.3,3,good
9.37,3.04,3.93,11.85,19.53,22.81,24.83,32.09,7.66,61.9,35.3,3,good
9.4,3.07,3.93,11.67,20.48,21.57,32.94,30.73,7.97,62.0,35.3,3,good
9.22,3.04,3.91,11.71,19.9,22.49,23.91,29.3,7.91,62.8,35.3,3,good
9.22,3.02,3.93,11.58,20.0,22.39,23.78,32.63,8.03,63.6,35.3,3,good
9.26,3.07,3.91,11.67,19.72,22.49,30.93,31.4,7.51,64.3,35.3,3,good
9.26,3.07,3.85,11.67,19.62,22.18,24.96,30.73,7.97,63.4,35.3,3,good
9.11,3.02,3.85,11.58,19.72,21.67,31.12,30.9,7.81,62.8,35.3,3,good
9.18,3.0,3.87,11.67,19.35,21.77,30.74,31.4,7.91,62.4,35.3,3,good
9.26,3.07,3.85,11.67,19.72,21.97,25.24,30.57,7.81,63.0,35.3,3,good
9.15,3.05,3.87,11.58,19.9,21.77,31.51,31.23,7.75,62.0,35.3,3,good
9.18,3.02,3.81,11.76,19.81,21.37,25.38,30.9,7.85,61.9,35.3,3,good
9.22,3.07,3.87,11.62,20.0,21.57,24.56,31.4,7.72,60.4,35.3,3,good
9.22,3.07,3.89,11.53,19.81,21.87,31.71,30.9,7.94,60.5,35.3,3,good
9.11,3.05,3.81,11.58,19.81,21.47,30.55,31.23,7.75,62.4,35.4,3,good
9.08,3.07,3.83,11.44,21.81,20.99,24.56,31.4,7.75,63.0,35.4,3,good
9.11,3.02,3.85,11.62,19.62,21.18,24.96,31.57,7.81,63.0,35.4,3,good
9.08,3.0,3.83,11.44,19.44,21.37,24.43,31.23,7.69,62.5,35.4,3,good
9.01,3.0,3.85,11.49,19.53,21.37,33.15,31.57,7.88,62.8,35.3,3,good
8.94,3.0,3.81,11.35,19.72,21.18,28.77,31.06,7.78,64.5,35.4,3,good
8.94,3.02,3.81,11.4,19.53,21.37,31.32,30.9,7.75,63.5,35.4,3,good
8.97,3.04,3.81,11.44,19.35,20.89,23.91,30.9,7.88,64.9,35.4,3,good
8.9,2.99,3.79,11.31,19.62,20.99,25.24,31.06,7.75,64.1,35.3,3,good
8.66,3.04,3.89,11.26,18.56,20.99,31.51,31.23,7.72,64.7,35.4,3,good
8.94,3.02,3.78,11.31,18.65,21.28,32.73,31.06,7.75,63.4,35.4,3,good
8.9,2.97,3.81,11.44,19.26,20.89,24.56,30.9,7.81,63.0,35.4,3,good
8.9,3.0,3.79,11.22,19.62,21.08,23.04,30.73,7.51,62.4,35.4,3,good
8.9,2.97,3.78,11.22,19.62,20.8,29.82,30.09,7.54,63.0,35.4,3,good
8.87,3.02,3.79,11.31,19.26,20.89,25.8,30.57,7.63,62.6,35.5,3,good
8.8,2.99,3.83,11.22,19.44,20.24,32.73,30.57,7.72,63.1,35.6,3,good
8.66,2.99,3.76,11.22,19.44,20.61,28.94,29.3,7.33,63.1,35.8,3,good
8.69,3.0,3.81,11.22,19.17,20.7,27.78,31.06,7.72,62.0,36.2,3,good
8.66,2.99,3.76,11.04,19.44,20.42,28.43,30.57,7.72,61.3,36.4,3,good
8.66,2.94,3.78,10.96,19.44,20.33,24.69,30.41,7.54,61.8,36.7,3,good
8.8,2.97,3.76,10.79,19.26,20.06,24.04,30.73,6.99,63.0,37.0,3,good
8.69,2.92,3.72,10.79,18.82,20.42,25.95,30.57,7.24,62.1,37.2,3,good
8.69,2.91,3.74,10.7,18.65,20.15,26.09,29.77,7.72,62.0,37.3,3,good
8.63,2.87,3.68,10.62,18.56,20.24,29.46,30.41,7.39,61.2,37.4,3,good
8.76,2.91,3.65,10.7,18.99,19.79,23.28,29.93,7.45,61.1,37.4,3,good
8.69,2.91,3.68,10.66,18.65,19.88,28.77,29.77,7.54,59.6,37.3,3,good
8.69,2.95,3.72,10.58,18.91,19.88,26.69,30.41,7.6,60.2,37.2,3,good
8.73,2.94,3.74,10.58,18.82,20.06,29.82,30.09,7.63,61.7,37.1,3,good
8.56,2.95,3.7,10.54,19.35,19.79,26.39,28.85,7.6,61.5,37.0,3,good
8.56,2.91,3.7,10.62,19.35,20.24,31.51,31.06,7.48,61.7,36.9,3,good
8.63,2.95,3.7,10.58,18.91,19.79,26.69,30.09,7.57,61.8,36.8,3,good
8.59,2.95,3.67,10.62,18.65,19.79,30.93,29.77,7.66,61.8,36.8,3,good
8.49,2.78,3.65,10.49,18.73,19.44,27.14,30.41,7.57,63.1,36.7,3,good
8.56,2.92,3.65,10.54,18.31,19.44,30.0,29.46,7.69,63.1,36.7,3,good
8.59,2.95,3.57,10.87,18.39,19.02,28.94,30.57,7.69,63.0,36.6,3,good
8.56,2.89,3.54,10.79,17.81,18.94,23.16,30.25,7.66,56.9,36.5,3,good
8.59,2.92,3.65,10.66,18.73,19.19,28.6,31.57,7.57,57.6,36.5,3,good
8.59,2.94,3.67,10.7,18.65,19.27,23.41,30.09,7.3,60.0,36.4,3,good
8.59,2.91,3.65,10.66,18.65,19.27,27.14,30.09,7.24,60.8,36.4,3,good
8.52,2.89,3.65,10.54,18.82,19.36,21.99,28.41,7.45,61.9,36.4,3,good
8.49,2.92,3.59,10.58,18.39,18.61,27.14,30.41,7.51,62.5,36.4,3,good
8.49,2.89,3.59,10.49,18.65,18.61,24.56,30.25,7.3,62.1,36.5,3,good
8.42,2.87,3.61,10.49,18.39,18.45,26.39,30.41,7.54,61.1,36.4,3,good
8.36,2.89,3.59,10.49,18.39,18.21,30.37,30.41,7.51,62.0,36.5,3,good
8.36,2.87,3.59,10.49,18.31,18.29,23.04,30.25,7.45,61.5,36.5,3,good
8.36,2.87,3.57,10.45,17.73,18.21,27.62,30.09,7.6,61.2,36.5,3,good
8.33,2.87,3.52,10.41,18.06,17.97,25.24,30.9,7.54,62.2,36.6,3,good
8.39,2.87,3.56,10.54,17.81,17.82,21.22,31.06,7.3,61.6,36.6,3,good
8.36,2.91,3.59,10.58,18.48,18.13,21.77,30.09,7.45,59.8,36.6,3,good
8.33,2.86,3.56,10.58,18.99,18.61,29.11,29.77,7.39,58.8,36.5,3,good
8.36,2.87,3.56,10.54,18.06,17.59,23.66,30.73,7.48,59.4,36.5,3,good
8.29,2.84,3.54,10.45,17.98,17.59,22.68,30.41,7.24,60.0,36.5,3,good
8.29,2.91,3.54,10.37,18.06,17.36,29.82,30.9,7.36,61.0,36.4,3,good
8.26,2.86,3.54,10.33,18.31,17.44,24.96,29.93,7.39,61.5,36.4,3,good
8.29,2.84,3.49,10.45,17.5,17.07,26.09,30.09,7.16,62.8,36.4,3,good
8.36,2.89,3.52,10.49,16.88,17.0,25.8,29.93,7.27,62.7,36.3,3,good
8.29,2.87,3.54,10.49,17.65,16.93,23.66,30.09,7.13,60.5,36.3,3,good
8.33,2.89,3.56,10.45,17.73,16.93,21.55,30.09,7.16,62.0,36.3,3,good
8.33,2.84,3.52,10.41,17.98,16.78,24.3,30.09,7.24,62.4,36.3,3,good
8.33,2.86,3.52,10.41,17.9,17.51,27.46,29.61,7.1,61.8,36.3,3,good
8.26,2.89,3.52,10.33,17.9,16.43,27.14,29.46,7.16,62.7,36.3,3,good
8.33,2.87,3.52,10.37,17.42,16.3,23.04,29.77,6.23,62.1,36.4,3,good
8.29,2.86,3.49,10.21,17.65,16.16,20.09,30.09,6.1,61.5,36.3,3,good
8.26,2.87,3.5,10.25,16.73,15.96,20.49,31.06,6.1,62.6,36.4,3,good
8.29,2.87,3.49,10.29,17.03,15.96,21.99,31.92,5.98,62.0,36.5,3,good
8.2,2.87,3.41,10.17,16.88,16.02,23.16,30.25,6.08,61.3,36.5,3,good
8.1,2.82,3.43,10.21,16.73,15.5,20.0,32.27,6.13,61.5,36.6,3,good
8.2,2.87,3.47,10.25,16.73,15.63,19.42,31.23,6.18,61.7,36.7,3,good
8.16,2.84,3.49,10.09,17.26,15.37,20.29,30.09,6.36,60.1,36.7,3,good
8.07,2.84,3.49,10.09,17.11,15.44,25.52,29.46,6.13,60.5,36.9,3,good
8.03,2.84,3.47,10.05,17.34,15.44,25.95,30.41,6.96,61.8,37.0,3,good
8.03,2.87,3.54,9.97,17.11,15.06,24.96,29.61,6.08,61.7,37.2,3,good
8.1,2.84,3.47,9.97,16.88,15.12,20.39,30.09,5.98,61.5,37.3,3,good
8.03,2.86,3.43,9.9,17.19,14.93,20.29,29.3,6.05,61.1,37.5,3,good
8.07,2.86,3.43,9.94,16.73,14.57,24.69,29.3,6.13,59.8,37.6,3,good
8.03,2.87,3.41,9.97,16.66,14.57,24.17,29.15,6.0,60.3,37.7,3,good
8.0,2.87,3.36,9.82,16.59,14.33,21.77,29.15,6.18,59.6,37.8,3,good
7.91,2.82,3.35,9.74,16.44,14.33,24.04,29.46,5.95,59.2,37.8,3,good
7.94,2.89,3.4,9.74,16.59,14.22,25.52,29.61,6.05,60.1,37.8,3,good
7.88,2.84,3.33,9.7,16.37,14.05,25.66,29.15,6.0,60.5,37.8,3,good
7.97,2.82,3.38,9.74,16.44,14.05,23.91,30.41,6.0,60.8,37.7,3,good
7.91,2.84,3.36,9.7,16.59,13.82,21.33,29.15,6.1,61.5,37.7,3,good
7.88,2.81,3.31,9.67,16.51,13.65,21.55,29.61,6.1,62.0,37.7,3,good
7.88,2.82,3.33,9.74,18.22,13.6,19.9,29.93,6.05,60.9,37.6,3,good
7.94,2.78,3.31,9.74,16.73,13.6,20.91,29.0,6.85,61.8,37.5,3,good
7.88,2.86,3.31,9.78,16.66,13.27,21.44,29.93,6.23,61.4,37.5,3,good
7.85,2.81,3.31,9.74,16.73,13.33,19.61,29.3,6.9,61.5,37.4,3,good
7.91,2.81,3.31,9.63,16.66,13.17,20.7,29.3,6.96,62.4,37.3,3,good
7.85,2.84,3.31,9.74,17.65,12.85,24.69,29.46,6.05,62.8,37.3,3,good
7.81,2.81,3.28,9.67,16.59,12.91,21.66,30.73,5.93,63.8,37.2,3,good
7.88,2.78,3.29,9.74,16.59,12.91,18.78,30.57,5.83,62.8,37.2,3,good
7.85,2.79,3.29,9.7,16.73,12.96,22.56,29.61,6.08,62.7,37.1,3,good
7.85,2.82,3.28,9.59,16.66,12.6,22.1,28.41,5.98,64.1,37.0,3,good
7.75,2.79,3.28,9.55,17.11,12.25,18.69,29.3,6.82,64.5,37.0,3,good
7.75,2.79,3.28,9.67,16.81,12.4,19.8,29.15,6.05,64.6,37.0,3,good
7.72,2.82,3.28,9.63,16.15,12.4,22.1,29.46,6.87,63.6,37.0,3,good
7.78,2.81,3.36,9.67,17.03,12.21,20.09,29.3,6.0,64.3,36.9,3,good
7.81,2.78,3.28,9.63,17.03,12.11,22.33,29.3,6.08,63.4,36.9,3,good
7.72,2.79,3.24,9.55,16.51,11.82,22.22,29.46,6.93,64.6,36.9,3,good
7.78,2.78,3.26,9.55,16.66,12.06,18.6,29.3,6.9,65.4,36.9,3,good
7.75,2.76,3.26,9.59,16.59,12.01,20.91,29.3,6.9,66.4,36.8,3,good
7.69,2.74,3.28,9.48,16.73,11.82,17.75,31.92,7.04,66.0,36.8,3,good
7.75,2.74,3.26,9.55,16.66,12.35,16.95,29.46,6.99,66.7,36.8,3,good
7.72,2.74,3.22,9.44,16.73,11.73,20.09,29.3,6.47,66.5,36.8,3,good
7.6,2.79,3.19,9.48,16.66,11.37,17.5,29.15,6.71,66.7,36.7,3,good
7.63,2.76,3.19,9.41,16.37,11.41,17.18,29.15,6.28,67.9,36.7,3,good
7.69,2.76,3.21,9.52,16.22,11.41,18.96,29.61,6.74,67.9,36.7,3,good
7.66,2.76,3.22,9.44,16.3,11.28,19.33,31.06,6.82,68.3,36.7,3,good
7.6,2.78,3.21,9.44,16.3,11.19,20.6,29.0,6.74,67.9,36.6,3,good
7.69,2.79,3.26,9.41,16.15,11.06,16.95,29.46,6.52,67.5,36.6,3,good
7.63,2.76,3.31,9.44,16.44,11.01,16.42,29.3,6.31,67.9,36.5,3,good
7.66,2.79,3.33,9.52,16.44,10.97,16.12,32.45,6.36,68.1,36.4,3,good
7.57,2.79,3.31,9.48,16.88,11.15,20.0,29.0,6.65,68.0,36.4,3,good
7.63,2.79,3.29,9.44,16.59,10.89,16.79,29.46,6.36,69.0,36.4,3,good
7.54,2.79,3.22,9.37,16.81,10.63,19.8,29.61,6.68,68.7,36.3,3,good
7.57,2.78,3.24,9.44,17.42,10.43,19.42,29.46,6.23,68.7,36.3,3,good
7.54,2.73,3.17,9.37,16.3,10.43,18.43,29.15,6.47,69.0,36.3,3,good
7.6,2.73,3.22,9.41,16.3,10.47,16.64,29.77,7.07,69.0,36.2,3,good
7.57,2.73,3.24,9.44,16.51,10.39,20.39,29.46,5.88,68.9,36.2,3,good
7.6,2.79,3.22,9.33,16.59,10.59,16.34,28.55,6.41,69.7,36.2,3,good
7.6,2.73,3.22,9.33,16.66,10.18,17.42,29.0,6.52,70.1,36.1,3,good
7.54,2.76,3.19,9.33,16.3,10.06,19.05,29.0,7.01,69.7,36.0,3,good
7.48,2.76,3.21,9.44,16.37,10.14,15.77,29.3,6.9,70.2,36.0,3,good
7.48,2.73,3.16,9.33,16.44,9.91,17.83,29.46,6.96,69.9,36.0,3,good
7.48,2.74,3.17,9.41,16.81,9.91,16.05,29.3,6.87,70.7,36.0,3,good
7.54,2.76,3.19,9.33,16.44,9.83,18.6,28.26,6.9,71.5,35.9,3,good
7.45,2.71,3.16,9.26,17.57,9.68,18.43,29.15,6.79,71.1,35.9,3,good
7.45,2.74,3.19,9.33,16.3,9.68,17.18,29.0,6.82,72.1,35.9,3,good
7.42,2.73,3.22,9.22,17.03,9.57,15.35,29.3,6.71,72.3,35.8,3,good
7.36,2.76,3.14,9.26,16.08,9.53,15.42,29.15,6.68,72.8,35.8,3,good
7.39,2.76,3.14,9.41,16.08,9.42,18.43,28.7,6.44,73.3,35.8,3,good
7.42,2.76,3.12,9.33,16.51,9.02,17.5,29.3,7.04,70.9,35.7,3,good
7.39,2.76,3.11,9.33,16.15,9.16,17.18,29.15,6.96,70.9,35.7,3,good
7.42,2.71,3.14,9.33,16.15,8.92,17.67,29.0,6.63,70.9,35.7,3,good
7.39,2.76,3.12,9.26,16.37,8.85,14.89,28.85,6.9,70.7,35.6,3,good
7.48,2.73,3.14,9.26,16.08,8.99,17.5,28.41,6.99,71.0,35.6,3,good
7.45,2.73,3.14,9.22,16.15,9.02,14.7,29.77,7.1,71.9,35.6,3,good
7.36,2.76,3.12,9.26,16.01,8.99,16.2,27.41,6.93,72.8,35.6,3,good
7.36,2.71,3.11,9.19,16.51,9.27,16.72,29.0,6.85,72.3,35.5,3,good
7.45,2.74,3.02,9.19,15.94,8.85,16.34,28.7,6.96,72.4,35.5,3,good
7.48,2.7,3.12,9.19,15.74,8.67,14.57,28.7,6.85,72.9,35.5,3,good
7.42,2.73,3.09,9.12,15.94,8.54,15.84,28.85,6.99,72.9,35.4,3,good
7.36,2.7,3.11,9.19,15.74,8.41,14.02,28.41,6.99,73.1,35.5,3,good
7.39,2.74,3.11,9.19,15.87,8.31,14.38,28.55,6.87,73.9,35.4,3,good
7.39,2.73,3.12,9.19,15.87,8.51,14.57,28.55,6.99,73.7,35.4,3,good
7.36,2.71,3.09,9.08,15.94,8.41,15.56,28.26,6.99,74.5,35.4,3,good
7.39,2.7,3.09,9.08,15.94,8.41,14.26,28.12,6.68,74.3,35.4,3,good
7.3,2.71,3.07,9.12,15.6,8.15,15.98,28.85,6.82,74.5,35.3,3,good
7.33,2.71,3.07,9.08,15.53,8.11,15.63,29.15,6.99,75.2,35.3,3,good
7.39,2.71,3.06,9.04,15.87,8.15,14.51,29.0,6.87,73.6,35.3,3,good
7.36,2.73,3.06,9.12,15.01,7.74,16.34,28.7,6.85,74.6,35.3,3,good
7.39,2.71,3.06,8.9,15.74,7.74,15.29,29.15,6.9,74.6,35.3,3,good
7.3,2.71,3.02,8.97,16.81,7.71,15.91,29.0,6.82,74.1,35.3,3,good
7.27,2.68,3.04,8.94,15.87,7.74,14.51,28.26,6.9,74.9,35.2,3,good
7.27,2.68,3.04,9.04,15.74,7.86,13.6,31.57,6.41,75.5,35.2,3,good
7.33,2.71,3.06,8.97,15.6,7.74,15.98,28.7,6.85,75.5,35.2,3,good
7.33,2.7,3.04,8.9,15.67,7.68,13.6,29.15,6.85,75.8,35.1,3,good
7.33,2.7,3.06,8.9,15.53,7.68,13.84,27.41,6.68,76.4,35.2,3,good
7.27,2.7,3.04,8.97,15.2,7.86,15.49,28.41,6.65,76.7,35.1,3,good
7.33,2.7,3.06,8.94,15.74,7.77,13.26,28.12,6.9,77.0,35.1,3,good
7.33,2.68,3.06,8.9,15.27,7.83,15.15,28.12,6.9,77.1,35.1,3,good
7.27,2.71,3.02,8.94,14.51,7.77,13.66,28.12,6.93,77.4,35.1,3,good
7.3,2.39,2.97,8.87,15.2,7.74,15.56,28.26,6.87,77.3,35.1,3,good
7.24,2.73,3.01,8.87,14.76,7.68,13.54,28.12,6.87,77.2,35.0,3,good
7.19,2.73,2.99,8.83,15.01,7.56,14.83,28.41,6.9,77.6,35.0,3,good
7.27,2.67,3.02,9.37,15.67,7.59,15.29,28.55,6.82,77.8,35.0,3,good
7.19,2.73,3.02,8.77,15.27,7.65,15.98,28.41,6.99,78.1,35.0,3,good
7.13,2.71,3.01,8.83,15.14,7.56,14.51,25.95,6.82,78.5,35.0,3,good
7.16,2.68,3.01,8.83,14.82,7.5,13.26,28.7,6.63,78.7,35.0,3,good
7.13,2.73,2.97,8.83,15.07,7.53,15.22,28.26,6.9,77.8,35.0,3,good
7.16,2.7,3.01,8.8,15.14,7.44,13.15,28.12,6.93,78.2,34.9,3,good
7.19,2.67,3.02,8.77,15.67,7.44,15.56,28.7,6.85,78.1,34.9,3,good
7.13,2.71,3.06,8.8,14.2,7.29,14.83,28.12,6.9,77.9,34.9,3,good
7.1,2.71,2.97,8.8,14.57,7.29,15.56,27.83,6.9,76.6,34.9,3,good
7.19,2.71,3.02,8.8,14.95,7.23,14.2,27.83,6.87,76.3,34.9,3,good
7.16,2.68,2.99,8.77,14.76,7.21,15.15,27.55,6.82,75.7,34.9,3,good
7.1,2.7,2.97,8.73,14.82,7.15,15.02,27.55,6.79,77.0,34.9,3,good
7.1,2.65,2.97,8.8,14.88,7.15,15.84,27.55,6.63,77.8,34.8,3,good
7.16,2.68,2.99,8.73,14.82,7.12,15.09,28.12,6.9,76.2,34.9,3,good
7.13,2.67,2.99,8.6,14.76,7.04,13.09,27.83,6.99,77.1,34.8,3,good
7.07,2.65,2.94,8.63,14.69,7.01,13.9,27.69,6.74,78.0,34.8,3,good
7.13,2.68,2.99,8.66,14.57,6.9,15.42,27.69,6.63,78.0,34.8,3,good
7.04,2.67,2.97,8.7,14.45,6.9,15.09,27.27,6.82,76.4,34.8,3,good
7.04,2.68,2.99,8.63,14.45,6.87,15.77,27.55,6.74,77.8,34.8,3,good
6.99,2.7,2.94,8.6,14.26,6.7,12.99,27.41,6.79,78.3,34.8,3,good
7.01,2.65,2.96,8.66,14.14,6.68,14.76,25.95,6.93,77.3,34.8,3,good
6.96,2.7,2.94,8.53,14.82,6.73,12.61,27.55,6.82,77.8,34.8,3,good
6.96,2.65,2.94,8.49,14.57,6.65,12.72,26.47,6.76,78.2,34.8,3,good
6.93,2.7,2.94,8.56,14.26,6.65,14.26,27.27,6.79,79.0,34.8,3,good
7.01,2.65,2.96,8.49,14.32,6.54,15.02,27.55,6.65,78.9,34.7,3,good
7.01,2.65,2.92,8.49,14.63,6.54,12.56,29.15,6.79,79.2,34.8,3,good
6.9,2.68,2.94,8.56,14.2,6.49,12.45,27.0,6.87,78.7,34.7,3,good
6.9,2.7,2.94,8.53,13.91,6.33,12.1,26.2,6.63,79.6,34.7,3,good
6.87,2.7,2.94,8.49,14.14,6.26,12.2,26.73,6.76,79.7,34.7,3,good
6.93,2.63,2.92,8.43,13.97,6.33,13.72,26.73,6.85,79.9,34.7,3,good
6.93,2.63,2.96,8.56,13.91,6.26,14.02,26.73,6.9,80.0,34.7,3,good
6.96,2.63,2.92,8.49,14.03,6.23,14.89,26.86,6.79,79.9,34.7,3,good
6.87,2.68,2.92,8.53,14.03,6.23,13.54,27.27,6.9,78.0,34.7,3,good
6.93,2.65,2.94,8.43,14.2,6.21,12.3,26.86,6.76,78.4,34.7,3,good
6.85,2.67,2.92,8.46,13.85,6.13,15.02,26.73,6.49,79.5,34.7,3,good
6.85,2.67,2.91,8.36,13.74,6.11,13.54,27.14,6.65,79.6,34.7,3,good
6.79,2.65,2.91,8.43,13.91,6.11,13.72,26.6,6.93,80.2,34.7,3,good
6.87,2.67,2.94,8.36,14.09,6.11,14.57,26.6,6.93,80.5,34.6,3,good
6.85,2.63,2.92,8.43,13.85,6.06,11.71,26.47,6.87,80.7,34.6,3,good
6.79,2.65,2.91,8.39,14.03,6.11,13.49,27.14,6.82,80.3,34.6,3,good
6.87,2.62,2.92,8.33,13.91,5.91,12.51,26.6,6.76,80.5,34.6,3,good
6.87,2.65,2.91,8.3,14.14,5.86,11.71,26.33,6.71,80.9,34.6,3,good
6.79,2.67,2.96,8.36,13.74,5.86,13.43,26.33,6.85,80.9,34.6,3,good
6.79,2.62,2.89,8.26,13.91,5.96,11.61,26.33,6.82,81.1,34.6,3,good
6.76,2.67,2.89,8.36,13.74,5.79,14.02,26.07,6.74,81.1,34.6,3,good
6.76,2.62,2.89,8.3,13.68,5.71,11.85,26.2,6.65,81.5,34.6,3,good
6.85,2.62,2.92,8.33,13.68,5.74,11.42,26.47,7.13,79.5,34.6,3,good
6.82,2.65,2.89,8.3,13.85,5.69,12.3,26.47,6.34,79.6,34.5,3,good
6.82,2.6,2.89,8.26,13.68,5.69,12.2,25.95,6.36,80.2,34.5,3,good
6.76,2.62,2.89,8.3,13.62,5.69,11.47,25.82,6.6,79.7,34.5,3,good
6.74,2.59,2.89,8.2,13.97,5.64,12.99,26.2,6.82,80.5,34.5,3,good
6.76,2.57,2.89,8.2,13.51,5.53,12.88,25.69,6.87,81.0,34.5,3,good
6.79,2.6,2.91,8.26,13.68,5.62,11.38,26.07,6.36,81.0,34.5,3,good
6.71,2.62,2.86,8.26,13.68,5.55,12.45,25.82,6.82,81.3,34.5,3,good
6.71,2.59,2.88,8.2,13.68,5.48,11.24,25.69,6.87,80.8,34.5,3,good
6.76,2.59,2.89,8.2,13.68,5.46,13.26,26.6,6.65,80.5,34.5,3,good
6.71,2.6,2.88,8.2,14.14,5.57,14.76,25.57,6.63,81.2,34.5,3,good
6.68,2.59,2.86,8.1,13.68,5.43,12.0,25.44,6.74,81.5,34.5,3,good
6.71,2.59,2.88,8.13,13.62,5.34,11.42,25.44,6.76,81.9,34.5,3,good
6.68,2.56,2.86,8.13,13.57,5.43,11.15,25.69,6.63,80.5,34.4,3,good
6.71,2.56,2.84,8.13,13.85,5.37,13.26,25.57,6.76,80.4,34.5,3,good
6.68,2.59,2.84,7.79,13.4,5.46,11.95,25.57,6.63,79.5,34.4,3,good
6.71,2.57,2.89,8.1,13.29,5.21,13.15,25.57,5.69,80.5,34.4,3,good
6.74,2.6,2.89,8.1,13.29,5.23,11.38,25.2,6.57,81.0,34.4,3,good
6.65,2.57,2.86,8.04,13.12,5.16,12.35,26.07,6.26,81.0,34.4,3,good
6.65,2.57,2.86,7.98,13.34,5.08,10.93,25.57,5.66,81.4,34.4,3,good
6.68,2.57,2.88,7.98,12.75,5.16,10.58,25.2,5.57,81.7,34.4,3,good
6.63,2.57,2.86,7.94,13.02,5.03,11.06,25.32,5.54,82.1,34.4,3,good
6.63,2.6,2.91,8.01,12.34,4.97,12.82,25.07,5.47,82.4,34.4,3,good
6.68,2.56,2.88,7.94,13.34,4.9,12.56,25.07,5.57,82.5,34.4,3,good
6.63,2.59,2.88,8.01,12.54,4.95,11.01,24.71,5.57,82.2,34.4,3,good
6.57,2.6,2.92,8.04,12.39,4.9,12.05,24.59,5.52,82.5,34.4,3,good
6.65,2.57,2.86,8.01,12.49,4.9,12.51,24.59,5.52,82.4,34.4,3,good
6.57,2.6,2.84,7.98,12.65,4.88,11.61,24.71,5.47,82.0,34.3,3,good
6.63,2.56,2.84,7.88,12.24,4.82,10.41,24.71,5.38,82.5,34.3,3,good
6.6,2.6,2.84,7.94,12.24,4.71,12.66,24.48,5.54,82.6,34.3,3,good
6.55,2.54,2.8,7.85,12.09,4.57,11.56,24.36,5.36,82.8,34.3,3,good
6.55,2.54,2.83,7.85,12.09,4.57,12.1,23.9,5.43,83.1,34.3,3,good
6.57,2.53,2.83,7.88,12.24,4.59,11.38,23.67,5.36,83.2,34.3,3,good
6.49,2.57,2.84,7.82,12.14,4.59,11.61,23.45,5.33,83.4,34.3,3,good
6.49,2.53,2.83,7.85,12.49,4.57,11.19,23.56,5.43,83.8,34.3,3,good
6.52,2.56,2.83,7.85,12.14,4.55,11.61,23.34,5.4,84.0,34.3,3,good
6.47,2.53,2.8,7.76,12.39,4.47,11.61,23.56,5.4,84.1,34.3,3,good
6.47,2.51,2.78,7.73,12.24,4.47,12.2,23.23,5.38,84.4,34.3,3,good
6.49,2.54,2.81,7.73,12.44,4.45,10.45,23.12,5.36,84.3,34.3,3,good
6.47,2.51,2.84,7.73,12.19,4.41,11.8,22.28,5.4,84.5,34.3,3,good
6.49,2.54,2.83,7.7,12.7,4.33,11.42,22.69,5.45,84.9,34.3,3,good
6.47,2.59,2.84,7.76,12.34,4.35,12.05,22.28,5.43,84.8,34.3,3,good
6.49,2.56,2.83,7.76,12.19,4.29,10.2,22.69,5.33,84.5,34.3,3,good
6.47,2.57,2.83,7.79,12.19,4.27,10.2,22.8,5.52,83.3,34.3,3,good
6.49,2.57,2.81,7.76,12.19,4.35,10.08,22.48,5.52,83.6,34.2,3,good
6.44,2.53,2.81,7.73,12.19,4.33,10.16,22.8,5.45,83.8,34.2,3,good
6.47,2.56,2.8,7.7,12.49,4.31,10.25,22.69,5.47,84.1,34.2,3,good
6.41,2.56,2.78,7.67,12.44,4.31,9.85,23.9,5.45,84.4,34.2,3,good
6.41,2.56,2.78,7.67,11.95,4.29,11.47,22.69,5.36,84.6,34.2,3,good
6.39,2.54,2.81,7.7,11.47,4.15,9.96,22.48,5.5,84.8,34.2,3,good
6.36,2.54,2.76,7.73,11.9,4.15,11.38,21.38,6.31,84.5,34.2,3,good
6.44,2.51,2.76,7.67,12.39,4.21,11.33,22.07,5.29,82.3,34.2,3,good
6.41,2.54,2.78,7.67,12.04,4.17,10.0,21.77,5.4,82.8,34.2,3,good
6.39,2.54,2.76,7.61,12.09,4.13,11.38,23.23,5.38,83.6,34.2,3,good
6.36,2.51,2.78,7.61,12.24,4.12,11.56,21.87,5.24,83.5,34.2,3,good
6.44,2.56,2.78,7.58,12.14,4.12,9.81,23.67,5.27,84.0,34.2,3,good
6.36,2.51,2.78,7.61,12.14,4.1,10.08,21.77,5.43,84.0,34.2,3,good
6.39,2.51,2.8,7.54,12.24,4.1,9.88,21.57,5.4,84.3,34.2,3,good
6.41,2.5,2.8,7.49,11.75,3.95,10.2,21.67,5.31,84.6,34.2,3,good
6.39,2.54,2.78,7.49,11.71,3.96,10.62,21.47,5.33,85.0,34.2,3,good
6.36,2.53,2.76,7.49,11.71,3.95,11.38,21.09,5.33,85.0,34.2,3,good
6.33,2.48,2.75,7.46,11.71,3.95,9.77,20.71,5.13,84.9,34.1,3,good
6.36,2.48,2.76,7.46,11.57,3.93,9.65,20.52,5.22,85.3,34.2,3,good
6.33,2.54,2.76,7.4,11.85,3.91,10.79,20.34,5.24,85.1,34.1,3,good
6.28,2.54,2.75,7.37,12.19,3.85,9.69,20.62,5.24,85.3,34.1,3,good
6.31,2.5,2.75,7.43,11.66,3.85,11.38,21.67,5.31,85.7,34.1,3,good
6.31,2.51,2.75,7.43,11.61,3.87,11.24,20.07,5.36,85.7,34.1,3,good
6.28,2.48,2.7,7.34,11.57,3.82,10.97,20.25,5.17,85.8,34.1,3,good
6.31,2.51,2.72,7.4,11.71,3.84,10.49,19.81,5.31,85.8,34.1,3,good
6.23,2.51,2.72,7.43,12.7,3.82,11.38,19.89,5.22,85.9,34.1,3,good
6.26,2.51,2.88,7.4,11.8,3.82,10.16,19.72,5.27,85.5,34.1,3,good
6.23,2.48,2.86,7.28,12.04,3.78,10.49,19.81,5.24,85.2,34.1,3,good
6.23,2.48,2.84,7.4,11.66,3.73,9.61,19.37,5.24,85.7,34.1,3,good
6.23,2.47,2.88,7.4,11.66,3.73,9.17,20.25,5.17,83.9,34.1,3,good
6.21,2.59,2.84,7.37,11.57,3.67,9.39,20.8,5.31,84.2,34.1,3,good
6.23,2.47,2.86,7.28,11.8,3.67,11.15,18.71,5.17,84.5,34.1,3,good
6.23,2.45,2.88,7.31,11.34,3.69,9.46,19.21,5.29,85.1,34.1,3,good
6.18,2.5,2.84,7.34,11.75,3.65,10.84,18.47,5.29,85.5,34.1,3,good
6.26,2.47,2.88,7.31,11.66,3.67,9.5,18.63,5.09,85.6,34.0,3,good
6.21,2.51,2.88,7.25,11.66,3.6,9.65,18.63,5.17,85.4,34.1,3,good
6.1,2.48,2.84,7.22,11.47,3.53,9.39,18.07,5.15,85.6,34.1,3,good
6.08,2.45,2.88,7.25,11.61,3.58,9.43,17.62,5.17,85.6,34.0,3,good
6.1,2.45,2.86,7.28,11.75,3.6,9.54,18.63,5.13,86.1,34.1,3,good
6.1,2.48,2.84,7.22,11.75,3.64,8.95,17.25,5.2,86.0,34.0,3,good
6.13,2.48,2.86,7.19,11.8,3.44,10.84,17.25,5.22,85.9,34.0,3,good
6.18,2.44,2.88,7.19,11.75,3.55,10.45,17.39,5.09,85.4,34.0,3,good
6.1,2.45,2.88,7.25,11.75,3.55,9.39,17.32,5.17,85.7,34.0,3,good
6.13,2.48,2.84,7.19,11.9,3.55,9.46,17.1,5.15,85.6,34.0,3,good
6.18,2.44,2.89,7.19,12.19,3.53,9.43,17.1,5.13,85.5,34.1,3,good
6.15,2.45,2.88,7.13,12.29,3.6,10.2,17.17,5.17,85.5,34.0,3,good
6.1,2.45,2.84,7.16,12.34,3.5,9.24,16.81,5.17,86.0,34.0,3,good
6.13,2.47,2.88,7.11,11.61,3.48,9.81,16.74,5.11,86.1,34.0,3,good
6.08,2.45,2.84,7.05,11.9,3.48,9.73,16.46,5.13,86.3,34.0,3,good
6.1,2.44,2.86,7.02,11.75,3.46,10.33,16.33,5.17,86.3,34.0,3,good
6.05,2.45,2.61,7.13,11.75,3.46,10.0,16.19,5.13,86.5,34.0,3,good
6.05,2.41,2.86,7.02,11.8,3.43,10.25,16.26,5.02,86.8,34.0,3,good
6.0,2.42,2.83,7.02,11.11,3.41,8.95,15.86,4.95,87.1,34.0,3,good
6.05,2.41,2.88,7.05,11.75,3.43,9.28,15.53,5.11,86.6,33.9,3,good
5.98,2.39,2.84,7.02,11.47,3.44,9.88,15.53,5.13,86.9,34.0,3,good
6.1,2.44,2.97,6.94,11.61,3.39,9.58,15.6,5.11,87.0,33.9,3,good
6.05,2.44,2.86,6.91,11.75,3.41,9.13,15.47,5.02,87.3,34.0,3,good
6.03,2.44,2.88,6.96,11.9,3.41,10.2,15.22,5.09,87.3,33.9,3,good
5.98,2.45,2.84,6.91,12.19,3.39,10.45,15.34,5.0,87.4,33.9,3,good
5.95,2.44,2.84,6.88,11.66,3.39,8.81,15.15,5.06,87.5,34.0,3,good
6.0,2.41,2.84,6.88,11.52,3.39,9.1,15.15,5.09,87.3,33.9,3,good
5.95,2.39,2.84,6.88,11.66,3.39,8.99,15.6,5.04,87.5,33.9,3,good
6.03,2.42,2.88,6.85,11.71,3.38,9.24,15.09,5.11,87.4,33.9,3,good
6.0,2.42,2.86,6.8,11.75,3.36,9.2,15.15,5.0,87.5,33.9,3,good
6.0,2.39,2.89,6.8,11.57,3.36,9.13,14.73,5.13,87.7,33.9,3,good
6.0,2.42,2.86,6.8,11.75,3.36,9.17,14.61,5.02,87.7,33.9,3,good
5.98,2.42,2.84,6.8,11.71,3.29,10.66,15.22,5.04,87.8,33.9,3,good
5.93,2.42,2.86,6.83,11.61,3.34,10.45,15.09,5.13,87.9,33.9,3,good
5.93,2.36,2.84,6.83,12.34,3.36,10.0,14.26,4.91,88.0,33.9,3,good
5.9,2.39,2.88,6.83,11.57,3.32,9.81,13.97,5.0,88.0,33.9,3,good
5.85,2.39,2.83,6.8,11.61,3.26,8.99,13.64,4.89,88.0,33.9,3,good
5.85,2.39,2.83,6.72,11.38,3.34,10.12,13.26,5.0,88.0,33.9,3,good
5.85,2.35,2.86,6.83,11.34,3.32,9.61,13.1,5.09,88.2,33.9,3,good
5.88,2.36,2.86,6.74,11.43,3.31,10.12,13.31,4.84,88.3,33.9,3,good
5.9,2.39,2.86,6.77,11.57,3.34,10.54,12.94,5.06,88.2,33.9,3,good
5.85,2.35,2.84,6.72,11.38,3.31,9.5,12.94,5.11,88.3,33.9,3,good
5.88,2.38,2.86,6.77,11.38,3.31,9.43,12.74,5.11,88.5,33.9,3,good
5.8,2.35,2.83,6.77,11.16,3.29,10.08,12.49,5.02,88.4,33.9,3,good
5.88,2.39,2.84,6.72,11.34,3.29,9.1,12.24,5.06,87.8,33.9,3,good
5.85,2.38,2.83,6.72,10.72,3.21,9.35,11.63,5.04,88.0,33.8,3,good
5.8,2.33,2.86,6.72,10.55,3.22,9.61,11.18,5.0,88.2,33.9,3,good
5.76,2.36,2.84,6.74,10.51,3.24,10.16,10.75,5.04,88.0,33.8,3,good
5.68,2.33,2.84,6.69,10.81,3.22,10.41,10.54,4.98,87.9,33.8,3,good
5.68,2.32,2.84,6.74,10.89,3.26,9.81,10.42,4.91,87.6,33.8,3,good
5.73,2.36,2.83,6.66,11.11,3.26,9.13,10.34,5.04,87.8,33.8,3,good
5.66,2.32,2.81,6.69,11.61,3.26,10.2,10.26,4.95,88.1,33.8,3,good
5.66,2.33,2.84,6.66,11.11,3.31,9.1,10.22,5.04,88.2,33.8,3,good
5.66,2.38,2.81,6.66,11.34,3.29,10.2,10.3,5.0,88.4,33.8,3,good
5.68,2.35,2.83,6.58,11.25,3.24,9.77,10.3,4.98,88.3,33.8,3,good
5.66,2.33,2.72,6.55,11.11,3.21,8.88,9.86,5.04,88.5,33.8,3,good
5.61,2.35,2.7,6.58,10.63,3.22,9.06,9.56,4.93,88.7,33.8,3,good
5.61,2.36,2.7,6.58,11.43,3.24,10.04,9.41,4.98,88.9,33.8,3,good
5.59,2.36,2.7,6.53,10.85,3.22,9.13,9.3,4.95,88.9,33.8,3,good
5.61,2.32,2.68,6.55,11.11,3.24,9.24,9.49,4.8,88.9,33.8,3,good
5.66,2.33,2.72,6.53,11.2,3.24,9.5,9.3,4.89,88.9,33.8,3,good
5.66,2.32,2.72,6.55,10.89,3.24,8.81,9.09,4.87,88.9,33.8,3,good
5.64,2.33,2.7,6.48,11.29,3.21,9.46,8.98,4.67,89.2,33.8,3,good
5.56,2.29,2.7,6.48,10.76,3.19,9.77,8.77,4.84,89.3,33.8,3,good
5.54,2.33,2.68,6.48,10.55,3.17,9.85,8.6,4.78,89.2,33.8,3,good
5.54,2.32,2.7,6.48,11.38,3.17,9.88,8.5,4.8,89.1,33.8,3,good
5.54,2.29,2.68,6.53,11.07,3.21,8.54,8.53,4.84,89.3,33.8,3,good
5.59,2.33,2.7,6.45,11.2,3.19,9.61,8.5,4.53,89.2,33.8,3,good
5.61,2.35,2.72,6.45,11.2,3.21,9.39,8.57,4.93,89.4,33.8,3,good
5.56,2.3,2.7,6.45,11.11,3.21,9.73,8.53,4.74,89.5,33.7,3,good
5.59,2.35,2.7,6.37,11.2,3.21,9.73,8.6,4.84,89.5,33.8,3,good
5.56,2.36,2.7,6.4,10.98,3.21,8.47,8.47,5.0,89.6,33.7,3,good
5.59,2.32,2.72,6.37,11.07,3.19,8.75,8.4,5.0,89.6,33.7,3,good
5.64,2.36,2.73,6.42,10.85,3.19,8.41,8.27,4.95,89.6,33.7,3,good
5.49,2.33,2.7,6.29,10.72,3.16,8.85,8.17,4.76,89.8,33.7,3,good
5.52,2.35,2.73,6.34,10.51,3.14,9.61,7.76,4.91,90.0,33.7,3,good
5.45,2.29,2.72,6.29,10.76,3.12,8.58,7.73,4.82,89.9,33.7,3,good
5.45,2.33,2.68,6.32,10.89,3.16,9.65,7.76,4.87,90.0,33.7,3,good
5.49,2.29,2.72,6.34,10.76,3.14,9.43,7.73,4.89,90.1,33.7,3,good
5.54,2.32,2.73,6.32,11.02,3.11,8.71,7.55,4.87,90.1,33.7,3,good
5.49,2.3,2.7,6.29,10.85,3.11,9.43,7.58,4.87,90.1,33.7,3,good
5.49,2.29,2.72,6.32,10.98,3.12,9.28,7.55,4.89,90.0,33.7,3,good
5.49,2.29,2.72,6.27,10.89,3.16,9.65,7.52,4.89,90.1,33.7,3,good
5.49,2.32,2.72,6.32,10.94,3.11,8.68,7.43,4.8,90.1,33.7,3,good
5.52,2.29,2.73,6.27,10.85,3.14,9.31,7.37,4.87,90.1,33.7,3,good
5.54,2.35,2.76,6.29,10.98,3.16,9.5,7.31,4.76,90.2,33.7,3,good
5.54,2.3,2.78,6.37,10.98,3.19,9.58,7.31,4.8,90.2,33.7,3,good
5.59,2.32,2.78,6.29,11.11,3.21,9.77,7.23,4.87,90.2,33.7,3,good
5.49,2.29,2.78,6.29,10.76,3.22,9.88,7.23,4.7,90.2,33.7,3,good
5.52,2.33,2.78,6.29,10.59,3.22,8.64,7.11,4.95,90.2,33.7,3,good
5.47,2.29,2.76,6.27,10.68,3.19,9.58,6.97,5.0,90.2,33.7,3,good
5.45,2.29,2.78,6.22,10.55,3.21,8.88,7.14,4.87,90.3,33.7,3,good
5.42,2.3,2.78,6.24,10.55,3.14,8.21,6.64,4.8,90.4,33.7,3,good
5.47,2.27,2.76,6.22,10.59,3.24,9.31,6.67,4.87,90.4,33.7,3,good
5.4,2.27,2.8,6.29,10.55,3.24,8.75,6.67,4.74,90.5,33.7,3,good
5.4,2.27,2.78,6.29,10.51,3.26,8.64,6.56,4.74,90.5,33.7,3,good
5.42,2.27,2.78,6.22,10.59,3.19,9.85,6.51,4.8,90.5,33.7,3,good
5.38,2.29,2.8,6.29,10.63,3.24,8.64,6.43,4.78,90.5,33.7,3,good
5.35,2.27,2.78,6.19,10.68,3.16,8.71,6.35,4.76,90.5,33.7,3,good
5.38,2.27,2.78,6.19,10.51,3.29,9.24,6.32,4.8,90.5,33.6,3,good
5.4,2.27,2.76,6.16,10.51,3.24,8.31,6.22,4.84,90.5,33.7,3,good
5.4,2.26,2.8,6.22,10.43,3.29,8.41,6.4,4.8,90.6,33.7,3,good
5.42,2.3,2.81,6.19,10.43,3.31,8.61,6.2,4.82,90.6,33.7,3,good
5.42,2.27,2.78,6.14,10.26,3.27,9.81,6.17,4.78,90.7,33.7,3,good
5.42,2.27,2.8,6.11,10.3,3.27,9.81,6.12,4.84,90.6,33.7,3,good
5.38,2.3,2.76,6.16,10.51,3.29,10.75,6.15,4.78,90.5,33.7,3,good
5.38,2.24,2.78,6.16,10.3,3.32,8.41,6.17,4.76,90.3,33.6,3,good
5.45,2.24,2.8,6.09,10.43,3.29,8.71,6.04,4.74,90.4,33.6,3,good
5.42,2.27,2.8,6.11,10.43,3.32,8.54,6.09,4.35,90.5,33.7,3,good
5.47,2.29,2.8,6.14,9.98,3.32,8.64,5.99,4.67,90.6,33.6,3,good
5.45,2.26,2.76,6.04,10.22,3.17,9.85,6.02,4.33,90.4,33.6,3,good
5.45,2.27,2.8,6.04,10.06,3.29,9.85,5.95,4.65,90.4,33.6,3,good
5.4,2.24,2.8,6.04,9.9,3.27,8.81,5.85,4.78,90.5,33.6,3,good
5.35,2.23,2.8,6.06,9.86,3.31,10.16,5.73,4.65,90.6,33.7,3,good
5.28,2.26,2.78,6.04,9.79,3.27,9.65,5.63,4.78,90.7,33.6,3,good
5.26,2.26,2.76,5.99,10.06,3.34,11.29,5.63,4.63,90.8,33.6,3,good
5.31,2.23,2.8,6.04,9.94,3.29,9.69,5.58,4.74,90.7,33.6,3,good
5.28,2.27,2.78,6.06,9.71,3.27,8.61,5.58,4.67,90.8,33.6,3,good
5.28,2.23,2.76,6.01,9.79,3.26,9.17,5.51,4.76,90.8,33.6,3,good
5.26,2.24,2.78,6.06,9.52,3.27,8.21,5.47,4.65,90.8,33.6,3,good
5.24,2.23,2.78,6.01,9.67,3.34,9.54,5.44,4.76,90.7,33.6,3,good
5.22,2.26,2.76,5.99,9.52,3.24,8.58,5.44,4.8,90.7,33.6,3,good
5.24,2.23,2.78,5.96,9.52,3.26,9.96,5.4,4.76,90.8,33.6,3,good
5.26,2.26,2.81,5.99,9.26,3.24,8.47,5.37,4.7,90.9,33.6,3,good
5.26,2.23,2.8,5.96,9.3,3.26,8.99,5.35,4.72,90.8,33.6,3,good
5.1,2.2,2.78,5.91,8.27,3.17,11.38,5.02,4.67,90.9,33.6,3,good
5.1,2.24,2.78,5.89,8.56,3.19,9.46,4.87,4.65,90.9,33.6,3,good
5.1,2.21,2.8,5.86,8.94,3.17,8.34,4.87,4.53,91.0,33.6,3,good
5.06,2.2,2.75,5.79,9.05,3.14,9.69,4.91,4.53,91.0,33.6,3,good
5.1,2.24,2.76,5.84,9.12,3.17,9.17,4.95,4.51,91.0,33.6,3,good
5.08,2.21,2.78,5.79,9.19,3.17,9.31,4.93,4.61,91.0,33.6,3,good
5.08,2.2,2.78,5.79,8.73,3.17,9.73,4.97,4.61,91.1,33.6,3,good
5.13,2.21,2.76,5.79,8.91,3.19,9.17,4.99,4.7,91.2,33.6,3,good
5.13,2.18,2.76,5.77,8.6,3.16,8.47,4.91,4.7,91.1,33.6,3,good
5.13,2.2,2.75,5.79,8.43,3.17,9.31,4.91,4.57,91.1,33.6,3,good
5.15,2.21,2.76,5.82,8.24,2.91,9.17,4.93,4.59,91.2,33.6,3,good
5.19,2.2,2.76,5.74,8.14,3.17,9.13,4.95,4.61,91.0,33.5,3,good
5.19,2.21,2.8,5.82,7.95,3.19,9.39,4.95,4.59,91.1,33.6,3,good
5.15,2.23,2.78,5.74,7.74,3.17,9.31,4.95,4.63,91.1,33.6,3,good
5.22,2.2,2.78,5.82,7.32,3.19,9.28,4.89,4.55,91.2,33.6,3,good
5.17,2.18,2.8,5.79,7.07,3.16,9.24,4.87,4.57,91.2,33.6,3,good
5.17,2.2,2.76,5.72,7.04,3.14,8.61,4.8,4.59,91.0,33.5,3,good
5.19,2.18,2.8,5.77,6.96,3.19,8.44,4.82,4.59,91.1,33.5,3,good
5.1,2.2,2.76,5.72,6.8,3.19,8.71,4.84,4.55,91.2,33.5,3,good
5.15,2.17,2.78,5.74,6.56,3.19,8.38,4.8,4.57,91.2,33.5,3,good
5.17,2.26,2.78,5.72,6.38,3.24,10.04,4.8,4.65,91.3,33.6,3,good
5.19,2.24,2.8,5.7,6.01,3.19,9.17,4.8,4.59,91.4,33.5,3,good
5.13,2.2,2.76,5.65,6.2,3.14,9.13,4.7,4.65,91.4,33.5,3,good
5.1,2.23,2.78,5.7,5.73,3.14,9.17,4.67,4.59,91.5,33.5,3,good
5.1,2.21,2.73,5.65,5.57,3.14,9.5,4.67,4.57,91.5,33.5,3,good
5.1,2.2,2.73,5.62,5.41,3.17,9.13,4.59,4.59,91.5,33.5,3,good
5.1,2.21,2.78,5.7,5.43,3.17,9.2,4.67,4.43,91.5,33.5,3,good
5.13,2.17,2.76,5.62,5.3,3.16,9.54,4.67,4.61,91.5,33.5,3,good
5.15,2.14,2.76,5.6,5.0,3.16,8.34,4.67,4.61,91.5,33.5,3,good
5.15,2.18,2.75,5.62,4.68,3.19,9.2,4.63,4.74,91.6,33.5,3,good
5.15,2.2,2.75,5.41,4.78,3.21,9.35,4.59,5.57,91.6,33.5,3,good
5.19,2.16,2.76,5.6,4.7,3.14,9.13,4.63,5.57,91.6,33.5,3,good
5.17,2.17,2.76,5.6,4.64,3.16,8.21,4.57,5.5,91.6,33.5,3,good
5.15,2.14,2.76,5.62,4.29,3.19,7.84,4.57,5.52,91.7,33.5,3,good
5.13,2.17,2.75,5.55,4.09,3.17,9.24,4.57,5.52,91.6,33.5,3,good
5.17,2.18,2.75,5.6,4.06,3.24,8.61,4.55,5.5,91.7,33.5,3,good
5.17,2.16,2.76,5.6,3.93,3.17,8.31,4.49,5.36,91.7,33.5,3,good
5.15,2.17,2.75,5.58,3.84,3.14,8.25,4.49,5.38,91.7,33.5,3,good
5.1,2.18,2.73,5.62,3.72,3.16,8.34,4.47,5.31,91.7,33.5,3,good
5.06,2.16,2.76,5.6,3.64,3.14,8.99,4.43,5.38,91.7,33.5,3,good
5.13,2.14,2.73,5.67,3.48,3.16,8.92,4.49,5.38,91.7,33.5,3,good
5.15,2.14,2.75,5.65,3.48,3.12,9.06,4.37,5.38,91.4,33.5,3,good
5.08,2.14,2.73,5.58,3.57,3.12,8.88,4.43,5.36,91.4,33.4,3,good
5.1,2.14,2.76,5.6,3.39,3.14,8.99,4.35,5.24,91.5,33.4,3,good
5.08,2.14,2.73,5.55,3.35,3.11,8.25,4.37,5.31,91.6,33.4,3,good
5.06,2.16,2.73,5.55,3.28,2.91,8.92,4.33,5.52,91.6,33.4,3,good
5.06,2.14,2.73,5.53,3.17,3.12,8.05,4.37,5.54,91.7,33.4,3,good
5.04,2.17,2.73,5.6,3.13,3.16,8.09,4.33,5.66,91.7,33.4,3,good
5.1,2.16,2.75,5.55,3.08,3.14,7.96,4.35,5.47,91.8,33.4,3,good
5.1,2.16,2.78,5.55,2.99,3.12,7.65,4.33,5.59,91.8,33.4,3,good
5.04,2.13,2.75,5.53,2.87,3.17,9.17,4.33,5.54,91.8,33.4,3,good
5.04,2.17,2.75,5.51,2.82,3.16,9.1,4.27,5.45,91.9,33.4,3,good
4.97,2.16,2.73,5.48,2.73,3.04,7.87,4.15,5.47,91.9,33.4,3,good
4.97,2.16,2.73,5.51,2.76,3.11,8.51,4.17,5.4,91.9,33.4,3,good
4.99,2.17,2.72,5.46,2.77,3.11,7.9,4.17,5.43,91.9,33.4,3,good
4.99,2.18,2.73,5.48,2.77,3.11,9.13,4.25,5.43,92.0,33.4,3,good
4.97,2.17,2.73,5.46,2.67,3.12,9.02,4.13,5.33,92.0,33.4,3,good
4.97,2.18,2.75,5.48,2.64,3.14,8.02,4.13,5.61,92.0,33.4,3,good
4.95,2.11,2.73,5.46,2.55,3.12,9.06,4.15,5.45,92.1,33.4,3,good
4.97,2.08,2.72,5.44,2.49,3.14,7.57,4.15,5.47,92.1,33.4,3,good
4.99,2.59,2.73,5.46,2.36,3.14,7.96,4.11,5.38,92.1,33.4,3,good
5.02,2.11,2.75,5.46,2.34,3.14,7.71,4.15,5.47,92.0,33.4,3,good
4.95,2.1,2.7,5.44,2.28,3.11,8.85,4.09,5.04,92.0,33.4,3,acceptable
4.95,2.08,2.72,5.39,2.23,3.12,8.81,4.09,5.47,92.0,33.4,3,acceptable
5.02,2.06,2.75,5.41,2.17,3.14,9.06,4.09,5.5,92.1,33.4,3,acceptable
4.95,2.01,2.73,5.44,2.11,3.16,8.18,4.11,5.5,92.1,33.4,3,acceptable
4.97,2.07,2.72,5.37,2.07,3.16,7.96,4.09,5.52,92.1,33.4,3,acceptable
4.91,2.03,2.73,5.39,2.06,3.11,7.96,4.04,5.61,92.1,33.3,3,acceptable
4.97,2.06,2.73,5.39,2.03,3.11,8.61,4.06,5.47,92.1,33.3,3,acceptable
4.95,2.07,2.73,5.32,1.96,3.08,8.75,4.04,4.45,92.1,33.4,3,acceptable
4.8,2.01,2.73,5.19,1.91,3.04,8.64,3.94,4.51,92.1,33.3,3,acceptable
4.75,2.07,2.72,5.28,1.89,3.06,7.62,3.91,4.55,92.2,33.4,3,acceptable
4.73,2.04,2.72,5.3,1.87,3.08,7.68,3.92,4.55,92.2,33.3,3,acceptable
4.82,2.01,2.75,5.3,1.9,3.08,7.57,3.96,4.47,92.2,33.3,3,acceptable
4.78,2.07,2.7,5.25,1.78,3.09,8.28,3.92,4.53,92.2,33.3,3,acceptable
4.84,1.63,2.73,5.23,1.78,3.16,8.85,3.94,4.55,92.3,33.3,3,acceptable
4.82,2.06,2.73,5.25,1.73,3.06,7.93,3.92,4.55,92.3,33.3,3,acceptable
4.8,2.07,2.68,5.25,1.68,3.04,7.71,3.89,4.47,92.3,33.3,3,acceptable
4.75,2.04,2.73,5.32,1.68,3.04,8.21,3.85,4.59,92.3,33.3,3,acceptable
4.78,2.04,2.72,5.25,1.71,3.01,8.18,3.85,4.55,92.4,33.3,3,acceptable
4.78,2.07,2.75,5.28,1.68,2.99,8.61,3.87,4.59,92.4,33.3,3,acceptable
4.75,2.07,2.7,5.3,1.64,3.03,7.6,3.83,4.53,92.4,33.3,3,acceptable
4.8,2.1,2.7,5.25,1.64,3.06,7.78,3.87,4.67,92.4,33.3,3,acceptable
4.82,2.07,2.73,5.25,1.64,3.04,7.71,3.89,5.29,92.4,33.3,3,acceptable
4.82,2.04,2.73,5.21,1.59,3.06,8.47,3.89,4.45,92.4,33.3,3,acceptable
4.84,2.1,2.73,5.16,1.57,3.03,7.68,3.85,4.29,92.5,33.3,3,acceptable
4.8,2.1,2.72,5.21,1.51,3.08,8.51,3.89,4.49,92.5,33.3,3,acceptable
4.78,2.08,2.73,5.05,1.5,3.03,7.87,3.81,4.47,92.4,33.2,3,acceptable
4.82,2.1,2.73,5.12,1.51,3.04,8.18,3.85,4.61,92.4,33.2,3,acceptable
4.78,2.1,2.75,5.14,1.46,3.03,8.71,3.87,4.55,92.3,33.2,3,acceptable
4.8,2.08,2.73,5.16,1.46,3.04,8.12,3.87,4.57,92.4,33.2,3,acceptable
4.82,2.14,2.7,5.14,1.46,3.01,8.75,3.85,4.55,92.5,33.3,3,acceptable
4.84,2.06,2.73,5.16,1.42,3.09,8.64,3.85,4.65,92.5,33.2,3,acceptable
4.86,2.11,2.68,5.12,1.43,3.04,8.44,3.87,4.49,92.5,33.2,3,acceptable
4.88,2.13,2.7,5.12,1.4,3.06,7.65,3.85,4.45,92.5,33.2,3,acceptable
4.84,2.11,2.72,5.14,1.37,3.03,7.65,3.83,4.47,92.5,33.2,3,acceptable
4.86,2.14,2.7,5.12,1.39,3.03,8.78,3.83,4.57,92.5,33.2,3,acceptable
4.86,2.16,2.73,5.14,1.34,3.06,7.87,3.79,4.53,92.5,33.2,3,acceptable
4.88,2.08,2.73,5.1,1.37,3.04,7.99,3.79,4.55,92.6,33.2,3,acceptable
4.8,2.1,2.72,5.14,1.32,3.06,7.39,3.83,4.55,92.6,33.2,3,acceptable
4.8,2.08,2.7,5.14,1.3,3.04,8.58,3.79,4.55,92.6,33.2,3,acceptable
4.78,2.08,2.72,5.07,1.3,3.03,7.62,3.79,4.55,92.6,33.2,3,acceptable
4.78,2.1,2.72,5.07,1.29,3.04,7.54,3.83,4.59,92.6,33.2,3,acceptable
4.63,2.08,2.7,4.4,1.28,3.03,8.41,3.78,4.49,92.6,33.2,3,acceptable
4.61,2.11,2.73,4.86,1.29,2.98,7.75,3.72,4.45,92.6,33.2,3,acceptable
4.65,1.98,2.73,4.99,1.29,2.98,7.54,3.68,4.53,92.6,33.2,3,acceptable
4.67,2.1,2.72,5.01,1.27,2.99,8.18,3.7,4.55,92.7,33.2,3,acceptable
4.61,2.08,2.68,4.86,1.26,2.96,7.96,3.68,5.27,92.7,33.2,3,acceptable
4.65,2.07,2.7,4.99,1.27,2.96,7.51,3.68,5.17,92.7,33.2,3,acceptable
4.65,2.1,2.7,5.07,1.24,2.99,7.78,3.7,5.2,92.8,33.2,3,acceptable
4.67,2.06,2.72,5.07,1.24,3.01,7.51,3.68,5.2,92.8,33.2,3,acceptable
4.73,2.08,2.72,5.07,1.25,3.01,7.99,3.72,5.17,92.8,33.2,3,acceptable
4.67,2.1,2.7,5.07,1.22,3.01,7.51,3.72,5.33,92.8,33.2,3,acceptable
4.67,2.06,2.68,5.03,1.23,2.99,7.84,3.56,5.11,92.7,33.1,3,acceptable
4.73,2.04,2.68,5.03,1.23,3.01,7.6,3.56,4.51,92.8,33.2,3,acceptable
4.73,2.06,2.72,5.07,1.23,3.01,8.28,3.61,4.59,92.8,33.2,3,acceptable
4.67,2.07,2.7,5.03,1.22,2.91,7.48,3.58,4.49,92.8,33.1,3,acceptable
4.57,2.04,2.68,5.03,1.2,2.91,7.57,3.47,4.93,92.8,33.1,3,acceptable
4.59,2.08,2.68,5.1,1.19,2.96,8.44,3.6,4.57,92.8,33.1,3,acceptable
4.59,2.04,2.72,5.12,1.18,2.96,7.54,3.52,4.57,92.8,33.1,3,acceptable
4.61,2.07,2.68,5.07,1.19,2.96,7.45,3.49,4.53,92.9,33.2,3,acceptable
4.63,2.04,2.72,5.1,1.18,2.96,7.81,3.58,4.45,92.8,33.1,3,acceptable
4.63,2.06,2.7,5.03,1.19,2.95,7.84,3.51,4.95,92.8,33.1,3,acceptable
4.52,2.0,2.7,5.05,1.2,2.95,7.51,3.54,4.45,92.9,33.1,3,acceptable
4.54,2.01,2.7,5.1,1.17,2.95,8.44,3.61,5.15,92.9,33.1,3,acceptable
4.57,2.01,2.7,5.07,1.17,2.98,7.71,3.56,4.91,92.9,33.1,3,acceptable
4.61,2.0,2.72,5.05,1.17,2.96,7.39,3.54,5.54,92.9,33.1,3,acceptable
4.63,2.01,2.7,4.99,1.18,2.96,8.12,3.54,5.2,92.9,33.0,3,acceptable
4.65,2.01,2.7,4.94,1.18,2.98,7.71,3.52,4.98,92.9,33.0,3,acceptable
4.65,1.97,2.7,4.9,1.15,2.93,7.3,3.58,5.15,93.0,33.1,3,acceptable
4.67,2.03,2.7,4.92,1.15,2.96,8.15,3.58,5.17,92.9,33.0,3,acceptable
4.69,2.04,2.68,4.88,1.13,2.96,7.84,3.56,5.22,92.9,33.0,3,acceptable
4.65,2.03,2.68,4.9,1.12,2.99,8.34,3.6,5.13,92.9,33.0,3,acceptable
4.73,1.98,2.68,4.81,1.14,2.95,8.34,3.6,5.24,93.0,33.0,3,acceptable
4.69,2.0,2.7,4.81,1.14,2.95,7.65,3.61,5.22,93.0,33.0,3,acceptable
4.69,2.0,2.7,4.88,1.12,2.96,7.45,3.6,5.17,93.0,33.0,3,acceptable
4.65,2.04,2.68,4.86,1.08,2.93,7.36,3.56,5.17,93.0,33.0,3,acceptable
4.67,2.01,2.7,4.79,1.11,2.9,8.18,3.54,5.17,93.0,33.0,3,acceptable
4.67,2.03,2.7,4.81,1.1,2.88,7.25,3.52,5.33,93.0,33.0,3,acceptable
4.59,2.03,2.68,4.81,1.09,2.9,7.13,3.52,5.13,93.0,33.0,3,acceptable
4.65,2.07,2.7,4.84,1.09,2.91,7.68,3.51,5.13,93.1,33.0,3,acceptable
4.61,2.07,2.68,4.84,1.07,2.88,7.3,3.54,5.22,93.1,33.0,3,acceptable
4.63,2.04,2.7,4.79,1.1,2.87,7.3,3.51,5.11,93.1,33.0,3,acceptable
4.59,2.07,2.7,4.81,1.08,2.85,7.87,3.45,5.02,93.0,33.0,3,acceptable
4.63,2.07,2.7,4.77,1.09,2.87,7.54,3.45,5.31,93.1,33.0,3,acceptable
4.59,2.01,2.7,4.77,1.08,2.88,7.93,3.47,5.22,93.1,33.0,3,acceptable
4.65,2.07,2.84,4.81,1.08,2.91,7.28,3.51,5.27,93.1,33.0,3,acceptable
4.63,2.07,2.67,4.75,1.1,2.88,7.9,3.47,5.24,93.1,33.0,3,acceptable
4.57,2.06,2.72,4.63,1.07,2.91,7.62,3.49,4.15,93.1,33.0,3,acceptable
4.5,2.01,2.72,4.71,1.06,2.87,7.9,3.51,5.0,93.1,33.0,3,acceptable
4.52,2.03,2.68,4.65,1.05,2.87,7.22,3.45,4.98,93.1,33.0,3,acceptable
4.5,2.08,2.68,4.65,1.05,2.87,7.22,3.47,5.04,93.1,33.0,3,acceptable
4.57,2.06,2.72,4.73,1.04,2.87,7.28,3.44,4.11,93.1,33.0,3,acceptable
4.54,2.1,2.7,4.75,1.05,2.87,7.16,3.4,5.24,93.1,33.0,3,acceptable
4.52,2.1,2.72,4.73,1.04,2.84,8.15,3.42,4.17,93.2,33.0,3,acceptable
4.5,2.07,2.7,4.73,1.06,2.85,7.96,3.38,5.06,93.2,33.0,3,acceptable
4.5,2.06,2.68,4.73,1.03,2.73,9.1,3.4,4.15,93.2,33.0,3,acceptable
4.52,2.04,2.68,4.75,1.06,2.82,7.08,3.4,4.31,93.2,33.0,3,acceptable
4.38,2.01,2.68,4.69,1.03,2.84,7.08,3.4,4.09,93.2,33.0,3,acceptable
4.48,2.07,2.7,4.75,1.04,2.85,7.25,3.4,4.11,93.2,32.9,3,acceptable
4.46,2.08,2.67,4.73,1.03,2.85,8.15,3.37,4.21,93.2,33.0,3,acceptable
4.54,2.08,2.68,4.67,1.06,2.82,7.51,3.44,4.19,93.2,32.9,3,acceptable
4.48,2.01,2.68,4.63,1.03,2.79,7.54,3.37,4.15,93.2,32.9,3,acceptable
4.4,2.04,2.65,4.67,1.03,2.79,7.13,3.37,5.02,93.2,33.0,3,acceptable
4.38,2.03,2.68,4.71,1.02,2.79,7.75,3.35,4.11,93.2,32.9,3,acceptable
4.36,2.01,2.65,4.71,1.03,2.79,7.16,3.35,4.19,93.2,32.9,3,acceptable
4.38,1.53,2.68,4.73,1.02,2.8,7.75,3.35,5.06,93.2,32.9,3,acceptable
4.46,1.98,2.68,4.73,1.04,2.79,7.99,3.33,5.2,93.2,32.9,3,acceptable
4.4,2.0,2.68,4.65,1.02,2.82,7.78,3.35,3.94,93.2,32.9,3,acceptable
4.46,2.0,2.67,4.67,1.04,2.8,7.51,3.38,5.02,93.2,32.9,3,acceptable
4.36,1.98,2.68,4.65,1.04,2.79,7.13,3.35,4.07,93.2,32.9,3,acceptable
4.34,2.03,2.65,4.65,1.01,2.77,8.02,3.32,4.01,93.2,32.9,3,acceptable
4.38,2.0,2.64,4.6,1.03,2.77,7.16,3.35,3.99,93.3,32.9,3,acceptable
4.42,1.98,2.68,4.65,1.03,2.79,7.08,3.33,4.03,93.2,32.9,3,acceptable
4.4,1.98,2.64,4.6,1.01,2.79,7.62,3.32,3.99,93.2,32.9,3,acceptable
4.46,2.01,2.65,4.67,1.0,2.79,6.83,3.3,4.03,93.3,32.9,3,acceptable
4.44,2.01,2.65,4.63,1.03,2.76,7.0,3.35,3.97,93.3,32.9,3,acceptable
4.42,2.01,2.64,4.63,1.03,2.73,6.75,3.28,5.13,93.3,32.9,3,acceptable
4.42,1.96,2.67,4.71,1.0,2.77,6.97,3.28,5.11,93.3,32.9,3,acceptable
4.38,2.01,2.65,4.71,1.0,2.79,6.7,3.3,4.29,93.3,32.9,3,acceptable
4.4,1.97,2.67,4.67,1.02,2.76,7.08,3.28,4.31,93.3,32.9,3,acceptable
4.4,1.96,2.67,4.65,1.04,2.73,6.91,3.26,4.29,93.3,32.9,3,acceptable
4.42,1.97,2.64,4.63,1.03,2.73,7.05,3.26,4.91,93.3,32.9,3,acceptable
4.34,2.0,2.64,4.63,1.03,2.74,7.0,3.25,4.09,93.3,32.9,3,acceptable
4.38,1.97,2.67,4.67,1.02,2.74,8.02,3.26,5.09,93.3,32.9,3,acceptable
4.42,1.98,2.67,4.6,1.03,2.73,7.02,3.26,5.24,93.3,32.8,3,acceptable
4.26,1.94,2.65,4.58,1.02,2.74,7.62,3.25,5.09,93.3,32.8,3,acceptable
4.28,1.98,2.68,4.63,1.0,2.76,7.68,3.25,3.99,93.3,32.8,3,acceptable
4.36,1.98,2.67,4.6,1.03,2.73,7.11,3.28,5.04,93.3,32.8,3,acceptable
4.42,1.97,2.67,4.63,1.0,2.76,7.05,3.28,5.04,93.3,32.8,3,acceptable
4.42,1.94,2.65,4.67,1.02,2.79,7.05,3.3,4.78,93.3,32.8,3,acceptable
4.5,1.94,2.65,4.67,1.03,2.77,7.75,3.28,4.72,93.3,32.8,3,acceptable
4.48,1.98,2.65,4.69,1.0,2.8,6.91,3.3,4.95,93.3,32.8,3,acceptable
4.52,2.04,2.62,4.67,1.01,2.8,7.11,3.3,5.02,93.3,32.8,3,acceptable
4.54,2.03,2.65,4.69,1.0,2.82,7.93,3.32,4.05,93.3,32.8,3,acceptable
4.61,2.01,2.68,4.65,1.04,2.8,7.13,3.32,3.88,93.3,32.7,3,acceptable
4.63,2.07,2.67,4.65,1.04,2.82,7.42,3.33,3.97,93.3,32.7,3,acceptable
4.65,2.04,2.78,4.65,1.03,2.82,7.93,3.3,3.86,93.3,32.8,3,acceptable
4.65,2.03,2.65,4.6,1.02,2.84,7.05,3.33,4.01,93.3,32.7,3,acceptable
4.63,2.07,2.65,4.6,1.02,2.82,7.71,3.33,3.99,93.3,32.7,3,acceptable
4.67,2.07,2.7,4.63,1.03,2.82,7.13,3.38,4.03,93.3,32.7,3,acceptable
4.69,2.06,2.68,4.65,1.04,2.82,7.62,3.33,4.05,93.3,32.7,3,acceptable
4.63,2.04,2.61,4.65,1.08,2.82,7.11,3.32,3.96,93.3,32.7,3,acceptable
4.67,2.03,2.67,4.65,1.03,2.77,7.11,3.32,4.01,93.3,32.7,3,acceptable
4.61,2.07,2.68,4.69,1.0,2.79,7.16,3.26,4.03,93.4,32.7,3,acceptable
4.59,2.06,2.65,4.63,1.01,2.79,7.08,3.26,4.05,93.4,32.7,3,acceptable
4.59,2.06,2.65,4.58,1.02,2.76,7.87,3.23,3.97,93.4,32.7,3,acceptable
4.52,2.03,2.67,4.6,1.03,2.74,7.39,3.21,3.99,93.4,32.7,3,acceptable
4.48,2.06,2.65,4.58,1.0,2.76,7.81,3.21,3.99,93.4,32.7,3,acceptable
4.5,2.06,2.68,4.63,1.0,2.76,7.02,3.25,3.96,93.3,32.6,3,acceptable
4.57,2.06,2.68,4.65,1.0,2.77,6.86,3.23,3.99,93.3,32.6,3,acceptable
4.54,2.07,2.67,4.63,1.0,2.76,7.6,3.25,4.01,93.3,32.6,3,acceptable
4.5,2.07,2.7,4.5,1.0,2.76,7.62,3.26,4.05,93.3,32.6,3,acceptable
4.4,2.06,2.67,4.52,1.01,2.73,6.86,3.25,3.9,93.4,32.6,3,acceptable
4.46,2.04,2.68,4.65,1.02,2.76,7.0,3.23,3.96,93.3,32.6,3,acceptable
4.48,2.06,2.68,4.6,1.0,2.76,7.75,3.21,3.9,93.4,32.6,3,acceptable
4.5,2.04,2.68,4.65,1.0,2.73,7.57,3.21,3.94,93.4,32.6,3,acceptable
4.5,2.06,2.68,4.65,1.0,2.74,7.84,3.2,4.03,93.3,32.6,3,acceptable
4.48,2.07,2.68,4.63,1.01,2.73,7.11,3.23,3.97,93.4,32.6,3,acceptable
4.46,2.06,2.65,4.58,1.02,2.7,8.05,3.18,3.88,93.3,32.6,3,acceptable
4.46,2.07,2.67,4.6,1.0,2.73,7.78,3.2,3.86,93.4,32.6,3,acceptable
4.42,2.04,2.68,4.63,1.01,2.73,7.19,3.21,3.92,93.3,32.5,3,acceptable
4.46,2.03,2.67,4.65,1.01,2.71,7.62,3.21,3.97,93.3,32.5,3,acceptable
4.48,2.07,2.68,4.56,1.03,2.71,8.12,3.2,4.05,93.4,32.5,3,acceptable
4.5,2.07,2.67,4.54,1.02,2.74,7.08,3.2,3.92,93.4,32.5,3,acceptable
4.52,2.03,2.68,4.63,1.01,2.73,7.0,3.21,3.94,93.4,32.5,3,acceptable
4.61,2.03,2.96,4.58,1.03,2.71,7.99,3.23,4.03,93.4,32.5,3,acceptable
4.63,2.03,2.7,4.58,1.03,2.73,7.13,3.2,3.9,93.4,32.5,3,acceptable
4.59,2.03,2.7,4.63,0.99,2.71,6.91,3.21,3.97,93.4,32.5,3,acceptable
4.63,2.04,2.7,4.6,1.03,2.74,7.11,3.21,3.92,93.4,32.5,3,acceptable
4.61,2.08,2.67,4.58,1.03,2.77,7.54,3.26,4.03,93.4,32.5,3,acceptable
4.69,2.07,2.7,4.6,1.02,2.77,7.13,3.28,3.99,93.4,32.5,3,acceptable
4.73,2.08,2.7,4.6,1.03,2.77,7.0,3.25,4.07,93.3,32.4,3,acceptable
4.65,2.06,2.68,4.56,1.0,2.82,6.83,3.25,4.09,93.4,32.5,3,acceptable
4.73,2.08,2.68,4.54,1.04,2.77,7.78,3.23,4.07,93.3,32.4,3,acceptable
4.73,2.06,2.7,4.6,1.03,2.77,7.42,3.23,4.03,93.4,32.5,3,acceptable
4.73,2.07,2.7,4.67,1.03,2.79,6.94,3.25,4.01,93.4,32.4,3,acceptable
4.73,2.1,2.68,4.6,1.03,2.77,7.45,3.26,4.03,93.4,32.4,3,acceptable
4.78,2.06,2.72,4.67,1.0,2.79,7.0,3.26,4.15,93.4,32.4,3,acceptable
4.78,2.06,2.68,4.65,1.02,2.79,7.05,3.28,3.96,93.4,32.4,3,acceptable
4.78,2.08,2.68,4.56,1.03,2.74,7.05,3.25,4.03,93.4,32.4,3,acceptable
4.73,2.07,2.65,4.6,1.01,2.77,7.39,3.28,4.01,93.4,32.4,3,acceptable
4.8,2.06,2.72,4.63,1.0,2.74,7.0,3.23,4.01,93.4,32.3,3,acceptable
4.71,2.07,2.68,4.56,1.02,2.71,7.13,3.2,4.13,93.4,32.3,3,acceptable
4.73,2.07,2.7,4.54,1.02,2.67,7.05,3.16,3.96,93.4,32.4,3,acceptable
4.73,2.08,2.68,4.58,1.03,2.65,7.05,3.18,4.07,93.4,32.3,3,acceptable
4.69,2.06,2.7,4.6,1.02,2.67,7.45,3.11,4.23,93.4,32.4,3,acceptable
4.65,2.07,2.67,4.54,1.02,2.68,7.71,3.13,4.13,93.4,32.4,3,acceptable
4.71,2.07,2.81,4.58,1.03,2.7,7.93,3.16,4.07,93.4,32.4,3,acceptable
4.67,2.07,2.68,4.6,1.02,2.71,7.65,3.15,4.21,93.4,32.3,3,acceptable
4.69,2.07,2.67,4.54,1.02,2.64,6.81,3.13,4.03,93.4,32.3,3,acceptable
4.67,2.06,2.68,4.56,1.03,2.64,7.54,3.13,4.13,93.4,32.3,3,acceptable
4.67,2.03,2.68,4.6,1.02,2.67,6.91,3.13,4.05,93.4,32.3,3,acceptable
4.69,2.07,2.68,4.52,1.02,2.68,7.68,3.15,4.03,93.4,32.3,3,acceptable
4.69,2.07,2.67,4.52,1.04,2.64,7.0,3.13,3.97,93.4,32.3,3,acceptable
4.63,2.0,2.65,4.56,1.0,2.7,6.83,3.13,4.05,93.4,32.3,3,acceptable
4.63,2.01,2.68,4.58,1.0,2.73,7.87,3.16,4.03,93.4,32.3,3,acceptable
4.71,2.0,2.7,4.56,1.02,2.67,7.51,3.15,4.09,93.4,32.3,3,acceptable
4.67,2.03,2.67,4.54,1.02,2.62,7.02,3.2,4.13,93.4,32.3,3,acceptable
4.65,2.01,2.68,4.58,1.02,2.55,6.83,3.13,4.05,93.3,32.2,3,acceptable
4.65,2.0,2.7,4.63,1.0,2.65,6.97,3.1,4.09,93.3,32.2,3,acceptable
4.63,1.98,2.68,4.56,1.0,2.67,6.94,3.1,3.99,93.3,32.2,3,acceptable
4.4,1.98,2.67,4.34,1.0,2.49,6.7,2.97,3.99,93.4,32.2,3,acceptable
4.3,2.0,2.65,4.36,1.01,2.46,6.7,2.95,3.81,93.3,32.2,3,acceptable
4.3,1.96,2.67,4.4,1.01,2.47,6.81,2.93,3.79,93.3,32.2,3,acceptable
4.22,1.94,2.65,4.46,1.0,2.49,6.73,2.92,3.9,93.3,32.2,3,acceptable
4.28,1.98,2.67,4.42,1.02,2.49,7.3,2.97,3.86,93.4,32.2,3,acceptable
4.22,1.97,2.65,4.48,1.0,2.53,6.73,2.93,3.9,93.4,32.2,3,acceptable
4.26,1.98,2.67,4.48,1.02,2.52,6.86,2.97,3.9,93.4,32.1,3,acceptable
4.26,1.94,2.67,4.5,1.0,2.55,7.11,2.95,3.84,93.4,32.2,3,acceptable
4.26,1.94,2.64,4.48,1.0,2.56,6.91,2.97,3.86,93.5,32.2,3,acceptable
4.34,1.94,2.68,4.52,1.0,2.55,6.83,2.97,3.86,93.4,32.1,3,acceptable
4.36,1.93,2.68,4.5,1.03,2.53,7.13,2.97,3.92,93.4,32.1,3,acceptable
4.36,1.93,2.67,4.5,1.03,2.55,6.91,2.97,3.9,93.4,32.1,3,acceptable
4.34,1.97,2.65,4.52,1.0,2.61,6.73,2.98,3.84,93.4,32.1,3,acceptable
4.38,1.98,2.65,4.46,1.02,2.43,6.89,3.01,3.9,93.4,32.1,3,acceptable
4.42,1.97,2.65,4.48,1.01,2.61,7.75,3.03,3.88,93.4,32.1,3,acceptable
4.42,1.94,2.64,4.52,1.0,2.64,6.65,3.06,3.73,93.5,32.1,3,acceptable
4.5,1.94,2.68,4.52,1.02,2.67,7.57,3.03,3.96,93.5,32.1,3,acceptable
4.52,1.97,2.68,4.48,1.02,2.65,6.97,3.1,3.94,93.5,32.1,3,acceptable
4.59,1.97,2.68,4.52,1.03,2.68,7.51,3.11,3.92,93.5,32.1,3,acceptable
4.61,1.96,2.68,4.5,1.02,2.7,7.75,3.1,3.96,93.5,32.1,3,acceptable
4.59,2.01,2.67,4.48,1.01,2.71,7.65,3.11,3.94,93.6,32.1,3,acceptable
4.63,1.98,2.68,4.48,1.03,2.67,6.73,3.1,3.92,93.6,32.1,3,acceptable
4.65,1.97,2.78,4.5,1.02,2.7,7.0,3.08,3.96,93.5,32.0,3,acceptable
4.63,1.98,2.67,4.52,1.0,2.7,7.57,3.08,4.05,93.5,32.0,3,acceptable
4.67,2.01,2.7,4.48,1.02,2.68,7.75,3.11,4.03,93.6,32.1,3,acceptable
4.69,1.98,2.67,4.46,1.03,2.7,7.05,3.13,3.99,93.6,32.1,3,acceptable
4.73,1.97,2.7,4.46,1.02,2.71,6.97,3.15,3.96,93.5,32.0,3,acceptable
4.67,1.98,2.68,4.48,1.01,2.71,8.51,3.13,4.01,93.5,32.0,3,acceptable
4.73,2.03,2.68,4.46,1.03,2.7,6.94,3.15,3.99,93.6,32.1,3,acceptable
4.69,2.03,2.67,4.34,1.01,2.59,7.6,3.03,4.07,93.5,32.0,3,acceptable
4.57,2.0,2.68,4.32,1.02,2.55,7.48,2.97,4.03,93.6,32.0,3,acceptable
4.5,2.0,2.67,4.36,1.01,2.56,7.08,2.95,3.92,93.5,32.0,3,acceptable
4.52,2.03,2.67,4.38,1.02,2.56,6.78,2.98,3.94,93.5,32.0,3,acceptable
4.5,2.01,2.68,4.42,1.03,2.56,7.65,2.97,3.96,93.5,32.0,3,acceptable
4.52,2.0,2.68,4.4,1.01,2.61,7.25,2.98,3.92,93.5,32.0,3,acceptable
4.57,1.94,2.7,4.44,1.02,2.62,7.11,3.01,3.96,93.6,32.0,3,acceptable
4.57,1.98,2.65,4.4,1.0,2.67,7.16,3.05,3.92,93.6,32.0,3,acceptable
4.59,1.94,2.7,4.46,1.0,2.65,6.62,3.06,4.01,93.5,32.0,3,acceptable
4.59,1.93,2.68,4.38,1.01,2.65,7.45,3.08,3.96,93.5,32.0,3,acceptable
4.57,1.97,2.68,4.42,1.0,2.64,7.39,3.06,3.94,93.6,32.0,3,acceptable
4.61,1.93,2.7,4.46,1.0,2.67,7.81,3.05,4.01,93.6,32.0,3,acceptable
4.65,1.96,2.7,4.42,1.02,2.67,6.81,3.08,3.86,93.6,32.0,3,acceptable
4.63,1.94,2.68,4.46,1.0,2.65,6.97,3.06,3.96,93.6,32.0,3,acceptable
4.65,1.97,2.68,4.4,1.0,2.65,6.89,3.01,4.03,93.6,31.9,3,acceptable
4.65,1.94,2.72,4.46,1.0,2.65,7.6,3.06,3.97,93.6,31.9,3,acceptable
4.52,1.97,2.68,4.3,0.99,2.55,7.11,2.92,3.92,93.7,32.0,3,acceptable
4.54,1.96,2.7,4.32,1.01,2.53,7.51,2.93,3.97,93.7,32.0,3,acceptable
4.59,1.96,2.7,4.36,1.02,2.56,7.13,2.98,3.97,93.7,31.9,3,acceptable
4.54,1.96,2.68,4.4,1.0,2.62,6.89,2.97,3.99,93.7,32.0,3,acceptable
4.59,1.94,2.68,4.44,1.0,2.62,6.81,3.01,3.94,93.7,32.0,3,acceptable
4.63,2.03,2.68,4.4,1.0,2.64,6.89,3.0,4.03,93.7,32.0,3,acceptable
4.63,1.98,2.7,4.46,1.0,2.64,7.39,3.03,4.05,93.7,31.9,3,acceptable
4.63,2.01,2.72,4.38,1.02,2.55,6.67,2.93,3.99,93.7,31.9,3,acceptable
4.24,2.0,2.8,4.44,1.02,2.52,7.62,2.89,3.88,93.7,31.9,3,acceptable
4.46,2.0,2.7,4.4,1.0,2.56,6.7,2.9,3.99,93.7,31.9,3,acceptable
4.46,2.01,2.7,4.34,1.02,2.58,7.6,2.93,3.9,93.7,31.9,3,acceptable
4.48,1.98,2.68,4.34,1.03,2.58,7.22,2.97,3.96,93.7,31.9,3,acceptable
4.5,1.97,2.68,4.4,1.0,2.61,7.62,2.92,3.92,93.7,31.9,3,acceptable
4.57,1.97,2.7,4.46,0.85,2.68,7.57,2.97,3.97,93.7,31.9,3,acceptable
4.61,1.94,2.7,4.4,1.02,2.59,7.22,2.98,3.97,93.7,31.9,3,acceptable
4.61,2.0,2.7,4.42,1.01,2.59,7.25,3.01,3.96,93.7,31.9,3,acceptable
4.65,1.98,2.7,4.36,1.02,2.55,7.36,2.95,3.96,93.7,31.8,3,acceptable
4.46,1.96,2.7,4.3,1.02,2.46,6.7,2.85,3.88,93.7,31.8,3,acceptable
4.44,2.29,2.67,4.3,0.99,2.47,6.7,2.48,3.97,93.7,31.9,3,acceptable
4.42,1.96,2.7,4.32,1.01,2.44,6.89,2.85,3.84,93.7,31.8,3,acceptable
4.36,1.96,2.68,4.34,1.01,2.47,6.62,2.85,3.88,93.8,31.9,3,acceptable
4.38,1.93,2.68,4.38,1.0,2.49,6.73,2.81,3.92,93.8,31.8,3,acceptable
4.36,1.93,2.68,4.34,0.99,2.5,6.54,2.84,3.9,93.7,31.8,3,acceptable
4.36,1.98,2.67,4.38,1.01,2.47,7.71,2.85,3.86,93.8,31.8,3,acceptable
4.38,1.98,2.68,4.4,1.0,2.49,7.28,2.82,3.9,93.8,31.8,3,acceptable
4.36,1.98,2.68,4.38,1.0,2.52,6.89,2.82,3.82,93.8,31.8,3,acceptable
4.4,1.98,2.67,4.36,1.01,2.49,7.33,2.85,3.79,93.8,31.8,3,acceptable
4.44,1.97,2.7,4.4,1.02,2.47,6.62,2.85,3.84,93.8,31.8,3,acceptable
4.42,2.01,2.67,4.36,1.01,2.5,6.81,2.82,3.84,93.9,31.8,3,acceptable
4.38,1.94,2.68,4.42,1.0,2.49,6.78,2.79,3.86,93.9,31.8,3,acceptable
4.36,1.98,2.68,4.42,1.0,2.49,6.73,2.79,3.81,93.8,31.8,3,acceptable
4.34,1.98,2.67,4.36,1.01,2.46,7.11,2.79,3.79,93.8,31.8,3,acceptable
4.36,1.96,2.68,4.38,1.0,2.5,7.13,2.81,3.81,93.9,31.8,3,acceptable
4.36,2.0,2.65,4.36,0.99,2.53,6.78,2.85,3.75,93.8,31.8,3,acceptable
4.48,1.98,2.68,4.38,1.01,2.53,6.62,2.85,3.82,93.8,31.8,3,acceptable
4.52,1.96,2.67,4.38,1.01,2.56,6.62,2.87,3.92,93.7,31.7,3,acceptable
4.59,2.0,2.68,4.4,1.02,2.55,6.54,2.9,3.9,93.7,31.7,3,acceptable
4.57,2.0,2.68,4.4,1.02,2.55,6.83,2.87,3.94,93.8,31.7,3,acceptable
4.46,2.0,2.65,4.38,0.99,2.5,7.3,2.79,3.94,93.8,31.8,3,acceptable
4.52,2.01,2.65,4.36,1.01,2.52,6.7,2.85,3.86,93.8,31.8,3,acceptable
4.54,1.98,2.65,4.38,1.02,2.53,6.7,2.84,3.94,93.8,31.7,3,acceptable
4.63,1.98,2.68,4.4,1.01,2.5,7.13,2.93,3.92,93.8,31.8,3,acceptable
4.65,2.01,2.67,4.4,1.01,2.53,7.71,2.92,3.9,93.8,31.7,3,acceptable
4.65,1.97,2.67,4.44,0.99,2.56,6.97,2.93,3.94,93.9,31.7,3,acceptable
4.69,2.01,2.65,4.44,1.0,2.58,6.78,2.97,4.01,93.8,31.7,3,acceptable
4.75,1.97,2.68,4.42,1.03,2.55,6.86,2.98,3.97,93.8,31.7,3,acceptable
4.71,1.97,2.65,4.46,1.0,2.47,6.44,3.0,3.96,93.9,31.7,3,acceptable
4.8,1.97,2.65,4.42,0.99,2.44,6.7,2.97,4.05,93.9,31.7,3,acceptable
4.75,1.97,2.68,4.46,0.99,2.44,7.36,2.97,3.99,93.9,31.7,3,acceptable
4.75,1.98,2.65,4.46,1.0,2.43,6.67,3.0,4.09,93.9,31.7,3,acceptable
4.78,1.97,2.65,4.46,0.99,2.49,7.51,2.97,3.99,93.9,31.7,3,acceptable
4.82,1.97,2.65,4.44,1.01,2.41,6.86,2.98,3.94,94.0,31.7,3,acceptable
4.82,1.98,2.67,4.42,1.01,2.44,6.65,2.95,3.96,93.9,31.7,3,acceptable
4.82,1.98,2.67,4.48,1.02,2.43,7.28,3.03,4.01,93.9,31.7,3,acceptable
4.8,1.94,2.68,4.44,1.02,2.41,6.7,2.98,4.01,93.9,31.7,3,acceptable
4.82,1.96,2.67,4.46,1.01,2.41,7.11,2.98,3.99,93.9,31.7,3,acceptable
4.78,1.96,2.68,4.48,1.0,2.4,7.22,2.93,3.99,93.9,31.7,3,acceptable
4.71,1.94,2.68,4.46,0.99,2.43,6.49,2.89,4.01,93.9,31.7,3,acceptable
4.71,1.97,2.68,4.44,1.0,2.4,6.57,2.89,3.99,94.0,31.7,3,acceptable
4.73,1.97,2.7,4.42,1.01,2.4,7.33,2.89,4.01,93.9,31.7,3,acceptable
4.57,1.98,2.67,4.26,1.02,2.27,7.42,2.73,3.88,93.9,31.6,3,acceptable
4.52,1.97,2.67,4.3,0.99,2.33,6.57,2.76,3.84,93.9,31.7,3,acceptable
4.54,1.98,2.65,4.38,0.99,1.98,6.57,2.79,3.92,93.9,31.6,3,acceptable
4.67,1.94,2.7,4.36,1.02,2.33,7.08,2.82,3.92,94.0,31.7,3,acceptable
4.63,1.98,2.65,4.4,0.99,2.38,7.13,2.84,3.97,94.0,31.7,3,acceptable
4.61,1.94,2.67,4.24,1.0,2.24,7.08,2.7,3.88,94.0,31.7,3,acceptable
4.4,1.97,2.68,4.26,0.99,2.24,7.11,2.68,3.86,94.0,31.6,3,acceptable
4.4,1.97,2.64,4.28,1.02,2.23,7.13,2.65,3.82,93.9,31.6,3,acceptable
4.32,1.96,2.64,4.3,0.99,2.24,7.08,2.65,3.84,94.0,31.7,3,acceptable
4.34,1.94,2.67,4.34,1.01,2.24,6.49,2.63,3.79,94.0,31.6,3,acceptable
4.32,1.92,2.72,4.36,0.99,2.27,7.08,2.65,3.88,93.9,31.6,3,acceptable
4.38,1.96,2.67,4.36,1.01,2.27,6.57,2.7,3.75,94.0,31.6,3,acceptable
4.44,1.96,2.67,4.38,1.01,2.31,6.62,2.7,3.84,93.9,31.6,3,acceptable
4.48,1.92,2.67,4.44,1.0,2.34,7.45,2.71,3.82,93.9,31.6,3,acceptable
4.54,1.96,2.68,4.42,1.02,2.34,7.42,2.77,3.82,93.9,31.6,3,acceptable
4.59,1.97,2.67,4.44,1.01,2.2,7.3,2.81,3.84,93.9,31.6,3,acceptable
4.63,1.94,2.68,4.5,1.0,2.37,7.02,2.82,3.86,94.0,31.6,3,acceptable
4.67,1.97,2.67,4.36,1.02,2.35,7.22,2.84,3.9,94.0,31.6,3,acceptable
4.61,1.96,2.7,4.42,0.99,2.38,7.16,2.82,3.84,94.0,31.6,3,acceptable
4.67,1.98,2.65,4.42,1.02,2.37,6.75,2.85,3.86,93.9,31.6,3,acceptable
4.69,1.96,2.67,4.44,1.02,2.38,7.42,2.82,3.94,94.0,31.6,3,acceptable
4.65,1.94,2.68,4.48,1.0,2.38,6.65,2.9,3.92,94.0,31.6,3,acceptable
4.71,1.93,2.68,4.5,1.0,2.4,6.7,2.85,3.92,94.0,31.6,3,acceptable
4.75,1.97,2.68,4.48,1.02,2.37,7.16,2.89,3.86,94.0,31.6,3,acceptable
4.78,1.98,2.7,4.46,1.02,2.38,7.05,2.87,3.96,94.0,31.6,3,acceptable
4.8,1.94,2.67,4.48,1.01,2.4,6.6,2.89,3.92,94.0,31.5,3,acceptable
4.78,1.98,2.67,4.46,1.02,2.4,6.62,2.89,4.01,94.0,31.5,3,acceptable
4.8,1.94,2.68,4.46,1.02,2.38,7.57,2.92,3.94,94.0,31.5,3,acceptable
4.82,1.97,2.7,4.46,1.02,2.41,6.57,2.93,3.97,94.1,31.5,3,acceptable
4.78,1.93,2.68,4.5,1.0,2.43,7.22,2.92,4.05,94.1,31.6,3,acceptable
4.82,1.97,2.68,4.44,1.02,2.4,6.32,2.93,4.05,94.1,31.5,3,acceptable
4.8,1.94,2.68,4.5,1.0,2.49,6.57,2.93,4.05,94.1,31.5,3,acceptable
4.67,1.94,2.67,4.2,1.02,2.24,6.54,2.68,3.94,94.2,31.6,3,acceptable
4.44,1.93,2.64,4.28,0.99,2.24,7.25,2.63,3.82,94.1,31.5,3,acceptable
4.4,1.93,2.65,4.32,1.01,2.21,6.89,2.62,3.82,94.1,31.5,3,acceptable
4.32,1.93,2.64,4.34,0.99,2.24,6.32,2.59,3.75,94.2,31.5,3,acceptable
4.38,1.93,2.67,4.42,0.99,2.25,6.32,2.6,3.86,94.2,31.5,3,acceptable
4.38,1.89,2.65,4.4,1.02,2.25,6.39,2.62,3.84,94.1,31.5,3,acceptable
4.36,1.93,2.65,4.4,0.99,2.27,6.97,2.63,3.79,94.2,31.5,3,acceptable
4.4,1.92,2.68,4.4,1.02,2.27,7.11,2.67,3.82,94.2,31.5,3,acceptable
4.42,1.9,2.68,4.42,1.02,2.35,6.97,2.68,3.81,94.2,31.5,3,acceptable
4.48,1.89,2.68,4.4,1.01,2.3,6.73,2.71,3.77,94.2,31.5,3,acceptable
4.46,1.92,2.65,4.44,1.01,2.3,7.28,2.7,3.84,94.2,31.5,3,acceptable
4.57,1.89,2.68,4.46,1.0,2.3,6.44,2.74,3.86,94.2,31.5,3,acceptable
4.54,1.89,2.67,4.46,1.0,2.33,6.91,2.71,3.81,94.2,31.5,3,acceptable
4.5,1.93,2.65,4.4,1.0,2.34,6.89,2.71,3.88,94.2,31.5,3,acceptable
4.54,1.9,2.65,4.46,1.0,2.34,6.86,2.71,3.9,94.2,31.5,3,acceptable
4.63,1.89,2.68,4.46,1.02,2.34,6.47,2.76,3.94,94.2,31.5,3,acceptable
4.67,1.89,2.68,4.46,1.03,2.34,6.17,2.79,3.94,94.2,31.5,3,acceptable
4.63,1.89,2.65,4.48,0.99,2.35,6.49,2.79,3.9,94.2,31.5,3,acceptable
4.71,1.89,2.68,4.48,1.02,2.34,7.13,2.76,3.92,94.2,31.5,3,acceptable
4.67,1.93,2.65,4.44,1.01,2.34,6.86,2.79,3.94,94.2,31.5,3,acceptable
4.71,1.89,2.67,4.44,1.02,2.33,6.44,2.81,3.92,94.2,31.5,3,acceptable
4.67,1.92,2.68,4.48,1.0,2.34,7.05,2.77,3.96,94.2,31.4,3,acceptable
4.73,1.94,2.68,4.48,1.02,2.34,6.91,2.81,3.86,94.1,31.4,3,acceptable
4.71,1.89,2.68,4.54,1.0,2.35,6.94,2.81,3.94,94.1,31.4,3,spoiled
4.8,1.96,2.68,4.5,1.02,2.38,6.6,2.87,3.97,94.1,31.4,3,spoiled
4.75,1.89,2.67,4.54,1.0,2.4,7.16,2.89,3.99,94.2,31.4,3,spoiled
4.8,1.89,2.68,4.54,1.0,2.4,6.86,2.92,3.96,94.2,31.4,3,spoiled
4.91,1.96,2.72,4.52,1.02,2.38,6.42,2.87,4.05,94.2,31.4,3,spoiled
4.84,1.9,2.67,4.56,1.0,2.43,6.83,2.87,4.05,94.2,31.4,3,spoiled
4.93,1.96,2.7,4.54,1.02,2.37,6.24,2.9,4.07,94.2,31.4,3,spoiled
4.93,1.96,2.68,4.52,1.02,2.37,6.34,2.92,4.07,94.2,31.4,3,spoiled
4.88,1.93,2.68,4.54,1.0,2.43,6.94,2.92,4.03,94.2,31.4,3,spoiled
4.93,1.94,2.7,4.52,1.02,2.4,6.32,2.95,4.01,94.3,31.4,3,spoiled
4.95,1.96,2.68,4.5,1.01,2.41,6.91,2.97,4.07,94.2,31.4,3,spoiled
4.93,1.96,2.68,4.56,1.0,2.4,6.44,2.97,4.05,94.3,31.4,3,spoiled
4.97,1.97,2.8,4.54,1.17,2.38,6.49,2.95,4.07,94.3,31.4,3,spoiled
4.93,1.96,2.65,4.56,1.0,2.43,6.47,2.93,4.09,94.3,31.4,3,spoiled
4.97,1.98,2.68,4.5,1.01,2.41,6.86,2.98,4.03,94.3,31.4,3,spoiled
4.93,1.97,2.7,4.56,1.0,2.38,6.83,2.95,4.11,94.3,31.4,3,spoiled
4.93,1.96,2.68,4.54,1.0,2.33,6.83,2.89,4.07,94.3,31.4,3,spoiled
4.8,1.94,2.7,4.4,1.01,2.25,6.7,2.74,3.99,94.3,31.4,3,spoiled
4.67,1.94,2.65,4.48,0.99,2.28,6.81,2.63,4.03,94.2,31.3,3,spoiled
4.65,1.97,2.68,4.44,1.02,2.24,7.16,2.68,3.96,94.2,31.3,3,spoiled
4.67,1.94,2.67,4.48,1.01,2.27,6.34,2.63,3.92,94.3,31.4,3,spoiled
4.61,1.98,2.65,4.5,1.0,2.28,6.29,2.65,3.9,94.3,31.4,3,spoiled
4.65,1.97,2.68,4.54,1.0,2.27,7.22,2.67,4.01,94.2,31.3,3,spoiled
4.67,2.0,2.67,4.5,1.02,2.28,6.91,2.7,4.03,94.3,31.3,3,spoiled
4.69,1.98,2.65,4.56,1.0,2.31,7.11,2.73,3.94,94.3,31.4,3,spoiled
4.73,1.97,2.68,4.58,1.0,2.31,6.49,2.71,4.09,94.4,31.4,3,spoiled
4.82,1.98,2.68,4.54,1.02,2.33,6.91,2.77,4.11,94.3,31.3,3,spoiled
4.82,2.0,2.68,4.56,1.02,2.34,6.17,2.81,4.19,94.4,31.3,3,spoiled
4.8,1.98,2.65,4.56,0.99,2.34,7.11,2.77,4.13,94.4,31.3,3,spoiled
4.84,1.98,2.67,4.54,1.02,2.33,6.49,2.82,4.03,94.4,31.3,3,spoiled
4.84,1.98,2.67,4.56,0.99,2.35,6.7,2.81,4.07,94.4,31.3,3,spoiled
4.86,1.97,2.68,4.6,1.0,2.34,6.39,2.82,4.19,94.4,31.3,3,spoiled
4.88,2.01,2.67,4.56,1.01,2.35,7.0,2.84,4.13,94.4,31.3,3,spoiled
4.88,1.98,2.67,4.46,0.99,2.27,6.54,2.7,4.11,94.4,31.3,3,spoiled
4.8,1.97,2.7,4.48,1.02,2.28,6.89,2.73,4.07,94.4,31.3,3,spoiled
4.82,1.98,2.68,4.54,1.0,2.33,6.37,2.76,4.11,94.4,31.3,3,spoiled
4.86,1.98,2.65,4.52,1.01,2.33,6.39,2.81,4.15,94.4,31.3,3,spoiled
4.91,2.0,2.7,4.54,1.01,2.37,6.14,2.82,4.19,94.4,31.3,3,spoiled
4.93,1.98,2.75,4.54,1.17,2.35,7.16,2.87,4.23,94.4,31.3,3,spoiled
4.93,2.0,2.72,4.54,1.02,2.37,6.37,2.93,4.19,94.4,31.3,3,spoiled
4.86,1.98,2.65,4.46,0.99,2.3,6.14,2.73,4.13,94.4,31.3,3,spoiled
4.84,2.01,2.7,4.48,1.02,2.3,6.07,2.71,4.07,94.4,31.3,3,spoiled
4.91,2.0,2.68,4.52,1.02,2.33,6.34,2.77,4.07,94.4,31.3,3,spoiled
4.91,2.29,2.68,4.52,1.02,2.34,6.39,2.73,4.13,94.4,31.3,3,spoiled
4.95,2.0,2.72,4.58,1.0,2.35,6.91,2.93,4.15,94.4,31.3,3,spoiled
4.95,1.97,2.68,4.52,1.02,2.34,6.39,2.93,4.25,94.5,31.3,3,spoiled
4.97,1.97,2.7,4.54,1.02,2.34,6.67,2.95,4.19,94.5,31.3,3,spoiled
4.95,1.98,2.68,4.56,1.0,2.37,6.62,2.98,5.06,94.5,31.3,3,spoiled
4.97,1.97,2.68,4.58,1.0,2.38,7.05,2.97,5.59,94.5,31.3,3,spoiled
4.95,1.97,2.68,4.44,1.02,2.25,6.27,2.7,5.4,94.5,31.3,3,spoiled
4.86,1.97,2.65,4.48,1.0,2.31,6.91,2.73,5.76,94.5,31.3,3,spoiled
4.88,2.0,2.67,4.4,1.0,2.24,6.22,2.67,5.76,94.5,31.3,3,spoiled
4.86,1.97,2.68,4.5,1.02,2.25,6.7,2.73,5.95,94.5,31.3,3,spoiled
4.82,2.01,2.65,4.5,0.99,2.31,6.89,2.74,5.88,94.4,31.3,3,spoiled
4.91,2.0,2.68,4.54,1.01,2.31,6.91,2.82,5.95,94.5,31.3,3,spoiled
4.95,1.97,2.68,4.5,1.01,2.3,6.54,2.84,6.05,94.5,31.3,3,spoiled
4.95,2.01,2.65,4.52,1.02,2.3,6.54,2.82,6.05,94.5,31.3,3,spoiled
4.93,1.97,2.65,4.56,0.99,2.35,6.65,2.85,6.26,94.5,31.2,3,spoiled
4.97,1.98,2.68,4.6,1.0,2.33,7.0,2.9,6.16,94.5,31.3,3,spoiled
5.02,2.01,2.68,4.58,1.04,2.34,7.13,2.9,6.26,94.5,31.2,3,spoiled
4.97,2.0,2.65,4.56,1.0,2.35,6.73,2.85,6.23,94.5,31.2,3,spoiled
4.97,2.0,2.67,4.56,0.99,2.37,6.44,2.85,6.18,94.5,31.2,3,spoiled
4.97,1.98,2.67,4.58,0.99,2.35,6.65,2.84,6.39,94.5,31.2,3,spoiled
4.99,2.0,2.67,4.54,1.01,2.21,6.1,2.73,6.26,94.5,31.2,3,spoiled
4.78,2.01,2.65,4.5,0.98,2.24,6.7,2.59,6.31,94.5,31.2,3,spoiled
4.78,2.03,2.65,4.5,0.99,2.24,7.08,2.62,6.34,94.5,31.3,3,spoiled
4.78,1.98,2.68,4.58,0.99,2.28,6.67,2.63,6.39,94.5,31.2,3,spoiled
4.71,1.98,2.65,4.5,0.99,2.23,6.19,2.56,6.39,94.5,31.2,3,spoiled
4.78,2.0,2.67,4.48,1.02,2.24,6.67,2.67,6.34,94.5,31.2,3,spoiled
4.8,2.01,2.65,4.52,0.99,2.28,6.89,2.67,6.28,94.5,31.2,3,spoiled
4.78,2.01,2.67,4.6,1.01,2.28,6.81,2.68,6.28,94.5,31.2,3,spoiled
4.84,1.97,2.68,4.6,1.01,2.28,6.07,2.74,6.28,94.5,31.2,3,spoiled
4.75,2.0,2.65,4.48,0.99,2.25,6.19,2.6,6.31,94.5,31.2,3,spoiled
4.82,1.98,2.68,4.52,1.01,2.24,6.73,2.68,6.39,94.5,31.2,3,spoiled
4.78,1.97,2.65,4.54,0.98,2.31,6.57,2.67,6.41,94.5,31.2,3,spoiled
4.8,1.98,2.68,4.52,0.91,2.31,6.6,2.7,6.41,94.5,31.2,3,spoiled
4.8,2.01,2.67,4.56,0.99,2.27,5.91,2.67,6.41,94.5,31.2,3,spoiled
4.84,2.01,2.68,4.56,1.0,2.25,6.94,2.71,6.26,94.6,31.2,3,spoiled
4.75,2.32,2.7,4.5,1.01,2.21,6.81,2.57,6.49,94.5,31.2,3,spoiled
4.78,2.32,2.68,4.56,1.0,2.24,6.05,2.62,6.49,94.5,31.2,3,spoiled
4.82,2.35,2.67,4.52,1.02,2.27,6.89,2.67,6.52,94.5,31.2,3,spoiled
4.8,2.32,2.67,4.58,0.99,2.28,6.67,2.67,6.6,94.5,31.2,3,spoiled
4.88,2.33,2.67,4.54,1.02,2.25,6.75,2.73,6.49,94.5,31.2,3,spoiled
4.86,2.36,2.67,4.52,1.01,2.25,6.19,2.74,6.68,94.5,31.2,3,spoiled
4.84,2.35,2.68,4.56,0.99,2.27,6.65,2.73,6.65,94.5,31.2,3,spoiled
4.86,2.39,2.68,4.52,1.01,2.24,6.73,2.67,6.82,94.5,31.2,3,spoiled
4.88,2.41,2.68,4.56,1.01,2.25,6.19,2.71,6.76,94.5,31.2,3,spoiled
4.88,2.45,2.65,4.56,1.01,2.28,6.19,2.74,6.74,94.5,31.2,3,spoiled
4.86,2.48,2.68,4.58,0.98,2.31,6.27,2.76,6.71,94.6,31.2,3,spoiled
4.88,2.51,2.65,4.6,0.99,2.31,6.73,2.79,6.71,94.6,31.2,3,spoiled
4.88,2.51,2.68,4.54,1.0,2.25,6.14,2.71,6.74,94.6,31.2,3,spoiled
4.88,2.59,2.68,4.6,1.02,2.25,7.87,2.74,6.63,94.6,31.2,3,spoiled
4.91,2.6,2.68,4.56,1.02,2.24,6.24,2.71,6.63,94.6,31.2,3,spoiled
4.91,2.56,2.7,4.58,0.99,2.27,6.52,2.67,6.36,94.7,31.2,3,spoiled
4.88,2.59,2.67,4.58,1.0,2.27,6.94,2.71,6.44,94.6,31.2,3,spoiled
4.93,2.65,2.68,4.52,1.01,2.25,6.62,2.76,6.36,94.6,31.2,3,spoiled
4.88,2.59,2.68,4.58,0.99,2.28,6.44,2.76,6.44,94.7,31.2,3,spoiled
4.88,2.63,2.65,4.52,1.01,2.27,6.02,2.65,6.41,94.7,31.2,3,spoiled
4.86,2.6,2.68,4.63,0.99,2.31,6.12,2.71,6.41,94.7,31.2,3,spoiled
4.93,2.6,2.67,4.58,1.01,2.28,6.49,2.76,6.47,94.7,31.2,3,spoiled
4.95,2.62,2.68,4.63,0.99,2.3,6.1,2.76,6.57,94.7,31.2,3,spoiled
4.88,2.71,2.65,4.56,1.0,2.28,6.07,2.76,6.39,94.7,31.2,3,spoiled
4.86,2.73,2.65,4.54,0.99,2.3,6.73,2.71,6.39,94.7,31.2,3,spoiled
4.93,2.73,2.65,4.56,1.01,2.28,6.54,2.74,6.39,94.7,31.2,3,spoiled
4.93,2.68,2.68,4.63,1.0,2.3,6.75,2.79,6.57,94.8,31.3,3,spoiled
4.93,2.7,2.67,4.63,0.99,2.31,6.0,2.81,6.44,94.7,31.2,3,spoiled
4.93,2.71,2.68,4.67,0.99,2.31,6.17,2.84,6.6,94.8,31.3,3,spoiled
4.99,2.71,2.68,4.6,1.02,2.28,6.57,2.81,6.41,94.7,31.2,3,spoiled
5.02,2.73,2.68,4.6,1.01,2.3,5.98,2.81,6.41,94.7,31.2,3,spoiled
5.02,2.68,2.68,4.58,1.02,2.28,6.52,2.84,6.44,94.7,31.3,3,spoiled
4.97,2.68,2.67,4.6,1.01,2.28,5.81,2.85,6.39,94.7,31.2,3,spoiled
5.02,2.7,2.7,4.65,1.0,2.28,6.52,2.84,6.65,94.7,31.2,3,spoiled
5.02,2.73,2.67,4.58,1.02,2.27,6.75,2.79,6.6,94.8,31.3,3,spoiled
4.95,2.7,2.65,4.6,1.0,2.25,6.1,2.68,6.6,94.8,31.3,3,spoiled
4.95,2.74,2.67,4.6,0.99,2.24,5.98,2.59,6.41,94.8,31.3,3,spoiled
4.91,2.73,2.67,4.48,1.02,2.21,6.37,2.6,6.52,94.8,31.2,3,spoiled
4.88,2.71,2.67,4.56,1.01,2.21,6.65,2.6,6.44,94.8,31.3,3,spoiled
4.84,2.7,2.65,4.63,0.99,2.24,6.42,2.57,6.6,94.8,31.3,3,spoiled
4.86,2.76,2.65,4.6,1.0,2.24,6.47,2.63,6.55,94.7,31.2,3,spoiled
4.91,2.73,2.67,4.6,1.01,2.24,6.39,2.65,6.55,94.7,31.2,3,spoiled
4.93,2.71,2.68,4.58,1.0,2.25,6.22,2.68,6.49,94.8,31.2,3,spoiled
4.95,2.76,2.68,4.65,1.0,2.25,5.95,2.68,6.57,94.8,31.3,3,spoiled
4.8,2.76,2.64,4.46,1.01,2.11,5.72,2.45,6.52,94.8,31.3,3,spoiled
4.73,2.76,2.62,4.54,0.98,2.18,6.37,2.57,6.47,94.8,31.3,3,spoiled
4.82,2.76,2.65,4.52,1.01,2.2,6.39,2.54,6.47,94.8,31.3,3,spoiled
4.82,2.74,2.65,4.63,0.99,2.25,6.14,2.6,6.55,94.8,31.3,3,spoiled
4.88,2.74,2.65,4.58,1.01,2.24,6.67,2.65,6.6,94.8,31.3,3,spoiled
4.91,2.78,2.65,4.65,0.99,2.27,5.95,2.73,6.55,94.9,31.3,3,spoiled
4.95,2.78,2.67,4.6,1.01,2.27,6.52,2.77,6.6,94.8,31.2,3,spoiled
4.97,2.82,2.68,4.65,1.0,2.27,5.93,2.77,6.57,94.9,31.3,3,spoiled
4.93,2.76,2.65,4.52,1.01,2.25,6.32,2.79,6.6,95.0,31.3,3,spoiled
4.95,2.79,2.67,4.6,0.99,2.28,6.44,2.81,6.52,95.0,31.3,3,spoiled
4.95,2.81,2.65,4.58,0.99,2.27,6.67,2.76,6.57,95.0,31.3,3,spoiled
4.93,2.76,2.65,4.52,1.01,2.25,6.44,2.79,6.52,95.0,31.3,3,spoiled
4.88,2.82,2.64,4.48,0.99,2.23,5.86,2.57,6.52,95.0,31.3,3,spoiled
4.86,2.82,2.68,4.52,1.0,2.2,5.91,2.57,6.52,95.0,31.3,3,spoiled
4.91,2.81,2.67,4.56,1.02,2.21,5.79,2.59,6.52,95.0,31.3,3,spoiled
4.88,2.81,2.67,4.6,1.02,2.2,6.49,2.62,6.49,95.0,31.3,3,spoiled
4.91,2.78,2.65,4.67,0.98,2.25,5.7,2.65,6.47,95.0,31.3,3,spoiled
4.93,2.79,2.67,4.63,1.0,2.33,5.88,2.63,6.47,95.1,31.3,3,spoiled
4.88,2.81,2.65,4.67,0.99,2.27,5.95,2.7,6.47,95.1,31.3,3,spoiled
4.91,2.79,2.65,4.63,1.01,2.25,6.22,2.74,6.49,95.1,31.3,3,spoiled
4.93,2.81,2.64,4.63,1.01,2.27,6.65,2.74,6.49,95.1,31.3,3,spoiled
4.91,2.74,2.67,4.6,1.01,2.18,6.05,2.57,6.49,95.1,31.3,3,spoiled
4.69,2.87,2.64,4.56,0.98,2.16,5.72,2.41,6.47,95.2,31.4,3,spoiled
4.75,2.91,2.64,4.63,0.98,2.17,5.74,2.47,6.39,95.1,31.3,3,spoiled
4.8,3.05,2.61,4.63,1.0,2.18,6.14,2.53,6.47,95.2,31.4,3,spoiled
4.82,3.09,2.61,4.67,1.01,2.21,6.14,2.59,6.47,95.2,31.4,3,spoiled
4.88,3.15,2.64,4.71,1.01,2.23,6.32,2.62,6.49,95.2,31.4,3,spoiled
4.88,3.17,2.62,4.69,0.99,2.21,6.24,2.6,6.44,95.2,31.4,3,spoiled
4.86,3.22,2.64,4.65,1.01,2.18,6.27,2.57,6.41,95.2,31.4,3,spoiled
4.82,3.1,2.62,4.69,0.98,2.24,5.74,2.6,6.49,95.2,31.4,3,spoiled
4.86,3.14,2.62,4.75,0.97,2.24,5.86,2.67,6.47,95.3,31.4,3,spoiled
4.86,3.24,2.59,4.71,0.98,2.24,5.86,2.73,6.47,95.3,31.4,3,spoiled
4.93,3.29,2.59,4.73,1.01,2.24,5.81,2.68,6.47,95.3,31.4,3,spoiled
4.95,3.05,2.61,4.73,1.01,2.23,5.72,2.68,6.52,95.3,31.4,3,spoiled
4.88,3.31,2.59,4.75,0.97,2.25,5.52,2.63,6.52,95.3,31.5,3,spoiled
4.91,3.24,2.59,4.79,0.98,2.25,5.81,2.67,6.44,95.4,31.5,3,spoiled
4.91,3.36,2.59,4.73,0.98,2.24,6.44,2.7,6.55,95.4,31.5,3,spoiled
4.82,3.32,2.61,4.75,0.98,2.2,6.19,2.5,6.6,95.4,31.5,3,spoiled
4.82,3.39,2.59,4.73,0.99,2.2,5.63,2.6,6.57,95.5,31.5,3,spoiled
4.78,3.43,2.59,4.69,0.99,2.18,6.27,2.51,6.49,95.5,31.5,3,spoiled
4.8,3.38,2.62,4.75,1.0,2.18,5.95,2.59,6.52,95.4,31.5,3,spoiled
4.8,3.39,2.61,4.75,0.98,2.18,5.47,2.51,6.57,95.5,31.6,3,spoiled
4.8,3.36,2.61,4.79,0.97,2.23,6.37,2.56,6.57,95.5,31.6,3,spoiled
4.88,3.38,2.61,4.73,1.01,2.18,5.72,2.59,6.6,95.5,31.5,3,spoiled
4.88,3.46,2.62,4.73,0.98,2.18,5.58,2.57,6.85,95.5,31.6,3,spoiled
4.84,3.41,2.61,4.69,1.01,2.14,5.68,2.5,6.6,95.5,31.5,3,spoiled
4.78,3.45,2.59,4.67,1.01,2.14,6.39,2.5,6.6,95.5,31.6,3,spoiled
4.86,3.45,2.62,4.71,1.0,2.17,5.81,2.42,6.6,95.5,31.6,3,spoiled
4.91,3.38,2.62,4.71,1.0,2.18,6.19,2.67,6.57,95.5,31.6,3,spoiled
4.86,3.41,2.59,4.71,1.01,2.16,5.63,2.59,6.57,95.5,31.6,3,spoiled
4.84,3.46,2.62,4.75,0.98,2.2,6.12,2.56,6.6,95.5,31.6,3,spoiled
4.88,3.41,2.62,4.73,1.01,2.18,6.02,2.65,6.57,95.5,31.6,3,spoiled
4.86,3.5,2.62,4.77,0.97,2.24,6.37,2.68,6.57,95.5,31.6,3,spoiled
4.93,3.5,2.62,4.79,0.98,2.23,5.95,2.73,6.57,95.5,31.6,3,spoiled
4.95,3.46,2.64,4.75,1.01,2.23,5.47,2.77,6.57,95.6,31.7,3,spoiled
4.8,3.48,2.59,4.3,1.03,2.11,6.02,2.45,6.52,95.6,31.6,3,spoiled
4.71,3.45,2.58,4.6,0.99,2.13,6.05,2.45,6.55,95.6,31.7,3,spoiled
4.73,3.5,2.59,4.71,0.99,2.16,6.1,2.54,6.49,95.6,31.7,3,spoiled
4.82,3.54,2.62,4.71,0.97,2.17,5.58,2.53,6.52,95.7,31.7,3,spoiled
4.8,3.54,2.62,4.71,0.98,2.2,5.93,2.57,6.55,95.7,31.7,3,spoiled
4.84,3.48,2.62,4.71,1.0,2.14,6.02,2.54,6.52,95.7,31.7,3,spoiled
4.88,3.54,2.61,4.69,1.0,2.18,5.43,2.59,6.57,95.7,31.7,3,spoiled
4.86,3.52,2.61,4.69,1.01,2.18,6.02,2.63,6.57,95.7,31.7,3,spoiled
4.91,3.59,2.62,4.71,0.98,2.2,6.29,2.68,6.52,95.7,31.7,3,spoiled
4.84,3.59,2.61,4.69,0.97,2.21,6.34,2.68,6.6,95.7,31.7,3,spoiled
4.86,3.63,2.61,4.71,0.99,2.21,5.54,2.71,6.57,95.8,31.8,3,spoiled
4.82,3.61,2.72,5.21,0.97,2.23,5.56,2.68,6.57,96.0,31.8,3,spoiled
4.88,3.57,2.62,4.79,0.97,2.21,6.12,2.73,6.55,95.8,31.7,3,spoiled
4.91,3.55,2.62,4.75,0.99,2.2,5.68,2.73,6.6,95.9,31.8,3,spoiled
4.86,3.59,2.59,4.73,0.99,2.16,5.54,2.62,6.55,95.9,31.8,3,spoiled
4.93,3.64,2.62,4.71,1.0,2.14,6.0,2.6,6.55,95.9,31.8,3,spoiled
4.86,3.29,2.59,4.73,0.98,2.17,6.07,2.6,6.55,95.9,31.8,3,spoiled
4.95,3.7,2.61,4.73,1.0,2.16,5.98,2.6,6.6,95.9,31.8,3,spoiled
4.88,3.7,2.61,4.71,1.01,2.17,6.24,2.68,6.63,95.9,31.8,3,spoiled
4.93,3.73,2.62,4.75,0.99,2.18,6.19,2.68,6.63,95.9,31.8,3,spoiled
4.95,3.64,2.64,4.75,0.98,2.18,6.1,2.67,6.63,96.0,31.9,3,spoiled
4.95,3.52,2.62,4.75,1.0,2.17,5.81,2.68,6.65,95.9,31.9,3,spoiled
4.95,3.55,2.62,4.73,0.99,2.18,5.5,2.63,6.68,95.9,31.9,3,spoiled
4.91,3.5,2.62,4.73,1.01,2.17,6.07,2.62,6.65,95.9,31.8,3,spoiled
4.91,3.46,2.61,4.71,1.01,2.16,6.0,2.65,6.65,95.9,31.8,3,spoiled
4.93,3.54,2.62,4.77,0.98,2.2,5.54,2.63,6.57,96.0,31.9,3,spoiled
4.88,3.54,2.61,4.77,0.99,2.2,5.43,2.73,6.6,96.0,31.9,3,spoiled
4.88,3.59,2.59,4.77,0.99,2.21,5.61,2.67,7.24,96.0,31.9,3,spoiled
4.88,3.52,2.61,4.77,1.01,2.18,6.32,2.65,6.65,96.1,31.9,3,spoiled
4.93,3.66,2.62,4.77,1.01,2.18,6.12,2.65,6.63,96.2,32.0,3,spoiled
4.95,3.66,2.62,4.77,1.01,2.18,5.98,2.67,6.6,96.2,32.0,3,spoiled
4.88,3.68,2.62,4.84,0.97,2.23,6.07,2.67,6.68,96.2,32.0,3,spoiled
4.88,3.55,2.61,4.79,0.99,2.17,5.84,2.67,6.68,96.2,32.0,3,spoiled
4.93,3.57,2.64,4.79,1.01,2.18,5.86,2.68,6.68,96.2,32.0,3,spoiled
4.8,3.64,2.59,4.73,1.01,2.1,5.91,2.41,6.6,96.2,32.0,3,spoiled
4.82,3.57,2.61,4.77,1.0,2.13,5.63,2.45,6.6,96.2,32.0,3,spoiled
4.86,3.54,2.62,4.79,1.0,2.13,6.19,2.51,6.68,96.2,32.0,3,spoiled
4.82,3.57,2.59,4.77,1.02,2.13,6.32,2.56,6.68,96.2,32.0,3,spoiled
4.91,3.39,2.65,4.81,0.99,2.17,5.72,2.6,6.87,96.2,32.0,3,spoiled
4.93,3.52,2.64,4.81,1.0,2.14,5.88,2.62,6.74,96.2,32.0,3,spoiled
4.88,3.57,2.64,4.84,0.97,2.2,5.58,2.65,6.65,96.3,32.1,3,spoiled
4.93,3.55,2.64,4.79,0.98,2.16,6.22,2.63,6.71,96.2,32.1,3,spoiled
4.91,3.55,2.62,4.73,1.0,2.14,5.68,2.62,6.74,96.4,32.1,3,spoiled
4.86,3.61,2.62,4.79,0.97,2.16,5.58,2.67,6.68,96.4,32.0,3,spoiled
4.95,3.61,2.61,4.77,1.0,2.14,6.0,2.65,6.68,96.4,32.1,3,spoiled
4.86,3.59,2.62,4.71,0.99,2.06,5.91,2.39,6.63,96.5,32.1,3,spoiled
4.78,3.52,2.61,4.69,1.0,2.09,6.24,2.45,6.65,96.5,32.1,3,spoiled
4.82,3.54,2.62,4.75,0.97,2.14,6.05,2.53,6.6,96.7,32.1,3,spoiled
4.82,3.55,2.61,4.73,0.99,2.16,6.17,2.56,6.68,96.8,32.1,3,spoiled
4.91,3.34,2.62,4.84,0.98,2.17,5.7,2.6,6.87,96.9,32.1,3,spoiled
4.86,3.52,2.61,4.81,1.01,2.14,6.0,2.62,6.65,96.9,32.1,3,spoiled
4.95,3.57,2.62,4.84,0.99,2.2,5.52,2.67,6.57,97.0,32.2,3,spoiled
4.97,3.55,2.64,4.88,0.98,2.21,5.74,2.73,6.6,97.0,32.2,3,spoiled
4.97,3.55,2.64,4.88,0.99,2.21,5.61,2.77,6.6,97.0,32.2,3,spoiled
4.93,3.52,2.61,4.88,0.99,2.18,5.47,2.76,6.68,97.0,32.2,3,spoiled
5.02,3.5,2.62,4.86,1.0,2.18,5.58,2.74,6.65,97.1,32.2,3,spoiled
4.99,3.52,2.61,4.86,1.01,2.17,5.86,2.81,6.65,97.1,32.2,3,spoiled
5.02,3.5,2.64,4.81,0.99,2.16,6.0,2.74,6.63,97.2,32.2,3,spoiled
4.97,3.52,2.61,4.81,1.01,2.17,5.79,2.71,6.65,97.2,32.3,3,spoiled
4.97,3.52,2.61,4.84,0.99,2.17,5.91,2.71,6.68,97.2,32.2,3,spoiled
4.97,3.79,2.62,4.86,0.98,2.18,5.88,2.68,6.93,97.3,32.3,3,spoiled
4.95,3.5,2.61,4.86,0.98,2.16,5.93,2.68,6.74,97.3,32.3,3,spoiled
4.95,3.54,2.61,4.81,1.01,2.16,5.68,2.62,6.71,97.2,32.3,3,spoiled
4.91,3.55,2.61,4.86,1.01,2.17,6.34,2.68,6.71,97.3,32.3,3,spoiled
4.91,3.52,2.62,4.86,1.0,2.14,5.84,2.57,6.79,97.3,32.3,3,spoiled
4.91,3.57,2.62,4.88,0.97,2.17,6.32,2.51,6.71,97.3,32.3,3,spoiled
4.88,3.54,2.61,4.86,0.99,2.16,5.84,2.57,6.76,97.3,32.3,3,spoiled
4.95,3.55,2.62,4.9,1.0,2.16,6.22,2.6,6.74,97.2,32.3,3,spoiled
4.88,3.57,2.62,4.92,0.98,2.16,5.95,2.62,6.74,97.2,32.3,3,spoiled
4.95,3.55,2.61,4.88,0.99,2.17,5.39,2.6,6.71,97.2,32.3,3,spoiled
4.91,3.59,2.61,4.86,1.01,2.16,5.54,2.65,6.74,97.2,32.3,3,spoiled
4.93,3.54,2.62,4.81,1.01,2.11,5.65,2.62,6.74,97.2,32.3,3,spoiled
4.91,3.55,2.61,4.84,1.01,2.13,5.34,2.63,6.74,97.2,32.4,3,spoiled
4.97,3.52,2.64,4.84,1.01,2.11,5.54,2.62,6.65,97.2,32.3,3,spoiled
4.91,3.52,2.61,4.84,1.01,2.11,5.93,2.62,6.68,97.2,32.4,3,spoiled
4.91,3.55,2.61,4.88,1.01,2.13,5.79,2.6,6.74,97.2,32.4,3,spoiled
4.91,3.52,2.61,4.88,1.01,2.14,5.52,2.65,6.68,97.2,32.4,3,spoiled
4.91,3.55,2.61,4.88,0.99,2.16,5.79,2.67,6.74,97.2,32.4,3,spoiled
4.93,3.54,2.62,4.9,0.97,2.17,5.7,2.65,6.71,97.2,32.4,3,spoiled
4.93,3.59,2.62,4.9,0.98,2.17,6.17,2.62,6.71,97.2,32.4,3,spoiled
4.93,3.52,2.61,4.86,0.99,2.13,5.98,2.65,6.71,97.2,32.4,3,spoiled
4.91,3.57,2.62,4.92,0.97,2.17,5.54,2.6,6.65,97.2,32.4,3,spoiled
4.93,3.55,2.64,4.94,0.97,2.17,5.98,2.62,6.63,97.2,32.4,3,spoiled
4.88,3.55,2.62,4.92,0.97,2.16,5.86,2.6,6.71,97.2,32.4,3,spoiled
4.91,3.55,2.62,4.94,0.98,2.17,6.24,2.67,6.68,97.2,32.4,3,spoiled
4.93,3.55,2.64,4.99,0.98,2.17,5.91,2.63,6.65,97.2,32.4,3,spoiled
4.93,3.55,2.61,4.92,1.01,2.14,6.1,2.65,6.76,97.2,32.4,3,spoiled
4.93,3.59,2.61,4.94,0.99,2.2,5.93,2.67,6.68,97.2,32.4,3,spoiled
4.97,3.61,2.64,4.96,1.0,2.17,6.02,2.63,6.76,97.2,32.5,3,spoiled
4.91,3.57,2.62,4.9,1.01,2.16,5.93,2.62,6.71,97.3,32.5,3,spoiled
4.88,3.61,2.61,4.92,0.97,2.18,5.79,2.73,6.71,97.2,32.5,3,spoiled
4.95,3.57,2.64,4.94,1.0,2.17,5.81,2.62,6.76,97.3,32.5,3,spoiled
4.95,3.59,2.64,4.9,1.01,2.16,6.02,2.59,6.76,97.3,32.5,3,spoiled
4.88,3.66,2.62,4.99,0.97,2.17,6.24,2.57,6.71,97.4,32.5,3,spoiled
4.88,3.63,2.61,4.94,1.01,2.14,5.65,2.62,6.76,97.3,32.5,3,spoiled
4.88,3.63,2.61,4.94,1.01,2.16,5.65,2.59,6.79,97.3,32.5,3,spoiled
4.93,3.59,2.62,4.96,1.01,2.16,5.61,2.65,6.79,97.3,32.5,3,spoiled
4.91,3.59,2.62,4.94,1.01,2.16,6.29,2.67,6.76,97.2,32.5,3,spoiled
4.97,3.24,2.64,5.01,1.01,2.17,6.0,2.68,6.71,97.3,32.5,3,spoiled
4.97,3.64,2.64,5.01,0.98,2.2,6.62,2.67,6.79,97.3,32.6,3,spoiled
4.84,3.63,2.61,4.86,1.01,2.06,6.47,2.36,6.76,97.3,32.5,3,spoiled
4.71,5.91,2.54,4.94,0.98,2.07,6.17,2.41,6.65,97.3,32.6,3,spoiled
4.78,6.53,2.58,5.03,0.96,2.1,5.91,2.44,6.74,97.4,32.6,3,spoiled
4.73,8.8,2.53,4.99,0.98,2.07,5.79,2.42,6.65,97.4,32.6,3,spoiled
4.8,9.26,2.68,5.05,1.0,2.09,6.02,2.48,6.65,97.3,32.6,3,spoiled
4.8,9.26,2.58,5.1,0.96,2.14,6.0,2.5,6.68,97.3,32.6,3,spoiled
4.8,9.19,2.58,5.05,0.96,2.1,6.37,2.51,6.71,97.3,32.6,3,spoiled
4.78,9.09,2.56,4.92,0.99,2.06,6.57,2.48,6.68,97.3,32.6,3,spoiled
4.75,9.09,2.58,4.9,0.97,2.04,6.57,2.44,6.74,97.3,32.6,3,spoiled
4.82,9.05,2.56,4.92,0.99,2.02,6.47,2.44,6.74,97.3,32.6,3,spoiled
4.84,9.01,2.56,4.92,0.98,2.03,5.86,2.42,6.68,97.3,32.7,3,spoiled
4.82,9.16,2.56,5.01,0.96,2.06,5.88,2.41,6.71,97.3,32.7,3,spoiled
4.8,9.09,2.56,4.99,0.95,2.07,5.93,2.42,6.65,97.3,32.6,3,spoiled
4.82,9.16,2.59,4.99,0.95,2.03,5.86,2.44,6.71,97.3,32.7,3,spoiled
4.75,9.23,2.54,4.92,1.0,1.96,6.24,2.28,6.68,97.2,32.7,3,spoiled
4.67,9.34,2.56,4.96,0.97,2.02,5.84,2.23,6.63,97.2,32.7,3,spoiled
4.65,9.48,2.54,4.99,0.95,2.04,6.27,2.31,6.63,97.3,32.7,3,spoiled
4.69,9.6,2.56,5.03,0.95,2.09,5.95,2.32,6.68,97.4,32.7,3,spoiled
4.71,9.79,2.53,5.03,0.95,2.1,5.79,2.39,6.63,97.4,32.7,3,spoiled
4.8,9.9,2.54,5.03,0.95,2.11,6.14,2.44,6.6,97.4,32.7,3,spoiled
4.8,9.86,2.53,4.94,0.97,2.11,5.95,2.53,6.63,97.4,32.7,3,spoiled
4.84,10.75,2.56,5.03,1.01,2.13,5.86,2.25,6.9,97.4,32.8,3,spoiled
4.84,10.06,2.58,5.1,0.96,2.14,6.34,2.63,6.6,97.4,32.8,3,spoiled
4.78,10.26,2.58,4.71,0.98,2.14,5.93,2.51,6.6,97.5,32.8,3,spoiled
4.8,10.42,2.56,5.03,1.01,2.13,6.02,2.51,6.63,97.5,32.8,3,spoiled
4.78,10.34,2.54,5.03,0.97,2.16,6.6,2.5,6.63,97.5,32.8,3,spoiled
4.8,10.5,2.58,5.05,0.96,2.16,5.98,2.48,6.63,97.5,32.8,3,spoiled
4.84,10.46,2.91,5.07,0.98,2.13,6.47,2.47,6.71,97.6,32.9,3,spoiled
4.91,10.58,2.58,5.1,0.98,2.14,6.42,2.48,6.65,97.6,32.9,3,spoiled
4.86,10.79,2.58,5.01,0.95,2.14,6.0,2.51,6.71,97.5,32.8,3,spoiled
4.93,10.83,2.59,5.21,0.96,2.16,6.17,2.6,6.68,97.6,32.9,3,spoiled
4.91,10.75,2.58,5.07,0.99,2.13,6.29,2.6,6.71,97.6,32.9,3,spoiled
4.88,10.92,2.58,5.19,0.99,2.2,6.44,2.73,6.79,97.7,32.9,3,spoiled
4.93,10.83,2.59,5.23,0.96,2.21,6.44,2.76,6.79,97.8,32.9,3,spoiled
4.95,11.05,2.59,5.21,0.96,2.17,6.89,2.73,6.79,97.9,32.9,3,spoiled
4.95,11.05,2.59,4.75,0.97,2.17,6.39,2.73,6.82,97.8,32.9,3,spoiled
4.91,10.96,2.56,5.12,0.99,2.16,6.47,2.7,6.87,97.9,33.0,3,spoiled
4.93,11.05,2.58,5.19,0.99,2.17,6.44,2.62,6.85,97.9,33.0,3,spoiled
4.95,12.29,2.61,5.23,0.96,2.16,6.14,2.59,6.71,97.9,33.0,3,spoiled
4.99,11.14,2.61,5.16,0.97,2.17,6.29,2.62,6.79,97.8,33.0,3,spoiled
4.99,11.09,2.59,5.28,1.02,2.18,6.97,2.81,6.87,97.7,33.0,3,spoiled
5.04,11.22,2.56,5.3,0.99,2.2,7.25,2.74,6.96,97.7,33.0,3,spoiled
5.04,11.18,2.59,5.12,1.01,2.18,6.67,2.63,6.93,97.9,33.1,3,spoiled
4.95,11.05,2.59,5.28,0.98,2.21,6.94,2.67,6.87,97.9,33.1,3,spoiled
4.69,11.14,2.72,5.3,1.0,2.14,7.25,2.65,6.93,97.9,33.1,3,spoiled
4.95,11.18,2.59,5.1,0.98,2.17,7.19,2.62,6.85,97.9,33.1,3,spoiled
4.88,11.22,2.58,5.05,0.98,2.14,6.44,2.6,6.79,97.8,33.1,3,spoiled
4.95,11.18,2.61,5.16,0.96,2.14,6.73,2.57,6.85,97.8,33.2,3,spoiled
4.91,11.27,2.59,5.1,0.95,2.14,6.34,2.6,6.76,97.7,33.1,3,spoiled
4.88,11.22,2.58,5.19,0.96,2.14,6.81,2.57,6.74,97.6,33.2,3,spoiled
4.88,11.18,2.58,5.03,0.98,2.1,7.02,2.54,6.74,97.6,33.2,3,spoiled
4.97,11.22,2.59,5.19,0.98,2.14,6.89,2.48,6.79,97.6,33.2,3,spoiled
4.97,11.09,2.56,5.16,0.98,2.11,6.81,2.48,6.79,97.6,33.2,3,spoiled
4.97,11.22,2.58,5.07,0.98,2.07,6.37,2.51,6.82,97.6,33.2,3,spoiled
4.99,11.22,2.58,5.16,0.96,2.11,6.52,2.5,6.74,97.5,33.2,3,spoiled
4.97,11.9,2.54,5.19,0.99,2.07,6.52,2.54,7.07,97.5,33.3,3,spoiled
4.99,11.14,2.54,5.05,0.98,2.1,6.47,2.53,6.79,97.5,33.3,3,spoiled
4.99,11.22,2.59,5.14,0.96,2.11,6.94,2.5,6.79,97.5,33.3,3,spoiled
4.93,11.27,2.53,5.21,0.99,2.14,7.3,2.73,6.85,97.4,33.3,3,spoiled
4.93,11.18,2.59,5.23,0.96,2.16,6.78,2.59,6.85,97.5,33.3,3,spoiled
4.99,11.27,2.58,5.21,1.01,2.16,7.39,2.71,6.93,97.6,33.3,3,spoiled
5.02,11.14,2.58,5.25,1.01,2.17,7.45,2.76,6.99,97.6,33.3,3,spoiled
4.97,11.31,2.58,5.32,0.99,2.2,7.42,2.59,6.96,97.7,33.4,3,spoiled
4.93,11.31,2.58,5.21,0.97,2.16,7.48,2.53,6.99,97.7,33.4,3,spoiled
4.97,11.22,2.61,5.28,0.97,2.16,7.25,2.51,6.9,97.8,33.4,3,spoiled
4.95,11.22,2.59,5.05,0.98,2.1,6.78,2.44,6.9,97.5,33.4,3,spoiled
4.88,11.22,2.54,4.81,0.98,2.07,7.08,2.45,6.74,97.4,33.4,3,spoiled
4.91,11.36,2.56,5.16,0.96,2.1,7.05,2.45,6.76,97.4,33.4,3,spoiled
4.88,11.36,2.58,5.16,0.95,2.1,6.7,2.45,6.79,97.4,33.4,3,spoiled
4.93,11.22,2.56,5.16,0.97,2.1,6.44,2.51,6.71,97.4,33.4,3,spoiled
4.91,11.31,2.54,5.14,0.95,2.1,7.19,2.56,6.74,97.4,33.5,3,spoiled
4.95,11.18,2.56,5.07,0.98,2.06,7.05,2.5,6.79,97.3,33.5,3,spoiled
4.73,11.22,2.65,5.07,0.96,2.09,7.16,2.51,6.82,97.3,33.4,3,spoiled
4.86,11.27,2.53,5.05,0.95,2.09,6.83,2.5,6.82,97.2,33.4,3,spoiled
4.91,11.14,2.54,5.07,0.98,2.06,6.52,2.5,6.82,97.2,33.5,3,spoiled
4.97,11.27,2.58,5.1,0.96,2.09,6.42,2.47,6.82,97.2,33.5,3,spoiled
4.93,11.31,2.58,5.1,1.0,2.06,6.47,2.56,6.79,97.1,33.5,3,spoiled
4.91,11.27,2.53,5.12,1.0,2.07,6.81,2.54,6.74,97.1,33.4,3,spoiled
4.88,11.22,2.54,5.14,0.97,2.14,7.13,2.73,6.85,97.2,33.5,3,spoiled
4.99,11.09,2.58,5.23,1.0,2.14,7.11,2.74,6.9,97.3,33.5,3,spoiled
4.97,11.27,2.56,5.19,0.99,2.13,7.02,2.65,6.87,97.5,33.6,3,spoiled
4.99,11.14,2.58,5.16,0.98,2.13,7.05,2.67,6.82,97.8,33.6,3,spoiled
4.97,11.27,2.56,5.21,0.98,2.14,7.42,2.67,6.82,97.6,33.6,3,spoiled
5.04,11.31,2.58,5.23,0.96,2.13,7.57,2.62,6.93,97.7,33.6,3,spoiled
4.97,11.27,2.56,5.21,0.96,2.11,7.0,2.65,6.93,97.6,33.6,3,spoiled
5.08,11.09,2.56,5.12,0.98,2.07,6.52,2.67,6.9,97.5,33.6,3,spoiled
5.04,11.22,2.54,5.14,0.97,2.09,6.73,2.68,6.87,97.5,33.6,3,spoiled
5.04,11.18,2.56,5.14,0.98,2.07,6.7,2.62,6.96,97.5,33.6,3,spoiled
5.02,11.27,2.58,5.16,0.95,2.07,7.22,2.62,6.96,97.4,33.6,3,spoiled
5.02,11.27,2.56,5.16,0.97,2.1,6.75,2.65,6.9,97.3,33.6,3,spoiled
5.04,11.14,2.56,5.16,0.98,2.09,6.75,2.63,6.9,97.4,33.7,3,spoiled
5.04,11.18,2.58,5.16,0.96,2.09,7.33,2.56,6.9,97.3,33.7,3,spoiled
5.04,11.18,2.56,5.19,0.98,2.1,7.25,2.51,6.87,97.4,33.7,3,spoiled
4.99,11.14,2.54,5.14,0.98,2.07,7.45,2.53,6.82,97.3,33.7,3,spoiled
5.04,11.27,2.54,5.14,0.99,2.07,6.6,2.51,6.76,97.3,33.7,3,spoiled
4.99,11.31,2.54,5.14,0.97,2.07,6.52,2.54,6.79,97.3,33.8,3,spoiled
5.02,11.22,2.56,5.16,0.97,2.1,6.94,2.53,6.82,97.3,33.8,3,spoiled
5.02,11.14,2.56,5.12,0.96,2.09,6.67,2.53,6.65,97.3,33.8,3,spoiled
5.02,11.18,2.56,5.14,0.96,2.09,6.47,2.51,6.74,97.3,33.8,3,spoiled
4.93,11.36,2.56,5.14,0.95,2.09,6.62,2.42,6.76,97.3,33.8,3,spoiled
4.97,11.22,2.56,5.1,0.96,2.07,6.19,2.45,6.68,97.2,33.8,3,spoiled
4.93,11.31,2.54,5.07,0.96,2.06,6.17,2.45,6.71,97.2,33.8,3,spoiled
4.88,11.27,2.53,5.05,0.97,2.04,6.37,2.44,6.71,97.2,33.8,3,spoiled
4.91,11.49,2.56,5.1,0.95,2.09,6.49,2.42,6.68,97.2,33.8,3,spoiled
4.88,11.36,2.56,5.07,0.96,2.04,6.81,2.38,6.65,97.5,33.8,3,spoiled
4.91,12.94,2.54,4.94,0.96,2.18,6.24,2.35,6.71,97.3,33.8,3,spoiled
4.88,13.09,2.56,5.03,0.96,1.98,7.3,2.39,6.65,97.3,33.8,3,spoiled
4.84,13.2,2.54,5.05,0.95,2.04,6.81,2.39,6.63,97.3,33.9,3,spoiled
4.84,13.25,2.53,5.05,0.92,2.04,6.17,2.42,6.63,97.4,33.8,3,spoiled
4.86,13.04,2.54,5.03,0.97,2.02,6.24,2.45,6.63,97.6,33.9,3,spoiled
4.91,13.09,2.56,5.05,0.98,2.04,6.81,2.57,6.6,97.4,33.9,3,spoiled
4.91,13.25,2.56,5.1,0.98,2.07,7.13,2.47,6.71,97.5,33.9,3,spoiled
4.86,13.09,2.53,5.07,0.97,2.07,6.57,2.48,6.74,97.5,33.9,3,spoiled
4.88,13.04,2.53,5.1,0.95,2.06,6.83,2.47,6.71,97.6,33.9,3,spoiled
4.95,13.09,2.56,5.1,0.96,2.04,7.02,2.45,6.76,97.6,34.0,3,spoiled
4.86,12.94,2.53,5.07,0.97,2.07,7.02,2.45,6.63,97.6,33.9,3,spoiled
4.93,13.2,2.56,5.07,0.98,2.06,7.39,2.71,6.74,97.6,34.0,3,spoiled
4.88,13.2,2.54,5.12,0.96,2.09,6.37,2.5,6.68,97.6,34.0,3,spoiled
4.88,12.99,2.53,5.07,0.95,2.1,6.54,2.48,6.63,97.6,34.0,3,spoiled
4.86,13.14,2.53,5.21,0.99,2.13,7.0,2.67,6.65,97.6,34.0,3,spoiled
4.88,13.2,2.56,5.23,0.96,2.16,6.91,2.57,6.68,97.8,34.0,3,spoiled
4.97,13.52,2.54,5.12,0.97,2.07,7.28,2.5,6.76,97.9,34.0,3,spoiled
4.95,13.79,2.58,5.16,0.96,2.09,6.89,2.47,6.87,97.9,34.0,3,spoiled
4.86,13.9,2.56,5.1,0.97,2.09,7.05,2.48,6.87,97.9,34.1,3,spoiled
4.93,13.68,2.54,5.12,0.98,2.06,7.13,2.48,6.76,97.9,34.1,3,spoiled
4.84,13.14,2.54,5.1,0.99,2.03,6.57,2.38,6.76,97.7,34.1,3,spoiled
4.82,13.36,2.53,5.12,0.97,2.09,7.3,2.42,6.71,97.8,34.1,3,spoiled
4.88,13.04,2.54,5.12,0.98,2.06,6.65,2.45,6.74,97.7,34.1,3,spoiled
4.91,13.2,2.56,5.19,0.95,2.1,6.89,2.45,6.63,97.8,34.2,3,spoiled
4.93,13.2,2.53,5.14,0.95,2.1,6.6,2.47,6.68,97.8,34.2,3,spoiled
4.88,12.99,2.53,5.16,0.95,2.11,6.81,2.48,6.71,97.7,34.2,3,spoiled
4.88,13.09,2.53,5.16,0.97,2.1,6.81,2.47,6.71,97.7,34.2,3,spoiled
4.95,12.53,2.56,5.16,0.98,2.1,6.75,2.59,7.04,97.5,34.2,3,spoiled
4.95,13.09,2.58,5.37,1.02,2.18,7.39,3.0,6.79,97.5,34.2,3,spoiled
5.02,13.04,2.56,5.28,0.98,2.17,6.94,2.68,6.82,97.6,34.2,3,spoiled
5.02,12.89,2.56,5.21,0.98,2.16,7.02,2.65,6.82,97.7,34.2,3,spoiled
4.99,13.04,2.58,5.25,0.96,2.17,6.94,2.67,6.79,97.7,34.3,3,spoiled
4.97,13.14,2.58,5.25,0.95,2.16,7.65,2.62,6.85,97.6,34.3,3,spoiled
4.97,12.94,2.56,5.25,0.95,2.13,7.16,2.6,6.82,97.6,34.3,3,spoiled
4.99,12.78,2.58,5.25,0.96,2.14,7.19,2.56,6.74,97.6,34.3,3,spoiled
4.97,12.89,2.56,5.19,0.97,2.09,7.02,2.53,6.82,97.5,34.3,3,spoiled
4.95,12.99,2.54,5.16,0.98,2.09,7.48,2.54,6.79,97.5,34.3,3,spoiled
4.99,13.14,2.56,5.39,1.04,2.21,7.48,3.06,6.87,97.5,34.4,3,spoiled
5.02,12.99,2.56,5.37,1.02,2.23,7.19,3.0,6.87,97.6,34.4,3,spoiled
4.99,12.94,2.58,5.37,0.97,2.21,6.86,2.84,6.85,97.8,34.4,3,spoiled
5.02,12.89,2.56,5.28,1.01,2.18,7.78,2.87,6.9,97.8,34.4,3,spoiled
5.08,13.09,2.59,5.34,0.98,2.21,7.87,2.76,6.93,97.8,34.4,3,spoiled
5.04,12.89,2.59,5.32,0.97,2.18,7.11,2.68,6.93,97.6,34.4,3,spoiled
5.02,12.83,2.59,5.32,0.97,2.17,7.08,2.6,6.93,97.5,34.4,3,spoiled
5.04,13.04,2.58,5.28,0.98,2.14,7.0,2.5,6.93,97.5,34.5,3,spoiled
5.02,12.99,2.56,5.23,0.98,2.11,7.22,2.5,6.87,97.5,34.5,3,spoiled
4.97,12.94,2.56,5.23,0.95,2.11,6.73,2.51,6.76,97.5,34.5,3,spoiled
4.99,12.89,2.56,5.19,0.97,2.1,7.42,2.54,6.74,97.5,34.5,3,spoiled
4.95,12.78,2.53,5.16,1.01,2.13,7.6,2.82,6.79,97.5,34.5,3,spoiled
5.02,12.68,2.58,5.32,0.99,2.2,7.25,2.84,6.85,97.6,34.5,3,spoiled
5.04,12.73,2.58,5.32,1.01,2.21,7.75,2.92,6.85,97.7,34.5,3,spoiled
5.02,12.89,2.56,5.34,0.99,2.21,7.54,2.81,6.87,98.1,34.6,3,spoiled
5.02,12.58,2.56,5.25,0.98,2.16,7.48,2.63,6.9,98.1,34.6,3,spoiled
5.02,12.58,2.54,5.25,0.98,2.14,7.33,2.63,6.85,98.2,34.6,3,spoiled
5.04,12.94,2.56,5.23,0.99,2.13,8.44,2.6,6.87,98.2,34.5,3,spoiled
5.04,12.83,2.54,5.23,0.98,2.06,7.6,2.59,6.82,98.1,34.6,3,spoiled
5.02,12.63,2.58,5.25,0.96,2.09,6.94,2.5,6.85,98.3,34.6,3,spoiled
4.93,12.78,2.53,5.23,0.95,2.1,7.19,2.51,6.74,98.1,34.6,3,spoiled
4.97,12.58,2.54,5.19,0.98,2.1,7.19,2.65,6.79,98.0,34.6,3,spoiled
4.99,12.24,2.56,5.19,0.98,2.1,7.25,2.6,6.76,97.9,34.6,3,spoiled
4.97,12.43,2.56,5.23,0.95,2.11,7.22,2.57,6.74,97.9,34.6,3,spoiled
4.93,12.48,2.53,5.19,0.97,2.1,7.33,2.59,6.76,97.7,34.6,3,spoiled
4.99,12.58,2.56,5.19,0.96,2.11,6.86,2.57,6.74,97.6,34.6,3,spoiled
4.95,12.53,2.53,5.16,0.98,2.09,7.42,2.65,6.82,97.6,34.7,3,spoiled
4.99,12.68,2.56,5.16,0.96,2.11,7.25,2.57,6.74,97.6,34.7,3,spoiled
4.93,12.48,2.53,5.16,0.97,2.09,6.75,2.56,6.74,97.6,34.7,3,spoiled
4.93,12.63,2.53,5.16,0.97,2.1,7.0,2.54,6.74,97.7,34.7,3,spoiled
4.97,12.48,2.56,5.19,0.98,2.09,7.25,2.56,6.79,97.5,34.7,3,spoiled
4.93,12.48,2.53,5.16,0.95,2.1,6.97,2.56,6.76,97.3,34.7,3,spoiled
4.97,12.43,2.56,5.16,0.96,2.11,7.16,2.54,6.74,97.4,34.7,3,spoiled
4.97,12.68,2.54,5.21,0.93,2.13,7.33,2.63,6.71,97.6,34.8,3,spoiled
4.99,12.53,2.56,5.28,0.99,2.11,7.0,2.85,6.79,97.3,34.7,3,spoiled
4.95,12.68,2.58,5.23,0.98,2.11,7.57,2.47,6.76,97.4,34.7,3,spoiled
4.91,12.48,2.54,5.23,1.0,2.13,7.9,2.56,6.85,97.4,34.8,3,spoiled
4.95,12.24,2.54,5.23,0.98,2.1,7.48,2.57,6.85,97.3,34.8,3,spoiled
4.93,12.38,2.56,5.28,0.95,2.04,7.16,2.42,6.79,97.2,34.8,3,spoiled
4.93,12.38,2.58,5.25,0.98,2.1,7.6,2.47,6.82,97.1,34.8,3,spoiled
4.88,12.48,2.54,5.32,0.95,2.16,7.71,2.53,6.79,97.1,34.8,3,spoiled
4.97,12.29,2.58,5.32,0.95,2.1,7.57,2.54,6.71,97.2,34.8,3,spoiled
4.95,12.29,2.54,5.23,0.97,2.1,7.11,2.54,6.76,97.2,34.8,3,spoiled
4.95,12.43,2.58,5.28,0.95,2.11,7.42,2.56,6.65,97.4,34.8,3,spoiled
4.93,12.34,2.53,5.21,0.97,2.1,7.08,2.6,6.71,97.2,34.8,3,spoiled
4.95,12.43,2.53,5.23,0.97,2.14,7.11,2.73,6.85,97.3,34.9,3,spoiled
5.06,12.34,2.58,5.25,0.98,2.11,7.68,2.82,6.9,97.2,34.9,3,spoiled
4.99,12.19,2.56,5.19,1.0,2.17,7.36,2.81,6.93,97.3,34.9,3,spoiled
4.99,12.24,2.58,5.37,1.01,2.18,7.22,3.0,6.93,97.4,34.9,3,spoiled
5.02,11.77,2.67,5.39,1.02,2.23,7.68,3.25,6.9,97.7,34.9,3,spoiled
5.08,12.0,2.59,5.41,0.98,2.23,7.6,2.84,6.87,97.6,34.9,3,spoiled
5.06,11.9,2.54,5.34,0.98,2.2,7.51,2.84,6.85,97.6,34.9,3,spoiled
5.13,11.95,2.58,5.41,0.97,2.23,7.62,2.92,6.9,97.5,34.9,3,spoiled
4.95,12.19,2.58,5.41,0.97,2.2,7.81,2.85,6.87,97.6,35.0,3,spoiled
5.08,12.34,2.59,5.34,0.98,2.17,7.54,2.68,7.24,97.6,35.0,3,spoiled
4.93,12.53,2.59,5.37,0.96,2.16,7.45,2.63,6.85,97.5,35.0,3,spoiled
4.97,12.63,2.54,5.32,0.98,2.11,7.0,2.63,6.87,97.4,35.0,3,spoiled
4.93,12.68,2.58,5.46,0.97,2.21,7.57,2.84,6.87,97.4,35.0,3,spoiled
4.93,12.48,2.56,5.41,0.99,2.21,7.08,2.85,6.87,97.7,35.0,3,spoiled
4.93,12.58,2.56,5.41,0.97,2.17,7.78,2.89,6.87,97.5,35.0,3,spoiled
4.84,12.63,2.56,5.32,1.01,2.1,7.28,2.57,6.96,97.6,35.1,3,spoiled
4.88,12.83,2.56,5.3,1.01,2.1,7.08,2.51,6.93,97.7,35.1,3,spoiled
4.88,12.68,2.59,5.55,1.06,2.25,7.16,3.32,6.93,97.6,35.1,3,spoiled
4.95,12.63,2.58,5.6,1.06,2.25,7.54,2.97,6.99,97.7,35.1,3,spoiled
4.91,12.73,2.56,5.48,1.04,2.23,7.13,2.87,6.99,98.0,35.1,3,spoiled
4.73,12.43,2.54,5.23,1.02,2.13,7.08,2.5,6.96,97.8,35.1,3,spoiled
4.78,12.83,2.58,5.53,1.02,2.2,7.28,2.59,6.99,97.8,35.1,3,spoiled
4.8,12.94,2.56,5.51,1.04,2.18,7.57,2.54,6.96,97.8,35.1,3,spoiled
4.88,12.83,2.58,5.46,1.01,2.17,6.91,2.53,6.99,98.0,35.2,3,spoiled
4.88,12.68,2.58,5.48,1.02,2.18,6.97,2.62,6.99,97.7,35.2,3,spoiled
4.91,12.83,2.59,5.51,0.97,2.21,8.64,2.67,6.99,97.7,35.2,3,spoiled
4.91,12.73,2.58,5.48,0.98,2.23,7.75,2.79,6.93,97.6,35.2,3,spoiled
4.88,12.78,2.58,5.51,0.96,2.21,7.65,2.73,6.99,97.6,35.2,3,spoiled
5.08,12.73,2.58,5.46,0.97,2.2,6.97,2.77,7.01,97.6,35.2,3,spoiled
5.1,12.63,2.59,5.48,0.98,2.18,7.39,2.89,7.04,97.6,35.2,3,spoiled
5.08,12.94,2.58,5.44,0.98,2.18,7.13,2.84,6.99,97.8,35.2,3,spoiled
5.1,12.58,2.58,5.51,0.98,2.23,7.75,3.1,7.01,97.5,35.2,3,spoiled
5.1,12.58,2.59,5.46,0.96,2.17,7.02,2.65,7.01,97.8,35.2,3,spoiled
5.06,12.43,2.59,5.46,0.98,2.17,7.39,2.62,6.99,97.7,35.2,3,spoiled
5.04,12.78,2.59,5.48,0.98,2.17,7.05,2.56,7.01,97.6,35.2,3,spoiled
4.95,12.68,2.56,5.46,0.98,2.2,7.19,2.67,6.96,97.7,35.2,3,spoiled
4.99,12.63,2.56,5.44,0.98,2.2,7.62,2.6,6.99,97.6,35.2,3,spoiled
4.97,12.73,2.58,5.46,0.95,2.2,7.57,2.6,6.99,97.7,35.2,3,spoiled
5.04,11.95,2.58,5.39,0.98,2.14,7.13,2.63,7.07,97.5,35.2,3,spoiled
5.02,12.68,2.59,5.51,0.95,2.2,7.62,2.67,6.99,97.5,35.2,3,spoiled
5.04,12.48,2.61,5.51,0.96,2.2,7.19,2.71,7.07,97.5,35.3,3,spoiled
4.97,12.34,2.7,6.06,1.01,2.21,7.22,2.81,7.1,97.5,35.3,3,spoiled
5.04,12.05,2.58,5.48,1.01,2.21,7.62,3.03,7.07,97.5,35.3,3,spoiled
5.1,12.09,2.59,5.53,0.98,2.25,7.54,3.1,7.07,97.4,35.2,3,spoiled
5.13,11.67,2.61,5.62,0.99,2.33,7.42,3.47,7.13,97.5,35.3,3,spoiled
5.13,11.67,2.61,5.55,1.01,2.28,7.78,3.44,7.16,97.7,35.3,3,spoiled
5.15,9.86,2.62,5.6,0.99,2.27,7.22,3.33,7.51,97.8,35.3,3,spoiled
5.19,9.79,2.62,5.58,0.97,2.27,7.25,3.49,7.13,97.6,35.3,3,spoiled
4.97,9.86,2.59,5.16,0.98,1.98,7.36,2.38,7.16,97.6,35.3,3,spoiled
4.93,9.86,2.59,5.39,0.96,2.07,7.11,2.47,7.1,97.6,35.3,3,spoiled
4.93,9.75,2.61,5.39,0.98,2.11,7.51,2.42,7.16,97.7,35.4,3,spoiled
4.95,10.22,2.61,5.39,0.98,2.11,6.91,2.42,7.07,97.5,35.3,3,spoiled
4.99,10.34,2.61,5.41,0.98,2.16,7.6,2.48,7.01,97.4,35.4,3,spoiled
4.93,10.67,2.58,5.41,0.98,2.16,7.16,2.53,7.07,97.4,35.4,3,spoiled
4.99,10.46,2.61,5.44,0.99,2.17,7.3,2.57,7.07,97.3,35.3,3,spoiled
4.97,10.38,2.59,5.41,0.97,2.16,7.11,2.56,7.07,97.6,35.4,3,spoiled
5.02,10.26,2.61,5.46,0.95,2.18,7.45,2.67,7.04,97.3,35.4,3,spoiled
5.06,10.34,2.61,5.55,0.96,2.25,7.19,2.84,7.01,97.3,35.4,3,spoiled
5.1,10.75,2.61,5.51,0.96,2.24,7.36,2.84,7.04,97.4,35.4,3,spoiled
5.1,10.58,2.61,5.53,0.96,2.24,7.16,2.87,7.01,97.4,35.4,3,spoiled
5.13,10.75,2.62,5.51,0.98,2.25,7.42,3.03,7.01,97.5,35.4,3,spoiled
5.13,10.54,2.61,5.53,0.97,2.23,7.19,2.97,7.04,97.5,35.4,3,spoiled
5.15,10.62,2.62,5.53,0.97,2.25,7.68,3.05,7.04,97.5,35.4,3,spoiled
5.08,10.62,2.59,5.6,0.99,2.28,7.78,3.89,7.1,97.5,35.4,3,spoiled
5.13,10.67,2.59,5.58,1.01,2.28,7.39,3.6,7.16,97.6,35.4,3,spoiled
5.17,10.5,2.61,5.6,1.03,2.3,7.33,4.78,7.16,97.7,35.5,3,spoiled
5.22,10.88,2.61,5.65,1.02,2.31,7.42,3.56,7.22,97.7,35.5,3,spoiled
5.15,10.46,2.61,5.74,1.08,2.34,7.45,4.53,7.72,97.8,35.5,3,spoiled
5.17,10.88,2.62,5.74,1.07,2.34,7.39,3.33,7.19,97.9,35.5,3,spoiled
5.17,10.75,2.59,5.62,1.03,2.28,7.81,2.92,7.19,98.2,35.5,3,spoiled
5.13,10.67,2.58,5.53,1.03,2.21,7.87,2.74,7.27,98.1,35.5,3,spoiled
5.17,11.14,2.61,5.58,0.99,2.24,7.0,2.59,7.27,97.9,35.5,3,spoiled
5.08,10.92,2.59,5.58,0.99,2.21,7.28,2.6,7.19,97.8,35.5,3,spoiled
5.06,11.27,2.58,5.55,0.95,2.2,7.57,2.54,7.16,97.8,35.5,3,spoiled
5.1,11.27,2.58,5.62,1.0,2.2,7.19,2.74,7.22,97.8,35.5,3,spoiled
5.1,11.67,2.58,5.51,1.0,2.2,6.97,2.54,7.16,97.8,35.5,3,spoiled
5.08,11.72,2.58,5.48,0.97,2.18,7.22,2.67,7.19,97.9,35.5,3,spoiled
5.1,12.0,2.59,5.51,0.95,2.21,7.42,2.7,7.16,97.8,35.6,3,spoiled
5.08,11.95,2.59,5.51,0.95,2.23,7.65,2.73,7.1,97.8,35.6,3,spoiled
5.1,12.29,2.59,5.51,0.95,2.25,7.13,2.73,7.13,97.6,35.5,3,spoiled
5.08,12.34,2.58,5.46,0.95,2.24,7.22,2.73,7.1,97.6,35.6,3,spoiled
5.1,12.38,2.59,5.53,0.96,2.25,7.0,2.77,7.16,97.5,35.5,3,spoiled
5.06,12.53,2.59,5.53,0.95,2.23,7.62,2.77,7.13,97.6,35.5,3,spoiled
5.08,12.58,2.59,5.51,0.95,2.21,7.48,2.79,7.13,97.6,35.6,3,spoiled
5.13,12.68,2.59,5.51,0.95,2.21,7.57,2.73,7.16,97.6,35.6,3,spoiled
5.08,12.48,2.56,5.44,0.96,2.2,7.51,2.73,7.13,97.5,35.6,3,spoiled
5.04,12.63,2.56,5.46,0.95,2.24,7.65,2.7,7.07,97.5,35.6,3,spoiled
5.1,12.63,2.59,5.48,0.96,2.23,7.62,2.77,7.07,97.5,35.6,3,spoiled
5.1,12.94,2.54,5.51,0.95,2.21,7.54,2.79,7.07,97.5,35.6,3,spoiled
5.06,13.09,2.56,5.51,0.95,2.21,7.16,2.7,7.1,97.5,35.6,3,spoiled
5.06,12.89,2.59,5.55,0.97,2.31,7.05,2.84,7.07,97.6,35.6,3,spoiled
5.02,12.73,2.58,5.46,1.01,2.24,7.22,2.68,7.16,97.6,35.6,3,spoiled
5.04,12.89,2.56,5.53,0.97,2.24,7.33,2.74,7.1,97.7,35.6,3,spoiled
5.04,12.43,2.58,5.53,0.98,2.27,7.36,2.73,7.45,97.7,35.7,3,spoiled
5.1,13.14,2.58,5.53,0.98,2.25,7.75,2.71,7.16,97.6,35.7,3,spoiled
5.04,13.09,2.59,5.53,0.97,2.24,7.22,2.74,7.13,97.6,35.7,3,spoiled
5.08,13.09,2.58,5.39,0.98,2.18,7.19,2.63,7.13,97.7,35.7,3,spoiled
5.13,12.89,2.61,5.7,1.0,2.35,7.54,3.05,7.13,97.6,35.7,3,spoiled
5.13,12.73,2.59,5.6,0.99,2.34,7.45,3.21,7.16,97.9,35.7,3,spoiled
5.1,12.58,2.58,5.53,1.01,2.3,7.08,2.92,7.1,97.9,35.7,3,spoiled
5.08,12.38,2.59,5.58,0.97,2.3,7.78,2.85,7.16,98.0,35.7,3,spoiled
5.08,12.38,2.61,5.51,0.95,2.25,7.3,2.57,7.13,98.0,35.7,3,spoiled
5.1,12.48,2.59,5.51,0.99,2.27,7.54,2.82,7.19,97.9,35.7,3,spoiled
5.13,12.73,2.61,5.55,0.98,2.3,7.08,2.98,7.16,97.7,35.7,3,spoiled
5.15,12.89,2.62,5.55,0.94,2.3,7.25,3.0,7.16,97.7,35.7,3,spoiled
5.15,12.89,2.61,5.39,0.97,2.3,7.22,2.98,7.19,97.6,35.7,3,spoiled
5.15,12.94,2.59,5.51,0.99,2.31,7.93,3.2,7.1,97.6,35.7,3,spoiled
5.19,13.14,2.62,5.55,0.98,2.3,7.81,3.21,7.1,97.6,35.8,3,spoiled
5.17,12.99,2.61,5.55,0.98,2.28,7.93,3.28,7.16,97.7,35.8,3,spoiled
5.15,13.14,2.58,5.48,0.98,2.31,7.05,3.25,7.13,97.7,35.8,3,spoiled
5.15,12.99,2.59,5.53,0.96,2.31,7.54,3.01,7.07,98.0,35.8,3,spoiled
5.1,13.09,2.62,5.53,0.96,2.28,7.02,2.85,7.04,98.0,35.8,3,spoiled
5.13,13.09,2.59,5.53,0.95,2.28,7.13,2.93,7.04,97.9,35.7,3,spoiled
5.13,13.2,2.61,5.55,0.95,2.3,7.6,2.95,7.04,97.9,35.7,3,spoiled
5.19,13.14,2.78,5.53,0.95,2.3,7.84,3.1,7.07,98.0,35.8,3,spoiled
5.19,13.2,2.61,5.48,0.96,2.28,7.0,2.95,7.16,98.0,35.7,3,spoiled
5.19,13.09,2.59,5.58,0.98,2.31,7.78,3.45,7.13,97.8,35.8,3,spoiled
5.17,12.89,2.61,5.48,1.0,2.27,7.6,3.44,7.16,97.8,35.8,3,spoiled
5.17,13.09,2.61,5.6,1.03,2.3,7.54,4.74,7.19,97.9,35.8,3,spoiled
5.19,13.09,2.58,5.62,0.99,2.35,8.44,3.76,7.16,97.8,35.7,3,spoiled
5.19,13.14,2.59,5.62,0.97,2.33,7.93,3.54,7.19,98.0,35.8,3,spoiled
5.22,12.73,2.59,5.6,0.97,2.33,7.9,3.54,7.13,97.9,35.8,3,spoiled
5.24,12.83,2.58,5.53,0.98,2.28,7.3,3.33,7.13,97.8,35.8,3,spoiled
5.26,12.99,2.59,5.58,0.96,2.28,7.25,3.49,7.07,97.8,35.7,3,spoiled
5.24,12.99,2.58,5.55,0.99,2.27,7.33,3.83,7.04,97.8,35.8,3,spoiled
5.31,12.89,2.61,6.04,1.08,2.37,7.68,7.55,7.07,97.8,35.8,3,spoiled
5.35,12.78,2.58,5.74,1.04,2.44,8.02,4.74,7.16,97.8,35.8,3,spoiled
5.35,13.04,2.61,5.72,1.02,2.43,7.9,3.89,7.13,98.3,35.8,3,spoiled
5.35,13.14,2.61,5.7,1.04,2.4,8.18,4.11,7.16,98.1,35.8,3,spoiled
5.35,13.04,2.61,5.72,1.02,2.43,7.78,3.78,7.16,98.0,35.8,3,spoiled
5.28,12.99,2.59,5.62,1.0,2.41,7.48,3.26,7.13,98.1,35.8,3,spoiled
5.24,12.89,2.59,5.67,0.97,2.38,7.25,3.11,7.13,98.1,35.8,3,spoiled
5.24,12.89,2.62,5.72,1.0,2.4,7.87,3.61,7.16,98.1,35.8,3,spoiled
5.28,12.94,2.59,5.62,1.0,2.37,7.48,3.06,7.22,97.9,35.8,3,spoiled
5.26,12.78,2.62,5.6,1.0,2.35,8.09,2.98,7.24,98.0,35.8,3,spoiled
5.24,12.83,2.61,5.62,0.96,2.35,7.25,3.08,7.24,97.9,35.8,3,spoiled
5.22,12.73,2.61,5.6,0.99,2.37,7.48,2.92,7.22,98.0,35.8,3,spoiled
5.24,12.89,2.61,5.6,0.98,2.33,8.09,2.82,7.22,98.0,35.8,3,spoiled
5.17,12.68,2.61,5.55,0.96,2.31,7.3,2.74,7.16,98.0,35.8,3,spoiled
5.17,12.58,2.59,5.53,0.98,2.25,7.6,2.65,7.13,98.0,35.8,3,spoiled
5.1,12.43,2.56,5.51,0.97,2.24,7.48,2.62,7.1,98.0,35.8,3,spoiled
5.04,12.63,2.58,5.53,0.99,2.3,7.54,2.73,7.01,98.1,35.8,3,spoiled
5.1,12.05,2.59,5.55,0.96,2.33,7.65,2.62,7.04,98.1,35.8,3,spoiled
5.08,12.24,2.59,5.53,0.97,2.33,7.28,2.71,7.04,98.1,35.8,3,spoiled
5.04,11.54,2.56,5.51,0.96,2.3,7.71,2.71,7.04,98.2,35.9,3,spoiled
5.06,11.09,2.59,5.53,0.95,2.33,7.65,2.82,7.13,98.1,35.9,3,spoiled
5.06,9.75,2.58,5.51,0.97,2.33,7.81,2.79,7.1,98.0,35.8,3,spoiled
5.08,9.48,2.59,5.53,0.96,2.35,7.33,2.85,7.01,98.1,35.9,3,spoiled
5.06,9.26,2.58,5.51,0.98,2.33,7.42,2.82,7.04,98.0,35.9,3,spoiled
5.08,9.79,2.58,5.48,0.97,2.3,7.48,2.77,7.13,98.1,36.1,3,spoiled
5.1,9.63,2.61,5.48,1.17,2.28,7.39,2.7,7.01,98.1,36.2,3,spoiled
5.04,10.06,2.56,5.51,0.95,2.27,7.62,2.74,7.04,97.9,36.4,3,spoiled
5.4,10.26,2.59,5.46,1.0,2.28,7.16,2.76,7.22,97.7,36.6,3,spoiled
5.06,9.75,2.58,5.46,0.97,2.27,7.36,2.74,7.07,97.4,36.7,3,spoiled
5.08,10.18,2.59,5.51,0.97,2.27,7.3,2.7,7.24,97.3,36.8,3,spoiled
5.1,10.5,2.61,5.41,0.95,2.25,9.02,2.65,7.1,97.2,37.0,3,spoiled
5.1,10.71,2.61,5.41,0.98,2.24,7.16,2.7,7.07,96.9,37.0,3,spoiled
5.04,10.96,2.58,5.39,0.98,2.24,7.3,2.68,7.1,97.0,37.1,3,spoiled
5.08,11.05,2.61,5.46,0.95,2.25,7.02,2.68,7.07,96.9,37.0,3,spoiled
5.08,11.27,2.61,5.46,0.98,2.31,7.3,2.84,7.1,96.9,37.0,3,spoiled
5.13,11.22,2.61,5.48,0.96,2.33,8.31,2.7,7.07,97.1,37.0,3,spoiled
5.06,11.09,2.59,5.46,0.97,2.28,7.62,2.59,7.16,97.2,36.9,3,spoiled
5.1,11.4,2.62,5.53,0.96,2.33,7.62,2.63,7.07,97.3,36.9,3,spoiled
5.1,11.4,2.61,5.53,0.98,2.31,7.42,2.76,7.13,97.3,36.8,3,spoiled
5.13,11.45,2.62,5.62,0.98,2.38,7.75,2.89,7.1,97.3,36.8,3,spoiled
5.06,11.45,2.61,5.55,0.98,2.31,8.54,2.93,7.04,97.6,36.7,3,spoiled
5.13,11.54,2.59,5.55,0.97,2.35,7.45,2.93,7.13,97.6,36.7,3,spoiled
5.13,11.54,2.62,5.58,0.95,2.35,7.33,2.93,7.07,97.7,36.6,3,spoiled
5.04,11.58,2.59,5.6,0.96,2.43,7.71,3.15,7.07,97.7,36.6,3,spoiled
5.06,11.67,2.59,5.51,0.97,2.35,7.65,2.84,7.13,97.9,36.5,3,spoiled
5.04,11.58,2.58,5.48,0.97,2.33,7.81,2.77,7.6,97.9,36.5,3,spoiled
5.02,11.36,2.61,5.51,0.96,2.28,7.22,2.68,7.1,97.9,36.5,3,spoiled
4.93,11.81,2.58,5.34,0.95,2.16,7.68,2.47,7.07,97.9,36.5,3,spoiled
4.91,11.54,2.58,5.39,0.97,2.24,7.16,2.53,7.1,98.0,36.4,3,spoiled
4.91,11.54,2.58,5.41,0.98,2.28,7.13,2.6,7.01,98.0,36.4,3,spoiled
4.99,11.81,2.61,5.46,0.96,2.33,7.81,2.59,7.07,98.0,36.4,3,spoiled
4.95,11.81,2.61,5.55,1.0,2.37,7.25,2.81,7.01,98.1,36.4,3,spoiled
5.04,11.9,2.61,5.51,0.94,2.43,7.71,2.73,7.01,98.2,36.4,3,spoiled
5.04,11.9,2.61,5.46,0.97,2.37,7.22,2.74,7.1,98.2,36.4,3,spoiled
5.04,11.81,2.61,5.55,0.96,2.38,7.16,2.74,7.01,98.1,36.4,3,spoiled
4.97,11.9,2.58,5.48,0.97,2.35,6.97,2.71,6.99,98.1,36.4,3,spoiled
4.97,12.05,2.58,5.51,0.95,2.33,7.62,2.79,6.99,98.0,36.4,3,spoiled
4.99,11.9,2.59,5.51,0.95,2.34,7.08,2.76,6.99,98.0,36.4,3,spoiled
4.97,12.19,2.56,5.51,0.94,2.37,7.39,2.93,6.96,98.1,36.4,3,spoiled
5.06,11.9,2.59,5.51,0.96,2.34,7.65,2.85,6.99,98.1,36.4,3,spoiled
5.04,12.09,2.61,5.51,0.95,2.31,7.68,2.81,7.01,98.1,36.3,3,spoiled
5.06,11.95,2.59,5.48,0.96,2.37,6.81,2.82,6.96,98.1,36.3,3,spoiled
5.02,11.95,2.56,5.48,0.95,2.35,7.0,2.81,6.99,98.1,36.3,3,spoiled
5.06,12.19,2.56,5.44,0.98,2.35,7.36,2.81,7.01,98.2,36.3,3,spoiled
5.04,12.09,2.58,5.41,0.95,2.37,7.36,2.74,6.96,98.2,36.3,3,spoiled
4.97,12.38,2.58,5.44,0.94,2.31,6.97,2.76,7.04,98.2,36.2,3,spoiled
4.99,12.19,2.58,5.44,0.96,2.31,7.28,2.76,7.01,98.2,36.3,3,spoiled
4.97,11.95,2.59,5.51,0.94,2.35,6.97,2.74,6.99,98.2,36.2,3,spoiled
4.99,12.24,2.59,5.46,0.94,2.35,7.22,2.79,6.96,98.3,36.2,3,spoiled
4.95,12.68,2.58,5.46,0.95,2.33,7.51,2.85,6.99,98.3,36.2,3,spoiled
4.99,12.48,2.58,5.44,0.97,2.34,7.05,2.84,7.07,98.3,36.2,3,spoiled
4.99,12.58,2.58,5.46,0.93,2.4,7.05,2.84,6.99,98.3,36.2,3,spoiled
4.97,12.58,2.56,5.44,0.96,2.41,7.48,2.89,7.07,98.3,36.2,3,spoiled
5.06,12.48,2.59,5.44,0.96,2.4,7.08,2.92,6.99,98.4,36.2,3,spoiled
4.97,12.48,2.58,5.51,0.95,2.41,6.94,3.06,6.96,98.4,36.2,3,spoiled
4.99,12.53,2.59,5.51,0.95,2.43,7.11,3.0,7.01,98.5,36.3,3,spoiled
5.02,12.48,2.61,5.44,0.96,2.37,7.0,2.79,7.01,98.4,36.2,3,spoiled
4.93,12.38,2.58,5.41,0.95,2.38,7.11,2.77,7.22,98.5,36.2,3,spoiled
4.97,12.58,2.58,5.51,0.94,2.41,7.13,2.79,6.99,98.4,36.2,3,spoiled
4.99,12.43,2.61,5.48,0.96,2.38,7.42,2.82,7.07,98.5,36.3,3,spoiled
4.93,12.43,2.56,5.48,0.95,2.4,7.28,2.82,6.96,98.4,36.3,3,spoiled
4.99,12.48,2.58,5.46,0.96,2.35,7.48,2.84,7.01,98.3,36.3,3,spoiled
4.97,12.58,2.59,5.55,0.98,2.43,7.16,3.08,7.07,98.3,36.4,3,spoiled
5.04,12.78,2.61,5.6,0.98,2.43,7.78,3.08,7.1,98.4,36.5,3,spoiled
5.02,12.89,2.59,5.55,0.95,2.38,7.54,2.89,7.13,98.4,36.5,3,spoiled
4.97,12.58,2.58,5.58,0.96,2.4,7.93,2.95,7.16,98.3,36.5,3,spoiled
4.99,12.58,2.7,5.6,0.96,2.4,7.81,2.9,7.24,98.2,36.6,3,spoiled
5.04,12.43,2.61,5.55,0.95,2.37,7.84,2.95,7.24,98.2,36.7,3,spoiled
5.04,12.53,2.59,5.58,0.96,2.43,8.09,2.95,7.24,98.1,36.6,3,spoiled
5.08,12.63,2.61,5.51,0.98,2.41,7.57,3.05,7.27,98.1,36.6,3,spoiled
5.08,12.43,2.61,5.55,0.95,2.46,7.54,3.06,7.22,98.1,36.6,3,spoiled
5.08,12.53,2.64,5.51,0.94,2.46,7.51,3.2,7.19,98.1,36.6,3,spoiled
5.06,12.34,2.61,5.6,0.98,2.4,8.15,3.38,7.22,98.1,36.6,3,spoiled
5.08,12.68,2.61,5.55,0.95,2.38,7.99,3.16,7.24,98.1,36.6,3,spoiled
5.04,12.83,2.59,5.51,0.95,2.41,8.18,3.03,7.13,98.1,36.5,3,spoiled
5.02,12.94,2.59,5.39,0.96,2.3,7.33,2.79,7.13,98.0,36.5,3,spoiled
5.02,12.78,2.68,5.41,1.04,2.28,7.39,2.63,7.07,97.9,36.5,3,spoiled
4.95,13.09,2.58,5.46,0.93,2.28,7.71,2.73,7.04,98.0,36.4,3,spoiled
4.93,12.83,2.58,5.41,0.96,2.3,7.3,2.73,7.07,98.0,36.4,3,spoiled
4.97,13.14,2.58,5.51,0.94,2.33,7.3,2.84,6.99,98.0,36.4,3,spoiled
4.95,13.04,2.58,5.46,0.97,2.3,7.25,2.87,7.04,98.0,36.4,3,spoiled
4.95,12.83,2.54,5.46,0.85,2.31,8.64,2.89,6.99,98.0,36.4,3,spoiled
4.99,12.99,2.58,5.46,0.96,2.37,7.28,2.85,6.99,98.0,36.4,3,spoiled
4.95,13.09,2.56,5.46,0.97,2.34,7.33,2.89,7.04,97.9,36.3,3,spoiled
4.99,13.14,2.58,5.44,0.97,2.34,7.57,2.92,7.07,97.9,36.3,3,spoiled
4.99,12.89,2.59,5.44,0.97,2.31,7.87,2.95,6.99,97.9,36.3,3,spoiled
4.99,13.04,2.56,5.53,0.98,2.46,8.85,3.33,7.07,97.9,36.3,3,spoiled
4.99,13.2,2.56,5.34,0.97,2.33,7.62,2.95,7.04,98.0,36.3,3,spoiled
4.95,12.94,2.58,5.41,0.95,2.35,7.51,3.01,7.07,98.2,36.3,3,spoiled
4.99,12.78,2.61,5.46,0.95,2.34,7.45,2.7,7.13,98.2,36.3,3,spoiled
4.95,13.04,2.58,5.46,0.97,2.38,7.3,2.76,7.13,98.2,36.3,3,spoiled
4.95,13.09,2.58,5.48,0.95,2.41,7.57,2.85,7.45,98.2,36.3,3,spoiled
4.95,13.09,2.59,5.51,0.95,2.44,7.45,2.87,7.07,98.2,36.3,3,spoiled
4.95,12.99,2.59,5.53,0.95,2.44,7.45,2.89,6.99,98.1,36.3,3,spoiled
5.02,12.94,2.58,5.48,0.96,2.4,8.09,2.93,7.07,98.1,36.3,3,spoiled
5.04,12.94,2.58,5.53,0.98,2.47,7.96,3.0,7.07,98.1,36.2,3,spoiled
4.97,13.09,2.58,5.51,0.97,2.43,8.25,2.98,7.04,98.0,36.3,3,spoiled
5.02,13.14,2.62,5.55,0.95,2.47,8.05,2.97,7.07,97.9,36.2,3,spoiled
4.97,13.2,2.58,5.07,0.94,2.43,8.05,2.97,7.19,97.9,36.2,3,spoiled
4.95,13.2,2.59,5.51,0.94,2.4,7.96,2.79,7.13,97.9,36.2,3,spoiled
4.95,12.94,2.58,5.55,0.96,2.41,8.12,3.0,7.1,97.9,36.2,3,spoiled
4.97,13.25,2.59,5.48,0.95,2.35,7.54,3.0,7.1,97.8,36.2,3,spoiled
4.95,13.09,2.59,5.51,0.95,2.38,7.54,3.06,7.07,97.8,36.2,3,spoiled
4.99,13.3,2.58,5.44,0.96,2.38,7.28,2.84,7.07,97.8,36.1,3,spoiled
4.99,12.94,2.61,5.51,0.96,2.37,7.51,2.9,7.1,97.7,36.1,3,spoiled
4.95,12.68,2.58,5.51,0.97,2.37,7.84,3.01,7.07,97.8,36.1,3,spoiled
4.97,12.38,2.58,5.55,0.95,2.43,8.05,3.13,7.01,97.8,36.1,3,spoiled
4.99,12.43,2.59,5.58,0.95,2.49,7.57,3.32,7.07,97.8,36.1,3,spoiled
5.04,12.24,2.59,5.51,0.96,2.46,7.81,2.97,7.07,97.8,36.1,3,spoiled
4.97,12.24,2.59,5.51,0.96,2.44,7.96,2.82,6.99,97.9,36.1,3,spoiled
4.93,12.58,2.59,5.51,0.95,2.43,7.51,2.76,7.04,97.9,36.0,3,spoiled
5.02,12.63,2.58,5.48,0.97,2.41,7.39,2.76,7.07,97.9,36.0,3,spoiled
4.99,12.53,2.58,5.51,0.98,2.44,7.3,2.97,7.07,97.9,36.0,3,spoiled
5.04,12.68,2.58,5.53,0.98,2.47,7.57,2.93,7.1,98.0,36.0,3,spoiled
4.97,12.78,2.59,5.6,0.95,2.47,8.15,2.9,7.1,98.1,36.0,3,spoiled
5.02,12.78,2.59,5.58,0.96,2.49,7.84,2.97,7.07,98.2,36.0,3,spoiled
5.04,12.99,2.61,5.55,0.96,2.49,7.54,3.01,7.07,98.3,36.0,3,spoiled
5.08,12.73,2.61,5.55,0.94,2.5,7.9,3.11,7.07,98.3,35.9,3,spoiled
5.02,12.73,2.59,5.51,0.97,2.41,7.62,3.23,7.1,98.2,35.9,3,spoiled
5.02,12.89,2.58,5.51,0.94,2.38,7.57,2.92,7.04,98.2,35.9,3,spoiled
5.04,12.63,2.61,5.53,0.96,2.4,7.36,2.84,7.13,98.2,35.9,3,spoiled
5.04,12.63,2.61,5.62,0.96,2.43,7.42,2.98,7.1,98.3,35.9,3,spoiled
4.99,12.68,2.7,5.84,0.94,2.44,7.99,2.93,7.1,98.3,35.9,3,spoiled
5.02,12.73,2.58,5.55,0.95,2.43,8.02,3.13,7.16,98.4,35.9,3,spoiled
5.02,12.78,2.58,5.55,0.98,2.41,7.39,3.05,7.16,98.5,35.8,3,spoiled
5.06,12.58,2.59,5.62,0.96,2.49,7.51,3.15,7.07,98.5,35.8,3,spoiled
5.04,12.48,2.61,5.7,0.99,2.56,7.48,3.79,7.16,98.6,35.8,3,spoiled
5.08,12.63,2.61,5.65,0.98,2.37,8.51,3.18,7.22,98.8,35.8,3,spoiled
5.02,12.83,2.59,5.72,0.95,2.52,7.9,3.01,7.19,99.0,35.8,3,spoiled
5.04,12.58,2.59,5.72,0.95,2.5,7.25,3.08,7.24,99.1,35.8,3,spoiled
5.08,12.38,2.62,5.79,0.97,2.5,7.36,3.54,7.22,99.1,35.7,3,spoiled
5.04,12.78,2.61,5.72,0.95,2.53,7.68,3.26,7.22,99.2,35.7,3,spoiled
5.1,12.48,2.61,5.7,1.0,2.47,7.13,3.35,7.27,99.4,35.7,3,spoiled
5.06,12.78,2.58,5.65,0.97,2.5,7.42,3.23,7.24,99.4,35.7,3,spoiled
5.1,12.83,2.61,5.65,0.96,2.5,7.3,3.23,7.24,99.5,35.7,3,spoiled
5.08,12.53,2.59,5.62,0.97,2.47,7.54,3.11,7.22,99.4,35.6,3,spoiled
5.08,12.83,2.59,5.6,0.95,2.5,7.57,2.93,7.19,99.4,35.6,3,spoiled
5.08,12.89,2.61,5.67,0.95,2.49,7.11,2.93,7.22,99.4,35.6,3,spoiled
5.04,12.73,2.59,5.67,0.95,2.5,7.3,3.01,7.22,99.4,35.6,3,spoiled
5.02,12.34,2.59,5.46,0.94,2.37,7.33,2.76,7.22,99.4,35.6,3,spoiled
5.04,12.38,2.59,5.62,0.95,2.4,7.28,2.9,7.16,99.3,35.5,3,spoiled
5.06,12.14,2.61,5.65,0.95,2.43,7.0,3.05,7.24,99.2,35.5,3,spoiled
5.08,12.63,2.61,5.65,0.96,2.44,7.19,3.13,7.24,99.2,35.5,3,spoiled
5.1,12.48,2.62,5.62,0.98,2.46,7.02,3.21,7.19,99.2,35.5,3,spoiled
5.04,12.58,2.59,5.7,0.95,2.53,7.28,3.38,7.27,99.3,35.5,3,spoiled
5.06,12.53,2.59,5.72,0.95,2.56,7.62,3.58,7.24,99.3,35.5,3,spoiled
5.15,12.24,2.62,5.72,0.98,2.56,7.65,3.56,7.3,99.4,35.4,3,spoiled
5.1,12.38,2.59,5.67,0.97,2.56,7.54,3.54,7.24,99.6,35.4,3,spoiled
5.15,12.63,2.61,5.74,0.95,2.59,7.11,3.63,7.27,99.7,35.4,3,spoiled
5.13,12.58,2.61,5.7,0.96,2.55,7.39,3.08,7.36,99.7,35.4,3,spoiled
5.08,12.63,2.62,5.79,0.96,2.58,7.62,3.11,7.36,99.8,35.4,3,spoiled
5.13,12.63,2.61,5.82,0.96,2.58,7.57,3.06,7.36,99.8,35.4,3,spoiled
5.13,12.94,2.62,5.74,0.96,2.52,6.91,2.93,7.39,99.9,35.4,3,spoiled
5.13,12.94,2.62,5.77,0.96,2.49,6.91,3.06,7.42,99.9,35.4,3,spoiled
5.08,13.09,2.62,5.77,0.97,2.55,6.89,3.13,7.36,99.9,35.4,3,spoiled
5.1,13.04,2.61,5.74,0.96,2.55,6.65,3.08,7.33,99.9,35.3,3,spoiled
5.06,13.25,2.62,5.72,0.93,2.52,6.75,3.05,7.33,99.9,35.3,3,spoiled
5.08,13.25,2.58,5.67,0.95,2.49,6.91,3.08,7.33,99.9,35.3,3,spoiled
5.06,13.3,2.59,5.67,0.95,2.52,7.0,3.13,7.33,99.9,35.3,3,spoiled
5.06,13.3,2.62,5.72,0.95,2.52,6.54,3.18,7.3,99.9,35.2,3,spoiled
5.13,13.14,2.62,5.67,0.95,2.5,6.78,3.25,7.33,99.9,35.3,3,spoiled
5.06,13.25,2.58,5.62,0.95,2.47,6.32,3.13,7.42,99.9,35.2,3,spoiled
5.13,13.36,2.61,5.67,0.96,2.49,6.37,3.18,7.33,99.9,35.2,3,spoiled
5.1,13.3,2.61,5.6,0.97,2.49,6.39,3.23,7.36,99.9,35.1,3,spoiled
5.61,13.25,2.61,5.7,0.96,2.53,6.34,3.15,7.36,99.9,35.1,3,spoiled
5.13,12.89,2.61,5.65,0.96,2.53,6.32,3.13,7.39,99.9,35.2,3,spoiled
5.1,12.63,2.59,5.72,0.94,2.55,6.29,3.1,7.36,99.9,35.1,3,spoiled
5.06,12.34,2.59,5.67,0.97,2.53,6.6,3.16,7.39,99.9,35.1,3,spoiled
5.06,12.53,2.58,5.7,0.95,2.55,6.73,3.16,7.33,99.9,35.1,3,spoiled
5.08,12.63,2.61,5.7,0.96,2.53,6.73,3.3,7.39,99.9,35.1,3,spoiled
5.13,12.63,2.61,5.7,0.95,2.58,6.17,3.3,7.33,99.9,35.1,3,spoiled
5.15,12.29,2.62,5.7,0.98,2.55,6.49,3.32,7.36,99.9,35.0,3,spoiled
5.15,12.38,2.61,5.7,0.96,2.52,6.44,3.33,7.39,99.9,35.0,3,spoiled
5.06,12.48,2.58,5.67,0.95,2.5,6.34,2.9,7.36,99.9,35.0,3,spoiled
5.08,12.29,2.59,5.67,0.96,2.47,6.17,2.9,7.39,99.9,35.0,3,spoiled
5.1,12.53,2.61,5.67,0.96,2.52,6.02,2.9,7.39,99.9,35.0,3,spoiled
5.1,12.58,2.59,5.74,0.96,2.55,6.37,3.01,7.33,99.9,35.0,3,spoiled
5.1,12.38,2.64,5.74,0.99,2.56,6.49,3.51,7.33,99.9,35.0,3,spoiled
5.13,12.48,2.62,5.84,0.98,2.64,6.29,3.54,7.36,99.9,35.0,3,spoiled
5.15,12.34,2.62,5.96,0.98,2.67,6.75,4.33,7.42,99.9,35.0,3,spoiled
5.17,12.73,2.62,5.86,0.98,2.7,6.81,3.79,7.51,99.9,34.9,3,spoiled
5.17,12.63,2.62,5.82,0.98,2.59,6.81,3.32,7.54,99.9,34.9,3,spoiled
5.15,12.63,2.64,5.84,0.96,2.61,6.65,3.28,7.57,99.9,34.9,3,spoiled
5.13,12.63,2.61,5.82,0.97,2.64,6.65,3.47,7.97,99.9,34.9,3,spoiled
5.19,12.68,2.64,5.86,0.98,2.64,6.67,3.61,8.1,99.9,34.9,3,spoiled
5.22,12.38,2.54,5.84,0.96,2.62,6.62,3.54,8.1,99.9,34.9,3,spoiled
5.15,12.73,2.61,5.77,0.97,2.53,6.52,3.52,8.03,99.9,34.8,3,spoiled
5.22,12.73,2.64,5.79,0.98,2.56,6.34,3.54,8.07,99.9,34.8,3,spoiled
5.15,12.78,2.59,5.79,0.97,2.58,6.44,3.6,8.0,99.9,34.8,3,spoiled
5.15,12.68,2.59,5.84,0.97,2.62,6.62,4.11,8.0,99.9,34.8,3,spoiled
5.15,12.78,2.59,5.65,0.95,2.61,6.91,3.49,8.03,99.9,34.9,3,spoiled
5.1,12.78,2.64,5.82,0.96,2.56,6.54,3.15,7.97,99.9,34.8,3,spoiled
5.13,12.68,2.65,5.79,0.95,2.58,6.81,3.32,7.94,99.9,34.8,3,spoiled
5.13,12.83,2.65,5.77,0.97,2.56,6.54,3.52,8.0,99.9,34.8,3,spoiled
5.19,12.99,2.65,5.86,0.96,2.62,6.52,3.74,7.94,99.9,34.8,3,spoiled
5.19,12.83,2.62,5.89,0.96,2.64,6.52,4.04,8.03,99.9,34.8,3,spoiled
5.26,12.99,2.67,5.84,0.98,2.55,6.47,3.68,8.0,99.9,34.7,3,spoiled
5.24,13.04,2.67,5.82,0.98,2.58,6.67,3.72,7.94,99.9,34.8,3,spoiled
5.17,12.94,2.67,5.44,0.98,2.46,6.29,2.79,8.1,99.9,34.8,3,spoiled
5.1,12.78,2.65,5.79,0.95,2.5,6.52,2.87,8.13,99.9,34.7,3,spoiled
5.17,12.78,2.65,5.77,0.98,2.52,6.6,2.97,8.07,99.9,34.8,3,spoiled
5.19,12.99,2.68,5.79,0.96,2.55,6.44,3.0,8.13,99.9,34.7,3,spoiled
5.17,13.14,2.64,5.79,0.96,2.56,6.75,3.2,8.03,99.9,34.7,3,spoiled
5.22,12.99,2.67,5.82,0.96,2.58,6.83,3.3,8.03,99.9,34.7,3,spoiled
5.24,12.99,2.65,5.82,0.96,2.58,6.39,3.38,7.97,99.9,34.7,3,spoiled
5.26,12.78,2.65,5.84,0.95,2.61,6.52,3.54,8.07,99.9,34.6,3,spoiled
5.26,12.94,2.67,5.86,0.96,2.62,6.89,3.42,8.0,99.9,34.6,3,spoiled
5.19,13.09,2.64,5.84,0.95,2.62,6.52,3.37,8.07,99.9,34.6,3,spoiled
5.19,12.94,2.62,5.86,0.95,2.59,6.52,3.44,8.03,99.9,34.6,3,spoiled
5.26,12.29,2.64,5.84,0.98,2.58,6.49,3.45,8.07,99.9,34.6,3,spoiled
5.24,12.53,2.65,5.86,0.94,2.62,6.89,3.51,8.1,99.9,34.6,3,spoiled
5.26,12.53,2.67,5.86,0.96,2.62,6.6,3.67,8.1,99.9,34.7,3,spoiled
5.24,12.53,2.65,5.86,0.96,2.61,6.47,3.74,8.03,99.9,34.6,3,spoiled
5.22,12.53,2.64,5.84,0.95,2.62,6.91,3.79,7.97,99.9,34.6,3,spoiled
5.24,12.63,2.64,5.89,0.96,2.64,6.42,3.94,8.03,99.9,34.6,3,spoiled
5.28,12.89,2.67,5.89,0.97,2.61,6.86,4.19,8.23,99.9,34.6,3,spoiled
5.24,12.78,2.64,5.86,0.95,2.65,6.44,4.17,8.1,99.9,34.6,3,spoiled
5.26,12.68,2.65,5.91,0.96,2.67,7.33,4.41,8.1,99.9,34.6,3,spoiled
5.26,12.89,2.64,5.84,0.98,2.67,6.57,4.53,8.13,99.9,34.6,3,spoiled
5.33,12.73,2.67,5.86,0.96,2.67,7.11,4.67,8.1,99.9,34.6,3,spoiled
5.33,12.63,2.65,5.84,0.98,2.65,6.52,4.57,8.26,99.9,34.6,3,spoiled
5.24,12.89,2.65,5.89,0.96,2.65,6.97,4.21,8.26,99.9,34.5,3,spoiled
5.1,12.63,2.65,5.77,0.95,2.59,6.49,3.16,8.16,99.9,34.5,3,spoiled
5.15,12.78,2.64,5.84,0.95,2.61,6.91,3.33,8.1,99.9,34.5,3,spoiled
5.15,12.73,2.65,5.86,0.95,2.61,6.32,3.44,8.0,99.9,34.5,3,spoiled
5.26,12.63,2.67,5.82,0.96,2.61,6.67,3.51,8.07,99.9,34.5,3,spoiled
5.24,12.94,2.67,5.84,0.97,2.64,6.19,3.6,8.0,99.9,34.5,3,spoiled
5.19,12.99,2.64,5.86,0.95,2.67,6.7,3.92,8.0,99.9,34.5,3,spoiled
5.24,12.89,2.78,6.32,0.98,2.62,6.47,4.39,8.07,99.9,34.5,3,spoiled
5.31,12.99,2.65,5.91,0.96,2.65,6.47,4.41,8.07,99.9,34.5,3,spoiled
5.26,12.94,2.64,5.91,0.93,2.67,6.49,4.39,8.0,99.9,34.4,3,spoiled
5.24,12.78,2.64,5.84,0.96,2.65,6.86,4.41,8.03,99.9,34.4,3,spoiled
5.24,12.78,2.64,5.86,0.95,2.64,6.7,3.91,8.0,99.9,34.5,3,spoiled
5.28,12.83,2.67,5.91,0.96,2.67,6.62,3.79,8.07,99.9,34.4,3,spoiled
5.35,12.68,2.67,5.86,0.96,2.62,6.32,3.76,8.1,99.9,34.4,3,spoiled
5.28,12.89,2.65,5.91,0.94,2.64,6.52,3.67,8.07,99.9,34.4,3,spoiled
5.33,12.19,2.67,5.91,0.96,2.64,6.29,3.4,8.0,99.9,34.4,3,spoiled
5.33,12.43,2.67,5.89,0.96,2.62,6.27,3.42,8.0,99.9,34.4,3,spoiled
5.33,12.89,2.67,5.86,0.97,2.62,6.57,3.51,8.07,99.9,34.4,3,spoiled
5.31,12.68,2.67,5.86,0.98,2.59,6.44,3.51,8.07,99.9,34.4,3,spoiled
5.31,12.78,2.67,5.91,0.96,2.64,6.29,3.6,8.1,99.9,34.4,3,spoiled
5.26,12.83,2.65,5.89,0.95,2.67,6.14,3.72,8.13,99.9,34.4,3,spoiled
5.26,12.63,2.64,5.89,0.93,2.64,6.14,3.87,8.1,99.9,34.4,3,spoiled
5.31,12.58,2.67,5.91,0.96,2.67,6.17,4.02,8.13,99.9,34.4,3,spoiled
5.33,12.05,2.62,5.84,0.96,2.64,6.19,4.04,8.07,99.9,34.4,3,spoiled
5.31,13.09,2.62,5.86,0.97,2.62,6.37,4.13,8.07,99.9,34.4,3,spoiled
5.26,12.99,2.59,5.86,0.94,2.64,6.14,4.04,8.07,99.9,34.4,3,spoiled
5.28,13.14,2.62,5.89,0.96,2.61,6.62,3.65,8.13,99.9,34.4,3,spoiled
5.31,13.3,2.61,5.91,0.95,2.64,6.27,3.61,8.16,99.9,34.3,3,spoiled
5.26,13.09,2.61,5.84,0.97,2.61,6.12,3.61,8.13,99.9,34.3,3,spoiled
5.31,13.04,2.61,5.89,0.96,2.62,6.22,3.56,8.1,99.9,34.3,3,spoiled
5.31,13.25,2.59,5.91,0.96,2.59,5.95,3.23,8.1,99.9,34.3,3,spoiled
5.15,13.09,2.59,5.79,0.94,2.52,5.86,2.84,8.1,99.9,34.3,3,spoiled
5.17,13.41,2.59,5.82,0.97,2.53,6.14,2.97,8.13,99.9,34.3,3,spoiled
5.19,13.2,2.61,5.86,0.96,2.55,6.24,3.01,8.07,99.9,34.3,3,spoiled
5.13,13.41,2.59,5.84,0.93,2.58,6.39,3.13,8.1,99.9,34.3,3,spoiled
5.13,13.2,2.61,5.84,0.97,2.55,5.88,3.16,8.19,99.9,34.3,3,spoiled
5.24,13.2,2.62,5.89,0.95,2.58,6.22,3.18,8.03,99.9,34.3,3,spoiled
5.13,13.36,2.59,5.84,0.97,2.53,5.93,3.18,8.1,99.9,34.3,3,spoiled
5.15,13.2,2.64,5.89,0.94,2.58,5.98,3.13,8.0,99.9,34.3,3,spoiled
5.17,13.36,2.65,5.89,0.95,2.55,6.02,3.15,8.03,99.9,34.3,3,spoiled
5.1,13.3,2.62,5.89,0.94,2.58,6.1,3.16,8.0,99.9,34.3,3,spoiled
5.22,13.3,2.64,5.84,0.97,2.56,5.84,3.23,8.0,99.9,34.2,3,spoiled
5.19,13.25,2.65,5.89,0.96,2.53,6.02,3.13,7.97,99.9,34.3,3,spoiled
5.15,13.2,2.65,5.91,0.94,2.58,6.1,3.05,8.0,99.9,34.2,3,spoiled
5.22,13.46,2.64,5.84,0.96,2.53,5.7,3.08,7.97,99.9,34.2,3,spoiled
5.22,13.25,2.64,5.91,0.96,2.59,5.52,3.16,8.07,99.9,34.2,3,spoiled
5.22,13.25,2.65,5.91,0.95,2.58,5.61,3.2,8.03,99.9,34.3,3,spoiled
5.17,13.3,2.62,5.89,0.94,2.59,5.47,3.25,7.94,99.9,34.3,3,spoiled
5.19,13.2,2.64,5.89,0.95,2.58,5.47,3.32,7.97,99.9,34.2,3,spoiled
5.26,13.14,2.62,5.86,0.96,2.58,5.5,3.37,8.03,99.9,34.3,3,spoiled
5.26,13.79,2.65,5.86,0.97,2.58,5.68,3.4,8.0,99.9,34.2,3,spoiled
5.22,12.89,2.62,5.89,0.94,2.61,5.86,3.44,8.03,99.9,34.3,3,spoiled
5.26,12.73,2.64,5.89,0.95,2.59,5.65,3.4,8.03,99.9,34.2,3,spoiled
5.19,12.83,2.62,5.86,0.94,2.58,5.79,3.37,8.0,99.9,34.2,3,spoiled
5.24,12.48,2.64,5.89,0.95,2.59,5.61,3.32,8.0,99.9,34.2,3,spoiled
5.22,12.78,2.61,5.82,0.97,2.56,5.45,3.33,8.07,99.9,34.2,3,spoiled
5.26,12.63,2.65,5.86,0.96,2.58,5.56,3.37,7.94,99.9,34.2,3,spoiled
5.26,12.58,2.64,5.89,0.98,2.56,5.77,3.42,8.1,99.9,34.2,3,spoiled
5.26,12.78,2.64,5.89,0.96,2.58,5.47,3.51,8.07,99.9,34.2,3,spoiled
5.26,12.68,2.64,5.86,0.96,2.58,5.47,3.23,8.0,99.9,34.2,3,spoiled
5.22,12.89,2.62,5.84,0.97,2.53,5.41,3.16,8.1,99.9,34.2,3,spoiled
5.24,12.73,2.62,5.89,0.95,2.58,5.54,3.21,8.03,99.9,34.1,3,spoiled
5.26,12.89,2.64,5.86,0.97,2.56,5.43,3.26,7.97,99.9,34.2,3,spoiled
5.24,12.73,2.64,5.91,0.97,2.64,5.65,3.85,8.0,99.9,34.1,3,spoiled
5.26,12.99,2.64,5.99,0.95,2.68,5.63,3.68,8.03,99.9,34.1,3,spoiled
5.24,12.89,2.64,5.99,0.95,2.67,5.84,3.89,8.0,99.9,34.1,3,spoiled
5.31,12.68,2.62,5.99,0.95,2.67,5.39,3.92,8.0,99.9,34.1,3,spoiled
5.24,12.63,2.62,5.91,0.95,2.67,5.41,3.94,8.1,99.9,34.1,3,spoiled
5.33,12.53,2.65,5.99,0.96,2.65,5.63,4.0,8.07,99.9,34.1,3,spoiled
5.35,12.78,2.64,5.94,0.96,2.65,5.56,4.08,8.1,99.9,34.1,3,spoiled
22.75,15.58,30.66,18.93,44.01,36.16,31.32,47.81,13.29,93.3,29.6,4,excellent
22.44,15.84,27.95,18.68,42.74,35.74,26.09,47.81,13.29,94.2,29.5,4,excellent
22.03,15.26,23.47,18.2,43.37,37.26,30.18,47.81,13.4,94.9,29.4,4,excellent
21.64,15.51,21.32,18.05,42.13,36.16,29.64,47.15,13.4,95.6,29.3,4,excellent
21.16,15.32,19.09,17.82,41.54,35.74,26.09,47.15,14.7,96.2,29.3,4,excellent
20.42,15.32,18.05,17.44,42.44,35.74,25.66,47.15,13.29,96.8,29.3,4,excellent
20.15,15.2,17.3,17.44,41.83,34.12,31.71,47.48,13.13,97.4,29.2,4,excellent
19.71,15.14,16.32,17.3,41.54,36.38,31.12,47.15,13.24,97.9,29.2,4,excellent
18.95,15.2,15.53,17.08,41.83,34.71,25.38,46.83,13.29,98.3,29.2,4,excellent
18.79,15.07,13.86,16.93,41.25,34.91,28.1,46.83,13.29,98.8,29.2,4,excellent
18.08,15.14,12.59,16.65,41.25,34.31,30.74,51.71,14.52,99.2,29.2,4,excellent
17.78,14.95,11.46,16.72,40.96,35.95,31.71,52.48,13.67,99.5,29.2,4,excellent
17.48,14.95,9.99,16.44,41.25,34.31,31.71,45.57,14.52,99.9,29.2,4,excellent
16.76,14.95,8.99,16.44,40.39,33.73,32.94,46.83,13.08,99.9,29.3,4,excellent
16.62,14.95,8.18,16.17,41.25,34.31,27.3,45.88,12.98,99.9,29.3,4,excellent
16.08,14.89,7.55,16.17,41.54,33.73,30.55,43.78,13.08,99.9,29.3,4,excellent
16.01,14.83,7.0,16.11,40.67,33.92,24.69,45.26,13.03,99.9,29.3,4,excellent
15.43,14.89,6.72,15.91,40.67,32.24,23.78,45.26,13.13,99.9,29.3,4,excellent
15.31,14.65,6.04,15.65,40.11,33.92,30.55,45.26,13.13,99.9,29.3,4,excellent
15.06,14.42,5.84,15.84,40.67,34.12,25.24,50.23,14.11,99.9,29.4,4,excellent
15.0,14.77,5.58,15.84,40.39,33.35,28.1,44.66,12.92,99.9,29.4,4,excellent
14.75,14.71,5.39,15.71,40.67,33.35,25.38,43.78,12.92,99.9,29.4,4,excellent
14.64,14.59,5.21,15.65,40.67,34.12,33.15,42.66,14.23,99.9,29.5,4,excellent
14.46,14.59,5.03,15.71,37.23,34.31,25.52,43.22,12.82,99.9,29.5,4,excellent
14.46,14.59,4.92,15.58,39.29,33.54,27.3,46.19,14.06,99.9,29.5,4,excellent
14.4,14.36,4.73,15.52,39.29,33.73,25.52,44.96,12.92,99.9,29.5,4,excellent
14.23,14.3,4.73,15.33,40.11,32.97,30.18,45.26,12.98,99.9,29.6,4,excellent
14.34,12.89,4.62,15.33,39.29,32.97,32.31,45.26,12.87,99.9,29.6,4,excellent
14.28,14.07,4.48,15.33,39.29,35.12,25.1,45.88,12.82,99.9,29.6,4,excellent
14.17,14.01,4.38,15.2,39.02,35.12,25.8,43.22,12.82,99.9,29.6,4,excellent
14.0,13.3,4.31,15.08,39.29,35.32,31.51,45.26,12.82,99.9,29.7,4,excellent
14.06,12.38,4.35,15.2,40.96,34.71,26.53,45.88,13.24,99.9,29.7,4,excellent
14.06,13.2,4.22,15.14,39.83,35.12,33.58,45.57,12.82,99.9,29.7,4,excellent
14.11,13.09,4.24,14.95,39.02,33.92,25.52,45.88,13.83,99.9,29.8,4,excellent
14.11,13.57,4.1,14.95,46.38,33.92,25.52,44.37,12.72,99.9,29.8,4,excellent
13.94,13.63,4.1,15.02,39.56,32.97,24.83,45.26,13.67,99.9,29.8,4,excellent
13.94,13.63,4.04,15.02,39.02,32.07,33.8,43.78,12.72,99.9,29.8,4,excellent
14.06,13.2,4.0,15.02,39.83,33.54,34.25,44.66,12.77,99.9,29.9,4,excellent
13.89,13.36,4.02,14.83,38.76,33.73,24.17,43.78,12.77,99.9,29.9,4,excellent
13.78,13.2,3.98,14.77,39.02,33.73,31.91,44.37,12.72,99.9,29.9,4,excellent
13.94,13.25,3.96,14.83,39.29,33.54,24.96,43.78,12.77,99.9,29.9,4,excellent
13.78,13.41,3.94,14.77,41.83,33.35,30.74,44.07,12.77,99.9,29.9,4,excellent
13.72,13.3,3.91,14.71,39.02,33.16,32.52,42.38,12.67,99.9,30.0,4,excellent
13.78,12.99,3.89,14.65,39.02,32.42,25.52,45.57,12.77,99.9,30.0,4,excellent
13.67,12.83,3.87,14.65,40.67,33.92,25.38,41.32,12.77,99.9,30.0,4,excellent
13.61,13.2,3.85,14.77,37.48,32.79,24.56,46.51,12.62,99.9,30.1,4,excellent
13.72,13.09,3.83,14.53,38.5,33.16,29.11,44.07,12.67,99.9,30.1,4,excellent
13.67,12.94,3.81,14.59,39.02,33.16,28.43,42.94,12.67,99.9,30.1,4,excellent
13.56,12.78,3.79,14.65,38.5,32.61,32.94,45.57,12.57,99.9,30.2,4,excellent
13.61,12.63,3.79,14.47,39.02,32.42,24.69,43.5,12.72,99.9,30.1,4,excellent
13.61,12.68,3.78,14.47,38.24,32.79,25.95,43.78,12.62,99.9,30.1,4,excellent
13.56,12.63,3.74,14.47,36.75,32.61,25.95,44.37,12.62,99.9,30.2,4,excellent
13.5,12.53,3.76,14.42,34.25,32.61,25.24,43.22,12.72,99.9,30.2,4,excellent
13.56,12.58,3.76,14.36,36.99,32.42,24.96,43.22,12.67,99.9,30.2,4,excellent
13.61,12.43,3.72,14.36,37.23,32.07,23.41,45.26,12.57,99.9,30.2,4,excellent
13.5,12.34,3.67,14.47,37.98,33.73,37.13,42.38,12.62,99.9,30.3,4,excellent
13.4,12.34,3.74,14.42,37.48,32.07,25.8,42.94,13.83,99.9,30.3,4,excellent
13.56,12.29,3.72,14.24,37.48,32.24,24.69,43.78,13.72,99.9,30.3,4,excellent
13.34,12.38,3.7,14.3,37.98,32.61,28.6,43.22,12.42,99.9,30.3,4,excellent
13.5,12.38,3.67,14.36,36.75,33.73,31.51,45.57,12.42,99.9,30.4,4,excellent
13.45,12.34,3.67,14.18,34.68,32.42,31.91,42.94,13.5,99.9,30.4,4,excellent
13.34,12.0,3.65,14.3,37.48,32.42,25.66,42.11,12.42,99.9,30.4,4,excellent
13.24,11.9,3.67,14.3,40.11,31.89,30.55,42.38,12.47,99.9,30.4,4,excellent
13.34,11.72,3.65,14.18,43.05,31.89,23.66,40.8,12.47,99.9,30.4,4,excellent
13.18,11.72,3.65,14.3,38.24,31.2,32.52,42.38,12.52,99.9,30.4,4,excellent
13.13,11.77,3.61,14.18,36.75,32.07,31.32,42.66,12.32,99.9,30.5,4,excellent
13.13,11.9,3.59,14.18,36.99,32.24,30.37,42.94,12.27,99.9,30.5,4,excellent
13.34,11.81,3.59,14.18,36.75,31.37,23.66,42.94,12.23,99.9,30.5,4,excellent
13.29,11.63,3.59,14.01,44.34,31.37,26.69,44.37,12.18,99.9,30.5,4,excellent
13.08,11.58,3.63,14.13,36.75,31.71,26.24,41.84,12.42,99.9,30.6,4,excellent
13.13,11.49,3.59,14.13,42.74,29.88,30.74,42.66,13.24,99.9,30.6,4,excellent
13.08,11.72,3.57,13.96,36.99,31.03,24.56,41.84,12.42,99.9,30.6,4,excellent
13.18,11.49,3.57,13.96,36.99,32.07,24.3,40.8,12.37,99.9,30.6,4,excellent
12.98,11.63,3.61,14.07,36.51,30.86,24.69,41.32,12.37,99.9,30.6,4,excellent
12.98,11.72,3.61,13.9,36.27,30.53,24.04,42.94,12.42,99.9,30.6,4,excellent
13.03,11.49,3.57,13.84,35.81,31.03,27.94,40.8,12.37,99.9,30.7,4,excellent
12.87,11.27,3.59,14.01,41.83,30.2,22.8,40.8,12.23,99.9,30.7,4,excellent
12.98,11.27,3.57,13.9,33.62,31.37,24.69,40.54,12.37,99.9,30.7,4,excellent
13.03,11.14,3.54,13.96,35.58,30.04,23.28,41.05,12.27,99.9,30.7,4,excellent
12.98,11.05,3.54,13.96,35.35,28.79,24.17,38.36,12.27,99.9,30.7,4,excellent
12.87,11.22,3.56,13.79,36.51,30.36,26.09,40.8,12.37,99.9,30.8,4,excellent
12.82,10.71,3.54,13.9,36.99,30.04,24.43,41.05,12.23,99.9,30.8,4,excellent
12.87,10.58,3.59,13.9,43.69,30.53,23.41,41.05,12.27,99.9,30.8,4,excellent
12.77,10.46,3.57,13.96,36.75,30.53,24.83,40.8,12.32,99.9,30.8,4,excellent
12.82,10.3,3.59,13.79,36.04,32.42,23.66,42.11,12.27,99.9,30.9,4,excellent
12.72,10.42,3.54,13.96,35.35,31.54,31.51,40.29,12.27,99.9,30.9,4,excellent
12.77,10.42,3.56,13.73,35.81,31.03,24.96,40.54,12.27,99.9,30.9,4,excellent
12.62,10.42,3.56,13.9,36.51,31.03,25.24,40.8,12.13,99.9,30.9,4,excellent
12.57,10.34,3.56,13.79,35.81,29.56,24.04,42.11,13.5,99.9,30.9,4,excellent
12.57,10.18,3.57,13.79,35.58,29.88,23.04,40.54,13.24,99.9,30.9,4,excellent
12.67,10.14,3.52,13.79,34.47,29.1,26.09,41.84,13.13,99.9,31.0,4,excellent
12.62,10.02,3.52,13.84,34.9,29.25,26.84,41.05,12.92,99.9,31.0,4,excellent
12.62,9.9,3.54,13.62,33.0,29.1,31.12,39.79,12.98,99.9,31.0,4,excellent
12.57,9.86,3.52,13.62,34.68,30.36,26.24,40.04,11.99,99.9,31.0,4,excellent
12.47,9.94,3.5,13.79,34.47,31.89,22.68,40.29,12.03,99.9,31.0,4,excellent
12.47,9.79,3.49,13.62,34.9,28.2,23.66,41.32,12.08,99.9,31.1,4,excellent
12.32,9.67,3.54,13.62,35.13,32.24,31.12,38.59,12.13,99.9,31.1,4,excellent
12.37,9.67,3.52,13.68,35.13,28.94,24.43,40.8,11.99,99.9,31.1,4,excellent
12.42,9.75,3.5,13.51,36.04,29.72,23.91,39.3,12.18,99.9,31.1,4,excellent
12.37,9.75,3.5,13.57,34.68,29.56,23.16,38.36,12.08,99.9,31.1,4,excellent
12.23,9.75,3.5,13.51,36.04,28.64,26.84,38.59,12.08,99.9,31.1,4,excellent
12.18,9.71,3.5,13.51,34.68,28.49,22.33,41.05,11.85,99.9,31.2,4,excellent
12.28,9.63,3.49,13.51,33.41,27.62,24.04,39.06,12.72,99.9,31.2,4,excellent
12.13,9.71,3.5,13.41,34.25,27.76,26.53,38.83,11.99,99.9,31.2,4,excellent
12.23,9.67,3.45,13.57,35.13,27.91,28.6,38.83,12.08,99.9,31.2,4,excellent
12.13,9.63,3.45,13.51,34.25,27.76,27.14,38.36,13.13,99.9,31.2,4,excellent
12.08,9.6,3.49,13.35,34.47,27.76,27.78,38.59,12.98,99.9,31.2,4,excellent
12.13,9.67,3.45,13.41,34.47,28.34,23.91,38.83,11.89,99.9,31.3,4,excellent
12.04,9.56,3.47,13.41,33.41,26.66,29.29,40.04,12.92,99.9,31.3,4,excellent
12.08,9.52,3.43,13.41,33.41,27.2,29.64,37.9,11.85,99.9,31.3,4,excellent
12.04,9.56,3.43,13.3,33.83,27.62,26.53,37.9,11.99,99.9,31.3,4,excellent
11.94,9.6,3.45,13.41,33.62,26.79,26.24,38.12,11.85,99.9,31.3,4,excellent
11.94,9.79,3.45,13.25,33.83,26.52,22.8,37.9,12.87,99.9,31.3,4,excellent
12.04,9.75,3.41,13.25,33.41,26.0,22.45,37.67,13.13,99.9,31.4,4,excellent
12.04,9.75,3.41,13.25,33.62,28.2,30.93,37.44,13.13,99.9,31.4,4,excellent
11.89,9.48,3.41,13.35,33.2,27.48,24.3,37.44,12.77,99.9,31.4,4,excellent
11.89,9.86,3.43,13.35,32.8,27.48,27.14,37.9,12.92,99.9,31.4,4,excellent
11.89,9.79,3.41,13.3,33.83,26.66,24.69,38.83,11.75,99.9,31.5,4,excellent
11.89,9.37,3.41,13.19,35.35,26.0,26.69,37.44,11.8,99.9,31.5,4,excellent
11.75,9.3,3.38,13.25,37.98,25.11,21.77,37.9,12.62,99.9,31.5,4,excellent
11.89,9.26,3.36,13.19,33.2,25.11,22.45,38.36,11.75,99.9,31.5,4,excellent
11.94,9.23,3.38,13.19,33.62,24.99,25.8,37.0,11.62,99.9,31.5,4,excellent
11.85,9.26,3.38,13.19,37.98,24.75,20.91,37.9,11.75,99.9,31.5,4,excellent
11.75,9.26,3.38,13.19,32.6,24.39,26.39,37.67,12.87,99.9,31.6,4,excellent
11.71,9.26,3.38,13.19,32.01,24.39,24.43,37.44,12.67,99.9,31.6,4,excellent
11.75,9.09,3.4,13.09,32.6,24.15,23.41,35.93,12.77,99.9,31.6,4,excellent
11.71,9.12,3.36,13.09,32.4,23.58,20.19,35.93,12.47,99.9,31.6,4,excellent
11.71,9.12,3.33,13.04,30.89,23.58,20.7,36.78,11.57,99.9,31.6,4,excellent
11.66,9.12,3.36,12.98,32.4,24.39,26.24,36.57,11.66,99.9,31.6,4,excellent
11.62,9.19,3.33,13.04,34.68,23.47,21.12,36.35,11.75,99.9,31.7,4,excellent
11.48,9.16,3.35,13.04,32.4,22.28,27.78,35.72,11.71,99.9,31.7,4,excellent
11.53,9.16,3.41,13.04,33.0,24.04,24.69,36.35,11.57,99.9,31.7,4,excellent
11.57,9.09,3.31,12.93,32.01,22.49,22.92,36.14,11.71,99.9,31.7,4,excellent
11.39,9.01,3.36,13.04,32.01,22.18,21.22,36.35,12.23,99.9,31.7,4,excellent
11.48,8.98,3.31,12.93,31.63,22.39,21.01,36.14,11.62,99.9,31.7,4,excellent
11.48,8.98,3.33,12.98,32.4,22.28,26.39,37.0,12.62,99.9,31.7,4,excellent
11.35,9.01,3.33,12.83,31.45,22.7,20.49,35.51,12.57,99.9,31.7,4,excellent
11.44,9.09,3.33,12.83,31.63,21.97,26.09,34.71,12.57,99.9,31.8,4,excellent
11.39,8.98,3.31,12.93,33.41,22.28,26.99,35.93,12.67,99.9,31.8,4,excellent
11.26,9.01,3.35,12.88,32.01,21.67,21.55,35.51,12.62,99.9,31.8,4,excellent
11.17,8.94,3.33,12.83,31.63,21.18,21.22,34.91,11.43,99.9,31.8,4,excellent
11.17,8.91,3.33,12.93,31.63,21.37,20.7,35.51,12.62,99.9,31.8,4,excellent
11.3,9.01,3.31,12.88,35.58,20.7,21.01,35.93,12.47,99.9,31.9,4,excellent
11.17,9.16,3.31,12.93,31.26,20.52,25.66,36.14,12.32,99.9,31.8,4,excellent
11.13,8.98,3.29,12.83,31.45,20.89,19.8,35.51,11.52,99.9,31.9,4,excellent
11.17,9.05,3.29,12.88,31.82,20.33,19.23,34.12,11.62,99.9,31.9,4,excellent
11.17,8.94,3.31,12.78,31.07,20.61,19.33,35.11,12.37,99.9,31.9,4,excellent
11.13,8.87,3.28,12.88,31.63,19.53,23.28,35.51,12.67,99.9,31.9,4,excellent
11.08,8.84,3.31,12.93,31.45,20.06,23.91,39.79,12.37,99.9,31.9,4,excellent
11.0,8.8,3.31,12.78,31.63,20.33,24.3,35.11,11.43,99.9,31.9,4,excellent
11.04,8.94,3.35,12.88,32.6,20.24,22.92,35.31,12.62,99.9,32.0,4,excellent
11.04,8.87,3.31,13.04,33.62,20.7,23.16,34.71,11.57,99.9,32.0,4,excellent
11.26,8.67,3.33,12.88,32.8,21.08,21.44,35.93,12.42,99.9,31.9,4,excellent
11.13,8.63,3.38,13.04,32.6,20.8,22.92,37.22,12.27,99.9,32.0,4,excellent
11.26,8.7,3.33,12.98,33.2,21.57,21.22,36.57,12.27,99.9,32.0,4,excellent
11.3,8.6,3.33,13.04,33.41,21.18,20.0,41.32,11.26,99.9,32.0,4,excellent
11.13,8.63,3.35,13.04,33.41,20.99,23.78,36.35,11.52,99.9,32.0,4,excellent
11.13,8.67,3.36,13.09,33.2,20.52,20.6,36.35,12.42,99.9,32.1,4,excellent
11.21,8.57,3.33,12.88,33.0,21.28,19.71,35.51,11.48,99.9,32.1,4,excellent
11.13,8.57,3.36,12.98,31.63,19.19,19.71,35.11,12.32,99.9,32.1,4,excellent
11.35,8.74,3.35,12.83,33.83,18.77,21.88,34.51,11.52,99.9,32.1,4,excellent
11.35,8.6,3.31,12.73,31.45,18.77,20.8,35.51,12.77,99.9,32.2,4,excellent
11.21,8.53,3.35,12.88,30.71,18.21,19.14,34.71,11.39,99.9,32.2,4,excellent
11.17,8.57,3.33,12.83,30.89,19.02,19.42,33.93,12.32,99.9,32.2,4,excellent
11.08,8.5,3.31,12.68,32.6,17.51,21.44,33.93,12.37,99.9,32.2,4,excellent
11.0,8.43,3.31,12.73,30.89,17.29,17.5,33.55,11.48,99.9,32.3,4,excellent
11.0,8.57,3.31,12.73,28.82,16.93,22.22,33.17,12.42,99.9,32.3,4,excellent
11.0,8.53,3.31,12.73,30.18,16.57,17.67,34.51,12.52,99.9,32.3,4,excellent
11.08,8.37,3.29,12.63,28.99,16.78,22.22,33.36,12.42,99.9,32.3,4,excellent
10.95,8.14,3.31,12.68,30.0,16.43,22.56,31.74,12.27,99.9,32.3,4,excellent
11.08,8.33,3.26,12.58,29.66,16.64,21.22,31.74,12.42,99.9,32.3,4,excellent
11.04,8.23,3.24,12.58,29.66,16.02,17.42,31.06,11.3,99.9,32.4,4,excellent
11.08,8.23,3.26,12.58,31.82,16.23,20.91,33.36,12.13,99.9,32.4,4,excellent
10.95,8.17,3.28,12.68,29.49,16.5,17.42,33.55,11.39,99.9,32.4,4,excellent
10.95,8.11,3.28,12.63,28.99,15.83,17.58,33.55,12.23,99.9,32.4,4,excellent
10.95,8.14,3.26,12.63,30.89,16.23,21.01,32.81,11.3,99.9,32.5,4,excellent
10.95,8.11,3.28,12.63,30.18,15.89,19.42,33.55,12.27,99.9,32.5,4,excellent
10.91,8.07,3.24,12.53,28.66,15.76,16.57,33.17,11.26,99.9,32.5,4,excellent
10.83,8.11,3.28,12.63,29.83,15.25,17.26,32.63,11.39,99.9,32.5,4,excellent
10.91,8.01,3.24,12.48,29.49,14.93,19.71,32.99,12.27,99.9,32.5,4,excellent
10.87,7.95,3.24,12.48,29.66,15.5,20.29,32.27,12.13,99.9,32.5,4,excellent
10.78,7.95,3.26,12.58,29.83,14.87,18.0,32.81,12.27,99.9,32.5,4,excellent
10.83,7.98,3.24,12.53,29.49,14.75,17.03,32.45,12.13,99.9,32.6,4,excellent
10.87,7.92,3.26,12.43,30.89,14.33,15.98,32.45,11.26,99.9,32.6,4,excellent
10.83,7.92,3.28,12.53,29.83,14.33,15.91,32.81,12.37,99.9,32.6,4,excellent
10.83,7.88,3.28,12.43,29.49,13.82,18.17,32.45,12.18,99.9,32.6,4,excellent
10.78,7.92,3.22,12.43,29.15,13.99,16.27,31.74,11.89,99.9,32.6,4,excellent
10.74,7.88,3.24,12.38,28.99,13.93,16.2,34.71,11.94,99.9,32.6,4,excellent
10.7,7.95,3.24,12.43,28.18,13.6,18.96,32.63,11.3,99.9,32.6,4,excellent
10.66,7.85,3.21,12.48,29.15,13.54,15.09,30.73,11.26,99.9,32.6,4,excellent
10.74,7.85,3.29,12.38,30.71,13.22,19.23,32.09,12.08,99.9,32.6,4,excellent
10.66,7.79,3.22,12.28,29.15,13.54,19.52,31.23,11.26,99.9,32.6,4,excellent
10.66,7.85,3.24,12.43,29.15,13.01,15.02,32.45,12.32,99.9,32.6,4,excellent
10.62,7.88,3.22,12.48,29.15,13.17,16.42,31.74,11.17,99.9,32.7,4,excellent
10.74,7.79,3.22,12.28,29.32,13.01,15.49,31.4,11.12,99.9,32.7,4,excellent
10.62,7.73,3.22,12.38,28.82,12.75,15.98,31.23,12.08,99.9,32.7,4,excellent
10.7,7.76,3.21,12.38,28.18,12.6,18.87,30.41,11.08,99.9,32.7,4,excellent
10.53,7.73,3.31,12.38,28.5,12.4,14.7,30.25,11.89,99.9,32.7,4,excellent
10.62,7.85,3.21,12.38,28.34,12.5,16.2,31.23,11.12,99.9,32.7,4,excellent
10.62,7.82,3.24,12.28,28.34,12.4,18.08,31.57,12.18,99.9,32.8,4,excellent
10.53,7.76,3.21,12.43,28.5,12.3,14.51,30.25,11.04,99.9,32.7,4,excellent
10.62,7.76,3.19,12.33,28.18,12.35,16.57,30.9,11.94,99.9,32.7,4,excellent
10.66,7.82,3.22,12.28,28.34,12.3,15.7,31.4,12.23,99.9,32.7,4,excellent
10.62,7.85,3.22,12.33,28.66,11.92,18.34,33.55,11.04,99.9,32.7,4,excellent
10.53,7.73,3.24,12.38,28.82,12.01,15.35,31.06,11.17,99.9,32.7,4,excellent
10.53,7.7,3.17,12.23,26.82,12.11,14.32,30.73,11.26,99.9,32.8,4,excellent
10.49,7.7,3.24,12.33,28.34,11.69,15.15,30.73,12.23,99.9,32.8,4,excellent
10.57,7.79,3.22,12.23,27.87,11.59,17.83,33.36,11.94,99.9,32.9,4,excellent
10.45,7.67,3.22,12.28,28.34,11.37,14.76,30.41,11.21,99.9,32.8,4,excellent
10.57,7.58,3.19,12.23,27.56,11.32,13.78,30.73,12.03,99.9,32.8,4,excellent
10.45,7.67,3.24,12.28,28.03,11.15,15.29,30.57,12.08,99.9,32.8,4,excellent
10.53,7.58,3.19,12.23,27.56,10.97,14.38,30.09,11.94,99.9,32.9,4,excellent
10.53,7.64,3.22,12.19,28.34,10.89,17.42,29.0,11.94,99.9,32.9,4,excellent
10.53,7.46,3.17,12.19,27.56,10.84,14.38,30.09,11.04,99.9,32.9,4,excellent
10.41,7.61,3.19,12.28,27.72,10.84,15.42,30.57,10.95,99.9,32.9,4,excellent
10.41,7.4,3.19,12.28,27.87,10.8,14.89,30.25,11.12,99.9,32.9,4,excellent
10.45,7.46,3.19,12.23,25.96,10.84,13.78,29.93,11.75,99.9,32.9,4,excellent
10.53,7.43,3.24,12.14,27.72,10.8,15.84,30.9,11.99,99.9,33.0,4,excellent
10.57,7.46,3.22,12.19,28.34,10.55,14.26,30.57,12.03,99.9,32.9,4,excellent
10.53,7.46,3.24,12.19,28.03,10.39,16.34,30.57,11.89,99.9,32.9,4,excellent
10.49,7.28,3.22,12.28,28.34,10.59,16.05,30.41,12.03,99.9,33.0,4,excellent
10.45,7.37,3.21,12.23,27.56,10.89,16.12,30.73,11.99,99.9,33.0,4,excellent
10.41,7.55,3.19,12.23,27.72,10.34,14.96,30.25,11.17,99.9,33.0,4,excellent
10.41,7.52,3.21,12.23,28.18,10.18,14.96,30.41,11.17,99.9,33.0,4,excellent
10.53,7.37,3.17,12.14,27.87,10.14,13.72,29.77,11.08,99.9,33.1,4,excellent
10.53,7.46,3.22,12.28,27.72,9.91,14.2,29.61,11.94,99.9,33.1,4,excellent
10.37,7.31,3.22,12.23,28.18,10.06,14.7,29.93,10.95,99.9,33.1,4,excellent
10.53,7.43,3.22,12.23,28.03,10.1,13.9,30.73,11.94,99.9,33.1,4,excellent
10.49,7.43,3.21,12.14,28.34,10.03,13.49,31.06,11.75,99.9,33.1,4,excellent
10.62,7.34,3.22,12.33,28.99,10.18,15.15,30.73,12.03,99.9,33.1,4,excellent
10.62,7.31,3.22,12.28,29.32,10.47,15.56,31.23,11.89,99.9,33.1,4,excellent
10.57,7.43,3.22,12.38,28.18,10.39,13.9,30.9,10.99,99.9,33.1,4,excellent
10.62,7.34,3.28,12.43,28.18,10.14,14.63,30.25,12.13,99.9,33.1,4,excellent
10.57,7.28,3.26,12.33,28.5,9.95,14.83,30.73,12.13,99.9,33.2,4,excellent
10.49,7.34,3.33,12.23,28.5,9.87,16.2,29.93,12.03,99.9,33.2,4,excellent
10.57,7.25,3.21,12.19,28.34,9.83,13.66,30.73,10.99,99.9,33.3,4,excellent
10.57,7.28,3.22,12.19,28.03,9.75,14.57,30.25,11.04,99.9,33.3,4,excellent
10.45,7.28,3.24,12.19,27.41,9.6,12.66,28.55,12.08,99.9,33.3,4,excellent
10.45,7.31,3.21,12.14,26.82,9.49,13.15,29.77,11.89,99.9,33.3,4,excellent
10.45,7.19,3.21,12.14,27.72,9.42,14.32,30.09,11.99,99.9,33.3,4,excellent
10.41,7.25,3.22,12.19,27.26,9.34,14.2,29.77,11.99,99.9,33.3,4,excellent
10.49,7.25,3.22,12.23,27.56,9.27,12.4,27.97,11.12,99.9,33.3,4,excellent
10.45,7.25,3.21,12.14,27.11,9.24,13.49,29.93,10.95,99.9,33.3,4,excellent
10.41,7.25,3.22,12.14,28.99,9.24,13.66,29.77,10.99,99.9,33.3,4,excellent
10.45,7.11,3.19,12.14,27.41,9.06,12.77,29.61,12.08,99.9,33.3,4,excellent
10.41,7.11,3.19,12.14,26.96,8.95,15.02,29.77,11.8,99.9,33.4,4,excellent
10.49,6.94,3.22,12.04,27.41,8.81,15.49,29.3,12.08,99.9,33.3,4,excellent
10.37,6.91,3.22,12.19,26.39,8.81,15.09,29.3,12.03,99.9,33.3,4,excellent
10.33,6.8,3.21,12.19,26.82,8.71,12.51,29.3,12.03,99.9,33.3,4,excellent
10.37,6.83,3.21,12.14,26.96,8.57,11.85,28.85,10.91,99.9,33.4,4,excellent
10.37,6.83,3.19,12.09,26.96,8.71,13.78,29.46,10.95,99.9,33.4,4,excellent
10.37,6.8,3.22,12.04,27.72,8.54,14.44,29.3,11.99,99.9,33.4,4,excellent
10.45,6.77,3.19,12.09,26.67,8.61,12.35,31.74,11.99,99.9,33.4,4,excellent
10.33,6.77,3.19,12.09,27.11,8.54,12.45,29.15,10.99,99.9,33.4,4,excellent
10.41,6.74,3.24,12.09,26.82,8.54,14.26,29.61,11.89,99.9,33.4,4,excellent
10.41,6.77,3.22,12.04,28.03,8.47,14.08,29.77,10.82,99.9,33.4,4,excellent
10.45,6.83,3.21,12.19,26.96,8.51,12.66,29.15,11.85,99.9,33.4,4,excellent
10.37,6.77,3.22,12.19,25.02,8.31,14.14,29.77,11.75,99.9,33.4,4,excellent
10.37,6.8,3.22,12.19,26.67,8.34,12.2,27.83,12.08,99.9,33.4,4,excellent
10.37,6.77,3.24,12.09,26.96,8.15,12.25,27.97,11.85,99.9,33.4,4,excellent
10.45,6.8,3.22,11.99,27.41,8.18,12.25,29.15,11.3,99.9,33.4,4,excellent
10.37,6.8,3.22,12.14,26.53,8.18,12.51,29.15,11.94,99.9,33.5,4,excellent
10.45,6.83,3.22,11.95,27.41,8.08,13.9,28.85,10.95,99.9,33.5,4,excellent
10.33,6.83,3.21,12.09,25.96,8.54,12.25,28.7,11.04,99.9,33.5,4,excellent
10.49,6.85,3.21,11.95,27.11,8.24,12.51,29.3,11.99,99.9,33.5,4,excellent
10.41,6.77,3.21,12.04,26.67,8.15,13.49,29.15,11.94,99.9,33.5,4,excellent
10.49,6.83,3.33,11.99,26.67,8.05,12.05,29.46,11.66,99.9,33.5,4,excellent
10.33,6.97,3.21,12.04,25.02,8.05,12.0,29.46,11.85,99.9,33.5,4,excellent
10.45,7.11,3.29,11.95,26.53,7.89,13.66,29.77,10.95,99.9,33.5,4,excellent
10.29,7.14,3.28,11.95,26.39,7.93,12.45,29.15,11.99,99.9,33.5,4,excellent
10.45,7.19,3.24,11.95,26.39,7.83,11.9,29.15,11.89,99.9,33.6,4,excellent
10.37,7.22,3.26,11.99,26.39,7.83,12.3,29.0,11.89,99.9,33.6,4,excellent
10.37,7.05,3.31,11.9,27.11,7.74,11.95,29.77,11.85,99.9,33.5,4,excellent
10.37,7.19,3.22,11.95,26.53,8.02,11.52,29.15,11.71,99.9,33.6,4,excellent
10.33,6.97,3.24,11.99,26.96,7.71,13.15,29.15,10.95,99.9,33.6,4,excellent
10.33,6.99,3.24,12.04,27.56,7.65,11.85,29.0,11.75,99.9,33.6,4,excellent
10.29,6.94,3.26,11.99,27.41,7.68,12.25,29.61,11.89,99.9,33.6,4,excellent
10.33,6.99,3.24,11.99,27.56,7.74,12.93,29.0,11.71,99.9,33.6,4,excellent
10.37,6.91,3.22,11.99,26.67,7.68,12.0,29.15,10.91,99.9,33.6,4,excellent
10.37,6.97,3.26,12.04,30.18,7.59,14.08,29.46,11.71,99.9,33.6,4,excellent
10.41,6.94,3.24,11.99,27.26,7.56,12.15,29.3,10.87,99.9,33.7,4,excellent
10.37,6.85,3.26,11.95,27.72,7.53,12.0,28.85,11.08,99.9,33.7,4,excellent
10.41,6.34,3.26,11.95,26.39,7.44,12.72,29.0,11.94,99.9,33.7,4,excellent
10.33,6.72,3.24,11.9,26.39,7.38,11.66,29.3,12.23,99.9,33.7,4,excellent
10.33,6.74,3.24,11.81,26.53,7.29,13.09,29.0,11.75,99.9,33.7,4,excellent
10.29,6.63,3.22,11.85,27.26,7.32,13.15,28.85,10.91,99.9,33.7,4,excellent
10.33,6.74,3.22,11.81,26.24,7.32,12.1,29.0,11.8,99.9,33.8,4,excellent
10.29,6.74,3.22,11.85,26.53,7.29,11.42,28.41,10.91,99.9,33.8,4,excellent
10.37,6.72,3.24,11.95,29.66,7.21,11.52,29.0,10.91,99.9,33.8,4,excellent
10.33,6.66,3.36,11.95,26.82,7.29,11.8,29.61,11.75,99.9,33.8,4,excellent
10.29,6.55,3.24,11.81,26.24,7.29,11.38,28.55,11.8,99.9,33.8,4,excellent
10.29,6.55,3.24,11.9,27.11,7.26,12.77,29.3,11.85,99.9,33.8,4,excellent
10.29,6.58,3.24,11.76,26.82,7.23,12.25,29.46,11.43,99.9,33.8,4,excellent
10.33,6.5,3.28,11.9,26.82,7.12,12.93,29.15,11.99,99.9,33.8,4,excellent
10.29,6.63,3.22,11.76,27.72,7.06,11.47,29.46,11.62,99.9,33.8,4,excellent
10.45,6.77,3.26,11.85,28.18,7.12,12.88,29.93,11.85,99.9,33.8,4,excellent
10.41,6.69,3.28,11.81,27.41,7.12,10.88,29.46,11.57,99.9,33.8,4,excellent
10.45,6.69,3.24,11.76,27.26,7.15,11.66,29.93,10.74,99.9,33.8,4,excellent
10.45,6.58,3.26,11.81,26.82,7.09,13.21,31.57,11.66,99.9,33.8,4,excellent
10.37,6.53,3.24,11.71,27.41,7.06,13.37,29.77,11.89,99.9,33.8,4,excellent
10.41,6.5,3.26,11.71,28.34,7.01,11.19,29.46,10.57,99.9,33.9,4,excellent
10.45,6.5,3.26,11.76,29.15,6.98,11.42,29.93,11.75,99.9,33.9,4,excellent
10.41,6.47,3.24,11.76,27.41,7.12,11.52,29.93,10.82,99.9,33.9,4,excellent
10.49,6.53,3.26,11.85,27.41,7.15,12.82,32.45,11.75,99.9,33.9,4,excellent
10.37,6.55,3.28,11.85,27.11,7.15,11.47,30.09,11.62,99.9,33.9,4,excellent
10.41,6.74,3.24,11.71,26.96,7.15,12.61,30.25,11.52,99.9,33.9,4,excellent
10.37,6.58,3.35,11.81,27.41,6.98,11.33,30.09,10.7,99.9,34.0,4,excellent
10.33,6.69,3.24,11.71,26.53,7.15,10.79,29.61,11.85,99.9,34.0,4,excellent
10.45,6.69,3.26,11.71,26.67,6.95,12.93,28.7,11.71,99.9,34.0,4,excellent
10.37,6.69,3.28,11.76,26.39,7.01,11.19,29.3,10.91,99.9,34.0,4,excellent
10.29,6.83,3.24,11.67,27.72,7.01,11.52,30.09,10.78,99.9,34.0,4,excellent
10.41,6.8,3.26,11.62,26.96,6.9,11.24,29.77,10.78,99.9,34.1,4,excellent
10.29,6.66,3.28,11.67,25.82,6.87,11.1,29.15,11.71,99.9,34.1,4,excellent
10.37,6.74,3.26,11.53,27.11,6.79,12.4,29.15,10.87,99.9,34.1,4,excellent
10.29,6.8,3.28,11.62,26.1,6.68,11.52,29.15,10.74,99.9,34.1,4,excellent
10.25,6.74,3.28,11.62,26.1,6.6,10.62,29.77,11.66,99.9,34.2,4,excellent
10.17,6.8,3.28,11.49,26.67,6.73,10.37,29.61,10.78,99.9,34.2,4,excellent
10.17,6.55,3.26,11.53,26.24,6.73,11.9,29.3,10.87,99.9,34.2,4,excellent
10.17,6.47,3.24,11.44,26.53,6.54,12.61,29.15,10.78,99.9,34.2,4,excellent
10.13,6.45,3.28,11.4,25.69,6.52,11.66,28.85,11.75,99.9,34.2,4,excellent
10.21,6.47,3.26,11.44,26.82,6.44,11.47,28.85,11.8,99.9,34.2,4,excellent
10.09,6.53,3.28,11.53,28.18,6.62,12.3,29.3,11.8,99.9,34.3,4,excellent
10.25,6.55,3.26,11.49,27.41,6.79,11.42,29.77,11.75,99.9,34.3,4,excellent
10.21,6.47,3.33,11.53,24.76,6.81,11.01,30.25,10.78,99.9,34.2,4,excellent
10.21,6.53,3.29,11.49,26.53,6.68,11.61,30.57,11.75,99.9,34.3,4,excellent
10.21,6.55,3.29,11.58,26.96,6.81,12.77,31.23,11.66,99.9,34.3,4,excellent
10.33,6.45,3.28,11.44,28.5,6.95,12.45,30.9,10.82,99.9,34.3,4,excellent
10.25,6.5,3.28,11.49,27.26,6.87,13.15,30.9,11.75,99.9,34.3,4,excellent
10.33,6.42,3.31,11.44,26.39,6.81,11.15,31.23,11.66,99.9,34.3,4,excellent
10.17,6.37,3.31,11.44,27.87,6.92,12.25,31.74,11.43,99.9,34.3,4,excellent
10.33,6.45,3.29,11.53,29.83,7.26,11.38,32.99,11.8,99.9,34.4,4,excellent
10.37,6.39,3.31,11.62,29.83,7.47,13.9,32.99,10.74,98.8,34.3,4,excellent
10.29,6.39,3.33,11.71,32.4,7.86,11.8,33.36,10.82,98.2,34.3,4,excellent
10.29,6.42,3.33,11.58,30.71,7.86,12.0,33.74,11.57,97.0,34.3,4,excellent
10.33,6.42,3.35,11.53,31.26,7.93,13.84,33.55,11.62,97.9,34.4,4,excellent
10.21,6.39,3.31,11.4,29.83,7.53,11.42,33.36,10.78,99.9,34.4,4,excellent
10.17,6.39,3.33,11.31,27.11,7.38,11.38,32.99,10.74,99.9,34.5,4,excellent
10.09,6.42,3.35,11.4,30.89,7.21,11.33,31.92,11.8,99.9,34.5,4,excellent
10.05,6.45,3.33,11.26,27.11,7.06,11.29,31.4,10.82,99.9,34.5,4,excellent
10.01,6.45,3.31,11.13,26.96,6.92,11.71,31.23,11.34,99.9,34.6,4,excellent
9.97,6.5,3.33,11.13,25.55,6.79,11.1,31.4,11.71,99.9,34.6,4,excellent
9.93,6.42,3.33,11.09,26.39,6.76,11.15,31.06,11.62,99.9,34.6,4,excellent
9.74,6.45,3.29,10.96,26.39,6.62,11.01,30.73,10.7,99.9,34.7,4,excellent
9.78,6.53,3.33,11.04,25.82,6.57,10.93,30.57,11.43,99.9,34.7,4,excellent
9.63,6.5,3.29,10.91,26.53,6.52,12.61,30.9,11.57,99.9,34.7,4,excellent
9.7,6.55,3.29,10.87,28.82,6.39,11.52,29.93,11.39,99.9,34.7,4,excellent
9.63,6.72,3.29,10.83,26.24,6.21,10.04,30.41,11.43,99.9,34.7,4,excellent
9.63,6.8,3.31,10.83,25.42,6.26,10.54,30.41,11.3,99.9,34.7,4,excellent
9.48,6.72,3.24,10.79,25.69,6.13,10.58,30.09,10.7,99.9,34.7,4,excellent
9.44,6.72,3.26,10.79,25.69,6.03,10.88,30.09,11.39,99.9,34.7,4,excellent
9.4,6.72,3.29,10.79,27.56,5.98,10.16,30.57,11.62,99.9,34.8,4,excellent
9.48,6.74,3.28,10.62,25.28,5.88,10.75,29.46,11.39,99.9,34.8,4,excellent
9.44,6.74,3.26,10.62,26.24,5.86,11.38,29.77,10.53,99.9,34.8,4,excellent
9.33,6.66,3.24,10.7,25.96,6.01,12.2,32.81,11.62,99.9,34.8,4,excellent
9.33,6.66,3.24,10.66,25.82,6.03,11.61,30.73,11.26,99.9,34.8,4,excellent
9.33,6.69,3.28,10.62,25.55,6.03,10.2,30.41,11.62,99.9,34.8,4,excellent
9.37,6.66,3.29,10.62,28.03,6.03,13.6,30.09,11.39,99.9,34.8,4,excellent
9.22,6.61,3.24,10.49,25.82,5.81,11.56,29.93,10.57,99.9,34.9,4,excellent
9.29,6.55,3.28,10.49,25.55,5.88,11.24,30.41,11.39,99.9,34.9,4,excellent
9.22,6.58,3.26,10.45,23.88,5.86,10.2,30.41,11.3,99.9,34.9,4,excellent
9.26,6.5,3.29,10.33,25.02,5.76,10.75,31.06,11.62,99.9,34.9,4,good
9.86,6.53,3.24,13.04,40.67,10.47,14.57,37.9,11.48,99.9,34.9,4,good
10.57,6.5,3.26,13.73,42.74,10.8,17.03,40.54,11.04,78.4,34.7,4,good
11.0,6.53,3.4,13.19,32.01,9.24,13.15,39.79,11.21,76.0,34.8,4,good
11.08,6.55,3.35,12.73,28.18,8.08,11.95,35.93,11.26,76.0,34.8,4,good
11.21,6.58,3.35,12.33,27.72,7.47,14.32,34.12,10.49,88.0,34.8,4,good
11.13,6.66,3.33,11.99,25.96,7.15,10.75,33.17,11.21,92.7,34.9,4,good
11.08,6.63,3.33,11.76,22.81,6.87,12.25,32.45,11.39,95.0,34.9,4,good
11.0,6.58,3.29,11.67,25.42,6.68,10.58,31.57,11.26,96.8,35.0,4,good
10.91,6.58,3.28,11.4,24.12,6.39,10.49,31.23,11.26,98.0,35.0,4,good
10.78,6.61,3.28,11.26,24.5,6.36,11.61,30.9,10.41,99.1,35.1,4,good
10.74,6.55,3.24,11.17,23.88,6.21,11.8,30.73,11.21,99.9,35.1,4,good
10.66,6.61,3.26,11.13,22.92,6.06,12.88,30.25,11.21,99.9,35.2,4,good
10.53,6.55,3.22,11.04,23.16,6.03,12.3,29.77,11.17,99.9,35.2,4,good
10.49,6.66,3.26,10.96,24.0,6.03,10.29,31.57,11.21,99.9,35.2,4,good
10.41,6.69,3.22,10.83,23.16,5.91,11.47,30.73,10.29,99.9,35.2,4,good
10.41,6.66,3.21,10.87,22.81,5.88,10.04,30.09,11.04,99.9,35.3,4,good
10.33,6.55,3.21,10.79,23.88,5.81,11.42,30.09,11.12,99.9,35.3,4,good
10.37,6.55,3.24,10.74,21.08,5.69,11.95,27.97,11.21,99.9,35.3,4,good
10.37,6.5,3.19,10.7,22.7,5.69,10.84,29.93,11.08,99.9,35.3,4,good
10.21,6.53,3.17,10.79,22.14,5.62,10.0,29.46,11.26,99.9,35.4,4,good
10.33,6.61,3.19,10.62,22.14,5.5,11.61,29.61,10.99,99.9,35.4,4,good
10.13,6.63,3.14,10.66,22.58,5.53,10.16,30.57,10.25,99.9,35.4,4,good
10.21,6.63,3.16,10.54,25.02,5.43,9.85,29.46,10.21,99.9,35.5,4,good
10.21,6.55,3.19,10.58,22.25,5.39,11.52,30.25,11.21,99.9,35.5,4,good
10.17,6.39,3.16,10.45,23.16,5.41,10.97,30.09,11.08,99.9,35.5,4,good
10.13,6.37,3.14,10.45,22.14,5.39,9.88,29.61,11.17,99.9,35.5,4,good
10.13,6.37,3.14,10.45,21.81,5.28,11.56,29.46,10.82,99.9,35.5,4,good
10.05,6.37,3.11,10.41,21.92,5.21,11.56,27.41,11.17,99.9,35.6,4,good
9.93,6.34,3.11,10.41,21.81,5.23,12.2,28.85,10.99,99.9,35.6,4,good
10.01,6.37,3.09,10.37,21.92,5.14,9.61,29.15,10.13,99.9,35.6,4,good
9.97,6.39,3.12,10.37,21.92,5.12,9.39,28.7,11.12,99.9,35.6,4,good
9.86,6.37,3.09,10.37,20.19,5.12,9.06,28.85,11.17,99.9,35.7,4,good
9.97,6.55,3.11,10.37,24.0,5.08,10.88,28.85,10.87,99.9,35.6,4,good
9.89,6.29,3.12,10.21,21.39,4.97,8.88,28.7,10.91,99.9,35.7,4,good
9.89,6.26,3.11,10.29,17.65,4.67,8.92,25.95,10.95,99.9,35.7,4,good
9.78,6.58,3.11,10.25,18.56,4.61,9.1,25.44,11.08,99.9,35.7,4,good
9.59,6.58,3.04,10.21,18.99,4.55,9.1,24.83,10.99,99.9,35.7,4,good
9.59,6.58,3.09,10.21,19.17,4.59,9.85,24.83,10.13,99.9,35.7,4,good
9.63,6.58,3.07,10.13,20.09,4.59,9.54,24.95,10.99,99.9,35.7,4,good
9.44,6.55,3.02,10.05,20.68,4.59,10.58,25.57,11.08,99.9,35.8,4,good
9.48,6.5,3.06,10.13,19.62,4.57,10.58,25.57,10.99,99.9,35.8,4,good
9.44,6.61,3.04,10.05,19.72,4.57,10.62,26.07,10.09,99.9,35.8,4,good
9.48,6.53,3.06,9.97,20.29,4.55,9.02,25.95,10.78,99.9,35.8,4,good
9.37,6.58,3.04,10.05,20.48,4.51,9.65,25.95,10.91,99.9,35.8,4,good
9.33,6.63,3.02,9.94,21.39,4.49,11.06,26.2,10.91,99.9,35.8,4,good
9.33,6.5,3.04,10.01,20.09,4.55,10.16,29.15,10.05,99.9,35.8,4,good
9.37,6.45,3.02,9.9,22.58,4.47,10.29,26.73,10.87,99.9,35.8,4,good
9.37,6.45,3.04,9.94,20.09,4.51,9.65,27.14,9.97,99.9,35.9,4,good
9.29,6.42,3.02,9.9,20.19,4.47,8.88,26.73,10.74,99.9,35.9,4,good
9.4,6.63,3.06,9.82,20.19,4.45,8.81,26.86,10.91,99.9,35.9,4,good
9.26,6.5,3.01,9.9,20.0,4.45,10.79,26.86,10.65,99.9,35.9,4,good
9.33,6.47,3.02,9.86,19.9,4.41,10.33,26.86,10.82,99.9,35.9,4,good
9.29,6.53,3.02,9.82,19.72,4.39,10.66,26.6,10.95,99.9,35.9,4,good
9.22,6.42,3.01,9.78,20.0,4.35,9.58,26.6,9.97,99.9,35.9,4,good
9.15,6.42,2.99,9.7,20.78,4.35,8.71,25.95,10.91,99.9,35.9,4,good
9.26,6.29,3.01,9.74,20.48,4.41,9.81,26.73,10.01,99.9,35.9,4,good
9.11,6.34,3.02,9.7,19.9,4.35,10.29,26.73,10.95,99.9,35.9,4,good
9.11,6.34,2.99,9.63,20.0,4.29,8.95,26.47,10.78,99.9,35.9,4,good
9.15,6.32,2.99,9.59,20.19,4.31,9.02,25.57,10.7,99.9,36.0,4,good
9.15,6.29,3.01,9.7,19.35,4.31,8.99,26.86,10.65,99.9,36.0,4,good
9.01,6.21,2.97,9.55,19.53,4.19,10.54,26.47,10.65,99.9,36.0,4,good
9.01,6.21,2.99,9.55,20.48,4.27,9.17,26.47,10.74,99.9,36.0,4,good
9.04,6.21,2.99,9.55,19.9,4.39,10.08,26.07,9.97,99.9,36.0,4,good
8.94,6.26,2.97,9.52,20.09,4.23,8.41,26.47,10.7,99.9,36.1,4,good
8.9,6.26,2.96,9.52,19.62,4.23,8.44,25.95,10.01,99.9,36.1,4,good
8.97,6.29,2.99,9.52,19.17,4.17,10.16,26.2,10.74,99.9,36.1,4,good
8.83,6.29,2.96,9.44,20.0,4.17,10.12,26.2,10.65,99.9,36.1,4,good
8.97,6.11,2.97,9.52,19.53,4.19,10.45,26.73,10.53,99.9,36.1,4,good
8.83,6.21,2.96,9.37,20.29,4.17,8.71,26.2,10.01,99.9,36.1,4,good
8.8,6.21,2.97,9.44,20.38,4.23,9.96,25.57,9.85,99.9,36.1,4,good
8.76,6.29,2.92,9.37,20.19,4.19,8.34,27.14,9.89,99.9,36.2,4,good
8.76,6.21,2.94,9.37,20.68,4.19,8.68,26.86,10.7,99.9,36.2,4,good
8.8,6.21,2.94,9.37,19.81,4.15,8.38,27.27,10.65,99.9,36.2,4,good
8.83,6.19,2.97,9.37,19.72,4.19,10.49,27.14,10.53,99.9,36.2,4,good
8.87,6.16,2.96,9.33,19.26,4.12,9.77,26.47,9.93,99.9,36.3,4,good
8.83,6.19,2.94,9.33,19.62,4.15,9.88,27.0,10.7,99.9,36.3,4,good
8.8,6.19,2.92,9.19,19.81,4.12,8.54,26.86,10.74,99.9,36.4,4,good
8.69,6.16,2.92,9.19,19.81,4.1,8.95,27.27,10.53,99.9,36.5,4,good
8.76,6.11,2.94,9.26,18.91,4.23,8.47,26.86,9.81,99.9,36.6,4,good
8.63,6.19,2.92,9.12,19.72,4.08,10.62,26.73,10.53,99.9,36.7,4,good
8.63,6.16,2.91,9.15,19.08,4.08,8.25,26.73,10.53,99.9,36.7,4,good
8.63,6.21,2.91,9.12,16.15,3.91,8.38,23.34,10.57,99.9,36.8,4,good
8.56,6.24,2.94,9.12,17.5,3.87,9.1,22.69,10.78,99.9,36.9,4,good
8.49,6.16,2.91,9.01,17.9,3.87,9.96,23.9,9.7,99.9,36.9,4,good
8.42,6.16,2.91,9.01,17.9,3.89,7.93,23.56,10.57,99.9,36.9,4,good
8.46,6.19,2.89,8.97,17.81,3.89,9.17,24.13,10.45,99.9,37.0,4,good
8.42,6.19,2.91,8.97,18.48,3.89,8.85,24.01,10.45,99.9,37.0,4,good
8.36,6.21,2.89,8.94,18.39,3.89,10.25,23.78,10.45,99.9,37.0,4,good
8.42,6.39,2.91,9.01,18.73,3.93,8.31,24.48,9.7,99.9,37.0,4,good
8.42,6.42,2.92,9.04,18.82,3.95,9.43,24.71,9.66,99.9,37.0,4,good
8.42,6.39,2.91,8.97,21.18,3.91,8.44,25.2,9.7,99.9,36.9,4,good
8.36,6.42,2.91,9.01,19.08,3.98,8.99,25.57,10.37,99.9,36.9,4,good
8.39,6.39,2.91,8.97,21.6,3.96,8.41,25.82,9.74,99.9,36.9,4,good
8.46,6.37,2.91,8.94,19.81,3.96,9.1,25.82,9.7,99.9,36.9,4,good
8.46,6.32,2.92,9.01,19.35,3.98,9.39,27.41,10.78,99.9,36.9,4,good
8.46,6.37,2.91,8.97,19.53,3.96,10.49,25.95,10.41,99.9,36.9,4,good
8.49,6.34,2.92,8.94,18.82,3.95,9.73,26.07,9.66,99.9,36.8,4,good
8.39,6.34,2.91,8.87,18.99,3.95,10.37,27.0,9.74,99.9,36.8,4,good
8.46,6.29,2.92,8.94,16.96,3.87,9.69,25.82,10.41,99.9,36.8,4,good
8.39,6.29,2.92,8.87,17.65,3.87,8.38,24.48,9.59,99.9,36.8,4,good
8.39,6.32,2.91,8.94,17.57,3.85,8.34,23.67,10.41,99.9,36.8,4,good
8.33,6.34,2.89,8.83,17.9,3.84,8.99,23.67,10.41,99.9,36.8,4,good
8.39,6.34,2.92,8.8,19.44,3.95,10.2,24.95,10.45,99.9,36.8,4,good
8.29,6.37,2.89,8.8,17.98,3.85,8.81,24.24,10.33,99.9,36.8,4,good
8.23,6.34,2.88,8.73,18.31,3.84,9.5,24.71,10.25,99.9,36.8,4,good
8.33,6.34,2.89,8.83,20.29,3.82,10.0,25.32,10.05,99.9,36.8,4,good
8.2,6.24,2.89,8.77,19.35,3.84,9.61,25.2,10.37,99.9,36.8,4,good
8.23,6.29,2.89,8.7,20.29,3.95,9.96,26.73,9.62,99.9,36.9,4,good
8.33,6.24,2.91,8.77,20.58,4.02,8.58,28.41,10.37,99.9,36.9,4,good
8.23,6.21,2.89,8.73,19.35,3.98,8.09,26.73,9.62,99.9,36.8,4,good
8.26,6.34,2.91,8.8,19.08,4.0,10.2,27.0,10.41,99.9,36.9,4,good
8.29,6.06,2.88,8.63,22.81,4.15,10.2,28.26,10.45,99.9,36.8,4,good
8.33,6.01,2.89,8.7,20.88,4.1,10.08,29.0,10.37,99.9,36.8,4,good
8.42,6.32,2.92,8.77,21.08,4.1,8.54,30.41,10.53,99.9,36.8,4,good
8.29,6.34,2.88,8.77,19.62,4.1,9.58,29.15,10.49,99.9,36.8,4,good
8.39,6.04,2.92,8.87,18.82,4.04,9.92,28.41,10.25,99.9,36.8,4,good
8.33,6.42,2.88,8.73,19.08,3.96,9.85,27.0,10.33,99.9,36.8,4,good
8.26,6.42,2.88,8.73,19.26,3.96,9.02,27.27,9.55,99.9,36.8,4,good
8.23,6.37,2.88,8.66,18.39,4.02,10.33,27.97,9.59,99.9,36.9,4,good
8.26,6.45,2.86,8.7,17.11,3.96,10.04,27.55,10.13,99.9,36.9,4,good
8.26,6.47,2.91,8.73,17.81,3.89,9.46,27.0,10.25,99.9,36.9,4,good
8.26,6.47,2.89,8.73,17.5,3.96,9.28,25.32,10.29,99.9,36.9,4,good
8.13,6.37,2.86,8.63,17.11,3.91,8.34,24.36,9.44,99.9,37.0,4,good
8.13,6.37,2.88,8.66,17.65,3.84,8.58,25.32,10.33,99.9,37.0,4,good
8.03,6.34,2.86,8.56,18.22,3.87,9.81,25.57,10.41,99.9,37.0,4,good
8.1,6.45,2.91,8.6,18.06,3.87,9.92,25.44,10.29,99.9,37.0,4,good
8.07,6.19,2.89,8.56,17.81,3.87,9.92,25.82,10.21,99.9,37.2,4,good
8.07,6.45,2.88,8.56,17.81,3.87,8.58,26.33,10.29,99.9,37.3,4,good
8.07,6.39,2.89,8.6,17.5,3.87,9.46,25.82,10.25,99.9,37.3,4,good
8.0,6.39,2.86,8.49,14.26,3.73,9.2,23.78,10.09,99.9,37.5,4,good
7.94,6.39,2.88,8.46,15.6,3.69,8.54,21.47,9.97,99.9,37.7,4,good
7.85,6.19,2.86,8.43,16.3,3.74,8.54,22.17,9.93,99.9,37.9,4,good
7.81,6.42,2.88,8.46,16.51,3.71,9.35,22.48,9.97,99.9,38.1,4,good
7.85,6.42,2.88,8.46,16.73,3.71,8.28,22.8,9.4,99.9,38.3,4,good
7.75,6.42,2.84,8.36,16.73,3.69,8.47,22.91,9.4,99.9,38.4,4,good
7.66,6.39,2.86,8.36,16.59,3.65,8.51,22.59,10.01,99.9,38.5,4,good
7.63,6.29,2.84,8.33,15.94,3.62,8.54,21.18,10.01,99.9,38.6,4,good
7.57,6.39,2.84,8.33,15.81,3.58,9.06,21.47,9.85,99.9,38.7,4,good
7.6,6.34,2.86,8.33,15.74,3.62,8.21,21.18,9.97,99.9,38.7,4,good
7.51,6.37,2.86,8.3,16.59,3.6,8.38,21.47,10.01,99.9,38.7,4,good
7.51,6.32,2.86,8.23,18.48,3.67,8.44,24.24,9.29,99.9,38.6,4,good
7.66,6.37,2.89,8.39,17.03,3.67,8.41,24.01,10.13,99.9,38.6,4,good
7.6,6.34,2.84,8.3,16.81,3.65,8.44,23.12,10.09,99.9,38.6,4,good
7.63,6.29,2.84,8.36,16.88,3.65,10.0,23.01,9.93,99.9,38.5,4,good
7.63,6.37,2.84,8.3,16.51,3.58,9.85,23.12,9.36,99.9,38.4,4,good
7.66,6.34,2.84,8.3,17.9,3.65,8.85,23.01,9.33,99.9,38.3,4,good
7.69,6.21,2.86,8.3,15.81,3.64,8.99,21.67,9.29,99.9,38.2,4,good
7.6,6.19,3.04,8.26,18.06,3.62,9.77,23.12,10.17,99.9,38.2,4,good
7.69,6.16,2.86,8.3,17.81,3.71,8.81,24.59,10.05,99.9,38.2,4,good
7.66,6.16,2.86,8.26,17.42,3.76,10.12,24.13,10.01,99.9,38.1,4,good
7.75,6.14,2.88,8.36,17.34,3.69,9.81,23.34,10.09,99.9,38.0,4,good
7.69,6.16,2.84,8.33,17.5,3.67,8.34,23.9,9.36,99.9,38.0,4,good
7.69,6.14,2.86,8.36,18.22,3.74,8.21,23.01,10.21,99.9,37.9,4,good
7.75,6.19,2.89,8.36,16.96,3.71,8.99,24.01,10.01,99.9,37.9,4,good
7.69,6.24,2.86,8.3,16.22,3.69,9.24,22.59,9.93,99.9,37.8,4,good
7.72,6.16,2.89,8.36,16.59,3.65,8.41,21.97,10.05,99.9,37.8,4,good
7.72,6.29,2.88,8.3,16.88,3.65,9.54,23.34,10.01,99.9,37.8,4,good
7.75,6.26,2.88,8.26,17.98,3.69,8.68,26.33,9.48,99.9,37.7,4,good
7.66,6.26,2.86,8.3,17.26,3.71,10.37,24.24,9.29,99.9,37.7,4,good
7.81,6.16,2.68,10.21,37.48,4.31,10.04,36.57,10.61,99.9,37.6,4,good
8.63,6.32,2.83,11.71,37.73,4.88,9.88,38.83,11.48,53.1,37.4,4,good
9.18,6.29,2.8,12.88,38.76,5.25,10.16,41.05,11.52,47.6,37.1,4,good
9.66,6.34,2.84,13.41,38.5,5.5,11.47,42.94,11.85,47.3,36.8,4,good
10.13,6.32,2.88,14.07,40.11,5.84,10.84,44.66,12.18,46.7,36.6,4,good
10.53,6.26,2.94,14.65,41.54,6.08,11.47,46.83,12.18,51.5,36.4,4,good
10.7,6.21,1.95,17.01,42.13,7.32,15.56,48.82,11.85,53.6,36.2,4,good
11.48,6.24,1.5,13.25,31.26,8.44,11.76,43.5,8.52,51.4,35.3,4,good
10.57,5.64,1.39,11.95,21.18,6.7,15.42,40.8,6.0,50.7,35.2,4,good
10.33,6.21,1.41,11.17,17.26,5.79,11.15,36.14,6.99,51.8,35.1,4,good
9.86,5.86,1.44,10.79,15.4,5.23,7.93,32.81,7.16,58.5,35.1,4,good
9.33,5.55,1.49,9.9,14.51,4.86,12.51,29.77,6.05,69.6,35.0,4,good
9.08,5.48,2.96,10.05,15.01,4.69,7.57,30.41,5.93,78.5,35.0,4,good
8.66,5.57,2.48,9.44,14.32,4.43,12.56,26.86,5.69,85.0,35.0,4,good
8.42,5.52,2.73,9.97,13.34,4.23,8.38,25.07,5.64,90.0,35.0,4,good
8.1,6.26,3.09,8.66,13.91,4.13,7.05,22.8,5.57,91.4,35.0,4,good
7.81,6.34,2.27,8.36,12.54,3.85,8.95,21.77,5.4,93.2,35.0,4,good
7.78,6.39,3.02,8.56,13.97,4.04,12.25,21.57,5.38,94.8,35.0,4,good
7.63,6.26,2.44,9.37,14.82,3.95,7.93,21.67,5.38,96.1,35.0,4,good
7.6,6.37,2.06,9.08,11.9,3.82,11.85,21.18,5.31,97.1,35.0,4,good
7.42,6.24,1.96,8.49,11.25,3.65,6.78,17.84,5.29,98.1,35.0,4,good
7.07,6.29,1.85,8.1,11.47,3.62,8.99,16.81,5.2,98.9,35.0,4,good
7.04,6.26,1.82,8.63,12.09,3.58,7.93,16.6,5.13,99.6,35.0,4,good
7.01,6.32,2.96,8.94,13.57,3.58,6.89,17.32,5.2,99.9,35.0,4,good
6.93,6.34,1.97,9.08,14.2,3.64,12.77,18.23,5.15,99.9,35.0,4,good
6.99,6.39,2.03,7.98,13.57,3.65,10.29,18.55,5.13,99.9,35.0,4,good
6.99,6.37,1.78,7.67,13.23,3.71,8.85,19.37,5.13,99.9,35.0,4,good
6.99,6.26,2.06,7.76,12.7,3.71,11.95,19.72,5.15,99.9,35.0,4,good
7.04,6.26,1.74,7.82,13.85,3.73,10.2,20.99,5.13,99.9,35.0,4,good
6.96,6.34,2.36,7.79,13.91,3.8,7.16,23.45,5.17,99.9,35.0,4,good
7.01,6.34,3.16,7.88,14.57,3.76,9.81,22.91,5.15,99.9,35.0,4,good
7.01,6.32,2.0,7.91,11.66,3.69,11.66,19.63,5.11,99.9,35.0,4,good
7.04,6.32,2.02,7.94,11.66,3.6,12.1,18.96,5.13,99.9,35.0,4,good
7.01,6.26,1.99,7.98,11.52,3.62,6.7,18.63,5.15,99.9,35.0,4,good
6.99,6.32,1.88,7.94,12.24,3.58,8.21,18.47,5.11,99.9,35.0,4,good
6.96,6.32,2.16,7.91,13.02,3.58,6.05,19.12,5.11,99.9,35.0,4,good
6.96,6.26,1.83,7.91,12.34,3.62,11.61,19.04,5.11,99.9,35.0,4,good
6.9,6.09,1.82,7.82,12.86,3.6,7.05,20.34,5.09,99.9,35.0,4,good
6.9,6.01,1.79,7.79,12.59,3.6,9.85,20.25,5.13,99.9,35.0,4,good
6.96,6.04,1.78,7.88,12.44,3.6,8.38,20.16,5.15,99.9,35.0,4,good
6.87,6.01,1.78,7.79,12.54,3.57,7.28,19.98,5.06,99.9,35.0,4,good
6.87,5.99,1.77,7.79,12.65,3.57,6.67,20.34,5.17,99.9,35.0,4,good
6.85,5.94,1.71,7.79,12.59,3.57,8.88,20.34,5.22,99.9,35.0,4,good
6.85,6.04,1.73,7.76,12.86,3.55,10.45,20.25,5.17,99.9,35.0,4,good
6.82,5.99,1.73,7.73,12.54,3.6,11.95,19.89,5.2,99.9,35.0,4,good
6.85,5.84,1.77,7.67,12.96,3.51,10.97,19.04,5.15,99.9,35.0,4,good
6.79,5.91,1.75,7.64,12.14,3.57,9.35,19.55,5.17,99.9,35.0,4,good
6.82,5.94,1.74,7.64,12.24,3.51,11.66,19.29,5.24,99.9,34.9,4,good
6.68,5.96,1.73,7.64,11.07,3.46,11.85,17.62,5.02,99.9,34.9,4,good
6.65,5.94,1.74,7.61,11.95,3.5,11.8,17.84,5.06,99.9,34.9,4,good
6.68,5.96,1.75,7.61,12.19,3.5,8.51,18.47,5.04,99.9,34.9,4,good
6.71,5.96,1.74,7.64,11.9,3.5,6.73,18.96,4.98,99.9,34.9,4,good
6.65,5.96,1.78,7.64,13.18,3.51,8.78,21.09,4.98,99.9,34.9,4,good
6.71,5.96,1.79,7.67,11.99,3.53,5.98,19.89,5.0,99.9,34.9,4,good
6.57,5.96,1.82,7.64,10.1,3.46,6.73,17.32,5.0,99.9,34.9,4,good
6.55,5.99,1.77,7.58,9.9,3.44,6.29,13.58,5.02,99.9,34.9,4,good
6.41,6.04,1.73,7.64,10.51,3.32,8.28,12.59,4.93,99.9,34.9,4,good
6.39,6.01,1.77,7.58,11.11,3.39,11.61,13.42,5.0,99.9,34.8,4,good
6.33,5.99,1.78,7.58,11.34,3.36,8.71,13.31,4.89,99.9,34.8,4,good
6.31,5.99,1.9,7.49,11.02,3.38,6.54,13.36,4.89,99.9,34.8,4,good
6.36,5.05,1.83,7.46,12.19,3.44,7.42,14.85,4.89,99.9,34.8,4,good
6.44,4.89,1.86,7.49,11.95,3.46,11.06,14.85,4.95,99.9,34.8,4,good
6.47,4.87,1.79,7.54,13.12,3.51,10.25,15.28,4.93,99.9,34.8,4,good
6.49,4.96,1.79,7.49,12.49,3.5,5.98,16.06,4.93,99.9,34.8,4,good
6.49,4.94,1.78,7.54,13.57,3.51,10.54,18.39,4.93,99.9,34.8,4,good
6.47,4.94,1.78,7.54,12.65,3.55,10.37,18.07,4.93,99.9,34.8,4,good
6.55,4.94,1.78,7.54,11.99,3.5,6.42,16.88,4.91,99.9,34.8,4,good
6.6,4.94,1.81,7.54,12.24,3.51,6.32,16.4,4.95,99.9,34.7,4,good
6.6,4.98,1.79,7.54,11.57,3.46,7.62,15.03,4.98,99.9,34.8,4,good
6.57,4.98,1.82,7.49,11.99,3.5,7.93,14.97,5.0,99.9,34.8,4,good
6.57,5.18,1.82,7.4,12.59,3.44,11.33,15.34,4.98,99.9,34.8,4,good
6.47,5.18,1.74,7.52,12.29,3.39,10.45,14.14,4.91,99.9,34.7,4,good
6.36,5.18,1.82,7.46,11.75,3.41,9.69,13.1,4.89,99.9,34.7,4,good
6.33,5.2,1.85,7.43,11.99,3.39,6.0,12.49,4.91,99.9,34.6,4,good
6.28,5.22,1.93,7.43,11.8,3.41,8.15,13.15,4.93,99.9,34.6,4,good
6.18,5.25,1.92,7.49,11.99,3.36,8.12,12.59,4.91,99.9,34.6,4,good
6.23,5.05,2.09,7.49,11.9,3.36,6.52,12.39,4.89,99.9,34.6,4,good
6.23,5.16,1.79,7.4,12.09,3.17,12.61,12.69,4.89,99.9,34.6,4,good
6.18,5.18,1.88,7.34,12.04,3.36,6.75,12.84,4.84,99.9,34.6,4,good
6.26,6.37,1.83,7.31,12.54,3.38,7.0,13.69,4.89,99.9,34.6,4,good
6.26,6.32,2.78,7.37,13.51,3.43,7.68,16.06,4.84,99.9,34.6,4,good
6.28,6.24,1.86,7.34,13.23,3.43,6.83,15.41,4.91,99.9,34.5,4,good
6.44,6.21,1.86,7.37,13.79,3.44,9.85,15.47,4.95,99.9,34.5,4,good
6.44,6.19,3.01,7.34,13.29,3.44,6.7,15.99,4.93,99.9,34.5,4,good
6.44,6.16,3.02,7.37,14.03,3.48,8.95,18.07,4.98,99.9,34.5,4,good
6.44,6.11,1.83,7.37,13.29,3.46,6.22,16.53,4.98,99.9,34.5,4,good
6.33,6.16,1.85,7.37,12.65,3.46,9.88,16.46,4.89,99.9,34.5,4,good
6.39,6.14,2.86,7.25,14.88,3.44,9.17,16.88,4.91,99.9,34.5,4,good
6.33,6.19,3.04,7.37,14.95,3.39,8.34,16.74,4.95,99.9,34.5,4,good
6.39,6.11,3.09,7.28,14.95,3.41,5.91,16.26,4.93,99.9,34.5,4,good
6.44,6.09,3.06,7.37,15.27,3.39,7.05,16.53,4.95,99.9,34.5,4,good
6.41,6.04,3.04,7.34,14.38,3.38,9.96,15.66,4.98,99.9,34.5,4,good
6.31,6.01,3.07,7.28,15.4,3.41,6.52,16.74,4.89,99.9,34.4,4,good
6.33,6.06,3.07,7.28,14.51,3.41,6.44,16.33,4.98,99.9,34.5,4,good
6.36,6.09,3.09,7.31,14.2,3.36,7.28,14.91,4.98,99.9,34.4,4,good
6.23,6.09,3.11,7.34,14.14,3.32,5.88,14.73,4.98,99.9,34.4,4,good
6.28,6.09,2.06,7.34,13.97,3.31,9.88,13.69,4.93,99.9,34.4,4,good
6.23,6.04,1.95,7.25,11.52,3.31,7.28,13.31,4.98,99.9,34.4,4,good
6.13,6.09,3.16,7.22,12.14,3.27,6.78,12.05,4.89,99.9,34.4,4,good
6.26,6.04,3.12,7.13,13.4,3.26,7.84,12.59,4.89,99.9,34.4,4,good
6.18,6.04,3.11,7.25,12.65,3.27,6.67,11.45,5.0,99.9,34.4,4,good
6.13,6.01,3.14,7.25,13.07,3.22,10.37,11.09,4.95,99.9,34.4,4,good
6.15,5.91,3.12,7.22,12.54,3.26,8.02,11.09,4.95,99.9,34.4,4,good
6.13,5.94,3.16,7.19,13.07,3.26,6.29,11.01,4.89,99.9,34.4,4,good
6.08,5.91,3.16,7.19,12.91,3.21,5.77,10.88,4.93,99.9,34.4,4,good
6.21,5.96,1.9,7.22,12.96,3.22,6.29,11.14,4.91,99.9,34.4,4,good
6.18,5.96,2.1,7.19,11.75,3.22,6.54,11.23,4.89,99.9,34.4,4,good
6.15,5.96,1.81,7.25,11.85,3.22,6.89,11.63,4.95,99.9,34.3,4,good
6.21,5.94,1.78,7.22,11.11,3.24,5.77,11.27,4.98,99.9,34.4,4,good
6.23,5.99,1.99,7.13,11.34,3.26,6.44,10.88,4.89,99.9,34.3,4,good
6.15,5.99,1.66,7.13,10.98,3.19,6.14,11.45,4.93,99.9,34.4,4,good
6.23,6.01,1.69,7.11,11.11,3.26,6.39,11.31,4.89,99.9,34.3,4,good
6.21,6.04,1.89,7.13,10.81,3.22,8.41,11.23,4.93,99.9,34.3,4,good
6.23,6.01,1.74,7.11,10.55,3.19,7.16,10.42,5.0,99.9,34.3,4,good
6.13,6.04,1.88,7.08,10.22,3.19,6.17,9.41,4.89,99.9,34.3,4,good
6.03,6.06,1.71,7.11,10.22,3.14,9.5,9.16,4.91,99.9,34.3,4,good
5.95,6.04,1.7,7.08,10.18,3.16,6.54,8.7,4.89,99.9,34.3,4,good
5.93,5.99,2.19,7.08,10.51,3.09,6.75,8.63,4.87,99.9,34.3,4,good
5.95,5.99,1.67,7.02,10.51,3.11,9.92,8.4,4.84,99.9,34.3,4,good
5.95,5.99,1.71,6.99,10.81,3.09,7.81,8.57,4.91,99.9,34.3,4,good
5.88,6.04,1.78,7.05,10.85,3.08,9.39,8.63,4.87,99.9,34.2,4,good
5.98,6.06,1.74,7.05,10.76,3.11,9.58,8.6,4.89,99.9,34.2,4,good
5.88,5.96,1.81,7.02,10.51,3.09,6.6,8.24,4.87,99.9,34.2,4,good
5.85,5.36,1.85,6.99,10.76,3.09,6.78,7.98,4.84,99.9,34.2,4,good
5.85,6.01,1.67,7.05,10.38,3.08,6.7,7.58,4.84,99.9,34.2,4,good
5.88,6.04,1.62,7.02,10.55,3.08,6.54,7.55,4.87,99.9,34.2,4,good
5.83,6.06,1.66,6.96,10.85,3.04,7.45,7.64,4.89,99.9,34.2,4,good
5.9,5.96,1.63,6.96,10.55,3.09,7.11,7.79,4.82,99.9,34.2,4,good
5.88,6.06,1.65,6.99,10.89,3.06,8.75,7.67,4.95,99.9,34.2,4,good
5.88,6.11,1.63,6.94,10.85,3.08,9.02,7.67,4.89,99.9,34.1,4,good
5.85,6.34,1.62,6.85,10.72,3.04,9.35,7.67,4.76,99.9,34.2,4,good
5.88,6.21,1.62,6.96,10.59,3.04,6.22,7.7,4.87,99.9,34.2,4,good
5.95,6.26,1.65,6.96,11.29,3.03,6.44,7.86,4.93,99.9,34.2,4,good
5.98,6.29,1.66,7.05,10.85,3.06,5.68,7.67,4.93,99.9,34.2,4,good
5.88,6.21,1.62,7.02,10.26,3.04,6.39,6.72,4.91,99.9,34.2,4,good
5.95,6.32,1.66,6.99,10.81,3.01,7.33,6.53,4.95,99.9,34.1,4,good
5.85,6.26,1.63,6.96,10.59,3.01,6.89,6.46,5.02,99.9,34.1,4,good
5.8,6.21,1.66,6.94,10.81,2.99,6.37,6.17,4.89,99.9,34.1,4,good
5.8,6.21,1.66,6.94,11.02,3.03,6.94,6.3,4.84,99.9,34.1,4,good
5.76,6.26,1.66,6.94,11.16,2.98,6.17,6.25,4.87,99.9,34.1,4,good
5.8,6.29,1.66,6.99,11.11,3.01,8.64,6.3,4.84,99.9,34.1,4,good
5.68,6.34,1.63,7.05,10.85,3.01,6.57,5.97,4.84,99.9,34.1,4,good
5.68,6.37,1.67,6.96,11.16,2.98,6.75,5.9,4.82,99.9,34.1,4,good
5.71,6.32,1.66,7.02,11.02,2.98,6.14,5.92,4.82,99.9,34.1,4,good
5.78,6.01,1.66,6.94,11.43,2.99,6.62,5.95,4.82,99.9,34.0,4,good
5.73,6.19,1.66,6.99,11.25,2.98,5.54,5.99,4.91,99.9,34.1,4,good
5.78,6.29,1.66,6.94,11.11,2.99,6.37,5.9,4.82,99.9,34.0,4,good
5.78,6.37,1.66,6.94,11.25,2.98,8.18,5.58,4.82,99.9,34.0,4,good
5.68,6.29,1.65,6.94,10.94,2.95,8.05,5.42,4.87,99.9,34.0,4,good
5.73,6.21,1.66,6.94,11.11,2.98,8.38,5.4,4.84,99.9,34.0,4,good
5.73,6.37,1.67,6.94,10.98,2.96,8.05,5.28,4.82,99.9,34.0,4,good
5.71,6.34,1.69,6.94,11.43,2.95,6.32,5.49,4.87,99.9,34.0,4,good
5.61,6.37,1.67,6.99,11.38,2.95,5.95,5.26,4.89,99.9,34.0,4,good
5.64,6.21,1.67,6.99,9.34,2.96,7.99,4.78,4.84,99.9,34.0,4,good
5.64,6.37,1.66,6.94,11.61,2.9,6.27,5.02,4.87,99.9,34.0,4,good
5.64,6.34,1.66,6.91,12.24,2.91,5.98,5.28,4.82,99.9,34.0,4,good
5.59,6.21,1.67,6.94,11.66,2.95,5.72,5.24,4.8,99.9,34.0,4,good
5.71,6.32,1.71,6.85,11.75,2.93,8.25,5.26,4.89,99.9,34.0,4,good
5.59,6.29,1.79,6.8,10.98,2.91,8.51,5.02,4.76,99.9,34.0,4,good
5.66,6.26,1.85,6.8,11.2,2.91,6.6,5.04,4.82,99.9,34.0,4,good
5.59,6.19,1.7,6.83,10.94,2.91,6.52,4.89,4.76,99.9,34.0,4,good
5.66,6.14,1.7,6.77,10.94,2.91,6.1,4.82,4.82,99.9,33.9,4,good
5.59,6.24,1.69,6.8,10.68,2.88,6.37,4.8,4.93,99.9,33.9,4,good
5.56,6.24,1.73,6.69,11.2,2.91,6.54,5.06,4.8,99.9,33.9,4,good
5.61,6.14,1.74,6.77,11.52,2.91,7.96,4.97,4.8,99.9,33.9,4,good
5.56,6.14,1.7,6.77,11.25,2.88,6.37,4.93,4.8,99.9,33.9,4,good
5.66,6.09,1.82,6.83,11.34,2.93,5.84,4.91,4.89,99.9,33.9,4,good
5.66,6.11,1.75,6.8,11.66,2.93,8.54,4.87,4.87,99.9,33.9,4,good
5.64,6.11,1.78,6.77,11.66,2.9,6.0,4.7,4.8,99.9,33.9,4,good
5.52,6.11,1.75,6.72,11.11,2.82,7.78,4.43,4.76,99.9,33.9,4,good
5.61,6.14,1.83,6.83,11.9,2.9,7.19,4.7,4.87,99.9,33.9,4,good
5.61,6.21,1.93,6.85,11.61,2.91,6.42,4.59,4.87,99.9,33.9,4,good
5.59,6.24,3.04,6.83,11.99,2.85,7.19,4.25,4.8,99.9,33.9,4,good
5.59,6.26,3.09,6.85,12.75,2.85,6.39,4.15,4.8,99.9,33.9,4,good
5.47,6.14,3.07,6.85,12.86,2.79,5.98,4.17,4.84,99.9,33.9,4,good
5.49,6.14,3.09,6.77,13.34,2.8,6.22,4.02,4.84,99.9,33.8,4,good
5.42,6.24,3.04,6.83,13.51,2.79,6.32,4.04,4.87,99.9,33.9,4,good
5.52,6.29,3.06,6.77,13.68,2.82,5.39,4.11,4.82,99.9,33.9,4,good
5.47,6.29,2.07,6.72,12.65,2.82,5.22,4.06,4.8,99.9,33.8,4,good
5.49,6.29,1.61,6.77,12.44,2.82,8.41,4.06,4.82,99.9,33.8,4,good
5.42,6.26,1.57,6.77,11.85,2.8,8.02,4.0,4.78,99.9,33.9,4,good
5.42,6.26,1.62,6.74,11.57,2.85,5.79,4.08,4.74,99.9,33.8,4,good
5.45,6.26,1.67,6.66,11.29,2.84,6.0,4.11,4.72,99.9,33.8,4,good
5.49,6.29,1.61,6.66,11.61,2.82,6.17,4.02,4.78,99.9,33.8,4,good
5.33,6.29,1.63,6.64,11.07,2.76,7.33,3.85,4.67,99.9,33.8,4,good
5.38,6.06,1.63,6.55,11.16,2.8,6.78,3.72,4.65,99.9,33.8,4,good
5.47,6.11,1.77,6.64,11.43,2.8,7.51,3.83,4.8,99.9,33.8,4,good
5.45,6.26,1.74,6.64,11.25,2.79,5.45,3.83,4.78,99.9,33.8,4,good
5.38,6.29,1.62,6.69,11.25,2.77,5.54,3.87,4.78,99.9,33.8,4,good
5.47,6.29,1.63,6.61,11.25,2.82,5.28,3.81,4.74,99.9,33.8,4,good
5.4,6.29,1.65,6.66,10.68,2.79,5.72,3.79,4.8,99.9,33.8,4,good
5.45,6.24,1.63,6.58,10.47,2.84,7.22,3.79,4.72,99.9,33.8,4,good
5.35,6.26,1.63,6.58,10.18,2.74,5.24,3.3,4.8,99.9,33.8,4,good
5.31,6.24,1.62,6.53,10.81,2.77,6.14,3.52,4.78,99.9,33.8,4,good
5.26,6.24,1.61,6.5,10.3,2.79,7.78,3.65,4.72,99.9,33.8,4,good
5.28,6.21,1.61,6.53,10.02,2.76,8.25,3.45,4.72,99.9,33.8,4,good
4.91,6.14,1.61,6.53,11.11,2.77,8.15,3.49,4.74,99.9,33.7,4,good
5.22,6.16,1.61,6.58,11.47,2.76,7.3,3.47,4.74,99.9,33.7,4,good
5.24,6.29,1.61,6.53,11.34,2.73,7.51,3.51,4.8,99.9,33.7,4,good
5.15,6.19,1.59,6.42,10.94,2.73,7.71,3.4,4.7,99.9,33.7,4,good
5.22,6.19,1.63,6.5,10.38,2.74,7.25,3.42,4.74,99.9,33.7,4,good
5.08,6.26,1.63,6.48,11.25,2.68,5.15,3.32,4.67,99.9,33.7,4,good
5.13,6.19,1.61,6.58,10.89,2.73,6.1,3.38,4.7,99.9,33.7,4,good
5.17,6.19,1.62,6.53,11.38,2.73,6.37,3.38,4.7,99.9,33.7,4,good
5.02,6.04,1.58,6.45,10.81,2.68,8.02,3.2,4.61,99.9,33.7,4,good
5.1,6.01,1.59,6.58,11.61,2.7,7.81,3.32,4.7,99.9,33.7,4,good
5.1,6.01,1.63,6.5,11.16,2.7,7.28,3.28,4.78,99.9,33.7,4,good
5.13,6.24,1.61,6.53,11.16,2.73,5.98,3.3,4.74,99.9,33.7,4,good
5.15,6.11,1.61,6.4,11.34,2.71,6.07,3.32,4.63,99.9,33.7,4,good
5.15,6.24,1.62,6.53,11.34,2.73,5.43,3.28,4.72,99.9,33.7,4,good
5.13,6.19,1.59,6.55,10.85,2.7,8.15,3.18,4.63,99.9,33.7,4,good
5.1,5.89,1.62,6.48,11.61,2.7,7.75,3.21,4.57,99.9,33.7,4,good
5.15,6.16,1.61,6.42,11.43,2.71,6.12,3.23,4.61,99.9,33.7,4,good
5.02,6.16,1.58,6.42,11.02,2.67,7.22,3.13,4.47,99.9,33.7,4,good
4.95,6.19,1.58,6.34,10.81,2.67,5.65,3.13,4.53,99.9,33.7,4,good
4.84,6.21,1.59,6.32,10.26,2.59,6.42,3.01,4.41,99.9,33.7,4,good
4.8,6.16,1.59,6.4,10.26,2.58,7.54,2.98,4.43,99.9,33.7,4,good
4.75,6.21,1.59,6.42,10.51,2.59,6.44,2.98,4.43,99.9,33.6,4,good
4.71,6.21,1.57,5.74,10.81,2.9,7.6,2.98,4.39,99.9,33.7,4,good
4.8,6.24,1.58,6.42,11.29,2.61,5.34,3.01,4.45,99.9,33.6,4,good
4.8,6.24,1.62,6.4,11.25,2.59,5.91,3.05,4.43,99.9,33.7,4,good
4.86,6.24,1.59,6.4,11.47,2.67,5.86,3.08,4.41,99.9,33.7,4,good
4.82,6.26,1.58,6.24,10.55,2.59,5.43,2.93,4.39,99.9,33.7,4,good
4.82,6.24,1.61,6.29,11.07,2.62,7.16,2.93,4.33,99.9,33.7,4,good
4.78,6.24,1.61,6.37,11.07,2.53,5.84,2.92,4.39,99.9,33.7,4,good
4.75,6.16,1.58,6.32,10.85,2.58,6.05,2.92,4.35,99.9,33.7,4,good
4.71,6.21,1.57,6.29,10.89,2.56,7.6,2.92,4.31,99.9,33.7,4,good
4.71,6.21,1.59,6.24,11.07,2.55,5.03,2.9,4.33,99.9,33.7,4,good
4.8,6.21,1.58,6.29,10.63,2.62,6.91,2.95,4.39,99.9,33.7,4,good
4.73,6.04,1.58,6.24,10.72,2.58,6.73,2.93,4.37,99.9,33.7,4,good
4.69,6.21,1.57,6.27,10.34,2.58,5.19,2.85,4.27,99.9,33.6,4,good
4.78,6.24,1.59,6.19,10.89,2.58,5.24,2.87,4.27,99.9,33.6,4,good
4.8,6.14,1.58,6.19,10.76,2.59,5.41,2.9,4.31,99.9,33.6,4,good
4.73,6.21,1.59,6.24,11.07,2.56,5.95,2.89,4.27,99.9,33.6,4,good
4.78,6.21,1.58,6.24,11.11,2.59,5.41,2.93,4.33,99.9,33.6,4,good
4.78,6.21,1.57,6.22,11.07,2.61,5.65,2.9,4.29,99.9,33.6,4,good
4.82,6.19,1.61,6.16,11.34,2.56,5.63,2.82,4.37,99.9,33.6,4,good
4.95,5.55,1.63,6.32,12.44,2.64,7.81,2.95,4.41,99.9,33.6,4,good
4.86,6.04,1.62,6.22,11.47,2.59,5.86,2.93,4.39,99.9,33.6,4,good
4.93,5.96,1.63,6.32,11.85,2.62,6.02,2.97,4.43,99.9,33.6,4,good
4.91,6.04,1.55,6.32,11.85,2.62,5.86,2.95,4.41,99.9,33.6,4,good
4.86,6.04,1.57,6.22,12.14,2.59,5.54,2.85,4.39,99.9,33.6,4,good
4.91,6.09,1.57,6.29,13.29,2.58,7.0,2.92,4.35,99.9,33.6,4,good
4.84,6.09,1.53,6.24,12.49,2.61,6.05,2.89,4.35,99.9,33.5,4,good
4.8,6.14,1.55,6.24,12.7,2.55,7.0,2.87,4.33,99.9,33.6,4,good
4.82,5.99,1.57,6.29,13.74,2.58,7.16,2.87,4.43,99.9,33.5,4,good
4.91,6.11,1.55,6.14,13.23,2.62,7.45,2.87,4.41,99.9,33.5,4,good
4.93,6.06,1.57,6.45,13.97,2.62,7.68,2.92,4.45,99.9,33.5,4,good
4.97,6.14,1.55,6.42,14.03,2.65,6.78,2.9,4.49,99.9,33.5,4,good
4.95,6.14,1.57,6.37,13.91,2.64,5.22,2.87,4.51,99.9,33.5,4,good
4.91,6.14,1.55,6.37,14.03,2.62,5.17,2.87,4.41,99.9,33.5,4,good
4.86,6.11,1.57,6.45,14.32,2.59,7.05,2.89,4.49,99.9,33.5,4,good
4.88,6.16,1.57,6.34,13.85,2.58,6.81,2.85,4.45,99.9,33.5,4,good
4.86,6.11,1.52,6.32,13.12,2.61,5.77,2.82,4.45,99.9,33.4,4,good
4.75,5.96,1.53,6.32,13.74,2.52,5.47,2.74,4.41,99.9,33.5,4,good
4.69,5.99,1.53,6.27,13.18,2.52,7.68,2.77,4.33,99.9,33.4,4,good
4.65,5.99,1.52,6.32,13.34,2.5,5.01,2.73,4.37,99.9,33.4,4,good
4.75,6.16,1.03,6.24,13.4,2.52,6.39,2.74,4.35,99.9,33.4,4,good
4.73,6.04,1.54,6.27,13.57,2.52,5.37,2.85,4.31,99.9,33.4,4,good
4.67,5.94,1.52,6.22,12.96,2.52,5.43,2.73,4.31,99.9,33.4,4,good
4.69,5.91,1.53,6.27,13.18,2.55,5.63,2.73,4.31,99.9,33.4,4,good
4.63,5.94,1.54,6.22,12.96,2.5,6.27,2.73,4.29,99.9,33.3,4,good
4.63,6.01,1.53,6.09,12.49,2.49,5.98,2.7,4.25,99.9,33.3,4,good
4.52,6.06,1.49,6.04,11.75,2.41,6.14,2.62,4.17,99.9,33.3,4,good
4.48,6.06,1.49,5.99,12.09,2.43,5.88,2.63,4.13,99.9,33.3,4,good
4.4,6.09,1.48,6.04,12.54,2.38,5.65,2.54,4.15,99.9,33.3,4,good
4.4,6.11,1.53,6.01,12.39,2.4,5.86,2.59,4.21,99.9,33.3,4,good
4.36,6.11,1.49,6.04,12.14,2.4,5.77,2.6,4.17,99.9,33.3,4,good
4.42,6.09,1.53,5.96,12.24,2.41,5.72,2.62,4.17,99.9,33.3,4,good
4.42,6.11,1.5,6.01,12.44,2.38,5.77,2.63,4.15,99.9,33.3,4,good
4.42,5.89,1.5,6.01,12.24,2.41,5.24,2.63,4.11,99.9,33.3,4,good
4.38,5.96,1.5,5.94,12.8,2.4,7.42,2.62,4.11,99.9,33.3,4,good
4.44,6.21,1.49,5.99,12.44,2.43,5.7,2.67,4.11,99.9,33.3,4,good
4.44,6.14,1.52,6.06,11.9,2.4,6.29,2.65,4.17,99.9,33.2,4,good
4.34,6.01,1.52,6.01,11.47,2.37,5.7,2.63,4.05,99.9,33.2,4,good
4.28,6.06,1.52,5.99,12.44,2.33,6.27,2.6,4.07,99.9,33.3,4,good
4.3,5.94,1.52,5.96,12.54,2.38,6.02,2.6,4.23,99.9,33.2,4,good
4.36,5.91,1.52,5.94,11.95,2.38,5.74,2.59,4.09,99.9,33.3,4,good
4.3,6.14,1.52,5.96,12.65,2.37,5.15,2.63,4.11,99.9,33.3,4,good
4.38,6.04,1.49,5.99,12.49,2.4,5.07,2.63,4.15,99.9,33.2,4,good
4.32,6.14,1.5,5.94,12.59,2.4,6.0,2.62,4.11,99.9,33.2,4,good
4.38,5.99,1.53,5.89,12.44,2.4,5.68,2.62,4.25,99.9,33.2,4,good
4.44,6.19,1.55,5.86,12.54,2.37,6.05,2.63,4.21,99.9,33.2,4,good
4.42,6.16,1.54,5.94,12.39,2.38,6.65,2.67,4.17,99.9,33.2,4,good
4.4,6.19,1.52,5.91,12.24,2.37,4.67,2.6,4.13,99.9,33.2,4,good
4.46,6.14,1.55,5.91,12.44,2.38,5.03,2.62,4.21,99.9,33.2,4,good
4.63,5.89,1.53,5.86,13.18,2.35,7.16,2.62,4.07,99.9,33.3,4,good
4.42,5.32,1.5,5.89,12.24,2.4,5.7,2.62,4.17,99.9,33.2,4,good
4.44,5.94,1.53,5.86,12.39,2.35,5.01,2.59,4.21,99.9,33.2,4,good
4.42,5.79,1.55,5.86,12.14,2.38,5.88,2.6,4.25,99.9,33.2,4,good
4.36,5.96,1.52,5.82,11.9,2.37,5.63,2.59,4.13,99.9,33.2,4,good
4.38,5.94,1.5,5.84,11.95,2.37,6.54,2.62,4.11,99.9,33.2,4,good
4.34,6.14,1.52,5.82,11.71,2.37,5.37,2.6,4.03,99.9,33.2,4,good
4.42,6.19,1.54,5.82,12.09,2.38,5.5,2.62,4.13,99.9,33.2,4,good
4.34,6.21,1.54,5.74,12.39,2.3,5.45,2.51,4.17,99.9,33.2,4,good
4.3,6.11,1.52,5.84,12.09,2.33,6.73,2.54,4.11,99.9,33.2,4,good
4.3,6.19,1.5,5.84,12.91,2.34,5.17,2.53,4.05,99.9,33.2,4,good
4.3,6.16,1.54,5.79,12.39,2.3,4.87,2.53,4.09,99.9,33.2,4,good
4.3,6.19,1.5,5.79,12.24,2.31,6.47,2.54,4.01,99.9,33.2,4,good
4.24,6.16,1.52,5.72,11.8,2.33,5.5,2.54,3.99,99.9,33.2,4,good
4.28,5.11,1.54,5.79,11.43,2.34,5.95,2.57,3.99,99.9,33.2,4,good
4.36,6.11,1.54,5.72,11.2,2.35,6.91,2.56,4.07,99.9,33.2,4,good
4.32,6.14,1.53,5.65,11.43,2.33,5.41,2.53,4.11,99.9,33.2,4,good
4.22,6.14,1.54,5.72,11.29,2.31,5.56,2.54,4.11,99.9,33.2,4,good
4.22,6.19,1.57,5.67,11.02,2.3,6.97,2.53,4.07,99.9,33.2,4,good
4.22,6.16,1.55,5.65,10.22,2.28,4.89,2.5,4.05,99.9,33.2,4,good
4.26,6.14,1.55,5.67,11.2,2.28,6.37,2.53,4.05,99.9,33.2,4,good
4.22,6.11,1.63,5.62,11.75,2.25,5.3,2.5,4.05,99.9,33.1,4,good
4.2,5.96,1.65,5.82,11.9,2.3,6.47,2.53,4.13,99.9,33.1,4,good
4.2,6.14,1.7,5.84,12.34,2.3,5.17,2.56,4.07,99.9,33.1,4,good
4.1,6.11,1.58,5.82,11.99,2.3,4.71,2.51,4.09,99.9,33.1,4,good
4.05,6.14,2.61,5.72,12.39,2.23,6.27,2.47,3.92,99.9,33.1,4,good
4.03,6.14,1.83,5.74,12.44,2.25,5.22,2.51,3.97,99.9,33.2,4,good
4.05,6.11,2.14,5.79,12.7,2.27,5.26,2.53,3.97,99.9,33.2,4,good
4.12,6.16,1.71,5.82,13.02,2.28,6.32,2.54,3.96,99.9,33.1,4,good
4.16,6.14,1.83,5.82,13.02,2.28,5.09,2.54,4.09,99.9,33.1,4,good
4.14,6.14,1.57,5.86,12.19,2.31,5.32,2.53,3.96,99.9,33.1,4,good
4.16,6.11,1.55,5.82,12.59,2.33,5.61,2.53,4.09,99.9,33.2,4,good
4.22,5.96,1.55,5.74,12.04,2.31,5.84,2.54,4.07,99.9,33.1,4,good
4.18,5.99,1.65,5.74,12.59,2.27,5.98,2.56,3.96,99.9,33.1,4,good
4.24,5.91,1.5,5.77,12.75,2.31,5.19,2.54,4.01,99.9,33.1,4,good
4.2,5.96,1.65,5.79,12.54,2.31,5.41,2.59,3.96,99.9,33.1,4,good
4.24,6.01,1.59,5.82,12.54,2.34,5.43,2.56,4.05,99.9,33.1,4,good
4.26,6.16,1.59,5.79,12.49,2.35,5.65,2.57,4.13,99.9,33.1,4,good
4.32,6.24,1.62,5.79,12.14,2.37,4.69,2.62,4.11,99.9,33.1,4,good
4.34,6.06,2.73,5.82,13.23,2.37,6.97,2.59,4.19,99.9,33.1,4,good
4.38,6.14,2.72,5.84,14.2,2.34,7.02,2.6,4.15,99.9,33.0,4,good
4.44,6.06,2.8,5.77,13.62,2.34,6.7,2.56,4.15,99.9,33.0,4,good
4.44,6.06,2.83,5.77,13.68,2.35,5.86,2.57,4.19,99.9,33.0,4,good
4.34,6.06,2.8,5.82,13.79,2.34,6.12,2.53,4.17,99.9,33.1,4,good
4.36,5.55,2.8,5.77,13.79,2.3,5.19,2.56,4.19,99.9,33.0,4,good
4.32,6.21,2.8,5.82,13.34,2.33,5.7,2.56,4.11,99.9,33.0,4,good
4.3,6.21,2.81,5.79,13.45,2.34,5.28,2.54,4.21,99.9,33.0,4,good
4.26,6.16,2.78,5.79,13.45,2.33,6.39,2.51,4.27,99.9,33.1,4,good
4.26,6.01,2.81,5.74,13.45,2.31,5.45,2.56,4.11,99.9,33.0,4,good
4.22,6.16,2.78,5.72,13.29,2.31,5.32,2.51,4.17,99.9,33.1,4,good
4.24,6.04,2.8,5.7,14.45,2.28,5.43,2.51,4.23,99.9,33.0,4,good
4.22,6.16,2.78,5.67,13.51,2.33,5.26,2.53,4.31,99.9,33.1,4,good
4.22,6.14,2.76,5.67,12.65,2.31,5.86,2.51,4.07,99.9,33.0,4,good
4.26,5.99,2.78,5.67,11.9,2.34,6.7,2.51,4.13,99.9,33.0,4,good
4.26,6.14,2.78,5.7,13.34,2.33,4.85,2.53,4.15,99.9,33.0,4,good
4.3,6.04,2.81,5.65,12.96,2.31,5.15,2.54,4.17,99.9,33.0,4,good
4.26,6.06,2.81,5.7,12.96,2.34,6.12,2.53,4.09,99.9,33.0,4,good
4.36,6.04,2.81,5.65,12.39,2.33,5.79,2.56,4.09,99.9,33.0,4,good
4.22,6.06,2.8,5.65,12.59,2.33,5.28,2.47,4.15,99.9,33.0,4,good
4.28,5.99,2.78,5.6,12.54,2.33,5.28,2.5,4.07,99.9,33.1,4,good
4.2,6.04,2.81,5.65,11.9,2.3,5.88,2.5,4.11,99.9,33.0,4,good
4.14,6.01,2.73,5.6,13.07,2.24,4.99,2.45,4.11,99.9,33.0,4,good
4.14,6.01,2.73,5.6,13.62,2.27,5.47,2.44,4.07,99.9,33.0,4,good
4.08,6.06,2.7,5.65,13.57,2.24,6.37,2.41,4.07,99.9,33.0,4,good
3.99,6.06,2.73,5.55,13.85,2.18,5.32,2.42,3.73,99.9,33.0,4,good
3.95,6.04,2.72,5.62,13.85,2.23,5.37,2.44,3.97,99.9,33.0,4,good
3.97,6.09,2.72,5.6,13.68,2.24,5.81,2.5,3.92,99.9,33.0,4,good
4.06,5.96,2.7,5.6,13.57,2.28,5.77,2.47,3.97,99.9,33.0,4,good
4.1,6.16,2.73,5.58,13.4,2.3,6.0,2.71,4.01,99.9,33.0,4,good
4.16,6.01,2.72,5.55,13.57,2.3,5.61,2.47,3.94,99.9,33.0,4,good
4.16,6.04,2.72,5.58,13.45,2.3,5.15,2.48,3.97,99.9,33.0,4,good
4.14,6.06,2.7,5.58,13.12,2.27,4.71,2.44,3.99,99.9,33.0,4,good
4.14,6.06,2.7,5.6,12.91,2.27,5.7,2.41,3.99,99.9,33.0,4,good
4.08,6.01,2.7,5.55,13.23,2.24,5.11,2.39,3.86,99.9,33.0,4,good
4.03,6.16,2.73,5.53,12.96,2.18,5.26,2.42,3.88,99.9,33.0,4,good
4.03,6.16,2.7,5.55,13.34,2.23,6.75,2.42,3.94,99.9,33.0,4,good
4.1,6.04,2.72,5.51,13.45,2.21,4.85,2.44,3.84,99.9,33.0,4,good
4.12,6.04,2.73,5.48,13.23,2.21,5.68,2.44,3.86,99.9,33.0,4,good
4.08,6.01,2.73,5.51,13.12,2.23,5.86,2.42,3.73,99.9,33.0,4,good
4.12,6.19,2.72,5.51,12.65,2.24,5.11,2.41,3.86,99.9,32.9,4,good
4.1,6.19,2.73,5.53,14.26,2.2,5.3,2.39,3.86,99.9,33.0,4,good
4.12,6.19,2.73,5.48,13.29,2.2,5.54,2.41,3.92,99.9,33.0,4,good
4.1,6.21,2.75,5.51,12.8,2.23,5.34,2.44,3.71,99.9,33.0,4,good
4.12,6.04,2.72,5.51,12.59,2.25,5.63,2.41,3.94,99.9,33.0,4,good
4.16,5.96,2.73,5.46,12.91,2.23,5.54,2.42,3.84,99.9,33.0,4,good
4.18,5.96,2.8,5.46,12.65,2.24,5.45,2.5,3.84,99.9,33.0,4,good
4.24,5.96,2.8,5.46,11.66,2.25,5.41,2.45,3.92,99.9,33.0,4,good
4.28,5.99,2.76,5.44,11.99,2.25,6.62,2.45,4.03,99.9,33.0,4,good
4.26,5.99,2.75,5.44,12.49,2.27,6.17,2.39,3.9,99.9,33.0,4,good
4.22,6.04,2.7,5.46,11.9,2.27,5.95,2.45,3.94,99.9,33.0,4,good
4.05,6.04,2.68,5.41,12.39,2.18,5.41,2.35,3.9,99.9,32.9,4,good
4.03,6.06,2.7,5.37,12.09,2.17,5.15,2.36,3.88,99.9,32.9,4,good
4.06,6.09,2.72,5.39,12.34,2.16,6.49,2.36,3.75,99.9,32.9,4,good
3.91,6.16,2.7,5.32,11.71,2.14,5.56,2.34,3.82,99.9,32.9,4,good
3.95,6.11,2.68,5.3,12.65,2.14,6.07,2.34,3.9,99.9,32.9,4,acceptable
3.97,6.11,2.67,5.37,11.71,2.2,5.74,2.38,3.9,99.9,33.0,4,acceptable
3.91,6.19,2.72,5.34,12.24,2.17,5.15,2.35,3.86,99.9,32.9,4,acceptable
3.95,5.99,2.7,5.28,12.19,2.18,6.05,2.31,3.81,99.9,33.0,4,acceptable
3.95,5.69,2.72,5.32,12.34,2.2,6.02,2.34,3.79,99.9,32.9,4,acceptable
3.97,5.99,2.72,5.37,12.39,2.21,5.17,2.36,3.77,99.9,32.9,4,acceptable
3.99,6.06,2.68,5.32,11.85,2.23,5.11,2.34,3.86,99.9,32.9,4,acceptable
4.08,6.09,2.68,5.28,11.85,2.25,6.65,2.35,3.9,99.9,32.9,4,acceptable
4.06,6.16,2.7,5.32,11.57,2.23,6.07,2.39,3.77,99.9,32.9,4,acceptable
4.1,6.09,2.7,5.34,11.47,2.27,4.83,2.35,3.88,99.9,33.0,4,acceptable
3.97,6.01,2.68,5.28,10.98,2.2,5.07,2.32,3.79,99.9,32.9,4,acceptable
3.93,5.99,2.72,5.25,11.61,2.16,6.24,2.32,3.75,99.9,33.0,4,acceptable
3.95,5.96,2.72,5.3,11.8,2.17,4.46,2.34,3.73,99.9,32.9,4,acceptable
3.99,6.04,2.72,5.25,11.29,2.17,6.02,2.28,3.84,99.9,32.9,4,acceptable
3.85,6.01,2.67,5.21,11.8,2.16,5.54,2.25,3.84,99.9,32.9,4,acceptable
3.87,6.06,2.67,5.19,11.99,2.14,5.32,2.23,3.84,99.9,32.9,4,acceptable
3.91,6.16,2.65,5.19,11.71,2.18,5.22,2.28,3.79,99.9,33.0,4,acceptable
3.97,6.14,2.7,5.21,11.61,2.2,5.05,2.28,3.82,99.9,32.9,4,acceptable
3.82,6.16,2.67,5.14,12.19,2.13,5.68,2.23,3.82,99.9,32.9,4,acceptable
3.78,6.14,2.67,5.14,11.75,2.13,5.39,2.25,3.82,99.9,32.9,4,acceptable
3.8,6.16,2.67,5.21,11.71,2.14,5.32,2.28,3.86,99.9,32.9,4,acceptable
3.84,6.16,2.65,5.23,10.26,2.14,5.95,2.21,3.71,99.9,32.9,4,acceptable
3.74,6.16,2.64,5.19,12.29,2.11,5.54,2.21,3.71,99.9,32.9,4,acceptable
3.78,6.19,2.67,5.16,12.04,2.11,6.02,2.25,3.64,99.9,32.9,4,acceptable
3.69,6.19,2.64,5.14,11.8,2.11,4.35,2.22,3.66,99.9,32.9,4,acceptable
3.76,6.24,2.67,5.19,12.04,2.1,5.72,2.23,3.64,99.9,32.9,4,acceptable
3.8,6.21,2.65,5.14,12.39,2.16,4.5,2.22,3.71,99.9,32.8,4,acceptable
3.82,6.21,2.73,5.12,11.52,2.11,4.67,2.25,3.66,99.9,32.9,4,acceptable
3.84,6.21,2.7,5.1,11.38,2.14,6.29,2.26,3.66,99.9,32.9,4,acceptable
3.87,6.14,2.7,5.1,10.81,2.16,4.87,2.25,3.68,99.9,32.9,4,acceptable
3.95,6.19,2.67,5.1,11.11,2.18,4.44,2.28,3.73,99.9,32.9,4,acceptable
3.99,6.19,2.65,5.19,10.02,2.2,4.77,2.19,3.86,99.9,32.9,4,acceptable
4.03,6.14,2.7,5.14,10.94,2.18,5.26,2.21,3.73,99.9,32.8,4,acceptable
4.01,6.19,2.72,5.21,10.68,2.2,5.26,2.23,3.75,99.9,32.9,4,acceptable
3.95,6.16,2.7,5.16,9.9,2.18,5.58,2.21,3.79,99.9,32.9,4,acceptable
3.95,6.11,2.68,5.14,10.34,2.16,5.41,2.19,3.79,99.9,32.8,4,acceptable
3.95,6.19,2.65,5.14,10.89,2.17,6.0,2.21,3.86,99.9,32.8,4,acceptable
3.99,6.14,2.67,5.16,10.68,2.2,5.26,2.21,3.79,99.9,32.8,4,acceptable
3.95,6.14,2.68,5.16,10.06,2.18,5.15,2.23,3.88,99.9,32.8,4,acceptable
4.01,6.16,2.68,5.16,10.72,2.17,5.54,2.23,5.52,99.9,32.8,4,acceptable
3.91,6.19,2.68,5.16,11.95,2.13,5.13,2.18,6.9,99.9,32.8,4,acceptable
3.91,6.16,2.68,5.16,12.14,2.1,5.5,2.13,6.63,99.9,32.8,4,acceptable
3.84,6.24,2.65,5.19,11.99,2.11,4.33,2.15,6.05,99.9,32.8,4,acceptable
3.87,6.24,2.81,5.44,11.85,2.11,5.11,2.12,6.68,99.9,32.8,4,acceptable
3.99,6.21,2.67,5.14,12.34,2.16,5.88,2.16,6.65,99.9,32.8,4,acceptable
4.01,6.09,2.65,5.16,12.09,2.2,5.15,2.18,6.71,99.9,32.8,4,acceptable
4.1,6.11,2.68,5.23,11.61,2.18,4.69,2.22,6.79,99.9,32.8,4,acceptable
4.12,6.19,2.67,5.21,11.9,2.21,4.54,2.16,6.79,99.9,32.8,4,acceptable
3.89,6.09,2.65,5.14,11.85,2.1,4.35,2.12,6.85,99.9,32.9,4,acceptable
3.89,6.11,3.04,5.21,11.34,2.11,4.93,2.11,6.6,99.9,32.8,4,acceptable
3.82,6.11,2.67,5.14,11.95,2.06,5.15,2.08,6.76,99.9,32.8,4,acceptable
3.76,6.24,2.65,5.19,11.34,2.09,5.07,2.09,6.74,99.9,32.9,4,acceptable
3.8,6.24,2.67,5.14,11.85,2.07,5.61,2.08,6.82,99.9,32.8,4,acceptable
3.82,6.26,2.64,5.3,11.66,2.13,5.01,2.12,6.76,99.9,32.8,4,acceptable
3.91,6.26,2.68,5.19,11.66,2.16,5.86,2.12,6.93,99.9,32.8,4,acceptable
4.01,6.11,2.68,5.14,11.52,2.17,4.54,2.15,6.85,99.9,32.8,4,acceptable
3.71,6.09,2.64,5.05,10.59,2.03,4.37,2.08,6.74,99.9,32.8,4,acceptable
3.8,6.16,2.67,5.07,11.25,2.06,4.75,2.08,6.82,99.9,32.8,4,acceptable
3.82,6.26,2.68,5.07,11.29,2.07,5.17,2.05,6.47,99.9,32.8,4,acceptable
3.74,6.19,2.65,5.12,10.63,2.09,5.05,2.11,6.55,99.9,32.8,4,acceptable
3.8,6.11,2.67,5.1,11.02,2.06,5.72,2.05,6.65,99.9,32.8,4,acceptable
3.71,6.06,2.65,4.96,10.89,2.11,4.97,2.06,6.57,99.9,32.8,4,acceptable
3.76,6.16,2.65,5.12,10.81,2.11,4.4,2.09,6.34,99.9,32.8,4,acceptable
3.85,6.29,2.68,5.07,10.89,2.1,5.45,2.06,6.6,99.9,32.7,4,acceptable
3.91,6.24,2.67,5.03,10.63,2.07,5.52,2.09,6.23,99.9,32.8,4,acceptable
3.87,6.14,2.64,5.07,10.43,2.1,5.93,2.09,6.68,99.9,32.7,4,acceptable
3.91,6.19,2.67,5.07,10.59,2.1,5.01,2.06,6.52,99.9,32.8,4,acceptable
4.01,6.21,2.67,5.07,9.3,2.16,4.99,2.09,6.71,99.9,32.7,4,acceptable
3.95,6.14,2.68,5.12,9.94,2.11,6.07,2.08,6.85,99.9,32.7,4,acceptable
3.95,6.21,2.68,5.1,10.18,2.07,4.83,2.08,6.71,99.9,32.7,4,acceptable
4.01,6.21,2.7,5.16,9.98,2.11,6.0,2.05,7.01,99.9,32.7,4,acceptable
3.67,6.16,2.65,5.12,9.15,2.1,5.19,2.06,6.96,99.9,32.7,4,acceptable
3.93,6.24,2.68,5.12,9.86,2.14,6.24,2.05,6.99,99.9,32.7,4,acceptable
3.97,6.09,2.68,5.12,9.6,2.11,4.77,2.04,7.07,99.9,32.7,4,acceptable
3.93,6.16,2.65,5.07,9.45,2.1,4.99,2.05,6.93,99.9,32.6,4,acceptable
3.99,6.09,2.68,5.1,8.87,2.14,5.54,2.08,6.87,99.9,32.7,4,acceptable
4.03,6.01,2.65,5.03,7.56,2.13,4.85,2.04,6.93,99.9,32.6,4,acceptable
4.05,6.06,2.65,5.07,7.95,2.13,5.22,2.02,6.9,99.9,32.7,4,acceptable
3.91,6.06,2.64,5.1,8.11,2.11,6.0,2.01,6.99,99.9,32.6,4,acceptable
3.93,6.06,2.65,5.05,8.11,2.09,4.95,2.01,6.79,99.9,32.6,4,acceptable
4.01,6.14,2.65,4.96,6.9,2.13,4.48,2.09,6.55,99.9,32.6,4,acceptable
4.12,6.21,1.55,4.99,5.09,2.11,5.45,2.05,6.79,99.9,32.6,4,acceptable
3.97,6.21,1.45,4.99,5.75,2.03,4.52,2.02,6.71,99.9,32.6,4,acceptable
3.89,6.21,1.43,4.94,6.01,2.03,5.03,2.02,6.96,99.9,32.6,4,acceptable
3.91,6.19,1.46,5.01,5.84,2.09,4.95,2.01,7.01,99.9,32.6,4,acceptable
3.93,6.11,1.46,4.96,5.66,2.07,6.0,2.01,7.1,99.9,32.6,4,acceptable
3.89,6.24,1.44,4.99,5.19,2.14,4.87,2.05,7.07,99.9,32.5,4,acceptable
3.95,6.21,1.49,4.99,5.13,2.11,4.52,2.05,7.04,99.9,32.6,4,acceptable
3.82,6.21,1.46,4.94,5.54,2.03,5.43,2.05,6.9,99.9,32.6,4,acceptable
3.87,6.14,1.48,5.01,4.9,2.07,4.65,2.01,6.87,99.9,32.6,4,acceptable
3.85,6.24,1.45,5.07,5.52,2.14,5.56,2.09,6.9,99.9,32.6,4,acceptable
3.97,6.09,1.45,5.07,5.0,2.18,5.91,2.09,6.74,99.9,32.5,4,acceptable
3.85,6.11,1.45,4.9,5.11,2.04,4.69,2.01,7.04,99.9,32.5,4,acceptable
3.87,6.16,1.46,5.05,5.45,2.11,5.22,2.05,6.96,99.9,32.5,4,acceptable
3.91,6.14,1.46,5.1,5.23,2.16,5.5,2.05,7.1,99.9,32.5,4,acceptable
4.01,6.14,1.48,5.07,5.26,2.13,6.05,1.99,7.1,99.9,32.5,4,acceptable
3.95,6.14,1.48,5.05,5.13,2.1,5.07,2.02,6.65,99.9,32.5,4,acceptable
3.85,6.19,1.46,4.96,5.11,2.04,4.22,1.99,6.96,99.9,32.5,4,acceptable
3.84,6.16,1.45,4.96,5.28,2.09,4.93,1.98,6.99,99.9,32.5,4,acceptable
3.97,6.32,1.45,4.99,5.06,2.1,4.89,2.01,6.99,99.9,32.4,4,acceptable
4.06,6.24,1.49,5.05,3.46,2.13,6.0,2.04,7.07,99.9,32.4,4,acceptable
3.97,6.26,1.46,5.05,4.33,2.1,4.81,2.02,6.9,99.9,32.5,4,acceptable
4.01,6.26,1.48,4.92,3.83,2.03,6.0,1.98,6.99,99.9,32.5,4,acceptable
3.99,6.29,1.45,4.96,3.98,2.09,5.19,1.99,7.04,99.9,32.4,4,acceptable
3.97,6.21,1.48,5.01,4.13,2.09,4.81,1.98,6.93,99.9,32.4,4,acceptable
4.05,6.26,1.49,5.01,4.09,2.09,4.24,2.02,6.76,99.9,32.4,4,acceptable
4.08,6.19,1.49,4.96,3.76,2.11,5.58,2.04,6.99,99.9,32.4,4,acceptable
4.16,6.19,1.48,4.99,3.71,2.14,5.79,2.04,7.01,99.9,32.4,4,acceptable
4.2,6.24,1.48,5.01,3.33,2.17,6.1,2.05,7.01,99.9,32.4,4,acceptable
4.26,6.26,1.49,5.07,2.93,2.17,5.39,2.05,7.16,99.9,32.4,4,acceptable
4.34,6.14,1.49,5.01,2.6,2.2,4.91,2.05,7.07,99.9,32.4,4,acceptable
3.85,6.32,1.48,4.81,2.6,2.02,5.52,1.95,7.04,99.9,32.4,4,acceptable
3.84,6.32,1.45,4.99,2.7,2.06,4.63,1.98,6.93,99.9,32.4,4,acceptable
3.99,6.32,1.45,4.96,2.6,2.13,4.46,1.99,6.96,99.9,32.4,4,acceptable
4.01,6.32,1.49,4.99,2.44,2.09,5.86,1.97,6.93,99.9,32.4,4,acceptable
3.99,6.09,1.45,4.96,2.51,2.1,5.72,1.93,7.01,99.9,32.4,4,acceptable
4.08,6.34,1.5,4.9,2.33,2.11,5.91,1.94,6.9,99.9,32.4,4,acceptable
4.1,6.21,1.48,4.99,2.19,2.13,4.42,1.95,6.99,99.9,32.4,4,acceptable
4.08,6.32,1.49,4.96,2.51,2.13,4.79,1.98,7.04,99.9,32.4,4,acceptable
4.14,6.32,1.5,5.03,2.37,2.14,5.79,2.04,7.01,99.9,32.4,4,acceptable
3.82,6.34,1.46,4.84,2.21,1.99,5.13,1.9,7.01,99.9,32.4,4,acceptable
3.93,6.21,1.46,4.96,2.17,2.04,4.75,1.94,6.93,99.9,32.4,4,acceptable
4.03,6.26,1.5,4.9,2.27,2.04,4.37,1.95,6.99,99.9,32.4,4,acceptable
3.99,6.34,1.52,4.96,2.11,2.1,5.03,2.01,6.96,99.9,32.4,4,acceptable
4.1,6.32,1.53,4.94,2.07,2.07,4.87,1.95,7.07,99.9,32.4,4,acceptable
4.08,6.14,1.5,4.94,2.07,2.07,4.24,1.93,7.1,99.9,32.4,4,acceptable
3.89,6.21,1.46,4.94,2.07,2.07,4.69,1.93,7.07,99.9,32.4,4,acceptable
4.03,6.32,1.5,4.88,1.94,2.07,4.95,1.94,7.01,99.9,32.4,4,acceptable
4.03,6.26,1.49,4.84,1.62,2.07,4.81,1.91,7.07,99.9,32.4,4,acceptable
3.95,6.21,1.48,4.9,1.9,2.07,4.97,1.9,7.1,99.9,32.4,4,acceptable
4.05,6.29,1.5,4.94,1.9,2.1,4.77,1.93,7.04,99.9,32.4,4,acceptable
4.12,6.34,1.5,4.96,1.84,2.1,5.41,1.93,7.19,99.9,32.5,4,acceptable
4.24,6.19,1.54,4.96,1.89,2.11,5.13,1.98,7.13,99.9,32.4,4,acceptable
4.05,6.32,1.5,4.94,1.8,2.09,4.63,1.95,7.1,99.9,32.4,4,acceptable
4.24,6.09,1.52,4.94,1.71,2.1,4.89,1.99,7.04,99.9,32.4,4,acceptable
4.34,6.26,1.55,4.96,1.67,2.17,4.89,2.06,7.1,99.9,32.4,4,acceptable
4.42,6.11,1.55,4.96,1.6,2.17,5.37,1.99,7.19,99.9,32.4,4,acceptable
3.91,6.29,1.54,4.77,1.56,2.02,5.54,1.88,7.16,99.9,32.4,4,acceptable
3.84,6.14,1.52,4.88,1.55,1.99,5.74,1.83,7.04,99.9,32.4,4,acceptable
3.93,6.19,1.5,4.88,1.66,2.03,4.22,1.87,7.13,99.9,32.3,4,acceptable
3.99,6.16,1.49,4.96,1.6,2.09,5.24,1.93,6.96,99.9,32.3,4,acceptable
4.08,6.32,1.52,4.88,1.58,2.11,5.11,1.97,6.9,99.9,32.3,4,acceptable
4.2,6.32,1.57,4.9,1.51,2.16,4.75,1.94,7.1,99.9,32.3,4,acceptable
3.63,6.34,1.61,4.86,1.57,1.98,4.69,1.88,7.07,99.9,32.3,4,acceptable
4.01,6.32,1.53,4.88,1.58,2.02,5.22,1.91,6.96,99.9,32.3,4,acceptable
4.06,6.32,1.54,4.88,1.54,2.07,5.39,1.91,7.07,99.9,32.3,4,acceptable
4.08,6.32,1.53,4.88,1.52,2.07,4.99,1.97,7.04,99.9,32.3,4,acceptable
4.06,6.34,1.52,4.9,1.34,1.98,5.07,1.87,7.07,99.9,32.2,4,acceptable
4.03,6.26,1.53,4.9,1.45,2.02,5.03,1.91,7.1,99.9,32.2,4,acceptable
4.05,6.26,1.52,5.48,1.41,2.09,4.83,1.97,7.04,99.9,32.3,4,acceptable
4.16,6.32,1.57,4.88,1.32,2.16,5.15,1.98,7.07,99.9,32.2,4,acceptable
4.01,6.29,1.54,4.9,1.4,1.96,4.06,1.87,7.01,99.9,32.2,4,acceptable
4.01,6.26,1.53,4.86,1.4,2.0,4.1,1.88,7.01,99.9,32.2,4,acceptable
3.97,6.37,1.54,4.84,1.38,2.09,4.65,1.95,7.07,99.9,32.2,4,acceptable
4.05,6.42,1.66,4.88,1.4,2.07,5.05,1.9,7.04,99.9,32.2,4,acceptable
3.95,6.29,1.65,4.9,1.39,1.95,4.71,1.88,6.99,99.9,32.2,4,acceptable
3.97,5.86,1.59,4.92,1.38,2.04,4.79,1.9,7.04,99.9,32.2,4,acceptable
4.01,6.14,1.57,4.75,1.32,2.06,5.07,1.93,7.04,99.9,32.2,4,acceptable
4.08,6.21,1.62,4.94,1.3,2.14,5.13,1.93,7.07,99.9,32.2,4,acceptable
4.12,6.14,1.58,4.99,1.28,2.16,4.85,1.95,7.04,99.9,32.2,4,acceptable
4.2,6.42,1.57,4.99,1.25,2.18,4.19,1.97,7.04,99.9,32.2,4,acceptable
3.99,6.42,1.66,4.86,1.26,1.95,5.11,1.87,6.99,99.9,32.2,4,acceptable
3.89,6.39,1.62,4.9,1.27,1.98,4.59,1.87,7.01,99.9,32.2,4,acceptable
3.97,6.29,1.61,4.81,1.26,2.02,4.52,1.93,6.87,99.9,32.2,4,acceptable
4.03,6.29,1.65,4.81,1.25,2.11,4.63,1.93,7.04,99.9,32.2,4,acceptable
4.12,6.24,1.69,4.9,1.2,2.14,4.31,1.95,6.99,99.9,32.2,4,acceptable
4.22,6.29,1.63,4.92,1.18,1.98,4.93,1.87,6.96,99.9,32.2,4,acceptable
4.08,6.37,1.62,4.88,1.24,2.04,4.97,1.91,6.96,99.9,32.1,4,acceptable
4.18,6.34,1.62,4.88,1.13,2.07,4.95,1.87,7.01,99.9,32.2,4,acceptable
4.06,6.26,1.61,4.9,1.21,2.1,4.81,1.91,7.01,99.9,32.1,4,acceptable
4.18,6.29,1.59,4.94,1.17,1.99,4.44,1.9,7.1,99.9,32.1,4,acceptable
4.1,6.34,1.57,4.9,1.19,2.09,4.79,1.91,7.07,99.9,32.1,4,acceptable
4.06,6.32,1.55,4.88,1.18,2.02,4.95,1.9,6.99,99.9,32.1,4,acceptable
4.24,6.34,1.63,4.86,1.17,2.09,4.79,1.93,6.99,99.9,32.1,4,acceptable
4.2,6.34,1.7,4.94,1.1,1.99,5.03,1.9,6.96,99.9,32.1,4,acceptable
4.06,6.32,1.69,5.16,1.13,1.98,4.44,1.84,6.96,99.9,32.1,4,acceptable
4.03,6.21,2.62,6.22,1.2,2.02,4.65,1.84,7.01,99.9,32.1,4,acceptable
4.08,6.19,2.61,6.8,1.18,1.99,4.87,1.86,6.93,99.9,32.1,4,acceptable
3.99,6.26,2.61,4.73,1.21,1.96,4.42,1.87,6.85,99.9,32.1,4,acceptable
4.06,6.34,2.64,4.5,1.22,2.03,4.29,1.88,6.96,99.9,32.1,4,acceptable
4.12,6.29,2.61,4.67,1.17,2.1,5.65,1.93,6.99,99.9,32.1,4,acceptable
4.16,6.26,2.64,4.56,1.14,1.9,4.44,1.8,6.99,99.9,32.1,4,acceptable
4.01,6.34,2.59,4.54,1.14,1.98,4.06,1.86,6.82,99.9,32.1,4,acceptable
4.05,6.26,2.61,4.54,1.15,2.04,4.81,1.9,6.79,99.9,32.1,4,acceptable
4.06,6.32,2.62,4.52,1.08,1.98,5.39,1.83,6.93,99.9,32.1,4,acceptable
3.99,6.21,2.78,4.75,1.17,2.02,4.55,1.88,6.82,99.9,32.1,4,acceptable
4.12,6.39,2.64,4.6,1.15,2.07,4.89,1.94,6.85,99.9,32.1,4,acceptable
4.22,6.32,2.64,4.58,1.12,1.94,4.19,1.84,7.07,99.9,32.1,4,acceptable
4.18,6.24,2.62,4.65,1.11,2.09,4.03,1.88,6.87,99.9,32.0,4,acceptable
4.14,6.24,2.59,4.63,1.06,1.94,4.5,1.82,6.85,99.9,32.1,4,acceptable
4.16,6.26,2.64,4.6,1.13,2.06,4.61,1.87,6.85,99.9,32.1,4,acceptable
4.16,6.39,2.8,4.56,1.13,1.95,4.81,1.87,6.79,99.9,32.1,4,acceptable
4.2,6.29,2.62,4.54,1.11,2.02,4.31,1.87,7.13,99.9,32.0,4,acceptable
4.26,6.34,2.62,4.58,1.08,2.1,5.15,1.93,6.85,99.9,32.0,4,acceptable
4.3,6.29,2.62,4.6,1.06,2.11,5.43,1.97,6.99,99.9,32.0,4,acceptable
4.5,6.37,2.65,4.56,1.06,2.16,4.87,1.97,6.9,99.9,32.0,4,acceptable
4.54,6.37,2.64,4.63,1.04,2.18,4.75,1.98,6.9,99.9,32.0,4,acceptable
4.34,6.34,2.61,4.54,1.04,1.99,5.47,1.87,6.82,99.9,32.0,4,acceptable
4.12,6.26,2.59,4.52,1.01,1.9,4.65,1.79,6.87,99.9,32.0,4,acceptable
4.01,6.19,2.61,4.52,1.05,1.91,4.83,1.79,6.87,99.9,32.0,4,acceptable
3.99,6.19,2.59,4.56,1.03,2.0,5.37,1.83,6.85,99.9,32.0,4,acceptable
4.03,6.24,2.61,4.48,1.08,2.02,4.54,1.84,6.9,99.9,32.0,4,acceptable
4.16,6.21,2.62,4.54,1.07,2.04,4.28,1.91,6.87,99.9,31.9,4,acceptable
4.26,6.19,2.65,4.56,1.07,2.07,4.73,1.9,6.93,99.9,32.0,4,acceptable
4.26,6.21,2.59,4.6,1.04,2.03,5.03,1.86,6.87,99.9,31.9,4,acceptable
3.99,6.29,2.59,4.56,1.0,1.88,4.1,1.74,6.9,99.9,31.9,4,acceptable
3.91,6.32,2.64,4.56,1.1,1.91,4.4,1.79,6.96,99.9,31.9,4,acceptable
3.89,6.37,2.62,4.5,1.08,1.99,5.13,1.83,6.82,99.9,31.9,4,acceptable
3.99,6.34,2.61,4.46,1.09,2.02,4.42,1.84,6.79,99.9,31.9,4,acceptable
4.08,6.19,2.62,4.5,1.07,2.04,4.99,1.87,6.82,99.9,31.9,4,acceptable
4.18,6.29,2.59,4.56,1.06,2.09,4.87,1.93,6.76,99.9,31.9,4,acceptable
4.32,6.34,2.61,4.5,1.03,2.11,4.77,1.93,6.87,99.9,31.9,4,acceptable
4.32,6.34,2.62,4.6,1.06,2.1,4.57,1.91,6.76,99.9,31.9,4,acceptable
4.2,6.34,2.61,4.52,1.04,1.91,4.44,1.82,6.76,99.9,31.9,4,acceptable
4.12,6.34,2.62,4.58,1.03,1.99,4.5,1.84,6.93,99.9,31.9,4,acceptable
4.12,6.32,2.64,4.26,1.05,2.04,4.5,1.87,6.85,99.9,31.9,4,acceptable
4.14,6.29,2.64,4.5,1.05,1.95,4.52,1.82,6.99,99.9,31.9,4,acceptable
4.18,6.26,2.62,4.42,1.05,2.03,5.24,1.87,6.96,99.9,31.9,4,acceptable
4.24,6.26,2.65,4.42,1.05,2.07,4.57,1.93,6.96,99.9,31.8,4,acceptable
4.24,6.24,2.64,4.52,1.02,2.02,4.59,1.8,6.93,99.9,31.9,4,acceptable
4.12,6.26,2.62,4.5,1.04,2.03,4.63,1.86,6.85,99.9,31.8,4,acceptable
4.24,6.26,2.65,4.58,1.04,2.07,5.63,1.9,6.93,99.9,31.9,4,acceptable
4.28,6.26,2.68,4.54,1.03,2.04,5.43,1.86,6.93,99.9,31.8,4,acceptable
4.38,6.29,2.65,4.63,1.03,2.13,4.65,1.9,7.04,99.9,31.8,4,acceptable
4.54,6.26,2.67,4.58,1.02,2.13,4.63,1.94,6.93,99.9,31.8,4,acceptable
4.32,6.21,2.58,4.48,0.99,2.07,4.75,1.86,6.79,99.9,31.8,4,acceptable
4.48,6.26,2.62,4.58,0.98,1.9,5.28,1.82,6.96,99.9,31.8,4,acceptable
4.24,6.24,2.67,4.36,1.03,1.95,5.37,1.86,6.96,99.9,31.8,4,acceptable
4.32,6.26,2.78,4.54,1.03,2.07,5.19,1.9,6.93,99.9,31.8,4,acceptable
4.38,5.76,2.67,4.58,1.0,2.0,4.71,1.91,6.9,99.9,31.8,4,acceptable
4.34,6.29,2.65,4.58,1.03,1.98,4.69,1.86,6.99,99.9,31.8,4,acceptable
4.3,6.14,2.67,4.5,1.02,2.07,4.63,1.87,6.99,99.9,31.8,4,acceptable
4.32,6.19,2.67,4.38,1.02,2.07,4.48,1.87,7.1,99.9,31.8,4,acceptable
4.38,6.16,2.68,4.6,1.01,2.1,5.43,1.9,7.04,99.9,31.8,4,acceptable
4.59,6.21,2.65,3.84,1.0,2.17,4.22,1.95,7.07,99.9,31.8,4,acceptable
4.36,6.09,2.64,4.56,0.97,1.91,4.08,1.8,7.04,99.9,31.7,4,acceptable
4.32,6.11,2.65,4.58,0.99,2.04,5.54,1.9,6.99,99.9,31.8,4,acceptable
4.38,6.14,2.62,4.6,0.98,2.11,4.69,1.88,7.04,99.9,31.7,4,acceptable
4.54,6.04,2.65,4.6,0.99,2.17,5.47,1.94,7.04,99.9,31.7,4,acceptable
4.69,6.19,2.7,4.65,1.01,2.14,4.89,1.98,7.01,99.9,31.7,4,acceptable
4.5,6.09,2.64,4.69,0.98,2.03,4.44,1.84,7.04,99.9,31.7,4,acceptable
4.61,6.11,2.68,4.63,1.0,2.09,4.85,1.9,7.07,99.9,31.7,4,acceptable
4.32,6.01,2.65,4.67,0.96,1.98,4.22,1.82,6.99,99.9,31.7,4,acceptable
4.1,6.16,2.61,4.56,0.94,1.98,4.93,1.8,6.85,99.9,31.7,4,acceptable
4.06,6.19,2.62,4.56,0.98,1.99,5.41,1.79,6.87,99.9,31.7,4,acceptable
4.01,6.26,2.65,4.5,1.0,2.0,4.75,1.83,6.9,99.9,31.7,4,acceptable
4.01,6.26,2.62,4.46,0.97,1.99,4.87,1.76,6.93,99.9,31.6,4,acceptable
3.99,6.29,2.64,4.56,1.03,1.9,4.26,1.78,6.9,99.9,31.7,4,acceptable
4.01,5.5,2.65,4.54,1.06,1.98,4.83,1.79,6.93,99.9,31.6,4,acceptable
4.03,6.32,2.64,4.42,1.04,2.03,4.89,1.84,6.87,99.9,31.7,4,acceptable
4.05,5.94,2.62,4.5,1.05,1.94,5.34,1.79,6.93,99.9,31.6,4,acceptable
3.89,6.21,2.59,4.42,1.03,1.9,4.52,1.76,6.71,99.9,31.6,4,acceptable
4.05,6.29,2.65,4.58,1.04,1.94,3.87,1.83,6.85,99.9,31.6,4,acceptable
4.22,6.14,2.65,4.58,1.03,2.06,5.43,1.87,6.99,99.9,31.6,4,acceptable
4.32,6.21,2.65,4.56,1.02,2.07,5.56,1.9,6.9,99.9,31.6,4,acceptable
4.36,6.26,2.68,4.56,1.02,2.07,4.42,1.88,6.9,99.9,31.6,4,acceptable
4.44,6.39,2.67,4.58,1.02,2.1,4.75,1.91,6.9,99.9,31.6,4,acceptable
4.5,6.39,2.68,4.65,1.02,2.11,4.65,1.91,6.93,99.9,31.6,4,acceptable
4.32,6.29,2.65,4.63,0.99,1.98,4.17,1.83,6.96,99.9,31.6,4,acceptable
4.3,6.29,2.65,4.52,1.0,2.0,4.48,1.84,6.87,99.9,31.6,4,acceptable
4.44,6.37,2.7,4.6,1.01,2.07,5.22,1.93,6.96,99.9,31.6,4,acceptable
4.48,6.34,2.7,4.58,0.98,1.96,4.29,1.91,6.93,99.9,31.6,4,acceptable
4.38,6.39,2.68,4.67,0.96,2.02,5.24,1.88,6.93,99.9,31.6,4,acceptable
4.36,6.39,2.64,4.65,0.97,2.06,4.61,1.88,7.01,99.9,31.6,4,acceptable
4.38,6.29,2.64,4.58,0.94,2.11,4.67,1.9,6.76,99.9,31.6,4,acceptable
4.54,6.32,2.65,4.67,0.92,2.03,5.28,1.95,6.76,99.9,31.6,4,acceptable
4.46,6.26,2.65,4.6,0.97,2.02,4.57,1.88,6.82,99.9,31.5,4,acceptable
4.52,5.79,2.67,4.67,0.92,2.09,4.95,1.94,6.79,99.9,31.5,4,acceptable
4.38,6.29,2.65,4.63,0.93,2.02,4.13,1.88,6.76,99.9,31.6,4,acceptable
4.4,6.34,2.67,4.67,0.93,2.07,5.34,1.87,6.79,99.9,31.5,4,acceptable
4.4,6.32,2.64,4.54,0.94,2.09,5.41,1.88,6.71,99.9,31.5,4,acceptable
4.59,6.29,2.7,4.67,0.93,2.16,5.19,1.91,6.87,99.9,31.5,4,acceptable
4.65,6.24,2.68,4.67,0.95,2.16,5.47,1.94,6.9,99.9,31.5,4,acceptable
4.34,6.29,2.68,4.67,0.94,2.09,4.2,1.84,6.93,99.9,31.5,4,acceptable
4.1,6.29,2.67,4.6,0.98,2.0,5.24,1.86,6.71,99.9,31.5,4,acceptable
4.26,6.32,2.67,4.63,0.97,2.1,4.48,1.88,6.93,99.9,31.5,4,acceptable
4.44,6.29,2.68,4.67,0.98,2.09,4.52,1.91,6.87,99.9,31.5,4,acceptable
4.46,6.29,2.68,4.6,0.98,2.13,4.42,1.93,6.93,99.9,31.5,4,acceptable
4.5,6.34,2.7,4.3,0.97,2.1,4.89,1.94,6.85,99.9,31.5,4,acceptable
4.52,6.34,2.67,4.69,0.97,2.1,5.19,1.86,6.93,99.9,31.5,4,acceptable
4.57,6.39,2.72,4.71,0.96,1.92,4.35,1.86,6.9,99.9,31.5,4,acceptable
4.44,6.45,2.68,4.75,0.96,2.0,4.73,1.87,6.9,99.9,31.5,4,acceptable
4.4,6.32,2.67,4.32,0.96,2.09,4.06,1.94,6.93,99.9,31.5,4,acceptable
4.46,6.34,2.7,4.67,0.95,2.1,5.3,2.12,6.96,99.9,31.5,4,acceptable
4.4,6.39,2.7,4.73,0.97,2.11,4.81,1.94,6.99,99.9,31.5,4,acceptable
4.4,6.39,2.68,4.67,0.95,2.11,4.71,1.88,6.93,99.9,31.5,4,acceptable
4.54,6.34,2.7,4.67,0.97,2.16,4.54,1.94,6.9,99.9,31.5,4,acceptable
4.34,6.37,2.7,4.69,0.96,2.07,4.35,1.86,6.87,99.9,31.4,4,acceptable
4.36,6.34,2.73,4.69,0.98,1.9,3.92,1.83,6.93,99.9,31.5,4,acceptable
4.24,6.42,2.7,4.54,1.0,1.96,4.67,1.82,7.16,99.9,31.5,4,acceptable
4.3,6.39,2.67,4.67,0.98,2.07,4.42,1.9,6.87,99.9,31.4,4,acceptable
4.46,6.39,2.72,4.65,1.01,2.11,4.99,1.95,6.87,99.9,31.5,4,acceptable
4.52,6.42,2.7,4.54,0.98,2.16,5.34,1.95,6.93,99.9,31.4,4,acceptable
4.5,6.37,2.72,4.73,1.0,2.13,4.91,1.99,6.87,99.9,31.4,4,acceptable
4.5,6.42,2.7,4.69,0.97,2.16,5.09,1.9,6.93,99.9,31.4,4,acceptable
4.54,6.37,2.73,4.69,0.99,2.13,4.65,1.95,6.96,99.9,31.4,4,acceptable
4.63,6.39,2.73,4.77,0.98,2.18,4.46,1.98,6.99,99.9,31.4,4,acceptable
4.61,6.47,2.65,4.6,0.96,2.04,4.48,1.83,6.76,99.9,31.4,4,acceptable
4.57,6.47,2.7,4.73,0.97,1.92,5.17,1.83,6.96,99.9,31.4,4,acceptable
4.44,6.47,2.68,4.71,0.97,1.98,4.83,1.83,6.93,99.9,31.4,4,acceptable
4.4,6.47,2.68,4.58,0.97,2.03,4.46,1.9,6.85,99.9,31.4,4,acceptable
4.44,6.45,2.65,4.67,0.95,2.07,3.86,1.93,6.71,99.9,31.4,4,acceptable
4.57,6.5,2.7,4.6,0.99,2.11,4.75,1.97,6.9,99.9,31.4,4,acceptable
4.69,6.45,2.65,4.71,0.97,2.14,4.55,1.95,6.9,99.9,31.3,4,acceptable
4.73,6.47,2.72,4.75,0.98,2.03,4.29,1.93,6.93,99.9,31.4,4,acceptable
4.82,6.47,2.73,4.71,0.97,1.96,4.97,1.9,6.99,99.9,31.4,4,acceptable
4.65,6.32,2.72,4.69,0.98,2.04,4.42,1.91,6.96,99.9,31.4,4,acceptable
4.78,6.34,2.73,4.69,0.95,2.14,4.59,1.97,7.01,99.9,31.4,4,acceptable
4.71,6.37,2.68,4.71,0.94,2.14,5.11,2.01,6.87,99.9,31.4,4,acceptable
4.95,6.06,2.72,4.73,0.97,2.18,4.65,2.05,6.96,99.9,31.3,4,acceptable
4.69,6.47,2.68,4.75,0.94,1.99,5.01,1.9,6.93,99.9,31.3,4,acceptable
4.69,6.47,2.7,4.69,0.96,2.1,5.41,1.93,6.96,99.9,31.3,4,acceptable
4.75,6.21,2.72,4.71,0.95,2.16,4.83,1.98,6.93,99.9,31.3,4,acceptable
4.5,6.39,2.68,4.73,0.92,2.14,4.42,1.91,6.96,99.9,31.3,4,acceptable
4.5,6.5,3.04,4.73,0.91,2.11,4.54,1.91,6.99,99.9,31.3,4,acceptable
4.57,6.53,2.7,4.63,0.92,2.04,4.52,1.83,6.96,99.9,31.3,4,acceptable
4.52,6.5,2.7,4.67,0.95,2.06,4.42,1.87,6.93,99.9,31.3,4,acceptable
4.65,6.55,2.7,4.71,0.92,2.16,4.35,1.94,6.96,99.9,31.3,4,acceptable
4.57,6.47,2.65,4.65,0.92,2.11,5.28,1.95,6.79,99.9,31.3,4,acceptable
4.75,6.32,2.72,4.65,0.97,2.16,4.85,2.04,6.9,99.9,31.3,4,acceptable
4.73,6.45,2.72,4.73,0.94,1.87,5.54,1.93,6.93,99.9,31.3,4,acceptable
4.78,6.45,2.7,4.69,0.96,2.06,4.11,1.93,6.99,99.9,31.3,4,acceptable
4.69,6.47,2.64,4.44,0.94,2.07,4.42,1.95,6.76,99.9,31.3,4,acceptable
4.91,6.5,2.72,4.69,0.96,2.17,4.83,2.05,6.9,99.9,31.3,4,acceptable
4.54,6.47,2.67,4.63,0.95,1.88,4.19,1.82,6.96,99.9,31.3,4,acceptable
4.44,6.47,2.65,4.6,0.92,1.98,3.77,1.84,6.93,99.9,31.3,4,acceptable
4.57,6.47,2.7,4.58,0.95,2.03,4.22,1.9,6.93,99.9,31.3,4,acceptable
4.54,6.39,2.62,4.48,0.93,2.06,5.09,1.91,6.74,99.9,31.3,4,acceptable
4.73,6.45,2.7,4.46,0.95,2.1,4.69,1.94,6.96,99.9,31.3,4,acceptable
4.69,6.39,2.73,4.63,0.96,2.13,5.17,2.01,6.93,99.9,31.3,4,acceptable
4.48,6.47,2.67,4.69,0.92,2.09,4.54,1.88,6.87,99.9,31.3,4,acceptable
4.48,6.47,2.65,4.67,0.92,2.07,4.42,1.84,6.9,99.9,31.3,4,acceptable
4.54,6.47,2.67,4.58,0.94,2.11,5.13,1.95,6.96,99.9,31.2,4,acceptable
4.61,6.53,2.72,4.6,0.95,2.13,4.54,1.97,6.9,99.9,31.3,4,acceptable
4.59,6.32,2.68,4.67,0.92,1.94,4.35,1.91,6.85,99.9,31.2,4,acceptable
4.63,6.29,2.68,4.67,0.95,2.09,4.5,1.97,6.96,99.9,31.2,4,acceptable
4.69,6.42,2.68,4.71,0.94,2.07,4.77,1.97,6.9,99.9,31.2,4,acceptable
4.73,6.34,2.67,4.63,0.95,2.16,4.37,1.99,6.99,99.9,31.2,4,acceptable
4.61,6.45,2.64,4.58,0.93,2.14,4.39,1.95,6.82,99.9,31.2,4,acceptable
4.65,6.5,2.76,4.54,0.94,2.07,4.29,1.95,6.68,99.9,31.2,4,acceptable
4.73,6.37,2.64,4.34,0.94,2.13,4.97,1.99,6.71,99.9,31.2,4,acceptable
4.95,6.37,2.68,4.71,0.93,2.23,4.48,2.06,6.96,99.9,31.2,4,acceptable
4.88,6.47,2.68,4.71,0.93,2.2,4.69,2.08,6.99,99.9,31.3,4,acceptable
4.71,6.45,2.68,4.71,0.93,2.2,4.24,1.98,7.04,99.9,31.3,4,acceptable
4.71,6.45,2.68,4.6,0.91,2.14,4.85,1.97,6.99,99.9,31.3,4,acceptable
4.82,6.47,2.72,4.69,0.92,2.14,5.15,1.95,6.99,99.9,31.3,4,acceptable
4.84,6.5,2.68,4.6,0.93,2.11,4.54,1.99,6.9,99.9,31.2,4,acceptable
4.93,6.39,2.68,4.71,0.92,2.13,3.82,1.88,7.01,99.9,31.2,4,acceptable
4.91,6.45,2.73,4.69,0.93,2.0,4.55,1.86,7.01,99.9,31.2,4,acceptable
4.61,6.39,2.67,4.4,0.92,1.99,4.13,1.91,6.93,99.9,31.2,4,acceptable
4.46,6.24,2.7,4.6,0.94,1.95,3.91,1.91,6.9,99.9,31.2,4,acceptable
4.52,6.47,2.72,4.63,0.95,1.98,4.08,1.91,6.96,99.9,31.2,4,acceptable
4.3,6.45,2.65,4.48,0.93,1.96,3.87,1.88,6.76,99.9,31.2,4,acceptable
4.05,6.45,2.62,4.26,0.91,1.92,4.63,1.79,6.6,99.9,31.3,4,acceptable
4.34,6.55,2.68,4.6,0.95,2.0,4.1,1.88,6.85,99.9,31.2,4,acceptable
4.54,6.53,2.72,4.63,0.95,2.09,4.29,1.98,6.87,99.9,31.3,4,acceptable
4.65,6.37,2.67,4.48,0.95,2.07,4.97,1.95,6.87,99.9,31.3,4,acceptable
4.54,6.39,2.67,4.56,0.95,2.02,4.1,1.95,6.82,99.9,31.2,4,acceptable
4.69,6.34,2.7,4.58,0.96,2.06,4.2,1.95,6.85,99.9,31.3,4,acceptable
4.8,6.42,2.67,4.6,0.95,2.13,4.33,2.02,6.82,99.9,31.2,4,acceptable
4.65,6.55,2.67,4.6,0.93,2.13,4.91,2.01,6.85,99.9,31.2,4,acceptable
4.46,6.53,2.65,4.58,0.92,2.03,3.92,1.88,6.71,99.9,31.2,4,acceptable
4.54,6.5,2.72,4.65,0.96,2.06,4.67,1.91,6.9,99.9,31.2,4,acceptable
4.67,6.55,2.7,4.63,0.96,2.09,4.67,1.99,6.85,99.9,31.2,4,acceptable
4.78,6.47,2.72,4.67,0.95,2.13,3.92,2.04,6.87,99.9,31.2,4,acceptable
4.75,6.53,2.7,4.65,0.94,2.13,3.96,1.99,6.9,99.9,31.3,4,acceptable
4.63,6.53,2.68,4.63,0.96,2.06,4.28,1.94,6.87,99.9,31.2,4,acceptable
4.57,6.45,2.67,4.6,0.92,1.99,4.15,1.86,6.9,99.9,31.2,4,acceptable
4.59,6.55,2.7,4.67,0.96,2.0,4.2,1.94,6.9,99.9,31.2,4,acceptable
4.57,6.55,2.68,4.69,0.93,2.1,4.75,1.98,6.93,99.9,31.2,4,acceptable
4.63,6.47,3.14,4.69,0.95,2.04,4.24,1.94,6.93,99.9,31.2,4,acceptable
4.67,6.58,2.65,4.67,0.91,2.13,4.26,1.98,6.9,99.9,31.2,4,acceptable
4.84,6.37,2.7,4.73,0.94,2.16,4.44,2.04,6.99,99.9,31.3,4,acceptable
4.5,6.45,2.62,4.4,0.9,1.98,4.46,1.9,6.65,99.9,31.2,4,acceptable
4.63,6.42,2.68,4.63,0.92,2.0,4.37,1.91,6.9,99.9,31.2,4,acceptable
4.59,6.45,2.68,4.63,0.92,2.03,4.22,1.91,6.87,99.9,31.2,4,acceptable
4.69,6.53,2.7,4.67,0.92,2.06,4.22,1.95,6.9,99.9,31.2,4,acceptable
4.71,6.53,2.68,4.69,0.92,2.06,3.62,1.9,6.9,99.9,31.2,4,acceptable
4.71,6.5,2.68,4.69,0.91,2.03,4.22,1.88,6.85,99.9,31.2,4,acceptable
4.73,6.5,2.67,4.67,0.93,2.04,4.83,1.88,6.93,99.9,31.2,4,acceptable
4.75,6.26,2.7,4.6,0.94,2.03,4.87,1.9,6.93,99.9,31.2,4,acceptable
4.71,5.64,2.68,4.58,0.93,2.1,3.67,1.95,6.93,99.9,31.2,4,acceptable
4.78,5.6,2.65,4.67,0.92,2.13,4.79,1.95,7.07,99.9,31.2,4,acceptable
4.91,5.62,2.68,4.67,0.94,2.09,4.48,2.01,6.82,99.9,31.2,4,acceptable
4.99,5.57,2.68,4.67,0.93,2.14,4.24,2.08,6.9,99.9,31.2,4,acceptable
5.06,5.6,2.7,4.65,0.95,2.14,4.33,2.11,6.96,99.9,31.2,4,acceptable
4.88,5.69,2.7,4.58,0.92,2.03,4.26,1.98,6.9,99.9,31.2,4,acceptable
4.91,5.57,2.7,4.63,0.94,2.07,3.87,2.02,6.87,99.9,31.2,4,acceptable
4.88,5.67,2.68,4.63,0.93,1.99,3.99,1.95,6.99,99.9,31.2,4,acceptable
4.97,5.62,2.72,4.71,0.94,2.09,4.81,2.02,6.93,99.9,31.2,4,acceptable
4.99,6.53,2.72,4.69,0.92,2.16,4.2,2.05,7.01,99.9,31.2,4,acceptable
4.86,6.66,2.72,4.67,0.95,2.06,4.11,1.95,6.96,99.9,31.2,4,acceptable
4.84,6.66,2.73,4.71,0.96,2.11,4.37,2.02,6.93,99.9,31.2,4,acceptable
4.75,6.61,2.72,4.73,0.92,2.13,3.84,2.01,7.01,99.9,31.2,4,acceptable
4.8,6.53,2.7,4.69,0.93,2.1,4.28,2.01,7.01,99.9,31.2,4,acceptable
4.73,6.42,2.68,4.65,0.93,2.03,4.29,1.95,6.96,99.9,31.2,4,acceptable
4.69,6.61,2.7,4.71,0.92,2.07,4.2,2.01,6.96,99.9,31.2,4,acceptable
4.71,6.63,2.68,4.6,0.93,1.99,4.29,1.87,6.79,99.9,31.2,4,acceptable
4.73,6.63,2.73,4.69,0.95,2.04,4.19,1.88,6.99,99.9,31.2,4,acceptable
4.73,6.58,2.72,4.71,0.94,2.02,4.31,1.87,6.96,99.9,31.2,4,acceptable
4.59,6.66,2.72,4.63,0.94,2.07,3.61,1.97,6.87,99.9,31.2,4,acceptable
4.69,6.37,2.72,4.63,0.94,2.09,4.13,2.01,6.79,99.9,31.2,4,acceptable
4.8,6.74,2.7,4.73,0.94,2.16,4.59,2.04,6.99,99.9,31.2,4,acceptable
4.93,6.74,2.7,4.56,0.95,2.13,4.26,2.08,6.93,99.9,31.2,4,acceptable
4.71,6.77,2.72,4.44,0.92,1.98,4.1,1.9,6.87,99.9,31.2,4,acceptable
4.63,6.77,2.65,4.54,0.92,2.0,3.54,1.91,6.79,99.9,31.2,4,acceptable
4.75,6.77,2.7,4.67,0.93,2.06,4.1,1.93,6.96,99.9,31.2,4,acceptable
4.78,6.77,2.83,4.6,1.08,2.07,4.71,1.95,6.93,99.9,31.1,4,acceptable
4.88,6.8,2.73,4.65,0.94,2.09,4.55,1.99,6.93,99.9,31.2,4,acceptable
4.88,6.72,2.72,4.71,0.93,2.14,4.55,2.02,6.93,99.9,31.1,4,acceptable
5.02,6.58,2.75,4.73,0.94,2.17,4.29,2.06,6.99,99.9,31.2,4,acceptable
5.04,6.66,2.73,4.67,0.97,2.1,4.29,2.01,7.04,99.9,31.1,4,acceptable
5.08,6.55,2.72,4.69,0.94,2.13,4.37,2.01,7.04,99.9,31.1,4,acceptable
5.13,6.55,2.73,4.71,0.95,2.06,4.57,1.91,6.99,99.9,31.1,4,acceptable
5.1,6.42,2.73,4.69,0.95,2.07,3.99,1.93,7.07,99.9,31.1,4,acceptable
5.06,6.61,2.73,4.71,0.95,2.1,4.24,2.02,7.04,99.9,31.1,4,acceptable
5.06,6.66,2.72,4.73,0.94,2.16,4.39,2.51,7.01,99.9,31.1,4,acceptable
4.95,6.32,2.72,4.79,0.94,2.13,4.33,2.87,7.04,99.9,31.1,4,acceptable
4.97,6.47,2.73,4.71,0.96,2.14,4.33,2.7,7.04,99.9,31.1,4,acceptable
5.04,6.61,2.75,4.75,0.95,2.17,4.55,2.68,7.07,99.9,31.1,4,acceptable
5.02,6.58,2.7,4.79,0.94,2.18,4.5,2.73,7.01,99.9,31.1,4,spoiled
5.02,6.58,2.7,4.81,0.93,2.2,5.17,2.73,7.1,99.9,31.1,4,spoiled
4.99,6.66,2.73,4.84,0.94,2.17,4.39,2.71,7.1,99.9,31.1,4,spoiled
4.75,6.69,2.73,4.75,0.96,2.1,4.03,2.48,7.04,99.9,31.1,4,spoiled
4.71,6.66,2.72,4.81,0.94,2.13,4.13,2.53,7.07,99.9,31.1,4,spoiled
4.78,6.63,2.7,4.79,0.94,2.14,4.31,2.53,7.07,99.9,31.1,4,spoiled
4.93,6.74,2.73,4.77,0.95,2.17,3.94,2.59,7.07,99.9,31.1,4,spoiled
4.99,6.42,2.72,4.77,0.95,2.18,4.2,2.67,7.04,99.9,31.1,4,spoiled
4.99,6.74,2.72,4.75,0.96,2.17,4.85,2.68,6.93,99.9,31.1,4,spoiled
4.93,6.63,2.73,4.79,0.94,2.16,4.03,2.6,6.99,99.9,31.1,4,spoiled
4.93,6.61,2.75,4.77,0.96,2.02,4.19,2.39,7.01,99.9,31.2,4,spoiled
4.93,6.66,2.72,4.81,0.94,2.14,4.44,2.59,7.04,99.9,31.1,4,spoiled
5.02,6.66,2.75,4.77,0.95,2.09,4.81,2.59,7.01,99.9,31.1,4,spoiled
4.86,6.63,2.72,4.79,0.93,2.16,4.83,2.57,7.1,99.9,31.1,4,spoiled
4.93,6.47,2.73,4.79,0.95,2.13,4.17,2.62,7.07,99.9,31.1,4,spoiled
5.04,6.69,2.73,4.84,0.95,2.18,5.17,2.7,7.04,99.9,31.1,4,spoiled
5.08,6.69,2.76,4.84,0.95,2.21,5.03,2.71,7.13,99.9,31.0,4,spoiled
5.19,6.5,2.76,4.86,0.96,2.2,4.81,2.81,7.07,99.9,31.1,4,spoiled
4.93,6.66,2.72,4.65,0.95,2.03,4.77,2.47,7.1,99.9,31.1,4,spoiled
4.97,6.63,2.72,4.73,0.96,2.07,4.48,2.53,6.99,99.9,31.1,4,spoiled
5.04,6.72,2.75,4.84,0.96,2.14,4.59,2.63,7.16,99.9,31.1,4,spoiled
5.1,6.47,2.73,4.86,0.93,2.16,3.92,2.47,7.16,99.9,31.0,4,spoiled
5.1,6.42,2.76,4.81,0.97,2.14,4.5,2.54,7.07,99.9,31.1,4,spoiled
5.02,6.42,2.75,4.86,0.95,2.2,4.37,2.6,7.1,99.9,31.1,4,spoiled
4.97,6.39,2.75,4.86,0.96,2.2,4.69,2.51,7.1,99.9,31.1,4,spoiled
5.02,6.39,2.73,4.84,0.95,2.21,4.46,2.5,7.16,99.9,31.1,4,spoiled
5.1,6.66,2.76,4.86,0.97,2.18,4.13,2.57,7.13,99.9,31.0,4,spoiled
5.19,6.58,2.75,4.88,0.95,2.24,5.07,2.65,7.13,99.9,31.0,4,spoiled
5.19,6.58,2.76,4.9,0.95,2.03,3.81,2.21,7.19,99.9,31.1,4,spoiled
5.13,6.61,2.72,4.84,0.95,2.11,4.4,2.32,7.22,99.9,31.1,4,spoiled
5.17,6.61,2.76,4.86,0.97,2.16,4.95,2.44,7.19,99.9,31.1,4,spoiled
5.08,6.45,2.73,4.86,0.94,2.17,4.4,2.47,7.19,99.9,31.0,4,spoiled
5.04,6.69,2.76,4.88,0.95,2.17,4.44,2.35,7.19,99.9,31.0,4,spoiled
5.08,6.66,2.78,4.84,0.97,2.16,5.13,2.41,7.16,99.9,31.1,4,spoiled
5.17,6.66,2.73,4.81,0.93,2.21,4.46,2.51,7.19,99.9,31.0,4,spoiled
5.19,6.72,2.75,4.88,0.95,2.06,4.46,2.31,7.19,99.9,31.0,4,spoiled
5.17,6.09,2.76,4.77,0.96,2.13,5.17,2.34,7.22,99.9,31.0,4,spoiled
5.15,6.66,2.8,4.86,0.96,2.17,4.5,2.42,7.13,99.9,31.1,4,spoiled
5.17,6.74,2.8,4.86,0.95,2.18,4.5,2.41,7.16,99.9,31.1,4,spoiled
4.88,6.66,2.75,4.6,0.96,2.07,4.48,2.22,7.13,99.9,31.1,4,spoiled
4.88,6.72,2.73,4.73,0.93,2.09,4.4,2.12,7.19,99.9,31.1,4,spoiled
4.8,6.72,2.75,4.79,0.94,2.11,4.33,2.21,7.16,99.9,31.1,4,spoiled
4.86,6.45,2.75,4.79,0.94,2.13,4.44,2.23,7.1,99.9,31.1,4,spoiled
4.8,6.72,2.75,4.32,0.94,2.16,4.57,2.19,7.07,99.9,31.1,4,spoiled
4.82,6.63,2.76,4.84,0.96,2.1,4.06,2.12,7.16,99.9,31.1,4,spoiled
4.86,6.69,2.76,4.79,0.95,2.04,5.01,2.09,7.16,99.9,31.1,4,spoiled
4.95,6.42,2.76,4.81,0.96,2.09,4.17,2.16,7.13,99.9,31.1,4,spoiled
4.97,6.19,2.75,4.84,0.94,2.16,4.22,2.23,7.19,99.9,31.1,4,spoiled
5.06,6.58,2.76,4.81,0.95,2.02,4.4,2.11,7.19,99.9,31.1,4,spoiled
4.99,6.69,2.75,4.86,0.94,2.1,4.13,2.15,7.36,99.9,31.1,4,spoiled
5.06,6.21,2.76,4.86,0.96,2.16,4.48,2.19,7.16,99.9,31.1,4,spoiled
5.08,6.39,2.75,4.81,0.95,2.16,4.11,2.16,7.13,99.9,31.1,4,spoiled
5.04,6.42,2.8,4.86,0.96,2.17,4.5,2.16,7.13,99.9,31.1,4,spoiled
5.02,6.19,2.76,4.9,0.94,2.17,4.01,2.12,7.22,99.9,31.1,4,spoiled
4.93,6.34,2.75,4.84,0.94,2.16,4.01,2.09,7.13,99.9,31.1,4,spoiled
4.93,6.5,2.78,4.9,0.95,2.17,4.48,2.12,7.19,99.9,31.1,4,spoiled
5.04,6.61,2.78,4.88,0.97,2.16,5.09,2.16,7.22,99.9,31.1,4,spoiled
5.06,6.55,2.8,4.88,0.97,2.16,4.93,2.21,7.19,99.9,31.1,4,spoiled
5.08,6.16,2.76,4.86,0.95,2.07,4.26,1.9,7.19,99.9,31.1,4,spoiled
4.93,6.32,2.78,4.88,0.96,2.07,4.08,2.01,7.13,99.9,31.1,4,spoiled
4.75,5.86,2.76,4.84,0.96,2.06,4.89,2.02,7.13,99.9,31.2,4,spoiled
4.73,6.61,2.75,4.81,0.94,2.1,4.29,2.05,7.07,99.9,31.1,4,spoiled
4.69,6.5,2.68,4.67,0.93,2.04,4.39,2.01,6.9,99.9,31.2,4,spoiled
4.78,6.45,2.75,4.81,0.97,2.1,4.69,1.98,7.13,99.9,31.2,4,spoiled
4.75,6.37,2.75,4.88,0.95,2.1,4.28,2.04,7.1,99.9,31.2,4,spoiled
4.84,6.61,2.8,4.9,0.98,2.11,5.03,2.08,7.1,99.9,31.2,4,spoiled
4.8,6.61,2.8,4.9,0.94,1.99,4.26,1.99,7.19,99.9,31.2,4,spoiled
4.93,6.55,2.76,4.84,0.97,2.1,4.26,2.06,7.16,99.9,31.2,4,spoiled
4.97,6.37,2.76,4.88,0.94,2.16,4.52,2.12,7.16,99.9,31.2,4,spoiled
4.84,6.42,2.78,4.84,0.94,2.11,4.55,2.05,7.16,99.9,31.2,4,spoiled
4.69,6.5,2.68,4.67,0.93,2.04,4.4,1.95,6.87,99.9,31.2,4,spoiled
4.8,6.5,2.75,4.81,0.94,2.1,4.29,2.04,7.07,99.9,31.2,4,spoiled
4.93,6.55,2.78,4.88,0.96,2.14,3.82,2.08,7.1,99.9,31.2,4,spoiled
4.93,6.5,2.76,4.6,0.96,2.03,4.1,2.04,7.1,99.9,31.2,4,spoiled
4.61,6.39,2.89,5.07,0.96,2.0,3.69,1.99,7.07,99.9,31.2,4,spoiled
4.91,5.5,2.8,4.81,0.96,2.07,3.91,2.06,7.07,99.9,31.2,4,spoiled
4.99,5.62,2.78,4.79,0.97,2.13,4.26,2.13,7.07,99.9,31.2,4,spoiled
5.06,5.55,2.76,4.88,0.95,2.14,4.79,2.15,7.07,99.9,31.2,4,spoiled
5.1,5.57,2.78,4.86,0.94,2.1,4.42,2.11,7.1,99.9,31.2,4,spoiled
5.08,5.48,2.76,4.81,0.95,2.14,3.99,2.08,7.13,99.9,31.2,4,spoiled
4.88,5.5,2.73,4.81,0.92,2.09,4.06,1.98,7.07,99.9,31.2,4,spoiled
4.93,5.45,2.76,4.84,0.94,2.11,4.29,2.01,7.13,99.9,31.2,4,spoiled
4.95,5.5,2.76,4.69,0.95,2.04,3.72,1.99,7.13,99.9,31.2,4,spoiled
4.88,5.48,2.75,4.81,0.94,2.1,4.24,2.01,7.07,99.9,31.2,4,spoiled
4.95,5.45,2.75,4.81,0.95,2.1,4.28,2.02,7.13,99.9,31.3,4,spoiled
4.91,5.43,2.78,4.88,0.94,2.11,4.71,2.04,7.16,99.9,31.3,4,spoiled
4.95,5.48,2.76,4.86,0.94,2.09,4.29,2.04,7.27,99.9,31.3,4,spoiled
4.93,5.6,2.75,4.81,0.92,2.11,4.19,2.04,7.07,99.9,31.3,4,spoiled
5.04,5.45,2.75,4.6,0.95,2.1,4.19,2.08,7.13,99.9,31.4,4,spoiled
4.84,5.45,2.75,4.56,0.94,1.99,4.69,2.01,7.04,99.9,31.4,4,spoiled
4.88,5.41,2.75,4.77,0.94,2.09,4.22,2.06,7.01,99.9,31.4,4,spoiled
4.95,5.45,2.76,4.71,0.96,2.02,4.2,2.01,7.07,99.9,31.4,4,spoiled
4.97,5.38,2.76,4.77,0.94,2.07,4.17,2.02,7.04,99.9,31.4,4,spoiled
4.97,5.43,2.75,4.65,0.93,2.11,4.5,2.08,7.1,99.9,31.4,4,spoiled
4.93,5.41,2.8,4.75,0.96,2.04,4.29,2.02,7.1,99.9,31.4,4,spoiled
4.95,5.48,2.75,4.79,0.93,2.1,4.01,2.05,7.07,99.9,31.4,4,spoiled
5.08,5.48,2.75,4.81,0.93,2.11,3.72,2.08,7.07,99.9,31.4,4,spoiled
5.13,5.48,2.8,4.77,0.96,2.11,4.01,2.15,7.04,99.9,31.4,4,spoiled
5.02,5.55,2.8,4.84,0.97,2.11,4.35,2.13,7.07,99.9,31.4,4,spoiled
5.06,5.55,2.8,4.81,0.96,2.11,4.2,2.13,7.04,99.9,31.5,4,spoiled
4.99,5.55,2.72,4.71,0.95,2.0,3.94,2.04,6.93,99.9,31.5,4,spoiled
5.13,5.6,2.76,4.81,0.96,2.11,4.4,2.11,7.07,99.9,31.5,4,spoiled
5.24,5.57,2.76,4.81,0.97,2.07,4.5,2.09,7.07,99.9,31.5,4,spoiled
5.1,5.57,2.78,4.88,0.94,2.16,4.44,2.12,7.13,99.9,31.5,4,spoiled
5.02,5.57,2.76,4.88,0.96,2.14,4.63,2.11,7.16,99.9,31.5,4,spoiled
5.02,5.72,2.76,4.88,0.94,2.11,4.61,1.95,7.13,99.9,31.5,4,spoiled
5.13,5.76,2.76,4.84,0.96,2.11,4.11,2.08,7.16,99.9,31.5,4,spoiled
5.13,6.77,2.8,4.84,0.95,2.11,3.89,2.01,7.13,99.9,31.5,4,spoiled
4.88,6.06,2.75,4.69,0.94,2.1,4.73,2.04,7.07,99.9,31.6,4,spoiled
4.97,6.83,2.73,4.77,0.95,2.13,4.13,2.11,7.04,99.9,31.6,4,spoiled
5.06,6.74,2.78,4.86,0.94,2.09,3.61,1.98,7.13,99.9,31.6,4,spoiled
5.08,6.19,2.76,4.81,0.94,2.1,3.66,1.99,7.1,99.9,31.6,4,spoiled
5.15,6.19,2.78,4.84,0.96,2.11,3.87,2.11,7.13,99.9,31.6,4,spoiled
5.17,6.74,2.75,4.81,0.95,2.18,4.11,2.19,7.04,99.9,31.6,4,spoiled
5.04,6.63,2.72,4.71,0.92,2.14,3.89,2.16,6.87,99.9,31.6,4,spoiled
5.02,6.94,2.75,4.81,0.93,2.17,4.61,2.13,7.07,99.9,31.7,4,spoiled
5.02,6.88,2.76,4.79,0.96,2.11,4.11,2.11,7.16,99.9,31.7,4,spoiled
5.1,6.77,2.78,4.79,0.97,2.13,4.13,2.13,7.1,99.9,31.7,4,spoiled
5.08,6.91,2.75,4.79,0.94,2.16,4.15,2.16,7.1,99.9,31.7,4,spoiled
4.88,6.85,2.75,4.6,0.93,2.07,3.97,2.04,7.1,99.9,31.7,4,spoiled
4.93,6.66,2.8,4.67,0.94,2.11,4.01,2.09,7.04,99.9,31.7,4,spoiled
4.97,6.88,2.75,4.65,0.95,2.07,4.5,2.08,7.1,99.9,31.7,4,spoiled
5.06,6.83,2.76,4.75,0.97,2.1,4.13,2.08,7.1,99.9,31.7,4,spoiled
4.93,6.85,2.78,4.52,0.95,2.1,4.48,2.05,7.07,99.9,31.7,4,spoiled
4.97,6.8,2.78,4.79,0.95,2.07,3.67,2.09,7.04,99.9,31.7,4,spoiled
4.95,6.85,2.76,4.75,0.94,2.07,4.46,2.09,7.07,99.9,31.7,4,spoiled
4.99,6.88,2.76,4.77,0.94,2.1,4.28,2.11,7.01,99.9,31.7,4,spoiled
4.97,6.88,2.76,4.84,0.93,2.03,3.91,2.01,7.1,99.9,31.7,4,spoiled
5.1,6.88,2.76,4.79,0.96,2.09,4.15,2.11,7.01,99.9,31.8,4,spoiled
5.17,6.85,2.76,4.81,0.94,2.11,4.04,2.13,7.1,99.9,31.8,4,spoiled
5.17,6.91,2.75,4.84,0.93,2.14,3.96,2.13,7.07,99.9,31.8,4,spoiled
5.17,6.85,2.7,4.67,0.93,2.13,3.96,2.16,6.93,99.9,31.8,4,spoiled
5.13,6.83,2.75,4.81,0.95,2.09,4.04,2.06,7.04,99.9,31.8,4,spoiled
5.06,6.85,2.76,4.86,0.94,2.14,4.37,2.08,7.13,99.9,31.9,4,spoiled
5.19,6.88,2.78,4.86,0.96,2.16,3.72,2.15,7.13,99.9,31.9,4,spoiled
5.08,6.91,2.76,4.86,0.93,2.14,4.26,2.16,7.04,99.9,31.9,4,spoiled
4.99,6.88,2.75,4.81,0.95,2.13,4.01,2.11,7.04,99.9,31.9,4,spoiled
5.04,6.94,2.76,4.86,0.94,2.14,3.96,2.08,7.13,99.9,31.9,4,spoiled
5.15,6.88,2.76,4.84,0.96,2.16,3.99,2.15,7.13,99.9,31.9,4,spoiled
5.17,6.88,2.76,4.86,0.93,2.0,3.46,2.11,7.1,99.9,32.0,4,spoiled
5.1,6.91,2.75,4.86,0.94,2.07,3.77,2.05,7.1,99.9,32.0,4,spoiled
5.15,6.83,2.78,4.84,0.97,2.11,3.82,2.12,7.07,99.9,32.0,4,spoiled
5.02,6.94,2.76,4.81,0.95,2.13,4.03,2.13,7.13,99.9,32.0,4,spoiled
4.91,6.94,2.75,4.84,0.93,2.11,4.42,2.06,7.1,99.9,32.0,4,spoiled
5.04,6.99,2.76,4.77,0.95,2.07,4.2,2.05,7.16,99.9,32.0,4,spoiled
4.97,7.02,2.76,4.75,0.96,2.03,3.72,1.99,7.07,99.9,32.0,4,spoiled
4.95,6.99,2.73,4.77,0.95,2.07,3.74,2.05,7.1,99.9,32.1,4,spoiled
5.1,6.99,2.76,4.81,0.97,2.07,3.84,2.11,7.04,99.9,32.1,4,spoiled
5.08,7.05,2.78,4.84,0.96,2.1,4.19,2.13,7.07,99.9,32.1,4,spoiled
5.13,7.02,2.76,4.84,0.97,2.13,3.81,2.15,7.13,99.9,32.1,4,spoiled
5.13,7.05,2.75,4.81,0.95,2.13,4.19,2.05,7.04,99.9,32.1,4,spoiled
5.1,6.99,2.78,4.79,0.97,2.1,3.84,2.08,7.13,99.9,32.1,4,spoiled
4.93,6.91,2.7,4.73,0.92,2.09,3.64,2.09,6.85,99.9,32.1,4,spoiled
5.1,6.97,2.78,4.88,0.96,2.17,3.76,2.13,7.07,99.9,32.1,4,spoiled
5.13,6.88,2.78,4.84,0.98,2.14,4.06,2.23,7.13,99.9,32.1,4,spoiled
5.24,6.94,2.78,4.86,0.98,2.18,4.39,2.26,7.07,99.9,32.1,4,spoiled
5.24,6.91,2.76,4.84,0.95,2.09,3.71,1.93,7.1,99.9,32.1,4,spoiled
5.24,6.94,2.78,4.09,0.97,2.06,3.86,1.97,7.1,99.9,32.2,4,spoiled
5.24,6.97,2.78,4.88,0.95,2.11,3.89,2.06,7.16,99.9,32.2,4,spoiled
5.17,6.94,2.76,4.42,0.97,2.07,3.86,2.08,7.16,99.9,32.2,4,spoiled
5.13,6.94,2.8,4.81,0.95,2.09,3.42,2.05,7.13,99.9,32.2,4,spoiled
4.91,6.91,2.75,4.79,0.97,2.07,3.97,1.99,7.1,99.9,32.2,4,spoiled
4.95,6.97,2.76,4.84,0.94,2.09,3.86,2.01,7.1,99.9,32.3,4,spoiled
5.04,6.99,2.76,4.81,0.97,2.1,3.81,2.11,7.04,99.9,32.3,4,spoiled
5.02,6.97,2.76,4.86,0.94,2.13,3.67,2.08,7.1,99.9,32.3,4,spoiled
5.1,6.97,2.78,4.86,0.96,2.14,3.74,2.12,7.04,99.9,32.3,4,spoiled
5.15,6.97,2.8,4.81,0.97,2.04,3.84,2.05,7.04,99.9,32.3,4,spoiled
5.22,6.94,2.76,4.81,0.96,2.11,4.03,2.09,7.04,99.9,32.3,4,spoiled
5.26,6.94,2.78,4.79,0.97,2.13,4.1,2.13,7.07,99.9,32.3,4,spoiled
5.04,6.88,2.72,4.69,0.93,2.09,4.01,2.06,6.9,99.9,32.4,4,spoiled
5.15,6.77,2.76,4.84,0.95,2.16,4.01,2.21,7.04,99.9,32.4,4,spoiled
5.06,6.83,2.72,4.81,0.94,2.21,4.15,2.7,6.85,99.9,32.4,4,spoiled
5.28,6.8,2.76,4.84,0.99,2.27,4.13,2.54,7.04,99.9,32.4,4,spoiled
5.42,6.85,2.78,5.03,0.98,2.07,3.72,2.23,7.16,99.9,32.4,4,spoiled
5.35,6.85,2.78,4.81,0.99,2.11,3.92,2.16,7.16,99.9,32.4,4,spoiled
5.31,6.83,2.76,4.92,0.98,2.14,4.22,2.18,7.16,99.9,32.5,4,spoiled
5.26,6.83,2.78,5.01,0.98,2.21,4.19,2.22,7.07,99.9,32.5,4,spoiled
5.26,6.91,2.78,4.99,0.96,2.2,3.89,2.23,7.1,99.9,32.5,4,spoiled
5.33,6.99,2.8,5.01,0.98,2.17,3.82,2.22,7.1,99.9,32.5,4,spoiled
5.28,6.85,2.78,4.99,0.97,2.21,3.91,2.22,7.1,99.9,32.6,4,spoiled
5.33,6.85,2.8,4.94,0.97,2.11,3.66,2.12,7.16,99.9,32.6,4,spoiled
5.28,6.85,2.8,4.99,0.95,2.17,4.1,2.11,7.13,99.9,32.6,4,spoiled
5.31,6.83,2.78,4.03,0.94,2.2,3.79,2.15,7.16,99.9,32.6,4,spoiled
5.31,6.85,2.76,4.9,0.95,2.21,3.81,2.18,7.07,99.9,32.6,4,spoiled
5.31,6.88,2.8,4.9,0.96,2.13,3.87,2.11,7.1,99.9,32.6,4,spoiled
5.13,6.85,2.76,4.81,0.94,2.02,3.94,1.97,7.1,99.9,32.6,4,spoiled
5.15,6.88,2.76,4.86,0.95,2.13,3.79,2.04,7.07,99.9,32.7,4,spoiled
5.15,6.72,2.76,4.84,0.97,2.13,3.53,2.04,7.13,99.9,32.7,4,spoiled
5.26,6.88,2.76,4.81,0.95,2.11,3.99,2.08,7.13,99.9,32.7,4,spoiled
5.19,6.85,2.75,4.75,0.95,2.16,3.66,2.04,7.13,99.9,32.6,4,spoiled
5.22,6.88,2.76,4.88,0.94,2.2,3.76,2.05,7.13,99.9,32.7,4,spoiled
5.31,6.91,2.8,4.86,0.96,2.2,4.06,2.09,7.16,99.9,32.7,4,spoiled
5.33,6.88,2.78,4.86,0.95,2.17,3.82,2.11,7.13,99.9,32.7,4,spoiled
5.31,6.88,2.78,4.9,0.96,2.14,3.46,2.08,7.13,99.9,32.7,4,spoiled
5.15,6.91,2.78,4.88,0.95,2.17,3.84,2.05,7.16,99.9,32.7,4,spoiled
5.17,6.88,2.81,4.88,0.96,2.14,3.61,2.05,7.19,99.9,32.7,4,spoiled
5.22,6.99,2.8,4.9,0.96,2.13,4.03,2.06,7.1,99.9,32.7,4,spoiled
5.06,6.88,2.76,4.79,0.97,2.13,3.61,2.05,7.04,99.9,32.7,4,spoiled
4.97,6.91,2.78,4.88,0.93,2.1,3.43,1.98,7.1,99.9,32.7,4,spoiled
4.88,6.94,2.8,4.75,0.93,2.1,3.72,1.97,7.04,99.9,32.8,4,spoiled
4.88,6.88,2.76,4.79,0.95,2.07,3.91,1.99,7.04,99.9,32.8,4,spoiled
4.91,6.97,2.78,4.81,0.96,2.09,4.04,2.04,7.1,99.9,32.8,4,spoiled
5.02,7.02,2.8,4.86,0.96,2.16,3.77,2.15,7.01,99.9,32.8,4,spoiled
5.08,7.02,2.78,4.9,0.95,2.2,4.17,2.13,7.07,99.9,32.8,4,spoiled
5.15,6.99,2.76,4.86,0.95,2.18,4.29,2.19,7.04,99.9,32.8,4,spoiled
5.26,6.97,2.8,4.9,0.98,2.17,3.59,2.18,7.13,99.9,32.8,4,spoiled
5.19,6.99,2.78,4.9,0.94,2.17,3.4,2.13,7.13,99.9,32.9,4,spoiled
5.31,6.99,2.8,4.88,0.97,2.17,3.69,2.19,7.07,99.9,32.9,4,spoiled
5.31,6.99,2.76,4.84,0.95,2.21,3.81,2.26,7.13,99.9,32.9,4,spoiled
5.28,6.99,2.78,4.73,0.98,2.0,3.5,1.99,7.07,99.9,32.9,4,spoiled
5.19,6.99,2.76,4.56,0.97,2.09,3.87,2.08,7.04,99.9,32.9,4,spoiled
5.26,7.02,2.91,4.96,0.96,2.25,4.1,2.93,7.13,99.9,32.9,4,spoiled
5.35,6.99,2.8,5.01,0.99,2.25,4.01,2.42,7.04,99.9,33.0,4,spoiled
5.4,6.97,2.8,4.94,0.99,2.23,3.77,2.26,7.1,99.9,33.0,4,spoiled
5.15,6.99,2.76,4.94,0.97,2.17,3.72,2.23,7.1,99.9,32.9,4,spoiled
5.24,7.02,2.8,5.07,0.99,2.25,3.84,2.47,7.13,99.9,32.9,4,spoiled
5.24,6.99,2.78,4.99,1.01,2.17,3.64,2.21,7.16,99.9,33.0,4,spoiled
5.35,7.02,2.8,5.01,1.0,2.17,3.86,2.19,7.16,99.9,33.0,4,spoiled
5.38,7.05,2.8,4.9,0.98,2.03,3.59,2.08,7.1,99.9,33.0,4,spoiled
5.28,6.99,2.75,4.92,0.95,2.1,3.64,2.06,7.16,99.9,33.0,4,spoiled
5.24,6.99,2.78,4.77,0.96,2.04,3.31,1.97,7.16,99.9,33.0,4,spoiled
5.19,6.97,2.8,4.86,0.92,2.09,3.97,1.95,7.07,99.9,33.0,4,spoiled
5.19,7.08,2.76,4.9,0.93,2.09,3.77,1.97,7.07,99.9,33.1,4,spoiled
5.04,7.05,2.73,4.46,0.96,1.99,3.99,2.08,6.93,99.9,33.1,4,spoiled
4.97,7.05,2.75,4.86,0.95,2.03,4.11,2.04,7.01,99.9,33.0,4,spoiled
5.02,7.08,2.75,4.94,0.94,2.07,3.39,1.95,7.07,99.9,33.1,4,spoiled
5.1,6.99,2.78,4.88,0.96,2.07,3.69,2.09,7.01,99.9,33.1,4,spoiled
5.13,7.05,2.8,5.03,0.98,2.18,3.87,2.53,7.07,99.9,33.1,4,spoiled
5.28,7.08,2.81,5.19,1.04,2.34,4.4,2.51,7.07,99.9,33.1,4,spoiled
5.38,7.05,2.76,5.14,1.06,2.35,4.06,2.81,7.1,99.9,33.1,4,spoiled
5.59,7.08,2.8,5.16,1.06,2.34,4.19,2.63,7.19,99.9,33.2,4,spoiled
5.59,7.05,2.78,5.14,1.02,2.34,4.26,2.63,7.13,99.9,33.2,4,spoiled
5.42,7.05,2.78,5.1,1.03,2.27,4.11,2.35,7.16,99.9,33.2,4,spoiled
5.31,6.11,2.78,5.14,1.03,2.3,3.87,2.34,7.13,99.9,33.3,4,spoiled
5.35,6.14,2.76,5.1,1.02,2.24,3.77,2.32,7.19,99.9,33.3,4,spoiled
5.47,6.39,2.8,5.14,1.0,2.3,3.81,2.36,7.19,99.9,33.3,4,spoiled
5.31,6.24,2.73,4.84,0.99,2.02,3.89,1.98,7.07,99.9,33.3,4,spoiled
5.38,6.99,2.78,5.03,0.97,2.1,3.67,2.06,7.16,99.9,33.3,4,spoiled
5.49,7.05,2.81,5.05,0.96,2.2,3.46,2.16,7.19,99.9,33.4,4,spoiled
5.45,7.05,2.81,4.88,0.96,2.03,3.66,2.04,7.19,99.9,33.4,4,spoiled
5.38,7.02,2.8,4.96,0.96,2.11,3.66,2.15,7.22,99.9,33.4,4,spoiled
5.24,7.02,2.78,5.03,0.94,2.18,3.66,2.18,7.13,99.9,33.4,4,spoiled
5.26,6.94,2.78,5.05,0.94,2.21,3.77,2.21,7.13,99.9,33.4,4,spoiled
5.33,7.02,2.75,5.01,0.96,2.23,3.86,2.35,7.19,99.9,33.5,4,spoiled
5.42,7.05,2.7,5.01,0.97,2.18,3.64,2.13,7.13,99.9,33.5,4,spoiled
5.45,7.08,2.73,5.01,0.55,2.21,3.94,2.18,7.07,99.9,33.5,4,spoiled
5.56,7.08,2.76,4.99,0.96,2.2,3.69,2.22,7.16,99.9,33.5,4,spoiled
5.49,7.08,2.75,4.99,0.94,2.16,3.54,1.99,7.13,99.9,33.5,4,spoiled
5.56,7.11,2.8,4.96,0.96,2.17,3.91,2.19,7.1,99.9,33.5,4,spoiled
5.54,7.11,2.76,4.99,0.94,2.21,3.72,2.23,7.13,99.9,33.5,4,spoiled
5.59,7.08,2.8,5.01,0.95,2.18,3.97,2.13,7.13,99.9,33.5,4,spoiled
5.52,6.99,2.76,4.99,0.92,2.2,3.45,2.13,7.13,99.9,33.5,4,spoiled
5.61,7.08,2.8,5.05,0.97,2.21,3.91,2.53,7.16,99.9,33.5,4,spoiled
5.45,7.11,2.8,5.12,0.96,2.2,4.37,2.48,7.19,99.9,33.5,4,spoiled
5.4,7.08,2.8,5.14,0.99,2.25,3.82,2.26,7.13,99.9,33.5,4,spoiled
5.49,6.47,2.78,5.19,1.01,2.24,4.26,2.76,7.16,99.9,33.5,4,spoiled
5.47,6.97,2.78,5.19,1.08,2.31,3.82,3.61,6.99,99.9,33.6,4,spoiled
5.73,6.94,2.81,5.3,1.21,2.4,4.11,3.06,7.24,99.9,33.6,4,spoiled
5.76,6.37,2.81,5.25,1.11,2.17,3.77,2.13,7.22,99.9,33.6,4,spoiled
5.54,5.94,2.78,5.3,1.22,2.2,4.2,3.26,7.27,99.9,33.6,4,spoiled
5.64,6.14,2.8,5.3,1.25,2.4,4.31,2.68,7.24,99.9,33.6,4,spoiled
5.76,6.91,2.8,5.34,1.48,2.5,4.35,5.19,7.3,99.9,33.6,4,spoiled
6.0,6.83,2.81,5.28,1.37,2.41,4.15,2.77,7.36,99.9,33.6,4,spoiled
5.64,6.85,2.81,5.41,1.39,2.47,4.42,3.38,7.39,99.9,33.7,4,spoiled
5.71,6.42,2.81,5.41,1.42,2.46,4.24,2.98,7.42,99.9,33.6,4,spoiled
5.64,6.85,2.83,5.3,1.35,2.33,4.03,2.26,7.42,99.9,33.7,4,spoiled
5.64,6.29,2.81,5.32,1.34,2.4,4.22,2.38,7.42,99.9,33.8,4,spoiled
5.66,6.63,2.81,5.25,1.2,2.38,4.13,2.31,7.45,99.9,33.8,4,spoiled
5.83,6.85,2.86,5.39,1.38,2.56,4.33,4.35,7.42,99.9,33.8,4,spoiled
5.85,6.83,2.83,5.34,1.31,2.5,4.22,3.52,7.36,99.9,33.8,4,spoiled
5.93,6.8,2.83,5.25,1.19,2.14,3.97,2.09,7.45,99.9,33.8,4,spoiled
5.85,6.11,2.83,5.28,1.08,2.34,4.35,2.21,7.45,99.9,33.8,4,spoiled
5.73,6.94,2.81,5.14,1.03,2.17,3.86,2.05,7.39,99.9,33.8,4,spoiled
5.8,6.91,2.81,5.14,1.01,2.25,4.1,2.19,7.39,99.9,33.9,4,spoiled
5.8,6.97,2.83,5.16,0.99,2.28,4.31,2.25,7.51,99.9,33.9,4,spoiled
5.64,5.84,2.81,4.77,0.99,2.25,4.19,2.19,7.45,99.9,33.9,4,spoiled
5.45,7.02,2.81,5.07,0.95,2.09,4.35,1.94,7.36,99.9,33.9,4,spoiled
5.42,7.08,2.83,5.05,0.95,2.17,3.92,2.02,7.33,99.9,33.8,4,spoiled
5.47,6.94,2.84,5.05,0.96,2.21,4.03,2.09,7.39,99.9,33.9,4,spoiled
5.22,7.02,2.8,4.96,0.96,2.1,3.99,1.9,7.27,99.9,33.8,4,spoiled
5.26,6.97,2.81,4.96,0.96,2.11,3.81,1.87,7.3,99.9,33.8,4,spoiled
5.22,6.99,2.83,5.1,0.96,2.06,3.69,2.05,7.3,99.9,33.8,4,spoiled
5.15,7.02,2.81,4.99,0.97,1.88,3.45,1.84,7.24,99.9,33.8,4,spoiled
5.1,6.88,2.81,5.07,0.99,2.03,3.82,1.95,7.13,99.9,33.8,4,spoiled
5.19,7.08,2.78,5.1,1.01,2.11,3.86,2.06,7.22,99.9,33.9,4,spoiled
5.38,6.42,2.84,5.19,1.0,2.27,3.99,2.35,7.22,99.9,33.9,4,spoiled
5.47,7.08,2.81,5.25,1.03,2.21,4.39,2.41,7.24,99.9,33.9,4,spoiled
5.52,7.08,2.8,5.23,1.01,2.21,4.03,2.02,7.27,99.9,33.8,4,spoiled
5.61,6.58,2.81,5.16,1.0,2.23,4.08,2.05,7.24,99.9,33.9,4,spoiled
5.4,7.02,2.72,4.96,0.98,2.18,4.06,2.15,7.1,99.9,33.9,4,spoiled
5.59,7.02,2.81,5.23,0.98,2.11,3.99,1.99,7.22,99.9,33.9,4,spoiled
5.56,7.02,2.8,5.05,0.99,2.16,3.99,2.12,7.27,99.9,33.9,4,spoiled
5.59,7.08,2.8,5.03,0.98,2.2,4.39,2.23,7.24,99.9,34.0,4,spoiled
5.68,6.83,2.81,5.05,0.98,2.24,3.72,2.25,7.33,99.9,33.9,4,spoiled
5.59,7.02,2.8,5.07,0.95,2.24,3.74,2.23,7.24,99.9,33.9,4,spoiled
5.42,7.11,2.8,5.01,0.96,2.16,3.99,2.04,7.27,99.9,33.9,4,spoiled
5.4,7.11,2.8,5.07,0.95,2.2,4.33,2.28,7.3,99.9,33.9,4,spoiled
5.45,7.11,2.8,5.03,0.96,2.24,3.87,2.19,7.22,99.9,33.9,4,spoiled
5.54,7.11,2.83,5.03,0.96,2.18,3.77,1.98,7.3,99.9,33.9,4,spoiled
5.52,7.14,2.78,4.99,0.93,2.21,4.03,2.13,7.16,99.9,33.9,4,spoiled
5.59,7.11,2.8,4.96,0.98,2.21,3.81,2.23,7.27,99.9,33.9,4,spoiled
5.66,7.11,2.83,4.99,0.94,2.24,3.91,2.28,7.24,99.9,33.9,4,spoiled
5.59,7.11,2.81,4.96,0.95,2.23,4.01,2.31,7.24,99.9,33.8,4,spoiled
5.56,7.05,2.81,4.9,0.97,2.0,4.13,1.93,7.27,99.9,33.8,4,spoiled
5.47,7.08,2.8,4.94,0.95,2.14,3.91,2.05,7.22,99.9,33.8,4,spoiled
5.42,7.08,2.81,4.94,0.94,2.18,3.97,2.05,7.22,99.9,33.8,4,spoiled
5.47,7.05,2.81,4.94,0.94,2.2,4.04,2.05,7.45,99.9,33.8,4,spoiled
5.45,7.11,2.8,4.9,0.93,2.21,4.19,2.29,7.22,99.9,33.8,4,spoiled
5.52,7.11,2.81,4.94,0.95,2.14,3.61,2.09,7.16,99.9,33.8,4,spoiled
5.52,6.99,2.83,4.96,0.96,2.17,3.92,2.02,7.16,99.9,33.8,4,spoiled
5.54,7.14,2.81,4.94,0.96,2.13,3.51,2.06,7.16,99.9,33.8,4,spoiled
5.42,7.14,2.78,4.86,0.97,2.18,3.97,2.12,7.16,99.9,33.8,4,spoiled
5.33,7.08,2.81,4.65,0.96,1.99,3.74,1.93,7.1,99.9,33.8,4,spoiled
5.33,7.08,2.8,4.81,0.94,2.06,3.53,1.94,7.19,99.9,33.8,4,spoiled
5.35,6.19,2.83,4.84,0.96,2.1,3.87,2.05,7.1,99.9,33.8,4,spoiled
5.33,7.05,2.81,4.88,0.94,2.14,3.86,1.94,7.1,99.9,33.8,4,spoiled
5.22,7.08,2.8,4.84,0.96,2.09,3.66,1.88,7.1,99.9,33.8,4,spoiled
5.24,7.08,2.8,4.86,0.95,2.11,3.64,1.97,7.1,99.9,33.8,4,spoiled
5.19,7.11,2.78,4.86,0.95,2.04,4.17,1.97,7.04,99.9,33.8,4,spoiled
5.28,7.11,2.81,4.84,0.95,2.09,3.92,1.98,7.07,99.9,33.8,4,spoiled
5.28,7.05,2.8,4.84,0.97,2.11,3.97,1.97,7.1,99.9,33.8,4,spoiled
5.31,7.11,2.78,4.77,0.97,2.0,3.5,1.98,7.04,99.9,33.8,4,spoiled
5.33,7.11,2.8,4.81,0.97,2.07,3.87,2.06,7.04,99.9,33.9,4,spoiled
5.38,7.05,2.81,4.84,0.94,2.14,4.22,2.12,7.13,99.9,33.9,4,spoiled
5.24,7.14,2.72,4.71,0.94,2.07,3.84,2.02,6.82,99.9,33.9,4,spoiled
5.38,7.14,2.78,4.81,0.95,2.1,3.94,2.11,7.01,99.9,33.9,4,spoiled
5.4,7.05,2.8,4.86,0.97,2.11,3.5,2.15,7.13,99.9,33.9,4,spoiled
5.33,7.05,2.81,4.84,0.96,2.16,3.61,2.02,7.07,99.9,33.9,4,spoiled
5.28,7.02,2.81,4.86,0.96,2.09,3.94,2.01,7.22,99.9,33.9,4,spoiled
5.24,7.05,2.78,4.84,0.97,2.1,3.66,2.13,7.04,99.9,33.9,4,spoiled
5.35,7.05,2.81,4.96,0.96,2.21,3.99,2.47,7.01,99.9,33.9,4,spoiled
5.4,7.11,2.78,4.99,0.96,2.27,3.89,2.42,7.01,99.9,34.0,4,spoiled
5.45,7.11,2.78,4.94,0.97,2.21,4.1,2.23,7.3,99.9,34.0,4,spoiled
5.49,7.14,2.8,4.92,0.95,2.23,3.74,2.28,7.27,99.9,34.1,4,spoiled
5.49,7.08,2.81,4.88,0.96,2.17,3.84,2.08,7.36,99.9,34.0,4,spoiled
5.35,6.58,2.8,4.86,0.96,2.03,3.94,1.91,7.3,99.9,34.1,4,spoiled
5.38,7.05,2.78,4.84,0.96,2.04,3.61,1.95,7.39,99.9,34.1,4,spoiled
5.38,7.08,2.8,4.79,0.97,2.1,3.61,2.01,7.3,99.9,34.1,4,spoiled
5.24,7.08,2.72,4.71,0.94,2.07,3.81,2.08,7.19,99.9,34.1,4,spoiled
5.31,7.08,2.81,4.65,0.96,1.95,3.97,1.88,7.6,99.9,34.1,4,spoiled
5.17,7.05,2.78,4.65,0.98,2.02,3.71,1.98,7.27,99.9,34.1,4,spoiled
5.24,7.05,2.78,4.81,0.94,2.09,3.79,1.98,7.36,99.9,34.2,4,spoiled
5.24,7.05,2.78,4.75,0.97,2.07,3.89,2.05,7.36,99.9,34.2,4,spoiled
5.28,7.05,2.8,4.81,0.95,2.09,4.03,2.01,7.39,99.9,34.2,4,spoiled
5.26,7.05,2.78,4.79,0.97,2.07,3.46,2.06,7.3,99.9,34.2,4,spoiled
5.4,7.16,2.81,4.84,0.98,2.11,3.59,2.15,7.27,99.9,34.2,4,spoiled
5.42,7.19,2.8,4.81,0.96,2.14,3.81,2.22,7.3,99.9,34.2,4,spoiled
5.45,7.16,2.78,4.81,0.97,2.16,4.17,2.26,6.99,99.9,34.2,4,spoiled
5.42,7.11,2.78,4.86,0.94,2.2,3.94,2.23,7.3,99.9,34.2,4,spoiled
5.47,7.14,2.78,4.86,0.95,2.2,3.71,2.36,7.16,99.9,34.2,4,spoiled
5.56,7.19,2.78,4.86,0.98,2.2,3.82,2.45,7.22,99.9,34.3,4,spoiled
5.49,7.19,2.78,4.92,0.95,2.21,3.58,2.16,7.19,99.9,34.3,4,spoiled
5.59,7.08,2.83,4.94,0.95,2.23,3.91,2.28,7.22,99.9,34.3,4,spoiled
5.52,7.08,2.8,4.92,0.95,2.13,3.62,2.12,7.19,99.9,34.4,4,spoiled
5.42,7.11,2.8,4.65,0.96,2.02,3.66,1.98,7.16,99.9,34.4,4,spoiled
5.28,7.08,2.78,4.73,0.95,2.04,3.67,1.94,7.1,99.9,34.4,4,spoiled
5.31,7.02,2.8,4.77,0.96,2.03,4.19,1.99,7.1,99.9,34.4,4,spoiled
5.35,7.08,2.81,4.77,0.98,2.11,3.82,2.04,7.16,99.9,34.4,4,spoiled
5.28,7.08,2.78,4.75,0.95,2.11,4.01,2.06,7.1,99.9,34.4,4,spoiled
5.33,7.08,2.78,4.75,0.97,2.13,3.67,2.05,7.13,99.9,34.4,4,spoiled
5.33,7.05,2.78,4.84,0.97,2.17,4.28,2.21,7.16,99.9,34.4,4,spoiled
5.47,7.02,2.96,4.88,0.96,2.21,3.84,2.21,7.1,99.9,34.4,4,spoiled
5.38,6.97,2.78,4.86,0.95,2.2,3.48,2.19,7.07,99.9,34.4,4,spoiled
5.42,6.34,2.76,4.81,0.97,2.16,3.58,2.23,7.13,99.9,34.4,4,spoiled
5.31,7.05,2.78,4.79,0.95,2.03,3.67,1.98,7.1,99.9,34.4,4,spoiled
5.22,6.99,2.8,4.84,0.94,2.06,3.64,1.99,7.07,99.9,34.3,4,spoiled
5.28,7.05,2.83,4.81,0.96,2.14,3.77,2.05,7.16,99.9,34.4,4,spoiled
5.17,7.08,2.8,4.58,0.94,2.11,4.13,2.12,7.07,99.9,34.4,4,spoiled
5.15,7.05,2.78,4.79,0.97,2.16,4.06,2.21,7.1,99.9,34.4,4,spoiled
5.24,7.14,2.78,4.84,0.97,2.18,3.72,2.15,7.13,99.9,34.4,4,spoiled
5.28,7.22,2.78,4.86,0.95,2.14,3.72,1.99,7.1,99.9,34.4,4,spoiled
5.35,7.14,2.81,4.81,0.96,2.14,3.56,1.99,7.07,99.9,34.4,4,spoiled
5.24,7.19,2.73,4.69,0.95,2.14,3.81,2.11,6.85,99.9,34.4,4,spoiled
5.38,7.22,2.8,4.86,0.97,2.18,3.71,2.25,7.1,99.9,34.4,4,spoiled
5.4,7.19,2.83,4.88,0.96,2.21,4.06,2.12,7.16,99.9,34.4,4,spoiled
5.47,7.22,2.83,4.9,0.98,2.16,3.67,2.12,7.16,99.9,34.4,4,spoiled
5.45,7.25,2.81,4.81,0.98,2.18,3.45,2.09,7.07,99.9,34.4,4,spoiled
5.42,7.25,2.8,4.81,0.97,2.13,3.46,2.09,7.16,99.9,34.4,4,spoiled
5.47,7.22,2.83,4.84,0.96,2.17,3.43,2.05,7.1,99.9,34.5,4,spoiled
5.4,7.22,2.81,4.9,0.95,2.2,4.2,2.05,7.16,99.9,34.4,4,spoiled
5.38,7.25,2.8,4.86,0.96,2.2,3.87,2.01,7.19,99.9,34.5,4,spoiled
5.42,7.25,2.83,4.84,0.99,2.21,3.64,2.13,7.19,99.9,34.5,4,spoiled
5.4,7.25,2.81,4.86,0.97,2.21,3.46,2.16,7.16,99.9,34.4,4,spoiled
5.4,7.19,2.81,4.69,0.97,2.18,3.71,2.12,7.07,99.9,34.4,4,spoiled
5.45,7.25,2.83,4.9,0.99,2.23,4.33,2.44,7.16,99.9,34.4,4,spoiled
5.42,7.22,2.81,4.9,0.96,2.25,4.11,2.31,7.07,99.9,34.5,4,spoiled
5.49,7.28,2.81,4.92,0.96,2.24,4.08,2.16,7.13,99.9,34.4,4,spoiled
5.52,7.28,2.81,5.03,1.01,2.35,4.04,4.04,7.07,99.9,34.5,4,spoiled
5.26,7.25,2.91,4.94,0.99,2.13,3.66,2.51,6.96,99.9,34.5,4,spoiled
5.47,7.25,2.81,5.01,0.99,2.16,3.84,2.11,7.19,99.9,34.5,4,spoiled
5.49,7.19,2.84,5.1,1.0,2.21,3.58,2.11,7.07,99.9,34.5,4,spoiled
5.42,7.22,2.84,5.03,1.01,2.21,3.99,2.18,7.1,99.9,34.6,4,spoiled
5.42,7.25,2.83,5.14,1.0,2.4,3.97,2.71,7.1,99.9,34.5,4,spoiled
5.64,7.28,2.86,5.3,1.15,2.53,4.35,3.89,7.19,99.9,34.5,4,spoiled
5.73,7.25,2.86,5.3,1.07,2.49,4.2,2.67,7.27,99.9,34.5,4,spoiled
5.71,7.28,2.81,5.14,1.05,2.38,4.1,2.53,7.19,99.9,34.6,4,spoiled
5.85,7.25,2.86,5.19,1.04,2.4,4.06,2.36,7.22,99.9,34.6,4,spoiled
5.66,7.25,2.84,5.16,1.0,2.38,3.92,2.44,7.24,99.9,34.6,4,spoiled
5.76,7.25,2.86,5.25,1.08,2.5,4.2,3.15,7.27,99.9,34.6,4,spoiled
5.78,7.25,2.83,5.28,1.11,2.52,4.13,3.83,7.27,99.9,34.6,4,spoiled
5.83,7.22,2.83,5.25,1.07,2.47,3.89,2.93,7.3,99.9,34.6,4,spoiled
5.71,7.22,2.83,4.86,1.03,2.13,3.59,2.05,7.24,99.9,34.7,4,spoiled
5.66,7.22,2.86,5.07,1.02,2.23,4.13,2.01,7.27,99.9,34.7,4,spoiled
5.59,7.31,2.83,5.05,1.01,2.27,4.17,2.04,7.19,99.9,34.7,4,spoiled
5.61,7.25,2.84,5.23,1.0,2.46,4.28,2.84,7.24,99.9,34.7,4,spoiled
5.64,7.25,2.84,5.14,1.0,2.38,4.13,2.26,7.3,99.9,34.8,4,spoiled
5.61,7.28,2.78,5.1,0.98,2.4,4.11,2.85,7.16,99.9,34.8,4,spoiled
5.71,7.19,2.84,5.16,0.98,2.44,3.99,2.38,7.22,99.9,34.8,4,spoiled
5.73,7.25,2.83,5.14,0.96,2.4,4.1,2.26,7.33,99.9,34.9,4,spoiled
5.73,7.22,2.83,5.12,0.95,2.38,3.97,2.25,7.24,99.9,34.9,4,spoiled
5.71,7.28,2.83,5.05,0.96,2.35,4.15,2.23,7.3,99.9,34.9,4,spoiled
5.71,7.22,2.84,5.12,0.97,2.35,3.81,2.5,7.36,99.9,34.9,4,spoiled
5.54,7.25,2.83,4.92,0.95,2.13,4.24,2.02,7.22,99.9,34.9,4,spoiled
5.54,7.25,2.86,5.07,0.96,2.24,4.33,1.98,7.24,99.9,34.9,4,spoiled
5.49,7.25,2.84,5.01,0.95,2.31,4.2,2.05,7.22,99.9,34.9,4,spoiled
5.49,7.22,2.81,4.99,0.98,2.3,3.99,2.12,7.22,99.9,34.9,4,spoiled
5.49,7.22,2.81,5.03,0.97,2.25,3.99,2.08,7.22,99.9,34.9,4,spoiled
5.45,7.25,2.78,4.88,0.95,2.23,3.92,2.09,7.01,99.9,34.9,4,spoiled
5.52,7.22,2.83,4.99,0.97,2.3,3.62,2.19,7.22,99.9,34.9,4,spoiled
5.56,7.28,2.84,5.01,0.96,2.35,4.01,2.15,7.24,99.9,34.9,4,spoiled
5.54,7.25,2.83,4.86,0.95,2.31,3.99,2.47,7.24,99.9,35.0,4,spoiled
5.54,7.25,2.8,4.9,0.95,2.25,3.92,2.15,7.22,99.9,35.0,4,spoiled
5.56,7.31,2.8,4.86,0.97,2.3,4.19,2.19,7.19,99.9,35.0,4,spoiled
5.59,7.28,2.8,4.94,0.97,2.33,3.97,2.29,7.24,99.9,35.0,4,spoiled
5.61,7.25,2.81,5.01,0.95,2.37,4.54,2.48,7.19,99.9,35.0,4,spoiled
5.59,7.25,2.83,4.42,0.97,2.34,4.17,2.25,7.22,99.9,35.0,4,spoiled
5.56,7.25,2.83,4.63,0.95,2.17,3.82,2.06,7.16,99.9,35.0,4,spoiled
5.45,7.22,2.81,4.86,0.97,2.23,3.72,2.13,7.19,99.9,35.0,4,spoiled
5.54,7.25,2.84,4.96,0.96,2.33,4.5,2.16,7.16,99.9,35.0,4,spoiled
5.56,7.22,2.84,5.03,0.96,2.37,4.17,2.62,7.19,99.9,35.0,4,spoiled
5.52,7.25,2.83,5.05,0.96,2.43,3.84,2.67,7.16,99.9,35.0,4,spoiled
5.64,7.19,2.84,5.05,0.96,2.4,4.22,2.34,7.19,99.9,35.0,4,spoiled
5.56,7.31,2.84,4.9,0.96,2.24,4.22,1.97,7.16,99.9,35.1,4,spoiled
5.49,7.25,2.81,4.73,0.97,2.25,4.08,2.11,7.1,99.9,35.1,4,spoiled
5.4,7.22,2.83,4.94,0.95,2.23,3.92,1.94,7.04,99.9,35.1,4,spoiled
5.4,7.25,2.81,4.96,0.95,2.23,3.97,1.98,7.04,99.9,35.1,4,spoiled
5.45,7.25,2.96,4.96,0.97,2.24,3.77,2.12,7.07,99.9,35.1,4,spoiled
5.49,7.25,2.84,4.99,0.95,2.2,4.08,1.91,7.01,99.9,35.1,4,spoiled
5.4,7.25,2.84,5.1,0.96,2.33,4.4,2.31,7.04,99.9,35.1,4,spoiled
5.42,7.28,2.81,5.05,0.97,2.35,4.35,2.25,7.04,99.9,35.2,4,spoiled
5.45,7.28,2.81,4.92,0.97,2.24,4.17,2.13,7.04,99.9,35.1,4,spoiled
5.49,7.22,2.81,5.05,0.96,2.28,4.06,2.08,7.16,99.9,35.2,4,spoiled
5.52,7.22,2.83,5.12,0.97,2.37,4.59,2.45,7.13,99.9,35.2,4,spoiled
5.45,7.28,2.8,5.03,0.96,2.33,3.92,2.15,7.1,99.9,35.2,4,spoiled
5.49,7.25,2.81,5.03,0.95,2.31,4.1,2.16,7.04,99.9,35.2,4,spoiled
5.4,7.22,2.81,4.94,0.95,2.27,4.17,2.19,6.96,99.9,35.2,4,spoiled
5.45,7.19,2.84,5.01,0.96,2.28,4.15,2.11,7.04,99.9,35.3,4,spoiled
5.42,7.25,2.83,5.01,0.97,2.3,4.2,2.13,7.16,99.9,35.3,4,spoiled
5.49,7.22,2.84,5.01,0.95,2.28,4.04,2.16,7.04,99.9,35.3,4,spoiled
5.49,7.19,2.84,5.01,0.95,2.31,4.13,2.23,7.04,99.9,35.3,4,spoiled
5.49,7.25,2.8,4.94,0.95,2.3,4.13,2.29,7.1,99.9,35.3,4,spoiled
5.54,7.22,2.83,4.96,0.98,2.25,3.79,2.32,7.04,99.9,35.3,4,spoiled
5.54,7.16,2.84,5.01,0.96,2.3,4.22,2.29,7.13,99.9,35.3,4,spoiled
5.38,7.14,2.75,4.81,0.95,2.21,4.15,2.31,6.96,99.9,35.3,4,spoiled
5.54,7.22,2.83,4.94,0.98,2.24,4.37,2.45,7.16,99.9,35.2,4,spoiled
5.52,7.14,2.83,5.12,1.01,2.4,4.95,4.61,7.19,99.9,35.3,4,spoiled
5.59,7.14,2.83,5.07,1.01,2.35,4.55,2.81,7.16,99.9,35.3,4,spoiled
5.52,7.14,2.84,5.16,0.98,2.37,4.55,2.31,7.1,99.9,35.3,4,spoiled
5.42,7.11,2.84,5.1,0.97,2.31,4.75,2.08,7.1,99.9,35.3,4,spoiled
5.38,7.16,2.84,5.1,0.96,2.27,4.2,2.05,7.1,99.9,35.3,4,spoiled
5.4,7.16,2.86,5.05,0.96,2.3,4.77,2.01,7.16,99.9,35.4,4,spoiled
5.42,7.11,2.83,5.05,0.95,2.28,4.44,2.02,7.1,99.9,35.4,4,spoiled
5.35,7.08,2.78,5.01,0.94,2.25,4.04,2.13,7.04,99.9,35.4,4,spoiled
5.47,7.08,2.83,4.99,0.97,2.28,3.89,2.25,7.1,99.9,35.4,4,spoiled
5.4,7.08,2.84,5.05,0.95,2.31,4.75,2.23,7.04,99.9,35.4,4,spoiled
5.49,7.11,2.86,5.16,0.99,2.44,4.31,5.02,7.07,99.9,35.3,4,spoiled
5.52,7.11,2.81,5.21,1.03,2.49,5.05,5.47,7.16,99.9,35.3,4,spoiled
5.56,7.14,2.83,5.19,1.0,2.46,4.35,2.76,7.04,99.9,35.4,4,spoiled
5.73,7.11,2.84,5.12,1.0,2.37,4.48,2.41,7.13,99.9,35.4,4,spoiled
5.71,7.11,2.84,5.14,0.99,2.35,4.63,2.23,7.1,99.9,35.4,4,spoiled
5.61,6.91,2.81,5.07,0.97,2.33,4.31,2.25,7.13,99.9,35.5,4,spoiled
5.59,6.85,2.81,5.05,0.96,2.3,4.87,2.08,7.1,99.9,35.4,4,spoiled
5.66,6.85,2.83,5.05,0.96,2.21,4.31,1.82,7.19,99.9,35.4,4,spoiled
5.64,6.97,3.04,5.1,0.95,2.24,4.39,1.99,7.16,99.9,35.4,4,spoiled
5.56,7.08,2.81,5.07,0.95,2.27,4.42,2.09,7.22,99.9,35.4,4,spoiled
5.66,6.97,2.83,5.03,0.96,2.27,4.59,2.15,7.22,99.9,35.4,4,spoiled
5.56,6.83,2.83,5.07,0.96,2.25,4.59,2.19,7.13,99.9,35.4,4,spoiled
5.54,6.72,2.84,4.42,0.96,2.21,4.31,2.08,7.1,99.9,35.4,4,spoiled
5.54,6.72,2.81,4.94,0.98,2.18,4.93,2.18,7.66,99.9,35.4,4,spoiled
5.49,6.61,2.83,5.01,0.97,2.23,4.35,2.18,7.19,99.9,35.4,4,spoiled
5.56,6.61,2.84,5.03,0.92,2.27,4.37,2.18,7.07,99.9,35.4,4,spoiled
5.54,6.58,2.84,5.03,0.95,2.28,4.97,2.21,7.1,99.9,35.4,4,spoiled
5.59,6.74,2.81,5.03,0.95,2.27,3.92,2.28,7.19,99.9,35.4,4,spoiled
5.64,6.53,2.84,5.05,0.95,2.31,4.42,2.31,7.1,99.9,35.4,4,spoiled
5.64,6.63,2.84,5.05,0.95,2.3,4.28,2.26,7.19,99.9,35.4,4,spoiled
5.54,6.66,2.84,4.88,0.98,2.17,4.11,2.19,7.04,99.9,35.4,4,spoiled
5.42,6.55,2.83,4.86,0.96,2.14,4.42,2.01,7.1,99.9,35.4,4,spoiled
5.4,6.53,2.8,4.94,0.95,2.17,4.03,1.97,7.01,99.9,35.4,4,spoiled
5.35,6.42,2.78,4.86,0.97,2.14,5.01,2.04,6.76,99.9,35.5,4,spoiled
5.4,6.53,2.83,5.01,0.95,2.21,4.46,2.05,7.01,99.9,35.4,4,spoiled
5.4,6.66,2.83,4.99,0.95,2.24,4.42,2.23,7.01,99.9,35.5,4,spoiled
5.49,6.53,2.84,5.1,1.0,2.33,4.95,2.97,7.04,99.9,35.5,4,spoiled
5.49,6.53,2.83,5.23,0.99,2.44,5.52,4.45,7.07,99.9,35.5,4,spoiled
5.66,6.5,2.83,5.19,0.99,2.43,5.22,2.85,7.16,99.9,35.5,4,spoiled
5.68,6.69,2.84,5.21,1.04,2.46,5.81,3.67,6.96,99.9,35.5,4,spoiled
5.73,6.32,2.83,5.14,1.04,2.4,4.91,2.53,7.16,99.9,35.5,4,spoiled
5.83,6.42,2.86,5.14,1.02,2.4,5.03,2.6,7.16,99.9,35.6,4,spoiled
5.76,6.53,2.83,5.14,0.99,2.37,5.03,2.53,7.19,99.9,35.6,4,spoiled
5.83,6.32,2.84,5.19,0.96,2.4,5.17,2.54,7.16,99.9,35.6,4,spoiled
5.76,6.42,2.83,5.1,0.7,2.35,4.97,2.39,7.16,99.9,35.6,4,spoiled
5.78,6.53,2.83,5.1,0.98,2.31,4.37,2.23,7.27,99.9,35.6,4,spoiled
5.83,6.47,2.86,5.12,0.95,2.33,4.73,2.15,7.22,99.9,35.6,4,spoiled
5.78,6.32,2.83,5.1,0.96,2.3,5.24,2.31,7.16,99.9,35.6,4,spoiled
5.71,6.53,2.83,5.14,0.97,2.37,5.05,2.95,7.13,99.9,35.7,4,spoiled
5.71,6.42,2.84,5.03,0.97,2.33,5.17,2.41,7.22,99.9,35.6,4,spoiled
5.73,6.34,2.86,5.07,0.97,2.3,4.81,2.23,7.24,99.9,35.6,4,spoiled
5.68,6.37,2.81,5.07,0.95,2.27,4.75,2.06,7.07,99.9,35.6,4,spoiled
5.73,6.58,2.83,5.05,0.98,2.28,5.58,2.39,7.04,99.9,35.6,4,spoiled
5.73,6.37,2.86,5.1,0.96,2.31,5.05,2.19,7.22,99.9,35.6,4,spoiled
5.68,6.34,2.83,5.05,0.98,2.35,4.55,2.63,7.16,99.9,35.6,4,spoiled
5.78,6.37,2.86,5.3,1.04,2.56,5.45,7.86,7.24,99.9,35.6,4,spoiled
5.98,6.55,2.89,5.41,1.1,2.73,5.65,7.73,7.22,99.9,35.6,4,spoiled
5.98,6.47,2.88,5.34,1.02,2.58,4.95,3.35,7.24,99.9,35.6,4,spoiled
5.98,6.42,2.84,5.28,1.0,2.52,5.24,2.76,7.27,99.9,35.7,4,spoiled
5.95,6.53,2.86,5.28,0.99,2.46,4.42,2.84,7.24,99.9,35.7,4,spoiled
5.93,6.42,2.88,5.25,0.98,2.43,5.3,2.44,7.33,99.9,35.7,4,spoiled
5.85,6.69,2.86,5.23,1.01,2.46,4.65,2.89,7.24,99.9,35.7,4,spoiled
5.85,6.21,2.86,5.21,1.01,2.43,4.99,2.71,7.36,99.9,35.7,4,spoiled
5.83,6.34,2.84,5.28,0.98,2.47,4.87,3.35,7.3,99.9,35.7,4,spoiled
5.88,6.29,2.88,5.19,1.0,2.41,4.85,2.51,7.36,99.9,35.8,4,spoiled
6.15,6.8,2.88,5.25,0.97,2.49,5.24,3.35,7.33,99.9,35.8,4,spoiled
5.8,6.39,2.86,5.23,0.98,2.31,4.73,1.97,7.3,99.9,35.8,4,spoiled
5.78,6.29,2.88,5.21,0.98,2.35,4.85,2.16,7.36,99.9,35.8,4,spoiled
5.68,6.32,2.84,5.19,0.97,2.4,5.39,2.41,7.36,99.9,35.8,4,spoiled
5.71,6.77,2.86,5.14,0.99,2.37,4.89,2.25,7.3,99.9,35.8,4,spoiled
5.71,6.69,2.84,4.46,0.99,2.38,4.85,2.23,7.33,99.9,35.8,4,spoiled
5.76,6.74,2.88,5.12,0.96,2.38,4.79,2.36,7.3,99.9,35.8,4,spoiled
5.71,6.66,2.84,5.16,0.98,2.4,5.22,2.74,7.36,99.9,35.9,4,spoiled
5.71,6.74,2.86,5.12,0.98,2.4,5.15,2.71,7.3,99.9,35.8,4,spoiled
5.76,6.69,2.88,5.16,0.96,2.43,4.85,2.25,7.19,99.9,35.9,4,spoiled
5.76,6.32,2.88,5.16,0.97,2.41,5.41,2.25,7.42,99.9,35.9,4,spoiled
5.71,6.55,2.83,5.19,0.97,2.46,5.09,3.01,7.1,99.9,35.9,4,spoiled
5.73,6.5,2.81,5.05,0.98,2.37,4.4,2.44,7.24,99.9,35.9,4,spoiled
5.61,6.32,2.84,4.96,0.96,2.25,5.19,2.12,7.24,99.9,35.9,4,spoiled
5.52,6.37,2.84,4.99,0.96,2.28,4.79,2.08,7.13,99.9,35.9,4,spoiled
5.52,6.58,2.83,5.03,0.97,2.28,4.54,2.13,7.1,99.9,36.0,4,spoiled
5.56,6.8,2.83,5.03,0.97,2.34,5.24,2.31,7.13,99.9,36.0,4,spoiled
5.66,6.47,2.86,5.05,0.97,2.34,4.52,2.36,7.13,99.9,36.0,4,spoiled
5.61,6.47,2.84,5.05,0.96,2.33,5.37,2.34,7.27,99.9,36.0,4,spoiled
5.68,6.39,2.86,5.07,0.98,2.3,4.91,2.38,7.13,99.9,36.0,4,spoiled
5.71,6.39,2.88,5.07,0.96,2.34,5.09,2.32,7.22,99.9,36.0,4,spoiled
5.66,6.74,2.86,5.03,0.98,2.31,4.48,2.41,7.16,99.9,36.0,4,spoiled
5.68,6.58,2.86,5.05,0.97,2.3,4.81,2.48,7.22,99.9,36.0,4,spoiled
5.52,6.34,2.84,5.05,0.95,2.3,4.81,1.97,7.13,99.9,36.1,4,spoiled
5.56,6.8,2.88,5.12,0.96,2.31,5.41,2.38,7.22,99.9,36.2,4,spoiled
5.54,6.97,2.83,5.14,0.97,2.35,5.22,2.51,7.16,99.9,36.3,4,spoiled
5.64,6.91,2.88,5.21,1.0,2.46,5.26,3.79,7.24,99.9,36.6,4,spoiled
5.71,6.97,2.89,5.14,1.0,2.41,5.17,2.59,7.24,99.9,36.9,4,spoiled
5.66,6.94,2.88,5.21,0.97,2.5,4.97,2.97,7.24,99.9,37.3,4,spoiled
5.76,6.94,2.89,5.21,0.98,2.46,4.83,2.71,7.27,99.9,37.7,4,spoiled
5.78,6.91,2.88,5.12,0.99,2.44,4.99,2.51,7.3,99.9,38.0,4,spoiled
5.73,6.94,2.89,5.14,0.96,2.46,5.13,2.57,7.22,99.9,38.2,4,spoiled
5.71,6.88,2.86,5.16,0.96,2.46,5.11,2.82,7.22,99.9,38.3,4,spoiled
5.56,7.02,2.88,4.94,0.98,2.25,5.84,2.04,7.24,99.9,38.3,4,spoiled
5.49,7.02,2.86,4.9,0.97,2.3,5.74,2.22,7.16,99.9,38.2,4,spoiled
5.52,6.99,2.86,5.03,0.99,2.28,5.95,2.13,7.19,99.9,38.0,4,spoiled
5.52,6.97,2.84,5.12,0.96,2.33,4.75,1.97,7.13,99.9,37.9,4,spoiled
5.52,6.97,2.84,5.12,0.98,2.35,5.98,2.32,7.19,99.9,37.8,4,spoiled
5.61,6.88,2.89,5.25,1.0,2.52,6.07,2.54,7.07,99.9,37.6,4,spoiled
5.71,6.85,2.88,5.28,1.0,2.49,5.37,3.0,7.22,99.9,37.5,4,spoiled
5.68,6.97,2.88,5.25,1.0,2.49,4.77,2.57,7.22,99.9,37.4,4,spoiled
5.76,6.97,2.89,5.12,1.01,2.44,6.0,2.35,7.36,99.9,37.4,4,spoiled
5.78,6.94,2.88,5.19,1.03,2.46,5.05,3.35,7.27,99.9,37.2,4,spoiled
5.78,6.37,2.88,5.21,1.0,2.47,5.11,2.76,7.1,99.9,37.1,4,spoiled
5.76,6.34,2.88,5.16,0.98,2.46,5.01,2.38,7.13,99.9,37.1,4,spoiled
5.73,6.39,2.84,5.14,0.99,2.4,5.65,2.31,7.13,99.9,37.0,4,spoiled
5.76,6.29,2.88,5.12,1.0,2.43,5.79,2.36,7.24,99.9,36.9,4,spoiled
5.71,6.34,2.86,5.14,0.97,2.41,4.77,2.35,7.3,99.9,36.9,4,spoiled
5.76,6.47,2.86,5.12,0.98,2.41,4.95,2.36,7.27,99.9,36.9,4,spoiled
5.73,6.42,2.88,5.12,0.97,2.43,5.58,2.42,7.24,99.9,36.9,4,spoiled
5.8,6.42,2.86,5.05,0.98,2.44,5.32,2.65,7.3,99.9,37.0,4,spoiled
5.73,6.34,2.84,5.12,0.98,2.5,4.67,3.49,7.16,99.9,36.9,4,spoiled
5.56,6.42,2.78,5.01,0.94,2.38,5.5,2.32,6.87,99.9,37.0,4,spoiled
5.66,6.5,2.83,5.12,0.95,2.43,5.11,2.26,6.99,99.9,36.9,4,spoiled
5.78,6.04,2.86,5.14,0.98,2.4,4.57,2.04,7.24,99.9,36.9,4,spoiled
5.71,6.24,2.84,5.12,0.99,2.35,5.01,2.01,7.1,99.9,36.8,4,spoiled
5.78,6.19,2.88,5.14,0.97,2.4,5.01,2.22,7.19,99.9,36.8,4,spoiled
5.76,6.19,2.88,5.12,0.99,2.38,5.5,2.36,7.07,99.9,36.8,4,spoiled
5.68,6.16,2.86,5.07,0.99,2.49,5.47,2.85,7.07,99.9,36.8,4,spoiled
5.78,6.24,2.86,5.44,1.12,2.74,5.74,11.27,7.22,99.9,36.8,4,spoiled
6.0,6.24,2.89,5.39,1.18,2.77,5.86,9.3,7.39,99.9,36.7,4,spoiled
6.0,6.16,2.88,5.41,1.09,2.61,5.43,3.81,7.33,99.9,36.7,4,spoiled
6.03,6.16,2.91,4.46,1.06,2.52,5.5,2.84,7.33,99.9,36.7,4,spoiled
5.9,6.16,2.91,5.23,1.0,2.47,6.05,2.38,7.39,99.9,36.7,4,spoiled
5.93,6.21,2.89,5.28,0.99,2.49,5.7,2.6,7.33,99.9,36.7,4,spoiled
5.88,6.16,2.89,5.19,0.99,2.41,4.95,2.36,7.36,99.9,36.7,4,spoiled
5.88,6.29,2.89,5.32,0.99,2.5,5.28,3.74,7.19,99.9,36.6,4,spoiled
5.83,6.24,2.88,5.21,0.99,2.46,5.81,2.6,7.33,99.9,36.7,4,spoiled
5.83,6.32,2.86,5.16,0.96,2.47,5.11,2.48,7.27,99.9,36.7,4,spoiled
5.83,6.24,2.89,5.14,0.95,2.44,4.69,2.38,7.24,99.9,36.8,4,spoiled
5.8,6.34,2.89,5.23,0.96,2.44,4.87,2.42,7.36,99.9,36.8,4,spoiled
5.85,6.32,2.91,5.21,0.94,2.43,6.07,2.42,7.3,99.9,36.8,4,spoiled
5.8,6.37,2.86,5.19,0.97,2.44,6.27,2.6,7.22,99.9,36.8,4,spoiled
5.83,6.34,2.88,5.14,0.99,2.41,5.56,2.42,7.24,99.9,36.8,4,spoiled
5.8,6.47,2.88,5.16,0.98,2.41,6.1,2.57,7.22,99.9,36.9,4,spoiled
5.83,6.37,2.89,5.16,0.96,2.43,4.87,2.54,7.3,99.9,36.9,4,spoiled
5.71,6.32,2.86,5.14,0.99,2.46,5.15,2.93,7.19,99.9,36.9,4,spoiled
5.71,6.24,2.89,5.14,0.99,2.44,5.39,2.42,7.13,99.9,37.0,4,spoiled
5.78,6.29,2.89,5.19,0.98,2.46,5.11,2.68,7.16,99.9,37.1,4,spoiled
5.78,6.32,2.89,5.21,0.98,2.49,5.19,2.97,7.13,99.9,37.2,4,spoiled
5.76,6.21,2.89,5.21,0.97,2.47,5.13,2.57,7.1,99.9,37.4,4,spoiled
5.76,6.34,2.91,5.3,0.99,2.55,5.39,3.89,7.16,99.9,37.5,4,spoiled
5.73,6.29,2.89,5.21,0.97,2.47,5.52,2.68,7.16,99.9,37.7,4,spoiled
5.71,6.29,2.88,5.21,1.01,2.49,6.49,2.77,7.27,99.9,37.8,4,spoiled
5.71,5.89,2.86,5.19,0.99,2.46,5.63,2.18,7.3,99.9,38.0,4,spoiled
5.68,5.76,2.88,5.19,0.98,2.47,6.27,2.32,7.13,99.9,38.1,4,spoiled
5.73,6.11,2.88,5.14,0.99,2.41,5.95,2.35,7.1,99.9,38.1,4,spoiled
5.66,6.29,2.86,5.12,0.97,2.4,5.32,2.35,7.27,99.9,38.2,4,spoiled
5.66,6.26,2.88,5.19,0.96,2.43,5.84,2.48,7.19,99.9,38.2,4,spoiled
5.73,6.21,2.91,5.16,0.96,2.43,6.44,2.25,7.07,99.9,38.1,4,spoiled
5.71,6.24,2.88,5.14,0.96,2.41,5.5,2.32,7.39,99.9,38.0,4,spoiled
5.73,6.37,2.89,5.12,0.97,2.4,5.88,2.39,7.1,99.9,38.0,4,spoiled
5.71,6.45,2.91,5.21,1.01,2.49,5.3,4.47,7.16,99.9,37.9,4,spoiled
5.68,6.47,2.91,5.19,0.97,2.47,5.88,2.59,7.1,99.9,37.8,4,spoiled
5.73,6.58,2.86,5.12,0.99,2.43,4.69,2.81,7.19,99.9,37.8,4,spoiled
5.76,6.55,3.06,5.23,0.99,2.44,5.24,2.82,7.16,99.9,37.7,4,spoiled
5.73,6.39,2.88,5.23,0.97,2.47,4.57,3.25,7.07,99.9,37.7,4,spoiled
5.71,6.55,2.86,5.21,1.01,2.49,6.12,4.25,7.16,99.9,37.6,4,spoiled
5.83,6.37,2.91,5.19,1.0,2.49,5.3,3.11,7.13,99.9,37.6,4,spoiled
5.73,6.42,2.86,5.23,1.01,2.46,6.54,3.35,7.13,99.9,37.5,4,spoiled
5.76,6.45,2.86,5.28,1.03,2.56,6.24,5.02,7.16,99.9,37.4,4,spoiled
5.76,6.47,2.84,5.25,1.0,2.52,4.95,3.98,7.04,99.9,37.4,4,spoiled
5.78,6.32,2.86,5.21,1.03,2.49,6.07,3.45,7.13,99.9,37.4,4,spoiled
5.8,6.37,2.94,5.28,1.0,2.49,5.74,3.21,7.13,99.9,37.4,4,spoiled
5.78,5.96,2.88,5.3,1.0,2.52,5.7,3.44,7.13,99.9,37.3,4,spoiled
5.83,6.34,2.86,5.28,1.09,2.52,5.63,6.27,7.13,99.9,37.2,4,spoiled
5.9,6.26,2.89,5.32,1.08,2.56,5.84,3.74,7.1,99.9,37.3,4,spoiled
5.83,6.26,2.88,5.16,1.02,2.21,5.43,2.02,7.1,99.9,37.3,4,spoiled
5.66,6.34,2.86,5.19,0.99,2.24,5.63,1.97,7.07,99.9,37.3,4,spoiled
5.64,6.26,2.89,5.07,0.99,2.21,6.07,2.06,7.07,99.9,37.3,4,spoiled
5.56,6.24,2.86,5.14,1.01,2.28,5.34,2.02,7.07,99.9,37.2,4,spoiled
5.59,6.21,2.88,5.19,0.99,2.34,5.15,2.06,7.07,99.9,37.2,4,spoiled
5.59,6.21,2.89,5.23,0.96,2.34,4.75,2.02,7.07,99.9,37.2,4,spoiled
5.59,6.29,2.88,5.28,0.97,2.38,4.61,2.19,7.04,99.9,37.2,4,spoiled
5.64,6.37,2.88,5.19,0.98,2.33,4.95,2.09,7.13,99.9,37.1,4,spoiled
5.66,6.32,2.88,5.25,1.01,2.4,5.72,2.95,7.01,99.9,37.1,4,spoiled
5.73,6.39,2.84,5.39,1.01,2.58,6.24,6.35,7.13,99.9,37.1,4,spoiled
5.85,6.72,2.91,5.37,1.14,2.64,5.79,3.98,7.04,99.9,37.0,4,spoiled
5.83,6.61,2.89,5.44,1.22,2.67,5.17,7.49,7.19,99.9,37.0,4,spoiled
5.95,6.58,2.92,5.41,1.31,2.58,6.75,4.43,7.1,99.9,36.9,4,spoiled
5.68,6.24,2.78,5.23,1.35,2.53,6.52,7.67,6.93,99.9,36.9,4,spoiled
5.95,6.34,2.89,5.46,1.43,2.71,5.88,7.37,7.24,99.9,36.8,4,spoiled
6.03,6.29,2.92,5.48,1.38,2.71,6.12,5.99,7.24,99.9,36.8,4,spoiled
6.05,6.32,2.92,5.84,2.33,3.17,7.25,21.38,7.33,99.9,36.8,4,spoiled
6.15,6.24,2.92,5.65,1.59,2.88,6.05,10.18,7.33,99.9,36.8,4,spoiled
6.13,6.42,2.92,5.6,1.41,2.7,5.43,3.83,7.42,99.9,36.7,4,spoiled
6.13,6.34,2.94,5.55,1.29,2.7,5.68,4.51,7.36,99.9,36.7,4,spoiled
6.08,6.45,2.96,5.55,1.25,2.71,6.1,5.95,7.45,99.9,36.7,4,spoiled
6.0,6.63,2.94,5.6,1.18,2.71,5.47,4.7,7.48,99.9,36.6,4,spoiled
6.03,6.37,2.94,5.6,1.15,2.79,5.26,5.75,7.39,99.9,36.5,4,spoiled
5.98,6.29,2.91,5.48,1.06,2.67,5.88,3.28,7.39,99.9,36.5,4,spoiled
6.05,6.39,2.94,5.48,1.06,2.61,4.85,3.4,7.48,99.9,36.5,4,spoiled
5.98,6.85,2.91,5.44,1.02,2.59,5.7,2.95,7.48,99.9,36.5,4,spoiled
6.0,6.97,2.91,5.44,1.02,2.58,5.3,3.23,7.45,99.9,36.5,4,spoiled
5.98,6.72,3.06,5.48,1.17,2.61,5.61,3.37,7.48,99.9,36.4,4,spoiled
6.0,6.47,2.91,5.46,0.99,2.59,4.81,3.11,7.42,99.9,36.3,4,spoiled
5.98,6.63,2.94,5.44,1.02,2.61,4.87,3.65,7.42,99.9,36.3,4,spoiled
6.0,6.69,2.91,5.48,1.02,2.65,5.01,4.84,7.39,99.9,36.3,4,spoiled
6.0,6.72,2.92,5.46,1.0,2.56,4.87,3.0,7.39,99.9,36.3,4,spoiled
5.95,6.77,2.92,5.44,0.97,2.58,4.4,2.97,7.42,99.9,36.3,4,spoiled
5.98,6.77,2.96,5.51,0.99,2.58,4.77,3.92,7.39,99.9,36.2,4,spoiled
5.9,6.74,2.91,5.46,0.98,2.59,4.26,3.16,7.39,99.9,36.2,4,spoiled
5.98,6.72,2.94,5.55,1.0,2.67,5.34,4.78,7.42,99.9,36.2,4,spoiled
5.98,6.8,2.94,5.62,1.04,2.82,5.47,8.24,7.42,99.9,36.2,4,spoiled
6.03,6.8,2.91,5.6,1.15,2.84,6.29,8.95,7.48,99.9,36.2,4,spoiled
6.1,6.74,2.96,5.58,1.08,2.7,4.89,4.89,7.48,99.9,36.1,4,spoiled
6.08,6.74,2.92,5.53,1.07,2.68,4.97,3.7,7.48,99.9,36.1,4,spoiled
6.15,6.74,2.97,5.84,1.38,3.01,5.22,19.37,7.51,99.9,36.1,4,spoiled
6.23,6.74,2.96,5.7,1.25,2.87,5.13,11.63,7.48,99.9,36.1,4,spoiled
6.31,6.66,2.96,5.65,1.21,2.84,5.09,8.01,7.72,99.9,36.0,4,spoiled
6.23,6.69,2.94,5.62,1.2,2.77,4.95,8.37,7.51,99.9,35.9,4,spoiled
6.28,6.69,2.96,5.67,1.21,2.84,5.07,8.33,7.6,99.9,36.0,4,spoiled
6.26,6.72,2.96,5.65,1.26,2.84,5.72,12.89,7.63,99.9,35.9,4,spoiled
6.21,6.66,2.92,5.67,1.39,2.96,5.5,13.75,7.54,99.9,35.9,4,spoiled
6.26,6.63,2.96,5.7,1.28,2.82,5.52,8.91,7.6,99.9,35.8,4,spoiled
6.31,6.69,2.97,5.62,1.22,2.74,4.19,2.74,7.6,99.9,35.8,4,spoiled
6.26,6.69,2.96,5.7,1.31,2.77,4.83,2.97,7.63,99.9,35.8,4,spoiled
6.23,6.74,2.96,5.91,1.91,3.06,5.45,8.98,7.69,99.9,35.8,4,spoiled
6.26,6.72,2.97,5.94,2.51,3.14,5.13,11.27,7.69,99.9,35.7,4,spoiled
6.33,6.77,3.01,5.99,2.96,3.24,6.47,13.53,7.69,99.9,35.7,4,spoiled
6.41,6.8,3.01,5.82,2.32,3.01,5.91,4.7,7.72,99.9,35.6,4,spoiled
6.44,6.77,2.99,5.82,1.74,2.91,5.22,4.11,7.75,99.9,35.6,4,spoiled
6.39,6.77,2.99,5.84,1.78,3.04,5.32,8.47,7.72,99.9,35.6,4,spoiled
6.39,6.8,2.99,5.74,1.48,2.93,5.84,3.96,7.72,99.9,35.5,4,spoiled
6.28,5.91,2.97,5.72,1.28,2.91,4.57,3.45,7.72,99.9,35.6,4,spoiled
6.28,6.8,2.97,5.84,1.45,3.03,5.41,13.31,7.72,99.9,35.5,4,spoiled
6.36,6.85,2.97,5.94,2.16,3.22,6.17,17.39,7.72,99.9,35.5,4,spoiled
6.41,6.83,2.99,5.99,2.29,3.27,5.54,21.38,7.75,99.9,35.5,4,spoiled
6.55,6.83,3.01,5.94,2.72,3.26,5.43,16.88,7.81,99.9,35.4,4,spoiled
6.49,6.83,2.99,5.86,2.1,3.09,5.19,13.47,7.78,99.9,35.4,4,spoiled
6.47,6.74,2.97,5.84,1.49,2.99,4.95,7.73,7.75,99.9,35.4,4,spoiled
6.49,6.61,3.01,5.77,1.36,3.01,5.11,7.4,7.88,99.9,35.3,4,spoiled
6.39,6.72,2.99,5.77,1.21,2.95,4.87,5.99,7.85,99.9,35.3,4,spoiled
6.28,6.55,2.96,5.74,1.2,3.03,5.09,8.2,7.69,99.9,35.3,4,spoiled
6.31,6.53,2.97,5.82,1.17,3.04,4.65,8.53,7.69,99.9,35.3,4,spoiled
6.15,6.53,2.94,5.62,1.08,2.88,4.89,4.72,7.6,99.9,35.3,4,spoiled
6.33,6.29,2.97,5.65,1.07,2.84,4.65,3.79,7.72,99.9,35.3,4,spoiled
6.28,6.34,1.73,5.7,1.0,2.85,4.2,4.04,7.75,99.9,35.3,4,spoiled
6.31,6.37,1.77,5.7,1.0,2.82,4.42,3.65,7.81,99.9,35.3,4,spoiled
6.28,6.47,1.71,5.62,1.0,2.84,4.61,3.44,7.69,99.9,35.3,4,spoiled
6.31,6.55,1.7,5.65,1.02,2.82,4.54,4.76,7.75,99.9,35.3,4,spoiled
6.26,6.39,1.67,5.7,0.98,2.87,4.89,3.7,7.69,99.9,35.3,4,spoiled
6.26,6.39,1.74,5.67,1.0,2.84,4.67,4.67,7.63,99.9,35.3,4,spoiled
6.23,6.69,1.78,5.62,0.97,2.8,4.69,3.45,7.72,99.9,35.3,4,spoiled
6.26,6.77,1.73,5.62,0.99,2.85,4.26,3.87,7.75,99.9,35.3,4,spoiled
6.33,6.21,1.79,5.82,1.08,3.21,5.09,16.06,7.66,99.9,35.2,4,spoiled
6.28,6.34,1.73,5.74,1.1,3.12,4.97,15.28,7.69,99.9,35.2,4,spoiled
6.33,6.37,1.75,5.77,1.11,3.08,5.41,11.45,7.63,99.9,35.2,4,spoiled
6.47,6.72,1.7,5.72,1.07,2.95,4.69,6.78,7.69,99.9,35.2,4,spoiled
6.31,6.69,1.79,5.72,1.05,2.87,4.89,4.91,7.69,99.9,35.2,4,spoiled
6.28,6.69,1.73,5.79,1.07,3.08,4.79,9.86,7.72,99.9,35.2,4,spoiled
6.36,6.58,1.66,5.89,1.26,3.26,5.47,20.9,7.66,99.9,35.1,4,spoiled
6.41,6.72,2.84,5.89,1.18,3.16,4.81,14.2,7.78,99.9,35.1,4,spoiled
6.41,6.55,2.89,5.89,1.22,3.12,5.5,16.96,7.72,99.9,35.0,4,spoiled
6.44,6.66,2.91,5.82,1.14,3.01,4.73,7.26,7.72,99.9,35.0,4,spoiled
6.41,6.37,2.89,5.77,1.13,2.93,4.83,6.7,7.75,99.9,35.1,4,spoiled
6.44,6.8,2.89,5.79,1.11,2.98,5.15,6.43,7.69,99.9,35.1,4,spoiled
6.33,6.72,2.86,5.77,1.11,2.99,4.73,8.84,7.69,99.9,35.1,4,spoiled
6.41,6.63,2.88,5.82,1.18,3.08,4.89,13.15,7.69,99.9,35.0,4,spoiled
6.36,6.45,2.89,5.82,1.1,3.01,4.71,6.7,7.75,99.9,35.0,4,spoiled
6.39,6.58,2.92,5.77,1.08,2.9,4.93,6.09,7.72,99.9,35.0,4,spoiled
6.39,6.58,2.91,5.89,1.05,2.95,4.73,7.92,7.75,99.9,35.0,4,spoiled
6.44,6.58,2.92,5.86,1.14,3.08,5.63,12.89,7.75,99.9,35.0,4,spoiled
6.39,6.69,2.91,5.89,1.15,3.12,5.03,9.94,7.75,99.9,35.0,4,spoiled
6.41,6.69,2.91,5.86,1.12,3.06,4.85,6.43,7.88,99.9,35.0,4,spoiled
6.44,6.69,2.92,5.79,1.12,3.01,4.69,6.8,7.72,99.9,35.0,4,spoiled
6.47,6.69,2.92,5.79,1.13,3.01,4.85,7.61,7.85,99.9,35.0,4,spoiled
6.39,6.66,2.88,5.84,1.23,3.19,4.42,17.17,7.75,99.9,35.0,4,spoiled
6.33,6.69,2.86,5.84,1.27,3.24,4.75,17.32,7.69,99.9,35.0,4,spoiled
6.47,6.69,2.89,5.82,1.22,3.08,4.17,11.54,7.81,99.9,35.0,4,spoiled
6.52,5.89,2.94,5.82,1.15,3.06,4.54,7.79,7.81,99.9,35.0,4,spoiled
6.55,6.37,2.92,5.79,1.12,2.98,4.54,6.48,7.85,99.9,35.0,4,spoiled
6.41,5.89,2.89,5.72,1.05,2.87,4.31,4.8,7.78,99.9,35.0,4,spoiled
6.41,5.72,2.64,5.79,1.0,2.95,4.46,7.73,7.85,99.9,35.0,4,spoiled
6.47,6.53,2.67,5.89,1.08,3.17,5.07,18.31,7.78,99.9,35.0,4,spoiled
6.47,6.11,2.65,5.89,1.12,3.21,4.73,16.33,7.85,99.9,35.0,4,spoiled
6.55,6.66,2.54,5.94,1.1,3.14,4.63,13.8,7.91,99.9,35.0,4,spoiled
6.49,6.74,2.53,5.86,1.08,3.08,4.57,10.06,7.88,99.9,35.0,4,spoiled
6.55,6.72,2.54,5.79,1.06,2.96,4.04,7.2,7.88,99.9,35.0,4,spoiled
6.47,6.72,2.53,5.82,1.05,2.99,4.39,9.23,7.81,99.9,35.0,4,spoiled
6.44,6.55,2.51,5.84,1.04,3.08,4.67,11.18,7.85,99.9,35.0,4,spoiled
6.47,5.76,2.53,5.91,1.07,3.14,4.77,16.4,7.88,99.9,35.0,4,spoiled
6.57,6.61,2.56,5.86,1.09,3.12,5.05,15.03,7.85,99.9,35.0,4,spoiled
6.63,6.69,2.64,5.89,1.08,3.14,4.55,15.53,7.81,99.9,34.9,4,spoiled
6.49,6.63,2.58,5.86,1.07,3.17,4.61,13.64,7.81,99.9,35.0,4,spoiled
6.49,6.58,2.68,5.84,1.05,3.03,4.44,7.92,7.85,99.9,35.0,4,spoiled
6.49,6.58,2.65,5.89,1.05,3.11,4.5,11.49,7.91,99.9,35.0,4,spoiled
6.49,6.66,2.68,5.89,1.06,3.08,4.22,10.3,7.88,99.9,34.9,4,spoiled
6.49,6.58,2.67,5.82,1.03,3.03,4.91,8.37,7.91,99.9,35.0,4,spoiled
6.55,6.74,2.68,5.82,1.07,2.99,4.26,9.02,7.81,99.9,34.9,4,spoiled
6.52,6.8,2.7,5.82,1.02,3.01,4.29,6.48,7.88,99.9,35.0,4,spoiled
6.44,6.58,2.65,5.86,1.05,3.09,4.57,11.27,7.91,99.9,34.9,4,spoiled
6.49,6.74,2.65,5.86,1.05,3.08,4.19,11.36,7.91,99.9,35.0,4,spoiled
6.55,6.58,2.68,5.82,1.05,3.03,4.89,9.19,7.81,99.9,35.0,4,spoiled
6.52,6.72,2.68,5.99,1.13,3.22,4.55,22.48,7.85,99.9,34.9,4,spoiled
6.6,6.53,2.65,5.91,1.23,3.21,4.48,17.77,7.91,99.9,35.0,4,spoiled
6.52,6.55,2.68,5.89,1.15,3.14,4.37,11.72,7.88,99.9,34.9,4,spoiled
6.6,6.72,2.67,5.89,1.2,3.12,4.42,15.86,7.88,99.9,34.9,4,spoiled
6.6,6.74,2.65,5.84,1.15,3.11,4.48,10.84,7.85,99.9,34.9,4,spoiled
6.57,6.37,2.7,5.86,1.08,3.04,3.97,6.48,7.97,99.9,34.9,4,spoiled
6.52,5.55,2.68,5.86,1.04,3.03,4.15,6.72,7.88,99.9,35.0,4,spoiled
6.52,6.37,2.68,5.84,1.0,2.98,4.22,6.2,7.88,99.9,34.9,4,spoiled
6.57,6.5,2.68,5.84,1.01,3.03,4.2,7.4,7.88,99.9,34.9,4,spoiled
6.57,6.55,2.72,5.84,1.0,2.98,4.06,7.31,7.88,99.9,34.9,4,spoiled
6.55,6.06,2.7,5.77,0.85,2.99,4.03,7.23,7.85,99.9,35.0,4,spoiled
6.55,6.58,2.7,5.79,1.0,2.95,3.87,7.34,7.94,99.9,34.9,4,spoiled
6.44,6.66,2.65,5.77,0.97,2.99,4.17,8.27,7.85,99.9,35.0,4,spoiled
6.49,6.11,2.7,5.89,1.01,3.19,4.35,18.31,7.94,99.9,35.0,4,spoiled
6.49,6.58,2.68,5.86,1.03,3.17,4.48,18.79,7.88,99.9,34.9,4,spoiled
6.57,6.61,2.7,5.86,1.03,3.12,4.01,13.0,7.91,99.9,35.0,4,spoiled
6.6,6.72,2.7,5.82,1.02,3.01,4.17,6.51,7.85,99.9,34.9,4,spoiled
6.55,6.69,2.7,5.89,1.06,3.09,4.39,14.31,7.85,99.9,34.9,4,spoiled
6.63,6.58,2.7,5.89,1.08,3.17,4.37,17.39,7.94,99.9,34.9,4,spoiled
6.57,6.69,2.68,5.96,1.25,3.21,4.35,22.91,7.94,99.9,34.9,4,spoiled
6.49,6.69,2.65,5.89,1.19,3.08,4.44,9.83,7.91,99.9,34.9,4,spoiled
6.52,6.69,2.65,5.84,1.13,2.99,4.67,6.51,7.91,99.9,34.9,4,spoiled
6.57,6.66,2.7,5.89,1.1,2.98,4.17,6.15,7.85,99.9,34.9,4,spoiled
6.47,6.66,2.68,5.89,1.08,3.08,4.63,9.45,7.81,99.9,34.9,4,spoiled
6.52,6.69,2.67,5.86,1.1,3.04,4.39,8.01,7.91,99.9,34.9,4,spoiled
6.41,6.66,2.65,5.79,1.03,2.96,4.1,5.82,7.78,99.9,34.9,4,spoiled
6.44,6.58,2.65,5.84,1.03,2.96,4.08,7.46,8.03,99.9,34.9,4,spoiled
6.47,6.74,2.7,5.74,1.01,2.95,4.08,5.17,7.81,99.9,34.9,4,spoiled
6.47,6.69,2.68,5.89,1.01,2.95,4.54,9.19,7.81,99.9,34.9,4,spoiled
6.41,6.72,2.67,5.96,1.04,3.16,4.33,15.66,7.91,99.9,34.9,4,spoiled
6.49,6.72,2.68,5.99,1.07,3.16,4.73,16.74,7.81,99.9,34.9,4,spoiled
6.57,6.69,2.7,5.91,1.11,3.14,4.31,12.44,7.91,99.9,34.9,4,spoiled
6.57,6.69,2.72,5.89,1.04,3.11,4.04,8.74,7.94,99.9,34.9,4,spoiled
6.55,6.69,2.68,6.01,1.13,3.21,4.85,20.52,7.91,99.9,34.9,4,spoiled
6.65,6.45,2.72,6.01,1.17,3.19,4.2,13.97,7.85,99.9,34.9,4,spoiled
6.65,6.45,2.75,5.91,1.08,3.04,4.19,7.26,8.0,99.9,34.9,4,spoiled
6.57,6.5,2.7,5.94,1.06,3.03,4.57,8.84,7.91,99.9,34.8,4,spoiled
6.55,6.5,2.68,5.86,1.07,3.04,4.19,8.2,7.88,99.9,34.8,4,spoiled
6.6,6.55,2.7,5.91,1.1,3.11,4.67,15.86,7.97,99.9,34.9,4,spoiled
6.6,6.55,2.72,5.96,1.27,3.27,4.71,21.97,7.94,99.9,34.8,4,spoiled
6.52,6.53,2.72,5.89,1.17,3.12,4.31,12.34,7.78,99.9,34.8,4,spoiled
6.6,6.55,2.72,5.84,1.13,3.01,4.06,7.03,7.85,99.9,34.8,4,spoiled
6.57,6.55,2.73,5.84,1.04,2.96,3.71,5.87,8.13,99.9,34.8,4,spoiled
6.39,5.99,2.65,5.74,0.98,2.91,3.96,5.04,7.69,99.9,34.8,4,spoiled
6.55,6.55,2.72,5.77,0.98,2.88,4.15,4.63,7.94,99.9,34.8,4,spoiled
6.47,6.58,2.76,5.79,0.95,2.88,3.96,4.47,7.94,99.9,34.8,4,spoiled
6.52,6.69,2.81,5.82,0.95,2.91,3.97,4.15,7.88,99.9,34.8,4,spoiled
6.52,6.69,2.81,5.79,0.95,2.88,4.24,3.98,7.91,99.9,34.9,4,spoiled
6.52,6.72,2.8,5.79,0.96,2.85,3.91,3.92,7.97,99.9,34.8,4,spoiled
6.41,6.69,2.78,5.74,0.95,2.84,3.76,3.83,7.88,99.9,34.9,4,spoiled
6.49,6.66,2.76,5.74,0.97,2.82,3.84,4.21,7.85,99.9,34.9,4,spoiled
6.39,6.66,2.78,5.72,0.96,2.85,3.96,4.11,7.88,99.9,34.9,4,spoiled
6.47,6.69,2.73,5.72,0.98,2.82,4.2,3.91,7.81,99.9,34.9,4,spoiled
6.47,6.66,2.81,5.28,0.96,2.9,3.96,3.83,7.91,99.9,34.8,4,spoiled
6.47,6.63,2.81,5.74,0.96,2.82,3.76,3.81,7.85,99.9,34.9,4,spoiled
6.39,6.63,2.76,5.67,0.97,2.74,3.99,3.83,7.85,99.9,34.8,4,spoiled
6.31,6.74,2.78,5.7,0.95,2.74,3.79,3.89,7.75,99.9,34.9,4,spoiled
6.39,6.72,2.76,5.67,0.97,2.74,3.79,4.0,7.78,99.9,34.9,4,spoiled
6.31,6.69,2.76,5.7,0.94,2.74,3.71,3.89,7.69,99.9,34.8,4,spoiled
6.44,6.74,2.81,5.74,0.96,2.74,3.79,3.94,7.81,99.9,34.8,4,spoiled
6.36,6.72,2.78,5.74,0.95,2.76,3.97,3.92,7.81,99.9,34.8,4,spoiled
6.33,6.77,2.78,5.72,0.95,2.73,3.89,3.96,7.85,99.9,34.8,4,spoiled
6.33,6.74,2.78,5.7,0.93,2.71,3.79,4.08,7.75,99.9,34.9,4,spoiled
6.44,6.58,2.8,5.67,0.98,2.7,3.39,3.51,7.85,99.9,34.9,4,spoiled
6.36,6.29,2.78,5.67,0.97,2.73,3.76,3.7,7.85,99.9,34.9,4,spoiled
6.39,6.55,2.78,5.65,0.97,2.71,3.74,3.78,7.78,99.9,34.9,4,spoiled
6.36,6.8,2.78,5.67,0.97,2.7,3.72,3.91,7.75,99.9,34.9,4,spoiled
6.31,6.72,2.78,5.65,0.97,2.7,4.03,3.81,7.78,99.9,34.9,4,spoiled
6.39,6.74,2.8,5.65,0.96,2.68,3.71,3.85,7.72,99.9,34.9,4,spoiled
6.36,6.55,2.78,5.72,0.95,2.71,3.71,3.67,7.94,99.9,34.9,4,spoiled
6.39,6.63,2.8,5.65,0.98,2.65,3.64,3.74,7.81,99.9,34.9,4,spoiled
6.36,6.72,2.78,5.67,0.97,2.71,4.06,3.72,7.75,99.9,34.9,4,spoiled
6.33,6.69,2.81,5.7,0.95,2.71,3.67,3.79,7.69,99.9,34.8,4,spoiled
6.31,6.69,2.78,5.67,0.95,2.7,3.84,3.98,7.72,99.9,34.9,4,spoiled
6.36,6.66,2.78,5.65,0.97,2.68,3.51,4.63,7.6,99.9,34.8,4,spoiled
6.36,6.72,2.8,5.72,0.96,2.7,3.66,4.09,7.63,99.9,34.9,4,spoiled
6.36,6.72,2.78,5.65,0.97,2.65,3.66,3.91,7.63,99.9,34.8,4,spoiled
6.33,6.72,2.78,5.65,0.97,2.68,3.62,3.89,7.63,99.9,34.8,4,spoiled
6.39,6.61,2.8,5.7,0.95,2.68,3.37,3.92,7.66,99.9,34.8,4,spoiled
6.39,6.5,2.78,5.65,0.97,2.68,3.82,4.19,7.63,99.9,34.8,4,spoiled
6.33,6.53,2.78,5.37,0.97,3.03,3.96,4.06,7.69,99.9,34.8,4,spoiled
6.28,6.55,2.76,5.55,0.96,2.64,3.59,4.08,7.6,99.9,34.8,4,spoiled
6.13,6.53,2.75,5.51,0.92,2.62,3.72,4.04,7.45,99.9,34.8,4,spoiled
6.36,6.61,2.8,5.6,0.96,2.67,3.28,4.31,7.57,99.9,34.8,4,spoiled
6.28,6.66,2.78,5.62,0.96,2.67,3.45,4.33,7.63,99.9,34.8,4,spoiled
6.36,6.63,2.8,5.62,0.98,2.65,3.81,4.41,7.66,99.9,34.8,4,spoiled
18.31,70.27,23.91,24.89,39.83,22.49,22.1,50.6,15.56,63.8,30.3,5,excellent
18.31,70.27,23.14,23.62,39.29,21.37,26.53,50.6,15.31,65.4,30.2,5,excellent
18.08,70.27,22.41,24.18,41.83,22.6,20.49,46.83,15.95,66.6,30.2,5,excellent
18.16,69.03,21.51,24.07,39.83,21.57,20.7,52.09,15.95,67.4,30.1,5,excellent
18.0,70.91,20.75,22.44,42.44,21.57,25.1,51.34,16.02,68.0,30.0,5,excellent
17.93,71.55,19.59,21.63,40.67,21.18,22.92,50.23,15.75,68.7,30.0,5,excellent
18.0,70.27,18.68,23.4,40.11,21.08,22.92,50.6,15.82,69.2,30.0,5,excellent
18.0,70.91,17.52,20.58,37.23,21.18,24.04,50.96,15.95,69.9,30.0,5,excellent
18.08,68.42,16.45,20.4,38.24,21.77,20.7,50.6,15.75,70.5,30.0,5,excellent
18.08,69.64,15.53,20.13,37.23,20.52,25.95,52.48,15.82,70.9,30.0,5,excellent
17.93,69.64,14.55,20.22,39.02,20.8,19.8,52.48,15.12,71.4,30.0,5,excellent
17.93,69.64,13.58,20.4,39.02,20.8,21.66,49.87,15.62,71.8,30.0,5,excellent
17.85,70.27,13.21,20.67,35.81,20.52,20.8,49.17,15.69,72.3,30.0,5,excellent
17.63,68.42,12.11,20.4,41.54,19.62,18.87,49.87,15.56,72.7,30.0,5,excellent
17.55,70.27,11.41,19.34,38.76,20.15,23.41,46.19,15.75,73.0,30.0,5,excellent
17.55,69.64,10.89,19.43,35.81,20.15,19.14,49.17,15.62,73.3,30.1,5,excellent
17.4,67.82,10.31,19.01,39.83,20.15,19.23,46.19,15.56,73.6,30.1,5,excellent
16.9,67.82,9.91,18.36,39.02,19.71,19.33,49.52,15.31,74.0,30.1,5,excellent
17.04,69.64,9.42,19.18,38.24,19.79,19.14,48.82,15.43,74.3,30.2,5,excellent
17.4,70.27,9.13,18.28,38.76,19.71,19.14,46.83,15.5,74.5,30.2,5,excellent
17.04,66.65,8.74,18.84,41.54,19.36,18.78,48.48,14.94,74.7,30.2,5,excellent
17.19,67.82,8.51,18.13,38.76,19.44,21.22,53.27,15.43,75.0,30.3,5,excellent
17.11,66.08,8.18,18.52,36.27,20.24,24.17,49.52,15.37,75.2,30.3,5,excellent
16.97,67.82,7.77,19.43,37.23,19.44,19.23,49.52,15.31,75.3,30.3,5,excellent
17.11,67.82,7.74,17.22,37.73,19.36,22.56,46.19,15.18,75.6,30.4,5,excellent
17.19,67.82,7.55,17.3,39.83,19.44,20.8,49.52,15.06,75.8,30.4,5,excellent
16.83,67.82,7.35,17.52,37.73,19.1,24.17,48.48,15.5,76.0,30.4,5,excellent
16.97,67.82,7.17,17.22,45.34,19.02,23.66,48.82,14.94,76.2,30.4,5,excellent
16.83,67.82,6.94,17.59,38.24,18.85,19.33,49.52,15.25,76.3,30.5,5,excellent
16.62,67.82,6.86,17.3,36.51,18.85,24.56,49.52,15.25,76.5,30.5,5,excellent
16.42,70.27,6.75,17.22,37.48,19.02,23.78,48.82,15.37,76.6,30.5,5,excellent
16.35,68.42,6.56,17.44,37.23,18.37,18.34,49.87,15.43,76.7,30.5,5,excellent
16.69,70.27,6.48,17.37,39.83,18.45,17.5,49.17,15.5,76.9,30.6,5,excellent
16.76,70.27,6.35,17.01,37.73,18.69,19.05,48.48,15.5,77.0,30.6,5,excellent
16.62,69.03,6.27,16.93,37.98,18.61,18.43,48.82,15.37,77.2,30.7,5,excellent
16.55,66.65,6.22,17.01,37.73,18.37,22.92,49.17,15.18,77.2,30.7,5,excellent
16.55,69.64,6.09,16.93,37.98,18.94,20.7,47.81,15.37,77.4,30.7,5,excellent
16.35,68.42,6.09,17.15,36.51,18.69,22.45,52.48,14.76,77.7,30.8,5,excellent
16.28,69.03,6.02,17.08,36.51,22.39,25.66,49.17,15.25,77.9,30.8,5,excellent
16.15,69.64,5.87,16.93,37.48,22.92,24.83,48.14,15.31,78.0,30.8,5,excellent
16.35,70.91,5.89,16.65,37.48,23.25,22.8,49.87,15.31,78.0,30.8,5,excellent
16.21,70.27,5.77,16.51,37.23,23.14,24.69,48.82,14.7,78.1,30.9,5,excellent
16.15,67.82,5.75,16.58,34.47,23.25,25.95,48.48,15.12,78.1,30.9,5,excellent
16.15,69.64,5.7,16.58,37.48,23.36,24.43,48.48,15.06,78.1,30.9,5,excellent
15.95,69.03,5.72,16.72,37.73,22.92,24.56,49.17,15.12,78.2,30.9,5,excellent
15.82,69.64,5.63,16.79,37.23,22.7,22.68,48.82,14.88,78.3,31.0,5,excellent
15.95,72.21,5.63,16.86,38.76,22.81,22.33,49.17,15.06,78.3,31.0,5,excellent
16.01,69.03,5.55,16.79,38.24,22.7,20.19,49.52,15.12,78.5,31.1,5,excellent
15.95,67.82,5.53,16.51,37.48,22.7,20.91,48.48,15.0,78.6,31.1,5,excellent
15.75,70.27,5.58,16.58,37.98,22.28,22.22,50.23,14.46,78.7,31.1,5,excellent
15.88,70.91,5.53,16.31,37.48,22.28,22.22,48.48,15.5,78.8,31.1,5,excellent
15.88,69.03,5.53,16.44,38.24,22.28,22.1,48.82,14.46,78.8,31.1,5,excellent
15.82,70.91,5.55,16.24,34.68,21.87,26.09,48.14,15.06,79.0,31.2,5,excellent
15.62,70.91,5.6,16.31,37.48,21.97,20.49,48.82,15.06,79.0,31.2,5,excellent
15.62,70.27,5.53,16.31,39.29,22.18,26.69,50.23,15.0,79.1,31.2,5,excellent
15.69,70.91,5.55,16.24,37.48,21.87,26.39,49.52,15.18,79.2,31.2,5,excellent
15.69,69.03,5.55,16.38,36.75,22.92,26.24,49.17,14.88,79.3,31.2,5,excellent
15.69,70.27,5.6,16.31,36.99,22.18,23.53,50.23,14.76,79.4,31.3,5,excellent
15.56,70.91,5.28,15.97,37.23,21.67,21.99,48.48,14.52,79.6,31.3,5,excellent
15.12,70.27,5.25,16.11,36.99,20.99,19.71,49.17,14.4,79.7,31.3,5,excellent
15.18,70.27,5.21,16.11,36.27,21.08,20.19,49.87,14.23,79.8,31.3,5,excellent
15.06,69.64,5.23,15.91,36.75,20.52,23.28,49.52,14.76,79.9,31.4,5,excellent
15.0,70.27,5.18,15.91,36.51,21.28,25.95,48.82,14.7,79.9,31.4,5,excellent
14.64,69.03,5.21,15.97,44.34,21.08,29.11,49.17,14.06,79.9,31.4,5,excellent
14.81,69.64,5.16,15.84,36.51,20.24,19.71,49.52,14.46,80.0,31.5,5,excellent
15.0,70.27,5.14,16.11,36.75,20.06,21.88,47.81,14.64,80.0,31.4,5,excellent
14.94,67.82,5.12,15.71,36.27,19.88,24.3,48.82,14.52,80.1,31.5,5,excellent
14.87,69.64,5.12,15.84,36.51,19.79,22.22,44.96,14.64,80.3,31.5,5,excellent
14.87,70.91,5.12,16.72,36.27,19.79,23.53,49.17,14.58,80.5,31.5,5,excellent
14.75,72.21,5.07,15.52,36.75,19.71,22.8,48.82,14.52,80.5,31.5,5,excellent
14.87,70.91,5.1,16.51,36.99,19.79,21.12,46.51,14.64,80.0,31.5,5,excellent
14.87,71.55,5.05,16.31,35.81,19.62,21.99,48.48,14.64,80.2,31.5,5,excellent
14.81,69.03,5.21,16.17,37.48,19.71,23.04,49.52,14.4,79.7,31.5,5,excellent
14.69,71.55,5.1,16.44,36.27,19.71,19.14,48.82,14.11,79.9,31.6,5,excellent
14.64,69.64,5.12,15.45,36.75,19.71,19.05,48.48,14.17,80.1,31.6,5,excellent
14.64,70.91,5.03,16.44,35.58,19.1,21.77,48.48,14.58,80.3,31.6,5,excellent
14.75,69.03,5.05,15.26,36.04,19.1,24.17,45.57,14.52,80.5,31.6,5,excellent
14.64,70.27,5.1,15.45,36.75,18.69,18.6,50.96,14.34,80.5,31.7,5,excellent
14.69,70.91,5.05,15.58,36.99,18.85,21.12,48.82,14.46,80.6,31.7,5,excellent
14.46,70.27,5.03,16.58,36.99,18.37,19.14,49.17,13.83,80.8,31.7,5,excellent
14.58,69.03,5.01,16.65,36.99,18.21,17.67,48.14,14.23,80.8,31.7,5,excellent
14.64,69.03,5.01,15.33,37.73,18.85,18.78,49.52,14.06,80.9,31.7,5,excellent
14.52,70.27,4.99,15.97,36.51,18.29,22.1,49.87,13.94,81.1,31.8,5,excellent
14.46,72.21,4.99,16.11,36.51,18.13,21.99,48.82,14.29,81.1,31.8,5,excellent
14.46,69.64,4.94,15.84,37.48,17.74,18.69,49.17,14.23,81.2,31.8,5,excellent
14.28,72.21,4.92,15.71,35.81,17.82,18.43,49.17,14.11,81.3,31.8,5,excellent
14.23,69.64,4.99,15.65,37.48,18.05,18.34,49.52,13.72,81.2,31.8,5,excellent
14.23,70.27,4.99,15.02,35.35,17.51,22.92,49.17,14.29,81.4,31.8,5,excellent
14.4,70.27,4.96,15.2,36.51,17.74,24.17,49.52,14.11,81.6,31.9,5,excellent
14.23,69.64,4.96,16.11,36.51,17.36,20.09,49.87,14.0,81.7,31.9,5,excellent
13.89,69.64,4.85,16.51,35.81,17.29,18.17,53.67,13.78,81.7,31.9,5,excellent
14.0,70.27,4.92,15.26,36.04,17.36,21.66,49.87,14.23,81.8,31.9,5,excellent
14.28,72.21,4.9,15.33,36.27,17.22,18.43,48.82,14.29,81.8,31.9,5,excellent
14.11,71.55,4.9,16.44,35.58,17.22,20.09,48.82,14.34,81.9,31.9,5,excellent
14.11,72.21,5.21,14.95,35.13,16.93,21.44,50.23,14.23,82.0,31.9,5,excellent
14.11,70.27,4.9,16.44,36.99,16.5,17.03,49.87,13.89,82.2,32.0,5,excellent
14.11,69.03,4.85,16.24,35.35,16.78,17.67,50.23,14.11,82.2,32.0,5,excellent
14.4,69.03,4.99,17.15,36.04,16.78,18.43,49.52,14.11,82.2,32.0,5,excellent
13.78,70.91,4.83,16.93,35.81,16.64,22.8,48.48,14.29,82.2,32.0,5,excellent
13.89,69.64,4.85,13.84,35.35,16.36,20.49,49.52,13.83,82.4,32.1,5,excellent
14.11,69.03,4.88,14.42,35.81,16.3,17.5,48.82,14.11,82.5,32.1,5,excellent
13.78,70.27,4.83,14.36,35.35,16.36,20.6,53.67,13.89,82.4,32.0,5,excellent
13.61,69.64,4.79,14.77,36.04,16.16,17.26,49.17,13.94,82.7,32.1,5,excellent
13.61,69.03,4.81,14.53,35.13,15.96,17.75,48.48,14.34,82.7,32.1,5,excellent
13.72,70.91,4.73,14.65,35.58,15.76,20.39,48.48,14.17,82.7,32.1,5,excellent
13.72,69.64,4.77,14.89,34.9,15.63,20.91,48.48,14.29,82.8,32.1,5,excellent
13.61,70.91,4.77,14.89,34.9,15.25,22.22,47.81,14.17,82.8,32.1,5,excellent
13.4,67.82,4.75,14.77,34.04,15.37,21.01,49.17,13.72,82.9,32.2,5,excellent
13.29,69.03,4.77,14.42,35.81,15.25,20.49,48.14,13.89,82.9,32.2,5,excellent
13.29,69.03,4.68,14.47,36.27,15.12,16.49,48.14,13.89,82.9,32.2,5,excellent
13.5,70.91,4.73,14.89,33.62,15.12,17.26,49.17,14.11,83.0,32.2,5,excellent
13.29,69.03,4.66,14.95,34.47,15.06,17.26,48.48,13.83,83.0,32.2,5,excellent
13.24,69.64,4.75,14.53,34.68,14.69,20.49,49.17,14.0,83.1,32.2,5,excellent
12.98,67.82,4.66,14.65,34.47,15.0,19.23,48.82,13.83,83.1,32.2,5,excellent
13.08,67.82,4.64,14.47,35.13,14.81,20.0,46.19,13.78,83.2,32.2,5,excellent
13.13,70.27,4.64,15.97,35.35,14.75,21.12,44.66,14.06,83.3,32.3,5,excellent
13.13,67.82,4.64,15.33,35.13,14.75,19.42,49.52,14.06,83.1,32.3,5,excellent
12.92,70.27,4.62,15.78,34.68,14.75,18.17,48.48,13.89,83.2,32.3,5,excellent
12.92,69.03,4.6,14.95,34.47,14.75,16.64,50.96,13.83,83.3,32.3,5,excellent
12.98,69.03,4.58,15.33,38.24,14.75,16.49,47.81,14.06,83.3,32.3,5,excellent
13.03,67.82,4.56,14.77,34.04,14.57,18.51,48.82,14.0,83.4,32.3,5,excellent
12.82,69.03,4.6,14.89,34.47,14.51,18.96,48.48,13.89,83.5,32.4,5,excellent
12.98,69.03,4.56,14.95,34.47,14.33,18.87,49.52,13.5,83.6,32.4,5,excellent
12.82,70.27,4.56,14.83,34.25,14.28,16.42,46.51,13.94,83.4,32.3,5,excellent
12.87,70.27,4.54,14.59,34.47,14.1,19.8,51.71,13.5,83.8,32.4,5,excellent
12.87,70.27,4.52,15.39,35.13,13.99,15.49,47.81,13.67,83.7,32.4,5,excellent
12.82,69.64,4.56,15.26,34.47,14.28,19.05,47.48,13.89,83.6,32.4,5,excellent
12.77,70.91,4.54,14.77,32.21,14.16,20.8,45.26,13.78,83.7,32.4,5,excellent
12.82,69.03,4.54,14.13,31.82,13.99,20.09,49.17,13.89,83.6,32.5,5,excellent
12.87,70.91,4.5,15.08,35.13,13.82,16.42,48.82,13.89,83.7,32.5,5,excellent
13.34,70.27,4.54,14.89,35.13,13.76,17.83,47.48,13.94,83.6,32.5,5,excellent
13.29,69.64,4.5,14.89,32.6,13.88,19.42,47.81,13.61,83.6,32.5,5,excellent
13.4,69.03,4.5,14.65,34.25,14.16,15.91,48.14,13.78,83.7,32.5,5,excellent
13.29,70.27,4.5,14.59,34.47,13.6,19.33,46.83,13.78,83.8,32.5,5,excellent
13.24,69.64,4.5,14.3,34.9,13.6,19.33,48.14,13.94,84.0,32.6,5,excellent
13.18,70.27,4.48,14.24,35.13,13.54,16.2,54.49,13.83,84.0,32.6,5,excellent
13.29,69.64,4.5,14.24,33.83,13.54,18.43,49.52,13.94,84.0,32.6,5,excellent
13.08,71.55,4.48,14.83,34.68,13.44,19.33,45.88,13.78,84.1,32.6,5,excellent
13.08,72.21,4.5,14.53,35.35,13.27,17.5,49.17,13.67,84.2,32.6,5,excellent
13.13,70.27,4.48,14.47,34.9,13.27,17.91,47.15,13.67,84.2,32.7,5,excellent
13.03,70.91,4.46,14.83,34.25,13.44,15.91,49.52,13.83,84.2,32.7,5,excellent
13.08,61.29,4.44,14.36,34.04,13.33,15.91,48.14,14.11,84.3,32.7,5,excellent
12.92,70.27,4.46,14.3,34.9,13.17,19.05,44.96,13.56,84.3,32.7,5,excellent
12.82,69.03,4.4,15.14,34.68,13.17,16.64,48.82,13.45,84.4,32.7,5,excellent
12.82,69.03,4.4,15.33,34.9,13.06,15.77,48.14,13.5,84.3,32.7,5,excellent
12.92,70.91,4.4,13.79,34.47,13.06,19.71,49.17,13.5,84.2,32.7,5,excellent
12.92,70.27,4.4,14.18,34.47,12.96,18.69,45.26,13.61,84.3,32.7,5,excellent
12.77,66.65,2.84,13.9,33.41,13.22,19.8,49.52,13.4,84.3,32.7,5,excellent
12.87,69.64,3.06,14.71,33.41,13.06,16.12,47.81,13.67,84.5,32.8,5,excellent
12.87,68.42,3.11,14.53,32.21,12.85,15.77,49.17,13.61,84.5,32.8,5,excellent
12.67,70.27,3.4,14.53,32.8,12.91,14.96,50.96,13.45,84.5,32.8,5,excellent
12.67,68.42,3.14,14.53,33.2,13.01,17.26,48.82,13.4,84.6,32.8,5,excellent
12.62,68.42,3.02,14.53,33.2,12.91,18.25,47.48,13.5,84.6,32.8,5,excellent
12.62,68.42,3.04,13.68,32.6,13.01,15.7,50.23,13.61,84.5,32.8,5,excellent
12.62,70.27,3.7,13.73,33.0,12.91,15.63,49.52,13.4,84.6,32.8,5,excellent
12.57,69.03,3.79,14.89,32.6,12.8,19.05,49.17,13.83,84.6,32.8,5,excellent
12.67,69.64,3.87,14.13,33.62,12.96,16.95,48.82,13.56,84.8,32.8,5,excellent
12.52,69.03,3.63,14.18,34.04,12.75,15.35,47.15,13.45,84.7,32.8,5,excellent
12.57,70.27,3.38,13.9,34.9,12.65,15.84,48.48,13.83,84.8,32.9,5,excellent
12.52,69.03,3.35,14.3,33.41,12.75,18.25,48.48,13.45,85.0,32.9,5,excellent
12.42,69.64,3.59,13.84,32.8,12.7,15.98,47.48,13.56,85.1,32.9,5,excellent
12.37,69.03,3.63,12.88,32.6,12.75,18.6,48.82,13.56,85.1,32.9,5,excellent
12.37,69.03,3.43,13.04,32.4,12.75,15.91,47.48,13.45,85.1,32.9,5,excellent
12.47,70.27,3.33,13.19,32.8,12.7,14.76,50.96,13.34,85.2,33.0,5,excellent
12.28,70.27,3.29,14.01,32.8,12.65,18.96,47.48,13.34,85.2,33.0,5,excellent
12.32,70.27,3.31,13.68,30.18,12.7,18.87,49.52,13.34,85.1,33.0,5,excellent
12.32,69.64,3.26,14.95,33.41,12.65,15.42,47.81,13.4,85.1,33.0,5,excellent
12.32,70.27,3.26,14.24,33.83,12.55,14.7,49.52,13.78,85.1,33.0,5,excellent
12.23,69.64,3.28,14.47,32.4,12.7,17.83,48.48,13.45,85.0,33.0,5,excellent
12.23,69.03,3.31,14.3,33.0,12.91,19.52,50.96,13.29,85.0,33.0,5,excellent
12.37,71.55,3.28,14.07,34.25,13.11,15.35,48.14,13.72,85.0,33.0,5,excellent
12.13,67.82,4.77,12.88,34.47,12.55,15.09,51.71,13.29,85.0,33.1,5,excellent
12.18,69.64,4.66,13.19,33.0,12.6,15.42,48.48,13.61,85.2,33.1,5,excellent
12.13,70.27,4.6,13.09,34.25,12.6,17.18,45.26,13.4,85.2,33.1,5,excellent
12.18,69.64,4.54,13.19,33.83,12.45,15.35,49.17,13.4,85.4,33.1,5,excellent
12.04,69.03,4.48,13.25,33.2,12.65,19.52,47.81,13.67,84.6,33.1,5,excellent
12.18,69.64,4.48,13.79,33.83,12.55,17.75,47.48,13.67,84.3,33.1,5,excellent
12.04,69.64,4.44,13.41,33.62,12.7,16.49,47.81,13.45,84.5,33.1,5,excellent
12.13,69.64,4.35,14.47,33.83,12.4,15.7,50.6,13.45,84.7,33.2,5,excellent
12.04,70.27,4.38,13.62,33.2,12.5,16.12,47.81,13.61,84.8,33.2,5,excellent
11.99,70.27,4.33,13.96,33.83,12.45,15.22,47.15,13.56,84.9,33.2,5,excellent
12.04,69.03,4.29,13.84,33.2,12.5,15.63,47.15,13.61,85.0,33.2,5,excellent
12.08,70.91,4.27,13.41,33.41,13.27,18.6,49.52,13.5,84.9,33.2,5,excellent
11.94,71.55,4.29,13.3,33.83,12.35,17.83,49.17,13.5,85.1,33.2,5,excellent
11.99,70.27,4.24,13.62,33.2,12.45,16.87,48.14,13.56,84.5,33.2,5,excellent
12.08,72.21,4.27,13.04,33.41,12.5,18.87,47.48,13.29,84.7,33.3,5,excellent
11.99,71.55,4.24,13.25,33.0,12.25,18.34,56.63,13.56,85.0,33.3,5,excellent
11.8,71.55,4.24,13.04,33.2,12.35,15.49,50.23,13.78,85.0,33.3,5,excellent
11.71,69.64,4.22,13.25,33.0,12.4,18.43,47.81,13.72,84.9,33.3,5,excellent
11.62,70.27,4.2,13.3,34.47,12.3,14.57,47.48,13.56,85.0,33.4,5,excellent
11.71,70.91,4.2,13.25,33.41,12.35,18.87,44.66,13.83,85.0,33.4,5,excellent
11.66,70.27,4.2,12.88,32.21,12.3,15.09,48.82,13.72,85.0,33.4,5,excellent
11.62,71.55,4.22,13.14,32.8,12.25,14.63,48.48,13.56,84.9,33.3,5,excellent
11.44,70.27,4.18,13.41,30.89,12.3,18.96,49.17,13.45,85.0,33.4,5,excellent
11.44,69.03,4.16,13.79,33.2,12.11,14.38,47.15,13.5,85.0,33.4,5,excellent
11.44,70.91,4.12,13.3,33.0,12.21,17.18,48.14,13.78,85.1,33.4,5,excellent
11.44,71.55,4.16,12.98,32.8,12.21,17.75,47.48,13.78,85.2,33.4,5,excellent
11.48,69.64,4.12,12.98,33.41,12.16,15.22,48.82,13.5,84.7,33.4,5,excellent
11.53,70.91,4.12,13.04,33.83,12.25,19.42,49.17,13.5,84.7,33.4,5,excellent
11.44,71.55,4.16,13.19,32.6,12.3,17.42,46.83,13.5,85.1,33.5,5,excellent
11.39,70.27,4.14,13.25,32.4,12.25,16.87,48.14,13.56,85.2,33.5,5,excellent
11.48,70.91,4.14,13.3,33.0,12.16,15.35,48.48,13.72,85.2,33.5,5,excellent
11.35,70.91,4.12,13.68,32.4,12.25,17.18,47.15,13.67,85.2,33.5,5,excellent
11.44,69.03,4.14,13.3,32.6,12.21,17.91,48.82,13.45,85.3,33.5,5,excellent
11.3,69.03,4.12,13.14,32.4,13.01,17.42,48.82,13.72,85.6,33.5,5,excellent
11.44,70.27,4.16,13.04,32.6,12.21,15.15,47.81,13.34,85.2,33.5,5,excellent
11.44,71.55,4.12,13.14,32.8,12.3,15.7,44.96,13.34,85.4,33.5,5,excellent
11.3,70.27,4.12,13.14,32.6,12.45,16.64,48.14,13.61,85.7,33.5,5,excellent
11.39,69.64,4.1,13.09,33.0,11.59,17.5,47.48,13.4,84.5,33.5,5,excellent
11.3,69.64,4.12,13.46,32.4,12.35,17.75,48.48,13.61,83.7,33.5,5,excellent
11.44,71.55,2.76,13.51,32.4,12.5,15.49,47.15,13.83,84.6,33.5,5,excellent
11.35,70.91,2.75,13.04,31.63,12.35,15.63,46.83,13.61,85.1,33.5,5,excellent
11.39,69.64,2.78,13.04,31.45,12.6,15.02,50.6,13.5,85.6,33.5,5,excellent
11.39,67.82,2.83,12.73,31.26,12.7,17.83,47.15,13.83,85.8,33.6,5,excellent
11.35,70.91,2.89,12.88,30.53,12.5,19.71,44.66,13.89,85.8,33.6,5,excellent
11.3,70.91,2.92,12.88,30.71,12.65,15.7,45.26,14.06,85.3,33.6,5,excellent
11.3,69.03,2.91,12.68,30.0,12.7,18.96,47.48,13.61,85.6,33.6,5,excellent
11.26,68.42,2.92,12.83,32.01,12.75,19.52,47.48,13.4,85.1,33.7,5,excellent
11.21,70.27,2.99,12.93,31.82,12.75,18.51,49.17,13.78,85.0,33.7,5,excellent
11.21,70.91,3.01,14.18,31.63,12.65,15.49,48.14,13.67,83.3,33.7,5,excellent
11.26,69.64,3.02,12.68,31.26,12.7,15.91,47.81,13.56,84.0,33.8,5,excellent
11.3,69.64,3.06,12.78,31.45,12.8,15.91,47.81,13.83,84.5,33.7,5,excellent
11.35,70.91,3.06,12.73,31.45,12.65,15.84,47.15,13.78,84.7,33.8,5,excellent
11.3,71.55,3.04,12.83,31.07,12.5,19.23,47.81,13.83,84.9,33.8,5,excellent
11.26,70.27,3.02,12.68,31.26,12.21,17.26,47.48,13.72,85.0,33.8,5,excellent
11.13,69.64,3.04,12.78,28.5,12.21,15.56,47.15,13.72,85.4,33.9,5,excellent
11.21,72.21,3.01,12.63,30.35,12.55,14.89,47.81,13.83,85.5,33.9,5,excellent
11.08,69.64,3.02,12.78,29.83,12.7,15.91,47.15,13.89,85.5,33.9,5,excellent
11.08,69.64,3.04,13.14,31.26,12.45,15.35,46.19,13.83,85.6,34.0,5,excellent
11.04,69.64,3.04,12.78,30.35,12.4,16.72,47.15,13.78,85.7,33.9,5,excellent
11.13,71.55,3.06,12.83,30.53,12.5,15.7,47.48,13.67,85.5,33.9,5,excellent
10.95,69.64,3.04,12.68,30.71,12.45,17.67,47.15,13.72,85.6,34.0,5,excellent
11.0,70.27,3.02,12.68,31.07,12.55,17.18,47.15,13.61,85.8,34.0,5,excellent
11.0,72.21,3.02,13.25,32.21,12.25,15.09,48.48,13.67,85.2,34.0,5,excellent
10.91,69.03,3.04,13.19,31.07,12.11,18.08,47.15,13.78,85.3,34.0,5,excellent
10.91,69.64,3.01,13.04,30.35,12.4,19.23,46.19,13.61,85.7,34.0,5,excellent
10.83,69.03,3.01,12.98,31.07,12.25,17.91,51.34,13.61,85.9,34.1,5,excellent
10.83,69.03,3.01,13.09,30.89,12.01,16.95,45.26,13.78,86.0,34.1,5,excellent
10.91,69.03,3.04,11.85,30.89,12.45,18.25,46.83,13.61,86.1,34.1,5,excellent
10.91,71.55,3.02,12.14,29.49,12.45,19.8,46.83,13.72,85.9,34.1,5,excellent
10.87,70.27,3.04,12.19,30.35,12.35,15.84,45.88,13.72,86.1,34.2,5,excellent
10.74,70.27,3.04,12.28,30.18,12.3,15.35,46.83,13.67,86.1,34.2,5,excellent
10.78,70.27,3.11,12.48,31.45,12.21,15.29,45.88,13.45,86.2,34.2,5,excellent
10.74,70.91,3.01,11.99,30.71,12.16,17.03,45.57,13.5,86.2,34.2,5,excellent
10.66,70.91,3.04,12.19,30.18,12.5,15.09,47.48,13.45,86.3,34.2,5,excellent
10.62,70.91,3.06,12.19,30.53,12.25,15.56,44.96,13.56,86.2,34.2,5,excellent
10.62,69.03,3.11,12.53,30.0,12.25,15.35,45.57,13.45,86.1,34.2,5,excellent
10.74,70.27,3.22,13.19,31.07,12.06,18.34,46.19,13.5,86.1,34.2,5,excellent
10.62,71.55,2.96,13.35,28.18,12.06,15.42,45.26,13.67,86.2,34.2,5,excellent
10.66,70.27,2.97,12.83,28.5,12.06,14.32,45.57,13.45,86.2,34.2,5,excellent
10.57,70.27,2.97,12.73,30.71,12.25,15.42,45.57,13.34,86.3,34.2,5,excellent
10.57,69.64,2.97,12.63,30.89,12.06,15.15,45.57,13.4,86.5,34.2,5,excellent
10.66,71.55,2.99,12.43,32.8,12.16,18.0,47.48,13.45,86.5,34.2,5,excellent
10.57,70.91,2.96,12.43,30.71,12.01,17.03,45.57,13.4,86.7,34.2,5,excellent
10.57,69.03,2.97,12.28,36.04,11.73,14.96,46.19,13.45,86.6,34.2,5,excellent
10.45,69.64,2.91,12.33,30.18,11.97,17.42,43.22,13.34,86.7,34.2,5,excellent
10.45,69.64,2.96,12.28,30.35,11.92,17.1,44.66,13.61,86.9,34.2,5,excellent
10.41,71.55,2.94,12.38,34.04,11.97,15.22,44.37,13.5,86.9,34.2,5,excellent
10.41,70.27,2.94,12.23,29.66,12.06,16.72,44.66,13.5,87.0,34.2,5,excellent
10.37,70.27,3.01,12.23,31.07,12.01,15.09,45.26,13.5,87.2,34.2,5,excellent
10.33,70.27,2.91,12.04,29.66,11.97,15.49,45.88,13.4,87.3,34.2,5,excellent
10.41,70.91,2.91,11.99,30.0,12.11,17.91,53.27,13.4,87.5,34.2,5,excellent
10.33,72.21,2.91,12.04,30.35,12.01,18.96,45.88,13.45,87.4,34.2,5,excellent
10.37,73.56,2.91,12.04,31.07,11.97,15.09,45.88,13.5,87.4,34.2,5,excellent
10.41,70.27,2.96,11.0,30.18,11.78,14.83,44.96,13.45,87.3,34.2,5,excellent
10.41,70.27,2.94,11.62,28.99,11.82,18.96,47.48,13.34,87.4,34.2,5,excellent
10.41,73.56,2.92,11.53,31.07,11.82,18.87,46.19,13.5,87.5,34.2,5,excellent
10.29,69.03,2.94,11.71,30.89,11.97,18.0,50.96,13.45,86.5,34.2,5,excellent
10.41,70.27,2.94,11.71,31.07,11.97,15.63,45.57,13.45,85.9,34.2,5,excellent
10.37,70.27,2.94,11.99,30.71,11.97,15.15,44.96,13.29,86.4,34.2,5,excellent
10.33,70.91,2.96,12.14,30.18,12.01,15.15,44.07,13.29,85.8,34.2,5,excellent
10.41,70.91,2.96,12.09,30.0,12.11,16.87,44.96,13.18,86.2,34.2,5,excellent
10.29,69.64,2.91,12.28,30.0,11.87,15.98,44.37,13.18,86.6,34.2,5,excellent
10.25,69.03,2.91,12.43,30.18,11.78,14.96,44.37,13.29,86.9,34.2,5,excellent
10.25,70.27,2.94,11.44,28.18,11.73,17.5,43.78,13.45,87.1,34.2,5,excellent
10.17,70.91,2.91,11.76,29.49,12.21,14.96,44.96,13.29,87.3,34.2,5,excellent
10.25,70.27,3.06,11.71,29.83,11.73,15.91,43.5,13.24,87.5,34.2,5,excellent
10.25,70.91,2.92,11.67,30.71,11.92,18.51,44.37,13.13,87.3,34.2,5,excellent
10.17,69.03,2.94,11.09,33.83,12.01,14.7,48.14,13.18,85.5,34.2,5,excellent
10.17,70.91,2.91,11.49,29.32,12.11,18.08,43.78,13.34,86.1,34.2,5,excellent
10.17,71.55,2.97,11.67,29.32,12.11,17.75,40.54,13.4,86.2,34.2,5,excellent
10.17,71.55,4.02,11.67,29.83,11.97,15.56,44.07,13.24,86.4,34.2,5,excellent
10.21,70.91,3.26,11.76,29.66,11.87,16.05,43.5,13.18,86.7,34.2,5,excellent
10.21,70.91,2.91,11.76,29.15,11.92,15.56,43.5,13.4,87.0,34.2,5,excellent
10.21,69.64,2.88,11.62,29.32,11.92,15.22,44.07,13.34,87.3,34.3,5,excellent
10.09,70.27,2.84,11.95,28.82,11.78,18.69,43.78,13.24,87.3,34.3,5,excellent
10.09,71.55,2.84,12.09,30.53,12.45,16.34,45.57,13.29,87.4,34.3,5,excellent
10.01,72.21,2.91,11.95,29.66,11.87,15.02,48.14,13.34,87.4,34.4,5,excellent
10.05,70.91,2.89,11.9,29.66,11.73,17.03,42.94,13.4,86.3,34.4,5,excellent
10.01,70.91,2.88,11.95,29.83,12.06,17.34,42.94,13.24,87.0,34.4,5,excellent
10.09,69.03,2.92,11.85,29.66,11.73,17.91,46.51,13.34,86.7,34.4,5,excellent
10.09,70.91,2.89,11.85,29.49,11.97,14.7,43.22,13.18,86.8,34.4,5,excellent
10.09,70.91,2.92,11.9,29.49,11.97,14.51,44.07,13.29,84.6,34.4,5,excellent
10.09,72.88,2.91,11.17,29.49,11.87,15.29,42.94,13.4,85.6,34.4,5,excellent
10.05,69.64,2.92,11.53,28.99,11.97,18.34,42.94,13.24,86.2,34.5,5,excellent
10.01,70.91,2.91,11.71,28.03,11.92,17.58,43.22,13.24,86.4,34.5,5,excellent
10.01,72.21,2.88,12.28,28.82,11.87,15.22,43.22,13.24,86.7,34.5,5,excellent
9.97,72.21,2.88,11.81,29.15,11.82,15.15,42.94,13.24,86.9,34.6,5,excellent
9.97,71.55,2.86,11.67,29.32,11.69,17.58,40.04,13.29,86.8,34.6,5,excellent
9.89,69.64,2.88,11.95,28.66,11.82,15.63,41.58,13.18,86.9,34.6,5,excellent
9.97,71.55,2.88,11.71,29.66,11.73,15.15,39.79,13.29,87.0,34.6,5,excellent
9.89,72.21,2.84,11.4,28.99,11.41,14.89,41.58,13.18,87.2,34.7,5,excellent
9.82,73.56,2.84,11.71,28.82,11.55,14.7,42.11,13.13,87.4,34.7,5,excellent
9.86,72.21,2.88,11.44,29.49,11.46,14.26,42.38,13.13,87.4,34.7,5,excellent
9.89,72.21,2.89,11.67,29.15,11.73,15.22,41.84,13.29,86.8,34.7,5,excellent
9.89,69.64,2.88,11.62,29.32,11.64,15.22,41.58,13.24,86.7,34.7,5,excellent
9.86,71.55,2.86,11.49,29.66,11.64,17.58,42.66,13.13,86.8,34.7,5,excellent
9.86,71.55,2.88,11.4,28.82,11.46,16.64,41.84,13.18,86.9,34.8,5,excellent
9.82,73.56,2.84,11.58,29.83,11.5,15.09,41.58,13.29,87.0,34.8,5,excellent
9.82,70.91,2.88,11.44,29.66,11.69,16.12,41.84,13.18,86.6,34.8,5,excellent
9.86,70.91,2.91,11.67,31.07,11.69,18.08,42.11,13.29,85.7,34.8,5,excellent
9.86,72.21,2.91,11.62,29.49,11.82,15.15,41.58,13.18,82.0,34.8,5,excellent
9.89,72.21,2.91,11.9,30.53,11.97,15.09,44.96,13.24,83.9,34.8,5,excellent
9.93,70.91,2.94,11.95,30.53,12.4,15.15,43.5,13.13,79.0,34.8,5,excellent
9.89,72.88,2.97,11.71,29.66,11.87,15.35,42.66,13.13,82.1,34.8,5,excellent
10.01,70.27,2.94,11.58,29.66,11.97,15.56,44.07,13.08,82.2,34.8,5,excellent
9.93,71.55,2.96,11.58,30.0,11.73,19.23,42.11,13.08,82.3,34.8,5,excellent
9.89,72.21,2.92,11.53,30.35,11.73,14.38,41.05,13.08,83.4,34.9,5,excellent
9.86,72.21,2.91,11.4,30.18,11.69,17.34,44.37,13.03,84.2,34.9,5,excellent
9.86,70.27,3.01,11.44,27.87,11.82,15.7,41.05,13.03,84.5,34.9,5,excellent
9.78,72.21,3.02,11.53,28.66,11.41,18.87,40.04,13.03,84.9,35.0,5,excellent
9.74,72.21,3.87,11.62,28.82,11.55,14.63,39.3,13.08,85.1,34.9,5,excellent
9.74,71.55,4.1,11.44,29.83,11.23,14.57,39.55,12.92,85.1,35.0,5,excellent
9.74,72.21,4.0,11.4,29.66,11.15,15.84,41.05,13.03,85.1,35.0,5,excellent
9.66,73.56,3.93,11.58,32.6,11.28,17.1,38.59,13.03,85.4,35.0,5,excellent
9.66,70.91,3.93,11.35,29.32,11.15,16.95,38.83,12.98,85.6,35.0,5,excellent
9.63,70.91,3.85,11.35,29.49,11.32,18.08,39.79,12.87,85.6,35.0,5,excellent
9.7,71.55,3.85,11.35,29.66,10.93,16.12,39.06,12.87,85.8,35.1,5,excellent
9.74,70.27,3.85,11.4,30.18,11.1,18.0,39.3,12.82,85.8,35.1,5,excellent
9.55,69.64,3.79,11.31,29.83,10.84,14.26,39.55,12.98,85.7,35.1,5,excellent
9.63,70.91,3.79,11.26,30.0,11.1,14.38,36.35,12.98,85.9,35.1,5,excellent
9.66,72.21,3.81,10.41,29.66,11.28,14.7,40.04,12.92,85.9,35.1,5,excellent
9.63,70.27,3.79,10.83,28.66,11.15,14.02,41.84,12.87,84.9,35.1,5,excellent
9.7,71.55,3.81,11.0,28.5,11.19,14.89,38.36,12.98,85.2,35.1,5,excellent
9.66,70.27,3.79,10.96,28.66,10.89,14.44,39.79,12.82,85.2,35.2,5,excellent
9.7,72.21,3.79,10.96,26.39,11.19,17.34,38.36,12.92,85.2,35.1,5,excellent
9.66,71.55,3.76,11.09,28.34,11.01,14.44,37.9,12.82,85.2,35.2,5,excellent
9.66,73.56,3.78,11.09,28.34,11.06,14.14,38.36,12.87,85.3,35.2,5,excellent
9.66,71.55,3.78,11.09,27.72,11.06,18.25,37.67,12.92,85.4,35.2,5,excellent
9.59,71.55,3.76,11.04,27.72,11.01,17.18,38.12,12.87,85.4,35.2,5,excellent
9.55,72.88,3.85,11.31,26.96,11.15,17.83,36.78,12.92,85.6,35.3,5,excellent
9.63,71.55,3.76,11.44,27.26,10.84,18.08,37.9,12.98,85.7,35.3,5,excellent
9.55,72.21,3.74,11.4,27.87,11.01,14.63,37.44,12.98,85.9,35.3,5,excellent
9.55,72.21,3.74,11.31,27.56,10.93,13.96,37.67,12.87,85.9,35.3,5,excellent
9.55,71.55,3.74,11.22,27.56,10.97,14.57,37.44,12.92,85.8,35.3,5,excellent
9.48,74.95,3.72,11.13,27.56,10.89,14.32,38.36,13.13,85.8,35.3,5,excellent
9.51,71.55,3.72,11.0,28.03,10.8,14.38,38.12,12.82,85.7,35.3,5,excellent
9.44,72.88,3.7,11.09,28.03,10.89,16.72,37.0,12.92,85.7,35.3,5,excellent
9.48,72.21,3.72,11.04,27.41,10.89,14.38,37.22,12.87,85.7,35.3,5,excellent
9.37,74.25,3.7,10.96,27.41,10.84,17.34,37.67,12.82,85.5,35.3,5,excellent
9.4,73.56,3.68,10.96,26.67,10.93,16.57,36.14,12.87,85.6,35.4,5,excellent
9.44,72.21,3.72,11.0,27.26,10.72,14.51,36.14,12.82,85.9,35.3,5,excellent
9.33,70.27,3.7,10.96,27.41,10.8,14.14,35.72,12.77,86.2,35.4,5,excellent
9.33,71.55,3.7,10.91,27.72,10.89,13.66,36.14,12.82,85.5,35.4,5,excellent
9.33,70.91,3.68,10.83,27.41,10.76,17.03,35.51,12.82,85.1,35.4,5,excellent
9.37,72.21,3.7,10.91,27.26,10.67,14.38,35.93,12.72,85.0,35.3,5,excellent
9.33,71.55,3.72,10.83,28.18,10.89,14.63,35.93,12.77,85.2,35.4,5,excellent
9.37,70.91,3.72,10.87,26.96,10.72,14.96,35.11,12.72,85.4,35.4,5,excellent
9.29,72.21,3.68,10.91,26.96,10.63,14.32,35.51,12.67,85.5,35.4,5,excellent
9.37,71.55,3.7,10.79,26.82,10.67,17.03,35.72,12.62,85.5,35.4,5,excellent
9.26,70.91,3.67,10.83,27.26,10.63,16.57,34.12,12.62,85.5,35.4,5,good
9.37,74.25,3.7,10.91,26.53,10.63,15.98,34.12,12.98,85.2,35.4,5,good
9.33,72.21,3.68,10.91,27.11,10.67,14.76,33.74,12.72,85.3,35.4,5,good
9.26,73.56,3.67,10.79,26.24,10.55,14.26,33.74,12.72,85.2,35.4,5,good
9.29,71.55,3.68,10.91,26.82,10.59,14.26,35.51,12.72,84.7,35.4,5,good
9.37,71.55,3.7,10.87,26.82,10.55,14.63,33.36,12.72,85.0,35.4,5,good
9.37,71.55,3.68,10.83,26.96,10.59,14.38,32.99,12.72,85.3,35.5,5,good
9.18,73.56,3.67,10.79,27.41,10.43,14.32,32.99,12.72,85.2,35.5,5,good
9.18,73.56,3.67,10.62,27.41,10.47,16.2,33.74,12.57,85.3,35.5,5,good
9.29,71.55,3.7,10.87,27.41,10.59,15.22,32.99,12.57,83.9,35.5,5,good
9.15,72.21,3.68,10.91,27.11,10.59,15.02,34.12,12.52,84.5,35.5,5,good
9.26,73.56,3.68,10.83,27.41,10.59,15.35,33.17,12.62,81.5,35.5,5,good
9.26,70.91,3.72,10.62,27.26,10.63,17.1,33.55,12.62,82.8,35.5,5,good
9.33,72.21,3.7,10.91,26.82,10.76,16.87,33.36,12.67,82.6,35.5,5,good
9.26,71.55,3.7,10.87,26.82,10.59,13.84,36.35,12.52,81.9,35.5,5,good
9.18,73.56,3.67,10.7,26.53,10.51,16.42,32.81,12.62,82.9,35.6,5,good
9.22,71.55,3.67,10.83,26.67,10.55,14.38,33.17,12.52,83.0,35.5,5,good
9.29,70.27,3.68,10.45,26.82,10.47,14.32,34.71,12.72,82.9,35.6,5,good
9.22,73.56,3.68,10.25,26.39,10.47,14.83,32.45,12.52,83.4,35.6,5,good
9.22,70.91,3.68,10.37,26.82,10.51,15.35,33.74,12.52,83.8,35.6,5,good
9.29,70.91,3.72,10.58,26.39,10.67,14.26,33.74,12.52,79.3,35.6,5,good
9.29,72.88,3.7,10.58,28.5,10.55,16.57,33.93,12.52,79.3,35.6,5,good
9.29,70.91,3.72,10.66,26.39,10.63,14.51,31.4,12.67,80.9,35.6,5,good
9.26,70.91,3.7,10.62,25.82,10.51,14.89,33.36,12.62,81.4,35.6,5,good
9.15,71.55,3.7,10.79,24.0,10.34,14.08,32.45,12.52,82.3,35.7,5,good
9.15,71.55,3.68,10.79,25.96,10.47,17.67,32.27,12.57,82.7,35.6,5,good
9.08,72.88,3.67,10.58,26.24,10.26,15.7,31.74,12.57,83.0,35.7,5,good
9.15,71.55,3.68,10.49,26.53,10.39,14.2,35.51,12.52,83.1,35.7,5,good
9.11,73.56,3.7,10.66,26.39,10.51,14.63,33.55,12.62,81.0,35.7,5,good
9.15,73.56,3.7,10.66,26.53,10.59,15.49,32.99,12.62,76.9,35.7,5,good
9.22,72.88,3.72,10.66,26.1,10.34,16.34,32.27,12.52,80.3,35.7,5,good
9.15,71.55,3.7,10.58,26.39,10.51,17.83,33.17,12.57,81.1,35.7,5,good
9.15,72.21,3.7,10.54,26.53,10.51,14.38,33.17,12.52,79.9,35.7,5,good
9.22,74.25,3.74,10.7,26.39,10.55,14.51,33.55,12.72,77.1,35.7,5,good
9.18,71.55,3.72,10.7,26.24,10.55,17.91,33.17,12.47,78.2,35.7,5,good
9.18,72.21,3.7,10.79,26.53,10.51,14.02,32.09,12.67,73.5,35.7,5,good
9.22,71.55,3.72,10.7,25.82,10.84,13.72,32.45,12.62,75.7,35.7,5,good
9.29,74.25,3.72,10.62,25.42,10.39,16.87,32.09,12.57,76.8,35.8,5,good
9.22,71.55,3.7,10.58,25.69,10.59,16.12,31.4,12.62,75.4,35.8,5,good
9.33,72.21,3.72,10.7,28.18,10.43,13.54,31.4,12.62,77.6,35.8,5,good
9.29,74.95,3.72,10.66,24.63,11.28,20.19,32.99,12.57,78.3,35.8,5,good
9.18,72.88,3.72,10.54,25.69,10.26,13.54,29.15,12.72,79.2,35.8,5,good
9.08,74.25,3.68,10.54,25.42,10.14,17.5,31.06,12.62,79.7,35.8,5,good
9.11,74.95,3.7,10.49,25.96,10.14,15.91,30.41,12.67,80.3,35.9,5,good
9.08,74.95,3.7,10.33,25.96,10.22,14.14,30.73,12.67,80.8,35.9,5,good
9.15,74.25,3.72,10.41,25.82,10.26,16.49,31.57,12.67,79.9,35.9,5,good
9.08,74.95,3.7,10.58,25.82,10.3,17.67,32.81,12.72,77.6,35.9,5,good
9.08,73.56,3.7,10.58,25.69,10.34,14.26,32.09,12.72,74.8,35.9,5,good
9.08,76.39,3.7,10.83,26.1,10.26,16.27,30.73,12.77,76.1,35.9,5,good
9.08,74.25,3.87,10.7,26.1,10.26,15.84,31.06,12.77,78.2,35.9,5,good
9.22,72.88,3.7,10.7,28.18,10.22,14.14,30.09,12.87,76.3,36.0,5,good
9.18,74.95,3.7,10.62,26.39,10.06,13.43,29.61,12.72,77.3,36.0,5,good
9.18,72.88,3.74,10.91,26.39,10.3,14.44,31.57,12.77,77.9,36.0,5,good
9.22,73.56,3.76,9.74,25.82,10.39,17.1,29.61,12.82,72.6,36.0,5,good
9.11,74.95,3.72,9.63,24.76,10.26,15.91,31.06,13.03,75.9,36.0,5,good
9.11,72.88,3.72,9.94,24.37,10.22,14.32,29.93,12.92,75.9,36.0,5,good
9.08,70.91,3.7,10.09,23.75,10.14,16.72,31.06,12.87,78.1,36.1,5,good
9.04,71.55,3.68,10.83,24.0,9.91,13.43,28.85,12.98,79.3,36.1,5,good
8.87,70.91,3.68,10.91,28.03,9.72,17.03,29.77,12.77,79.6,36.1,5,good
8.87,71.55,3.68,10.83,25.15,9.91,14.02,29.46,12.42,79.6,36.1,5,good
8.87,73.56,3.7,9.86,24.0,9.99,15.15,29.3,12.37,79.4,36.1,5,good
8.87,72.88,3.68,10.66,25.15,9.79,15.77,27.83,12.47,79.6,36.2,5,good
8.94,71.55,3.72,9.74,24.0,9.83,16.34,28.85,12.32,80.0,36.2,5,good
8.83,73.56,3.68,9.94,23.39,9.68,16.72,28.12,12.37,79.3,36.2,5,good
8.8,72.21,3.67,9.82,23.63,9.75,13.54,28.12,12.47,80.3,36.2,5,good
8.83,72.88,3.68,10.17,23.39,9.68,15.98,26.86,12.52,80.8,36.2,5,good
8.73,72.88,3.68,10.13,24.5,9.49,13.78,28.85,12.42,81.4,36.3,5,good
8.69,71.55,3.67,10.25,24.37,9.57,15.63,27.83,12.57,81.1,36.3,5,good
8.73,74.95,3.67,10.87,25.15,9.68,15.42,28.85,12.52,80.2,36.3,5,good
8.73,74.95,3.67,10.74,24.76,9.72,15.29,29.15,12.47,78.8,36.3,5,good
8.73,72.88,3.68,9.82,24.25,9.68,16.12,27.55,12.62,79.5,36.3,5,good
8.73,74.95,3.67,10.96,26.96,9.53,13.66,27.83,12.52,80.1,36.3,5,good
8.66,72.88,3.67,10.29,25.28,9.49,16.34,27.83,12.62,80.7,36.3,5,good
8.69,74.95,3.68,10.01,24.0,9.34,16.72,27.27,12.62,79.5,36.4,5,good
8.76,72.88,3.7,9.67,23.63,9.45,15.02,27.69,12.23,79.7,36.6,5,good
8.69,72.88,3.67,10.09,22.36,9.95,14.26,27.0,12.08,79.0,37.0,5,good
9.11,72.88,3.65,9.82,23.16,9.38,14.08,26.47,12.18,78.1,37.6,5,good
9.18,74.95,3.65,11.0,24.25,9.31,16.12,28.41,12.18,76.9,38.3,5,good
9.04,74.25,3.67,10.54,24.25,9.45,15.91,28.26,12.08,72.3,38.6,5,good
9.11,73.56,3.65,10.29,25.55,9.57,15.7,31.23,12.18,66.9,38.8,5,good
9.22,74.95,3.67,10.54,28.03,9.64,13.26,31.57,12.42,56.6,38.9,5,good
9.33,74.25,3.7,10.45,24.25,9.53,13.15,28.41,12.03,63.9,39.0,5,good
9.15,73.56,3.68,10.33,24.63,9.38,13.6,27.27,12.13,67.4,38.9,5,good
9.11,73.56,3.65,10.83,23.63,9.31,15.77,26.47,12.13,69.0,38.9,5,good
9.01,73.56,3.65,10.33,23.16,9.2,16.49,26.6,11.99,70.6,38.8,5,good
9.01,67.82,3.61,10.49,23.16,9.09,13.37,25.95,12.08,71.7,38.7,5,good
8.87,74.95,3.61,9.9,23.63,9.06,13.54,27.41,11.94,71.7,38.5,5,good
8.87,72.88,3.63,9.94,21.81,9.38,13.32,26.2,12.03,71.9,38.4,5,good
8.8,74.25,3.61,9.74,22.03,9.06,13.21,25.82,11.89,73.0,38.3,5,good
8.73,73.56,3.61,9.94,23.16,8.95,13.15,24.83,11.94,74.1,38.2,5,good
8.8,72.21,3.61,9.97,22.81,8.99,16.2,24.95,11.99,74.7,38.1,5,good
8.73,72.88,3.63,9.41,24.0,8.88,12.88,25.2,11.99,74.8,38.0,5,good
8.76,73.56,3.63,9.55,22.14,8.95,16.49,25.07,11.89,74.7,37.9,5,good
8.69,70.91,3.61,9.52,22.7,8.99,13.26,25.07,11.94,73.9,37.9,5,good
8.59,74.95,3.56,9.97,22.47,8.81,15.77,24.59,11.85,75.8,37.8,5,good
8.66,71.55,3.63,9.26,22.47,8.88,16.72,25.57,11.75,76.6,37.7,5,good
8.59,74.25,3.61,9.63,22.47,8.92,13.43,25.32,11.85,75.0,37.6,5,good
8.59,74.25,3.63,9.74,22.92,8.99,14.57,25.95,11.75,76.2,37.6,5,good
8.69,72.88,3.61,10.21,22.36,8.88,15.77,24.71,11.75,73.0,37.6,5,good
8.66,73.56,3.63,10.25,22.36,8.88,13.43,24.36,11.8,75.5,37.5,5,good
8.59,71.55,3.59,9.9,22.58,8.78,14.76,24.24,11.85,76.5,37.5,5,good
8.56,74.95,3.59,9.78,22.81,8.71,15.7,24.24,11.75,77.1,37.4,5,good
8.59,72.88,3.61,9.82,22.36,8.71,16.27,23.67,11.8,77.7,37.4,5,good
8.52,74.95,3.61,9.86,22.36,8.78,13.21,23.67,11.71,78.3,37.4,5,good
8.46,74.95,3.59,9.78,21.6,8.67,12.93,23.01,11.66,78.8,37.4,5,good
8.52,72.88,3.59,9.55,22.7,8.61,16.2,24.01,11.75,79.0,37.3,5,good
8.42,71.55,3.59,9.74,22.81,8.64,14.08,23.12,11.75,78.5,37.3,5,good
8.49,74.25,3.61,9.37,22.92,8.61,13.21,23.34,11.75,79.5,37.3,5,good
8.49,74.95,3.61,9.7,22.7,8.61,13.78,22.8,11.71,79.9,37.2,5,good
8.39,74.95,3.59,10.09,23.27,8.57,12.93,23.67,11.66,80.0,37.2,5,good
8.46,71.55,3.63,8.94,23.27,8.57,15.35,22.28,11.75,80.5,37.2,5,good
8.42,72.88,3.61,9.37,22.58,8.57,12.82,22.28,11.71,79.8,37.2,5,good
8.46,73.56,3.63,9.52,21.92,8.51,14.32,22.48,11.57,80.4,37.1,5,good
8.42,74.25,3.61,10.49,22.25,8.47,12.56,22.91,11.66,80.8,37.1,5,good
8.42,72.88,3.61,9.94,22.14,8.37,12.66,22.28,11.66,80.6,37.1,5,good
8.36,74.95,3.59,9.67,21.92,8.51,12.4,23.01,11.52,81.2,37.1,5,good
8.39,72.88,3.63,9.63,21.92,8.57,15.98,23.45,11.57,81.2,37.1,5,good
8.33,74.25,3.59,9.55,22.7,8.54,12.99,24.24,11.57,81.5,37.1,5,good
8.42,71.55,3.63,9.7,23.04,8.44,13.72,22.28,11.62,79.9,37.1,5,good
8.42,71.55,3.63,9.74,22.58,8.64,12.56,22.28,11.57,79.5,37.2,5,good
8.39,74.25,3.59,9.67,22.7,8.47,15.29,21.38,11.48,80.3,37.2,5,good
8.42,73.56,3.63,9.37,22.47,8.47,13.66,21.09,11.62,80.3,37.2,5,good
8.39,72.88,3.59,9.55,21.18,8.28,12.61,20.8,11.48,81.0,37.2,5,good
8.39,71.55,3.61,9.55,23.27,8.41,14.08,22.28,11.57,81.5,37.2,5,good
8.29,73.56,3.59,9.63,22.36,8.44,13.26,21.77,11.48,81.0,37.2,5,good
8.33,74.95,3.59,9.48,22.47,8.37,13.6,21.87,11.43,80.6,37.2,5,good
8.29,72.88,3.59,9.59,22.47,8.47,14.38,19.98,11.52,81.0,37.2,5,good
8.26,73.56,3.59,9.55,22.03,8.31,12.93,20.07,11.52,81.4,37.2,5,good
8.33,72.88,3.61,9.55,22.14,8.37,15.35,20.71,11.52,81.6,37.3,5,good
8.33,74.95,3.61,9.63,22.25,8.34,15.02,20.52,11.43,80.6,37.3,5,good
8.23,72.88,3.56,9.74,21.92,8.31,12.66,21.18,11.34,78.8,37.4,5,good
8.26,73.56,3.61,9.67,21.6,8.41,12.72,21.28,11.75,79.5,37.5,5,good
8.23,72.88,3.57,9.67,21.81,8.34,15.22,19.89,11.39,78.3,37.6,5,good
8.33,73.56,3.59,9.67,21.71,8.21,13.26,19.46,11.43,78.8,37.8,5,good
8.29,74.95,3.59,9.63,21.92,8.21,12.66,19.46,11.3,79.1,37.9,5,good
8.33,72.88,3.59,9.82,21.71,8.15,13.37,19.04,11.39,79.5,37.9,5,good
8.2,73.56,3.57,9.74,21.92,8.51,14.51,18.55,11.3,79.5,38.0,5,good
8.16,74.95,3.56,9.78,23.16,8.08,15.15,19.21,11.3,79.6,38.0,5,good
8.2,72.88,3.57,9.55,21.08,8.05,12.66,18.23,11.34,78.7,38.0,5,good
8.23,74.95,3.57,9.67,22.14,8.11,12.61,18.31,11.3,79.4,38.1,5,good
8.2,73.56,3.61,7.85,22.14,8.05,12.61,17.69,11.26,79.8,38.0,5,good
8.2,72.21,3.78,8.73,21.92,7.99,12.88,18.31,11.21,80.4,38.0,5,good
8.16,72.88,3.59,9.19,20.98,8.05,15.22,17.47,11.3,80.5,38.0,5,good
8.1,72.88,3.59,8.94,21.49,8.05,12.77,17.32,11.34,81.1,38.0,5,good
8.1,72.88,3.59,8.9,21.81,7.99,12.82,16.81,11.34,81.6,37.9,5,good
8.13,75.66,3.59,10.17,21.71,8.02,14.02,17.62,11.34,81.8,37.9,5,good
8.03,73.56,3.57,9.55,21.18,8.02,12.77,16.33,11.34,81.7,37.9,5,good
8.0,74.25,3.57,9.7,21.81,8.02,14.38,16.81,11.26,82.0,37.8,5,good
7.97,73.56,3.59,8.77,22.03,7.93,15.22,17.17,11.3,82.4,37.8,5,good
8.03,74.25,3.57,9.12,21.71,7.99,15.63,16.67,11.3,82.5,37.8,5,good
7.97,74.25,3.56,9.04,22.47,8.05,15.98,17.1,11.17,82.6,37.7,5,good
7.97,74.25,3.59,9.48,21.81,8.28,12.72,16.26,11.26,81.6,37.7,5,good
7.94,72.88,3.56,9.15,21.39,7.99,12.15,15.28,11.21,82.4,37.6,5,good
7.97,73.56,3.57,9.15,21.49,7.99,13.15,14.79,11.26,82.9,37.6,5,good
7.91,74.95,3.57,9.86,21.71,7.89,14.44,14.91,11.17,83.4,37.6,5,good
7.97,74.25,3.59,9.59,22.25,7.89,12.35,14.03,11.17,83.7,37.6,5,good
7.91,76.39,3.57,9.94,22.03,7.93,14.08,15.15,11.17,83.8,37.5,5,good
7.91,73.56,3.56,9.94,23.75,7.93,15.02,14.43,11.12,83.8,37.5,5,good
7.85,73.56,3.54,8.36,23.16,7.8,13.15,14.49,11.17,84.1,37.5,5,good
7.94,74.95,3.56,9.74,21.92,7.86,11.76,13.97,11.12,83.3,37.5,5,good
7.91,74.95,3.56,8.53,21.81,7.89,12.93,13.8,11.04,83.6,37.5,5,good
7.88,73.56,3.56,8.77,22.58,7.8,14.44,13.69,11.17,84.0,37.5,5,good
7.85,75.66,3.56,9.33,22.03,7.83,12.51,14.31,11.08,84.1,37.5,5,good
7.85,74.95,3.56,9.04,21.71,7.86,14.38,13.86,11.08,84.3,37.4,5,good
7.88,74.95,3.54,9.74,24.5,7.8,15.22,13.15,11.12,84.5,37.5,5,good
7.85,74.25,3.54,9.52,23.04,8.02,15.15,16.12,11.08,84.7,37.4,5,good
7.85,76.39,3.54,9.3,22.36,7.89,12.05,13.53,10.99,81.8,37.4,5,good
7.91,74.25,3.57,9.44,22.58,7.93,13.72,13.21,11.12,83.5,37.3,5,good
7.94,74.25,3.61,8.73,22.36,7.93,13.72,13.69,11.08,84.2,37.3,5,good
7.94,74.25,3.59,8.94,21.92,7.89,15.29,13.21,11.04,84.1,37.2,5,good
7.81,73.56,3.56,9.78,22.36,7.83,11.95,12.59,11.04,84.4,37.2,5,good
7.91,74.25,3.59,9.37,22.81,7.77,13.04,12.29,11.08,84.7,37.2,5,good
7.88,74.95,3.57,9.26,22.25,7.74,15.35,12.05,11.04,85.1,37.1,5,good
7.81,74.95,3.56,9.33,22.7,7.77,14.7,11.86,10.95,85.4,37.0,5,good
7.85,74.25,3.57,9.26,24.0,7.89,15.15,11.49,11.04,85.9,37.0,5,good
7.75,73.56,3.56,8.6,22.47,7.8,12.25,11.23,10.99,86.2,36.9,5,good
7.78,73.56,3.56,8.66,22.36,7.77,13.96,12.05,10.95,86.4,36.9,5,good
7.78,72.88,3.56,8.94,22.7,7.74,12.2,10.75,10.99,86.9,36.9,5,good
7.75,74.95,3.56,8.97,22.03,7.74,13.78,10.38,10.99,87.1,36.8,5,good
7.69,74.25,3.54,9.12,22.03,7.65,12.3,10.22,10.95,87.3,36.8,5,good
7.75,74.95,3.56,9.67,21.49,7.74,12.0,10.22,10.95,87.5,36.7,5,good
7.66,76.39,3.52,9.37,22.58,7.62,13.26,9.79,10.99,87.6,36.7,5,good
7.66,74.95,3.52,9.33,22.58,7.59,12.45,9.52,10.95,87.7,36.6,5,good
7.69,76.39,3.56,9.37,21.39,7.8,11.9,9.38,10.95,87.9,36.6,5,good
7.69,74.95,3.56,9.41,22.58,7.59,14.44,8.88,10.87,88.1,36.5,5,good
7.63,72.88,3.52,9.55,22.7,7.59,13.66,8.88,10.82,88.3,36.5,5,good
7.66,74.95,3.54,9.44,26.1,7.65,14.83,8.88,10.91,88.4,36.4,5,good
7.69,74.95,3.52,9.26,23.16,7.62,12.15,8.7,10.82,88.7,36.4,5,good
7.6,73.56,3.54,8.39,22.7,7.53,11.95,8.4,10.87,88.7,36.3,5,good
7.66,74.95,3.56,8.73,22.14,7.62,14.96,9.16,10.87,89.0,36.3,5,good
7.57,74.95,3.54,8.9,22.36,7.68,11.66,8.57,10.78,89.3,36.3,5,good
7.57,74.25,3.52,9.01,21.71,7.65,13.49,8.63,10.74,89.2,36.3,5,good
7.54,73.56,3.5,10.29,21.71,7.68,12.4,8.53,10.74,89.2,36.2,5,good
7.6,72.88,3.5,9.7,22.03,7.74,14.38,8.33,10.74,89.4,36.2,5,good
7.63,74.25,3.54,9.48,23.39,7.62,12.72,8.74,10.74,89.6,36.2,5,good
7.63,74.95,3.5,9.63,23.51,7.62,12.1,8.11,10.82,89.8,36.1,5,good
7.57,74.95,3.57,10.17,21.08,7.5,12.72,7.55,10.7,89.8,36.1,5,good
7.57,74.25,3.56,9.08,23.04,7.65,13.6,7.79,10.78,89.8,36.0,5,good
7.54,74.25,3.49,9.33,23.39,7.62,12.82,7.73,10.78,90.0,36.0,5,good
7.63,74.25,3.54,9.37,23.27,7.62,12.45,7.86,10.65,90.0,36.0,5,good
7.6,74.95,3.52,9.52,23.88,7.38,13.96,7.31,10.74,90.1,36.0,5,good
7.63,74.25,3.56,9.37,23.27,7.62,14.76,7.55,10.7,90.1,35.9,5,good
7.54,74.95,3.52,9.26,23.51,7.56,12.3,7.49,10.74,90.2,35.9,5,good
7.51,71.55,3.5,9.55,23.39,7.53,11.66,7.23,10.57,90.2,35.9,5,good
7.54,74.25,3.52,9.44,23.27,7.62,11.76,7.29,10.61,90.2,35.9,5,good
7.54,74.95,3.52,8.83,22.92,7.5,11.56,7.08,10.7,90.3,35.8,5,good
7.57,72.88,3.52,9.63,23.63,7.5,11.85,7.08,10.53,90.3,35.8,5,good
7.51,72.21,3.5,9.94,23.51,7.53,11.52,6.97,10.61,90.3,35.8,5,good
7.51,71.55,3.54,9.44,22.92,7.5,12.61,6.94,10.53,90.4,35.8,5,good
7.51,72.88,3.54,9.74,23.51,7.44,11.42,6.8,10.61,90.4,35.8,5,good
7.51,73.56,3.54,8.66,22.92,7.56,11.8,6.8,10.7,90.5,35.8,5,good
7.57,72.88,3.54,9.3,25.42,7.41,14.32,6.8,10.61,90.5,35.7,5,good
7.54,70.27,3.52,9.3,23.16,7.44,14.2,6.78,10.78,90.6,35.7,5,good
7.48,72.88,3.52,9.33,23.51,7.53,12.51,6.7,10.7,90.7,35.7,5,good
7.57,72.21,3.57,9.12,22.7,7.53,11.47,6.48,10.65,90.7,35.7,5,good
7.57,72.21,3.56,8.77,22.58,7.44,12.4,6.35,10.7,90.7,35.7,5,good
7.48,71.55,3.54,8.53,22.36,7.47,12.05,6.32,10.57,90.7,35.7,5,good
7.51,71.55,3.56,9.22,21.92,7.38,12.56,6.09,10.65,90.8,35.7,5,good
7.48,69.03,3.54,8.97,22.81,7.35,11.66,5.99,10.57,90.8,35.7,5,good
7.42,73.56,3.52,9.01,22.47,7.41,11.42,6.27,10.57,90.8,35.6,5,good
7.45,72.88,3.56,8.97,22.92,7.35,13.43,6.04,10.65,90.9,35.6,5,good
7.48,72.88,3.56,8.87,22.81,7.29,13.6,5.99,10.61,90.9,35.6,5,good
7.39,72.88,3.52,10.37,23.16,7.38,14.14,6.09,10.53,90.9,35.5,5,good
7.42,71.55,3.52,10.21,23.27,7.47,12.93,6.04,10.53,91.0,35.6,5,good
7.42,72.21,3.52,9.3,21.92,7.47,14.2,5.82,10.61,91.0,35.6,5,good
7.48,72.88,3.56,9.04,23.63,7.38,11.42,5.95,10.57,91.0,35.5,5,good
7.48,73.56,3.54,9.33,24.12,7.38,13.72,6.83,10.53,91.1,35.5,5,good
7.45,72.21,3.57,8.6,23.27,7.56,11.56,6.09,10.57,91.1,35.5,5,good
7.42,70.91,3.54,9.44,26.39,7.44,14.02,5.75,10.57,91.2,35.5,5,good
7.51,71.55,3.57,8.87,22.92,7.38,13.43,5.82,10.53,91.1,35.5,5,good
7.48,72.21,3.56,9.12,22.92,7.41,12.61,5.65,10.57,91.2,35.4,5,good
7.42,72.21,3.56,9.26,23.27,7.38,12.3,5.58,10.57,91.2,35.4,5,good
7.45,70.91,3.54,9.12,23.88,7.32,12.66,5.65,10.49,91.3,35.4,5,good
7.42,68.42,3.54,9.04,24.37,7.32,13.21,5.49,10.45,91.3,35.4,5,good
7.39,71.55,3.54,9.26,24.0,7.47,10.84,5.65,10.57,91.3,35.4,5,good
7.45,73.56,3.56,9.26,23.51,7.44,11.52,5.7,10.53,91.4,35.4,5,good
7.42,70.91,3.54,9.55,24.12,7.32,13.32,5.61,10.45,91.4,35.4,5,good
7.45,65.51,3.57,9.26,23.51,7.38,11.24,5.56,10.49,91.5,35.4,5,good
7.21,67.23,3.56,8.36,23.39,7.38,11.29,5.49,10.53,91.4,35.3,5,good
7.24,68.42,3.57,8.39,22.92,7.41,12.82,5.49,10.57,91.5,35.4,5,good
7.13,66.65,3.76,8.49,22.92,7.38,11.56,5.4,10.49,91.5,35.3,5,good
7.33,70.27,3.59,9.01,22.47,7.38,11.56,5.26,10.53,91.5,35.3,5,good
7.24,67.82,3.54,8.9,22.36,7.35,14.02,5.17,10.45,91.5,35.3,5,good
7.24,67.82,3.54,8.87,22.58,7.23,11.42,5.15,10.49,91.5,35.3,5,good
7.24,67.82,3.56,8.94,21.81,7.32,11.61,5.1,10.45,91.5,35.2,5,good
7.24,70.91,3.56,9.08,22.47,7.38,12.66,4.99,10.49,91.5,35.3,5,good
7.16,67.82,3.54,8.87,22.25,7.26,13.49,5.06,10.45,91.6,35.3,5,good
7.21,69.64,3.57,9.08,22.58,7.29,11.71,5.04,10.53,91.6,35.2,5,good
7.21,67.82,3.56,9.12,22.7,7.26,12.61,5.1,10.37,91.6,35.2,5,good
7.19,68.42,3.56,9.15,22.36,7.18,11.47,5.02,10.45,91.7,35.2,5,good
7.24,68.42,3.54,9.48,23.51,7.29,11.19,4.99,10.49,91.7,35.2,5,good
7.24,67.82,3.54,9.41,23.39,7.65,14.38,5.15,10.45,91.7,35.2,5,good
7.19,69.64,3.52,9.37,23.75,7.12,10.88,4.91,10.45,91.8,35.2,5,good
7.24,67.82,3.56,9.26,24.0,7.26,11.33,5.1,10.37,91.8,35.2,5,good
7.21,63.34,3.56,9.44,23.51,7.29,11.47,5.1,10.45,91.8,35.2,5,good
7.24,67.82,3.57,9.48,25.02,7.18,12.93,4.99,10.49,91.8,35.2,5,good
7.24,70.27,3.57,9.33,23.63,7.23,12.4,5.02,10.49,91.8,35.1,5,good
7.24,67.82,3.59,9.04,23.63,7.32,13.04,4.99,10.45,91.8,35.1,5,good
7.33,69.64,2.38,9.15,23.04,7.26,12.45,4.97,10.49,91.9,35.1,5,good
7.19,67.82,2.36,8.97,22.7,7.26,11.01,4.93,10.45,91.9,35.1,5,good
7.21,66.65,2.42,8.97,22.25,7.32,11.71,5.13,10.45,91.9,35.1,5,good
7.21,70.27,3.65,9.08,23.27,7.23,11.95,4.8,10.49,91.9,35.1,5,good
7.16,69.64,3.61,9.08,23.63,7.32,11.15,5.04,10.49,92.0,35.1,5,good
7.19,66.65,3.63,9.19,23.27,7.32,12.45,4.87,10.49,92.0,35.0,5,good
7.13,66.65,3.59,9.15,23.75,7.47,11.56,4.89,10.41,92.0,35.0,5,good
7.16,68.42,3.57,8.43,23.04,7.41,11.33,4.76,10.41,92.0,35.0,5,good
7.1,67.82,3.57,8.87,22.47,7.35,12.25,4.7,10.41,92.0,35.0,5,good
7.16,70.91,3.61,10.25,23.04,7.26,12.35,4.76,10.49,92.0,35.0,5,good
7.07,69.03,3.56,9.67,24.12,7.53,13.96,4.74,10.37,92.0,35.0,5,good
7.13,69.03,3.57,9.48,22.36,7.29,11.24,4.72,10.37,92.1,35.0,5,good
7.16,70.27,3.59,9.48,23.51,7.41,13.6,5.26,10.49,92.1,35.0,5,good
7.07,69.03,3.59,8.83,23.04,7.29,11.19,5.06,10.45,92.1,35.0,5,good
7.07,69.03,3.59,9.12,22.92,7.38,11.42,4.8,10.37,92.2,35.0,5,good
7.16,67.82,3.63,8.63,23.39,7.23,12.35,4.74,10.45,92.1,34.9,5,good
7.13,68.42,3.61,8.94,22.7,7.35,11.95,4.49,10.37,92.2,34.9,5,good
7.07,70.91,3.59,9.3,22.25,7.35,13.54,4.65,10.41,92.1,34.9,5,good
7.1,69.03,3.61,8.94,23.27,7.21,13.54,4.7,10.41,92.1,34.9,5,good
7.04,67.82,3.59,9.7,22.36,7.35,11.29,4.57,10.41,92.2,34.9,5,good
7.04,68.42,3.59,9.37,21.81,7.32,12.93,4.57,10.45,92.2,34.9,5,good
7.01,70.27,3.59,9.63,22.14,7.32,13.04,4.57,10.45,92.2,34.9,5,good
7.1,68.42,3.61,8.73,23.39,7.35,11.61,4.63,10.37,92.2,34.9,5,good
7.07,68.42,3.61,8.97,22.03,7.15,11.1,4.65,10.41,92.2,34.8,5,good
6.99,70.27,3.59,9.41,23.04,7.38,11.19,4.59,10.41,92.2,34.8,5,good
7.04,69.64,3.61,8.97,23.51,7.26,11.33,4.78,10.41,92.2,34.8,5,good
6.96,70.27,3.57,9.33,23.04,7.26,10.71,4.8,10.45,92.2,34.8,5,good
6.99,70.91,3.61,9.12,22.58,7.44,13.32,4.74,10.41,92.3,34.8,5,good
6.76,70.27,3.61,9.55,22.81,7.44,11.19,4.43,10.45,92.3,34.8,5,good
7.13,70.91,3.57,10.45,21.71,7.5,13.09,4.37,10.49,92.3,34.8,5,good
7.13,70.91,3.59,9.01,22.25,7.44,12.35,4.51,10.41,92.3,34.7,5,good
7.21,70.91,3.61,9.78,23.39,7.41,10.79,4.43,10.45,92.3,34.7,5,good
7.19,70.91,3.59,9.67,25.55,7.38,13.49,4.41,10.37,92.3,34.7,5,good
7.19,69.03,3.59,9.55,21.71,7.32,12.88,4.27,10.33,92.3,34.7,5,good
7.19,69.03,3.61,9.44,23.63,7.29,11.01,4.39,10.33,92.3,34.7,5,good
7.16,69.64,3.59,9.44,23.51,7.35,11.76,4.27,10.41,92.3,34.7,5,good
7.16,70.91,3.57,9.63,24.12,7.21,11.15,4.35,10.37,92.4,34.7,5,good
7.19,70.91,3.61,9.52,23.04,7.15,11.56,4.41,10.33,92.4,34.7,5,good
7.21,70.27,3.57,9.44,24.12,7.23,12.88,4.35,10.33,92.4,34.7,5,good
7.19,71.55,3.57,9.44,24.37,7.5,10.58,4.35,10.45,92.5,34.7,5,good
7.19,70.91,3.59,9.33,24.0,7.35,11.15,4.45,10.45,92.5,34.7,5,good
7.27,72.21,3.61,9.22,24.25,7.35,13.15,4.41,10.41,92.5,34.7,5,good
7.19,72.21,3.59,9.33,24.37,7.32,12.72,4.41,10.37,92.5,34.7,5,good
7.24,71.55,3.63,9.44,24.0,7.23,11.8,4.31,10.45,92.5,34.7,5,good
7.19,72.21,3.57,9.26,24.37,7.23,12.51,4.53,10.37,92.5,34.7,5,good
7.21,72.21,3.61,9.48,24.37,7.32,10.62,4.35,10.45,92.5,34.7,5,good
7.24,70.27,3.63,9.63,24.37,7.23,12.4,4.39,10.33,92.5,34.6,5,good
7.21,72.21,3.61,9.52,23.75,7.32,13.15,4.29,10.41,92.5,34.6,5,good
7.27,70.27,3.63,9.44,23.75,7.21,10.84,4.37,10.41,92.5,34.6,5,good
7.24,72.21,3.61,9.44,23.88,7.29,11.38,4.29,10.33,92.6,34.6,5,good
7.24,71.55,3.61,8.66,24.89,7.32,11.47,4.47,10.33,92.5,34.6,5,good
7.19,70.27,3.59,8.63,23.63,7.41,10.79,4.27,10.41,92.5,34.6,5,good
7.27,69.64,3.65,8.56,21.81,7.32,12.99,4.27,10.41,92.6,34.6,5,good
7.24,71.55,3.65,9.37,23.16,7.21,10.58,4.11,10.37,92.6,34.6,5,good
7.19,69.64,3.63,9.82,22.92,7.18,13.09,4.17,10.29,92.6,34.6,5,good
7.21,70.91,3.63,9.41,24.25,7.29,11.42,5.04,10.37,92.6,34.6,5,good
7.24,70.27,3.65,9.3,24.12,7.29,14.7,4.41,10.37,92.5,34.6,5,good
7.24,70.27,3.63,9.44,23.63,7.29,12.0,4.33,10.41,92.5,34.5,5,good
7.24,70.91,3.63,9.48,23.63,7.35,13.49,4.23,10.37,92.5,34.5,5,good
7.24,69.64,3.63,9.37,22.92,7.38,11.01,4.39,10.37,92.6,34.5,5,good
7.21,71.55,3.61,9.41,23.63,7.23,12.72,4.19,10.29,92.6,34.5,5,good
7.19,70.27,3.59,9.37,23.63,7.32,11.33,4.19,10.37,92.6,34.5,5,good
7.27,70.27,3.72,9.59,24.76,7.29,11.1,4.23,10.33,92.6,34.5,5,good
7.19,72.21,3.63,9.33,23.88,7.32,12.25,4.21,10.33,92.6,34.5,5,good
7.19,70.91,3.63,8.53,23.88,7.38,12.45,4.17,10.33,92.6,34.5,5,good
7.24,69.03,3.67,9.26,22.81,7.35,13.04,4.09,10.33,92.6,34.5,5,good
7.21,70.27,3.67,9.33,22.7,7.35,11.9,4.21,10.41,92.6,34.4,5,good
7.16,70.91,3.65,9.37,23.27,7.35,11.29,4.19,10.33,92.6,34.4,5,good
6.68,72.21,3.81,9.67,23.39,7.38,12.77,4.19,10.41,92.6,34.4,5,good
7.36,70.27,3.65,9.37,23.63,7.35,10.97,4.13,10.29,92.6,34.4,5,good
7.42,70.27,3.67,9.44,23.75,7.32,10.84,4.17,10.45,92.6,34.4,5,good
7.39,72.21,3.67,9.48,23.63,7.32,12.66,4.15,10.41,92.7,34.4,5,good
7.21,72.21,3.67,9.52,23.88,7.35,10.97,4.11,10.41,92.7,34.4,5,good
7.13,72.21,3.67,9.33,23.27,7.32,11.29,4.21,10.33,92.7,34.4,5,good
7.1,69.64,3.65,9.48,23.39,7.26,11.1,4.15,10.33,92.7,34.4,5,good
7.07,70.27,3.65,9.22,23.16,7.26,12.35,4.06,10.29,92.7,34.4,5,good
7.16,69.64,3.67,9.22,23.51,7.21,10.58,3.96,10.29,92.8,34.4,5,good
7.07,70.27,3.65,9.52,23.16,7.23,12.15,4.11,10.41,92.7,34.4,5,good
7.16,70.27,3.67,9.7,22.36,7.26,10.97,4.17,10.41,92.7,34.4,5,good
7.13,70.27,3.65,9.55,23.75,7.21,13.21,4.06,10.33,92.7,34.4,5,good
7.07,71.55,3.63,9.41,24.25,7.21,12.0,4.02,10.37,92.7,34.4,5,good
7.13,71.55,3.68,8.63,23.88,7.18,11.42,4.04,10.29,92.7,34.4,5,good
7.04,71.55,3.65,8.77,23.04,7.23,12.0,4.02,10.37,92.7,34.4,5,good
7.04,69.03,3.63,9.15,22.92,7.12,10.93,3.91,10.25,92.8,34.4,5,good
7.1,70.27,3.63,9.15,23.63,7.09,10.97,3.98,10.29,92.7,34.3,5,good
7.1,72.88,3.65,10.17,23.51,7.5,12.3,4.27,10.53,92.7,34.3,5,good
7.04,69.64,3.63,9.82,24.0,7.26,12.25,4.39,10.25,92.7,34.3,5,good
6.99,69.64,3.65,10.09,23.51,7.29,11.15,4.09,10.33,92.7,34.3,5,good
6.99,69.64,3.68,9.94,23.51,7.23,11.24,4.02,10.33,92.7,34.3,5,good
6.93,69.64,3.65,9.82,23.75,7.38,11.06,4.13,10.29,92.7,34.3,5,good
6.96,69.64,3.67,9.74,24.5,7.29,10.93,4.11,10.33,92.7,34.3,5,good
6.79,72.21,3.67,9.48,23.51,7.26,12.61,4.04,10.33,92.7,34.3,5,good
7.07,70.91,3.68,9.41,23.51,7.18,11.01,4.08,10.33,92.7,34.3,5,good
7.01,72.21,3.67,9.59,23.27,7.15,11.85,4.02,10.37,92.7,34.3,5,good
7.04,69.64,3.67,9.48,24.12,7.18,12.66,4.41,10.29,92.7,34.3,5,good
7.01,69.64,3.67,9.44,23.27,7.23,10.75,4.0,10.29,92.7,34.3,5,good
7.01,72.21,3.67,9.59,23.75,7.21,11.66,4.17,10.25,92.7,34.3,5,good
7.01,72.88,3.68,9.22,23.88,7.26,11.01,4.02,10.29,92.7,34.2,5,good
6.96,69.64,3.65,9.41,23.27,7.26,11.29,3.96,10.25,92.7,34.2,5,good
7.01,72.21,3.63,9.48,24.12,7.23,11.33,4.37,10.25,92.7,34.2,5,good
6.99,69.64,3.65,9.48,23.88,7.18,12.66,4.0,10.21,92.7,34.2,5,good
6.93,70.91,3.61,9.48,23.63,7.15,12.61,3.92,10.21,92.7,34.2,5,good
6.96,69.64,3.67,9.67,23.04,7.12,11.06,3.98,10.21,92.8,34.2,5,good
7.01,71.55,3.65,9.48,23.88,7.06,10.79,3.85,10.21,92.8,34.2,5,good
6.9,69.64,3.63,9.7,23.75,7.12,11.1,3.85,10.21,92.7,34.2,5,good
7.01,71.55,3.65,9.63,23.75,7.04,12.45,3.79,10.17,92.8,34.2,5,good
6.99,72.21,3.65,9.67,23.88,6.98,11.61,3.83,10.17,92.8,34.2,5,good
6.9,72.21,3.63,9.94,23.75,7.01,11.71,3.83,10.21,92.8,34.2,5,good
6.96,70.91,3.67,9.37,23.75,6.95,11.47,3.89,10.29,92.8,34.2,5,good
6.9,72.88,3.67,9.08,23.75,7.06,11.38,3.81,10.37,92.8,34.2,5,good
6.87,69.64,3.67,8.49,23.39,7.15,10.97,3.91,10.25,92.9,34.2,5,good
6.82,70.91,3.65,8.9,23.51,7.15,11.66,3.94,10.25,92.8,34.2,5,good
6.82,70.27,3.65,8.9,23.51,7.09,12.88,3.85,10.25,92.9,34.2,5,good
6.85,70.27,3.65,9.48,23.75,7.18,10.25,3.79,10.29,92.9,34.2,5,good
6.85,72.21,3.65,9.48,22.92,7.12,10.29,3.78,10.21,92.8,34.2,5,good
6.85,70.91,3.65,8.87,23.63,6.84,12.72,3.81,10.37,92.8,34.2,5,good
7.04,70.91,3.63,9.15,22.81,7.06,12.77,3.81,10.17,92.8,34.2,5,good
7.16,69.64,3.67,9.19,22.7,7.04,11.56,3.83,10.25,92.9,34.2,5,good
7.21,72.21,3.67,9.7,24.0,7.18,13.04,4.08,10.29,92.9,34.2,5,good
7.3,70.91,3.68,9.63,23.75,7.06,11.42,4.0,10.17,92.8,34.2,5,good
7.27,72.21,3.67,9.67,23.63,7.26,11.15,3.96,10.17,92.8,34.2,5,good
7.3,70.27,3.68,9.44,23.16,7.21,11.8,3.96,10.45,92.9,34.2,5,good
7.33,70.91,3.65,9.41,23.04,7.26,12.99,3.85,10.21,92.8,34.1,5,good
7.36,70.27,3.67,9.26,23.27,7.18,11.19,3.83,10.25,92.9,34.1,5,good
7.33,71.55,3.68,9.52,22.92,7.18,12.45,3.72,10.29,92.8,34.1,5,good
7.39,72.88,3.68,9.19,22.7,7.15,11.66,3.68,10.29,92.9,34.1,5,good
7.33,70.27,3.7,9.22,22.81,7.06,12.0,3.67,10.21,92.9,34.1,5,good
7.24,72.21,3.68,9.55,22.81,7.09,10.79,3.74,10.41,92.9,34.1,5,good
7.3,70.27,3.68,9.44,23.27,7.04,11.56,3.67,10.25,92.9,34.1,5,good
7.36,72.21,3.68,9.33,23.04,7.04,12.51,3.7,10.21,92.9,34.1,5,good
7.33,70.27,3.67,9.37,23.04,7.09,10.93,3.68,10.21,93.0,34.1,5,good
7.3,72.21,3.67,9.74,23.16,7.06,11.8,3.74,10.17,93.0,34.1,5,good
7.39,70.27,3.72,9.52,23.27,7.06,12.3,3.81,10.17,93.0,34.1,5,good
7.39,70.27,3.7,9.59,23.39,7.59,14.32,4.25,10.29,92.9,34.1,5,good
7.45,70.91,3.72,9.7,23.04,7.23,11.06,3.83,10.17,92.8,34.0,5,good
7.45,70.27,3.72,9.55,22.58,7.18,10.54,3.72,10.21,92.9,34.0,5,good
7.42,73.56,3.7,9.55,23.16,7.06,11.8,3.76,10.25,92.9,34.0,5,good
7.42,70.91,3.72,9.59,23.16,7.01,12.45,3.7,10.21,92.9,34.0,5,good
7.42,72.21,3.72,9.63,23.27,7.12,11.71,3.72,10.25,92.9,34.0,5,good
7.36,72.21,3.72,9.59,23.63,7.32,10.62,3.78,10.25,92.9,34.0,5,good
7.36,70.27,3.68,9.9,23.39,7.06,12.0,3.76,10.13,92.9,34.0,5,good
7.42,72.21,3.72,9.67,23.27,7.12,13.15,3.72,10.25,92.9,34.0,5,good
7.39,71.55,3.7,9.86,22.81,7.15,12.93,3.65,10.17,93.0,34.0,5,good
7.42,71.55,3.7,9.9,23.63,7.01,11.71,3.68,10.17,93.0,34.0,5,good
7.39,71.55,3.68,9.78,23.04,7.09,10.37,3.63,10.25,93.0,34.0,5,good
7.36,70.27,3.65,9.26,23.16,7.04,12.15,3.72,10.13,93.0,34.0,5,good
7.36,71.55,3.7,10.01,24.12,7.04,12.99,3.63,10.21,93.0,34.0,5,good
7.33,72.21,3.7,9.7,23.63,7.04,12.88,3.61,10.21,93.0,34.0,5,good
7.36,70.27,3.72,9.63,23.04,7.06,12.0,3.65,10.25,93.0,34.0,5,good
7.33,73.56,3.7,9.86,21.49,7.09,12.61,3.65,10.25,93.0,34.0,5,good
7.33,72.88,3.7,9.86,23.04,7.06,10.84,3.65,10.25,93.0,34.0,5,good
7.33,72.88,3.93,9.26,22.14,7.01,12.88,3.7,10.17,93.1,33.9,5,good
7.45,70.27,3.72,9.59,22.7,7.01,10.33,3.67,10.17,93.1,33.9,5,good
7.36,70.91,3.7,9.78,23.16,6.98,12.82,3.61,10.13,93.1,33.9,5,good
7.42,72.21,3.7,10.62,22.92,6.84,10.37,3.63,10.17,93.1,33.9,5,good
7.36,72.21,3.7,10.49,22.92,6.9,11.95,3.61,10.13,93.1,33.9,5,good
7.42,72.21,3.74,10.13,23.63,6.98,10.66,3.61,10.25,93.0,33.9,5,good
7.33,72.21,3.7,10.05,23.04,6.9,12.77,3.61,10.21,93.0,33.9,5,good
7.39,70.91,3.7,9.55,23.16,6.98,10.75,3.6,10.17,93.0,33.9,5,good
7.36,71.55,3.72,9.33,22.47,7.06,11.52,3.56,10.17,93.1,33.9,5,good
7.39,69.64,3.72,9.52,22.81,7.06,11.15,3.61,10.17,93.1,33.9,5,good
7.39,70.27,3.72,9.59,23.04,6.98,10.97,3.6,10.09,93.1,33.9,5,good
7.3,70.91,3.68,9.63,22.92,6.92,10.97,3.6,10.09,93.1,33.9,5,good
7.3,70.27,3.7,9.74,23.04,7.01,10.88,3.61,10.13,93.2,34.0,5,good
7.42,70.91,3.72,9.94,23.04,6.95,11.29,3.61,10.25,93.1,33.9,5,good
7.45,70.91,3.74,9.44,23.63,6.95,11.42,3.68,10.25,93.2,33.9,5,good
7.39,70.27,3.74,9.63,23.63,6.95,12.51,3.61,10.21,93.1,33.9,5,good
7.39,72.21,3.72,9.74,25.42,7.01,12.45,3.58,10.17,93.1,33.9,5,good
7.3,70.27,3.68,9.74,23.27,7.01,12.4,3.6,10.13,93.1,33.9,5,good
7.33,70.91,3.87,9.94,22.58,7.01,12.2,3.61,10.17,93.1,33.9,5,good
7.42,72.21,3.7,9.67,23.04,6.95,11.33,3.56,10.17,93.2,33.9,5,good
7.36,69.64,3.72,9.82,22.7,6.95,11.01,3.52,10.09,93.1,33.9,5,good
7.24,70.27,3.67,10.33,22.58,6.87,10.37,3.6,10.05,93.1,33.9,5,good
7.3,71.55,3.67,10.17,22.03,6.84,11.61,3.51,10.17,93.1,33.9,5,good
7.27,72.21,3.7,10.01,22.81,6.87,10.45,3.52,10.13,93.2,33.9,5,good
7.24,71.55,3.67,9.9,23.04,6.9,10.79,3.45,10.09,93.2,33.9,5,good
7.27,72.21,3.65,9.74,23.39,6.98,12.15,3.49,10.01,93.2,33.9,5,good
7.3,71.55,3.7,9.97,23.04,6.87,10.84,3.54,10.13,93.2,33.9,5,good
7.36,71.55,3.74,9.74,23.51,6.9,11.06,3.54,10.09,93.2,33.9,5,good
7.39,72.21,3.72,9.74,23.16,6.79,12.0,3.58,10.13,93.2,33.9,5,good
7.33,70.91,3.7,9.74,21.49,6.79,10.0,3.54,10.17,93.2,33.9,5,good
7.33,72.21,3.72,9.78,22.7,6.84,11.24,3.52,10.05,93.2,33.9,5,good
7.3,70.91,3.72,9.78,20.98,6.87,11.95,3.42,10.13,93.2,33.9,5,good
7.24,72.21,3.7,9.74,22.81,6.84,10.66,3.45,10.09,93.2,33.9,5,good
7.3,70.91,3.7,9.78,23.04,6.81,10.79,3.51,10.13,93.2,33.9,5,good
7.3,70.27,3.68,9.78,23.04,6.9,11.66,3.51,10.13,93.3,33.9,5,good
7.36,72.21,3.68,9.74,23.39,6.81,11.76,3.52,10.05,93.2,33.9,5,good
7.54,71.55,3.72,9.74,26.24,6.87,12.05,3.58,10.05,93.2,33.8,5,good
7.39,70.27,3.68,9.86,23.16,6.92,10.84,3.52,10.09,93.2,33.8,5,good
7.33,70.27,3.68,9.86,23.39,6.95,12.3,3.67,10.05,93.3,33.8,5,good
7.33,70.27,3.68,9.86,23.39,6.98,10.62,3.58,10.09,93.2,33.8,5,good
7.42,70.91,3.7,9.82,23.16,6.95,10.62,3.51,10.17,93.2,33.8,5,good
7.33,70.91,3.68,9.82,23.16,6.98,12.61,3.47,10.13,93.2,33.8,5,good
7.3,71.55,3.72,9.74,23.39,6.9,10.66,3.49,10.01,93.2,33.8,5,good
7.33,72.21,3.67,9.82,24.0,6.87,11.95,3.44,10.13,93.2,33.8,5,good
7.39,70.91,3.7,9.63,23.39,6.79,11.24,3.47,10.05,93.2,33.8,5,good
7.39,70.91,3.7,9.74,23.39,6.84,12.3,3.51,10.17,93.2,33.8,5,good
7.39,72.21,3.68,9.67,23.51,6.87,11.19,3.49,10.09,93.2,33.8,5,good
7.3,71.55,3.7,9.97,23.04,6.9,10.04,3.47,10.13,93.3,33.8,5,good
7.21,70.91,3.89,10.13,23.39,6.84,10.71,3.54,10.05,93.3,33.8,5,good
7.33,72.88,3.72,9.86,23.51,6.87,12.2,3.52,10.05,93.3,33.8,5,good
7.21,70.27,3.68,9.82,22.92,6.87,11.9,3.51,10.13,93.3,33.8,5,good
7.24,70.91,3.7,9.12,23.04,6.84,10.04,3.47,10.17,93.3,33.8,5,good
7.24,71.55,3.72,9.9,23.04,6.95,12.05,3.54,10.09,93.3,33.8,5,good
7.3,72.88,3.7,9.86,23.39,6.92,11.38,3.45,10.09,93.3,33.8,5,good
7.21,72.21,3.93,9.97,24.76,6.9,11.71,3.67,10.09,93.3,33.8,5,good
7.33,72.88,3.72,10.05,23.51,7.09,10.97,3.91,10.17,93.3,33.8,5,good
7.48,68.42,3.76,9.9,25.96,7.18,10.58,4.13,10.13,93.2,33.8,5,good
7.57,64.41,3.76,9.94,23.75,7.26,11.1,3.96,10.13,93.0,33.8,5,good
7.6,71.55,3.76,9.97,24.5,7.29,12.56,4.02,10.13,93.1,33.7,5,good
7.6,71.55,3.74,9.94,22.92,7.32,11.15,4.27,10.13,93.1,33.8,5,good
7.66,72.88,3.79,10.09,24.25,7.29,11.24,3.72,10.17,93.0,33.7,5,good
7.57,72.88,3.76,9.97,23.04,7.23,12.4,3.63,10.17,93.1,33.7,5,good
7.54,70.91,3.78,9.9,23.51,7.23,11.29,3.79,10.29,93.2,33.8,5,good
7.54,71.55,3.76,9.78,23.39,7.23,11.8,3.67,10.21,93.0,33.7,5,good
7.51,71.55,3.79,9.9,24.76,7.15,12.45,4.21,10.21,93.0,33.7,5,good
7.51,72.88,3.78,9.94,23.63,7.29,11.29,3.94,10.21,93.0,33.7,5,good
7.51,72.88,3.76,9.94,24.63,7.59,12.1,3.68,10.17,93.0,33.7,5,good
7.57,71.55,3.79,10.01,23.27,7.21,11.56,3.61,10.25,93.1,33.7,5,good
7.54,70.91,3.81,9.67,22.7,7.35,12.15,4.02,10.21,93.1,33.7,5,good
7.57,73.56,3.81,9.94,24.37,7.38,12.1,4.72,10.33,93.1,33.7,5,good
7.75,73.56,3.85,10.05,24.37,7.59,12.56,4.61,10.33,92.7,33.7,5,good
7.69,72.21,3.81,10.05,23.39,7.59,12.51,4.08,10.33,92.6,33.7,5,good
7.75,74.25,3.83,10.01,23.88,7.68,12.88,3.98,10.29,92.7,33.7,5,good
7.63,71.55,3.78,9.97,23.16,7.38,10.54,3.81,10.21,92.8,33.7,5,good
7.72,71.55,4.2,9.97,23.75,7.26,11.15,3.78,10.25,92.9,33.7,5,good
7.69,72.88,3.85,10.09,22.58,7.38,10.49,4.13,10.45,92.9,33.7,5,good
7.72,72.88,3.91,10.05,24.0,7.35,11.33,4.76,10.45,92.9,33.7,5,good
7.81,74.25,3.91,10.05,23.51,7.5,11.06,4.0,10.37,92.7,33.7,5,good
7.72,72.88,3.89,10.05,23.75,7.53,11.47,4.02,10.45,92.6,33.7,5,good
7.75,73.56,3.93,10.05,22.36,7.41,10.75,3.68,10.53,92.7,33.7,5,good
7.78,74.95,3.93,10.01,22.58,7.41,12.15,3.74,10.45,92.8,33.7,5,good
7.72,72.88,3.94,10.05,22.25,7.29,11.15,3.65,10.49,92.9,33.7,5,good
7.69,73.56,3.96,10.21,22.25,7.18,10.49,3.61,10.53,92.9,33.6,5,good
7.45,71.55,3.76,9.67,22.47,7.01,10.66,3.92,10.21,93.0,33.7,5,good
7.39,71.55,3.72,9.78,24.25,7.06,11.1,4.06,10.33,93.0,33.6,5,good
7.42,72.21,3.72,10.05,24.25,7.23,11.52,4.17,10.17,93.0,33.7,5,good
7.51,72.88,3.78,9.86,24.63,7.26,12.72,4.39,10.17,92.9,33.6,5,good
7.54,72.21,3.79,9.94,24.0,7.23,11.24,3.78,10.21,92.7,33.6,5,good
7.51,70.91,3.76,10.05,22.47,7.5,12.77,3.89,10.21,92.8,33.6,5,good
7.51,73.56,3.78,10.13,23.75,7.41,12.56,4.08,10.33,92.8,33.6,5,good
7.57,73.56,3.81,10.17,27.26,7.56,12.93,4.55,10.29,92.8,33.6,5,good
7.63,72.21,3.83,10.17,24.63,7.8,12.88,5.06,10.33,92.3,33.6,5,good
7.69,74.25,3.85,10.13,23.27,7.71,12.1,4.17,10.41,92.2,33.6,5,good
7.6,72.88,3.85,10.29,22.58,7.53,12.35,3.92,10.33,92.2,33.5,5,good
7.66,74.25,3.87,10.25,23.04,7.59,10.75,3.76,10.37,92.4,33.5,5,good
7.6,71.55,3.87,10.29,22.14,7.56,10.79,3.58,10.41,92.6,33.6,5,good
7.63,77.13,3.87,10.13,22.92,7.41,11.1,3.78,10.41,92.8,33.5,5,good
7.6,71.55,3.85,9.97,21.92,7.35,10.97,3.72,10.29,92.9,33.5,5,good
7.6,72.88,3.85,10.13,24.0,7.38,10.97,3.83,10.33,92.8,33.5,5,good
7.69,72.88,3.93,10.33,23.75,7.53,12.3,3.91,10.45,92.5,33.5,5,good
7.72,73.56,4.0,10.49,22.36,7.56,12.72,3.78,10.61,92.3,33.5,5,good
7.69,72.88,3.98,10.37,22.25,7.5,12.0,3.83,10.61,92.5,33.6,5,good
7.66,74.25,3.96,10.33,22.58,7.53,11.9,3.87,10.61,92.7,33.6,5,good
7.75,73.56,3.96,10.29,22.7,7.47,11.06,4.11,10.49,92.5,33.5,5,good
7.75,74.25,4.0,10.33,22.58,7.53,11.8,3.67,10.53,92.5,33.6,5,good
7.72,72.88,3.98,10.37,21.6,7.44,10.54,3.63,10.61,92.6,33.5,5,good
7.63,74.95,3.94,10.33,22.25,7.29,12.35,3.56,10.57,92.6,33.5,5,good
7.66,72.88,3.96,10.09,22.03,7.18,11.38,3.54,10.57,92.7,33.6,5,good
7.66,73.56,3.98,10.21,21.29,7.15,10.93,3.58,10.61,92.8,33.5,5,good
7.72,74.25,4.06,10.13,21.81,7.21,11.15,3.56,10.65,93.1,33.5,5,good
7.45,74.25,3.89,10.01,20.68,7.06,11.95,3.45,10.41,93.0,33.6,5,good
7.39,73.56,3.93,10.01,22.25,7.09,10.33,3.49,10.41,93.1,33.5,5,good
7.36,72.88,3.91,10.09,24.25,6.98,10.66,3.42,10.37,93.0,33.5,5,good
7.45,74.25,3.91,10.05,23.04,7.01,10.66,3.79,10.33,92.9,33.5,5,good
7.51,72.88,3.91,10.21,22.47,7.09,10.54,3.51,10.41,92.8,33.5,5,good
7.45,72.88,3.89,10.09,22.7,7.06,11.85,3.74,10.33,93.2,33.5,5,good
7.51,73.56,3.89,10.25,22.36,7.23,10.79,3.74,10.41,93.2,33.5,5,good
7.45,72.88,3.87,10.13,21.29,7.18,12.2,3.47,10.37,93.2,33.5,5,good
7.45,72.88,3.89,10.05,22.81,7.23,11.06,3.7,10.33,93.2,33.5,5,good
7.48,72.88,3.89,10.09,22.47,7.09,10.93,3.49,10.37,93.2,33.5,5,good
7.42,72.88,3.87,10.09,23.88,7.06,10.45,3.61,10.29,93.2,33.6,5,good
7.39,74.95,3.85,10.09,22.36,7.18,10.33,3.4,10.33,93.1,33.5,5,good
7.42,72.21,3.87,10.09,22.14,7.09,10.79,3.4,10.37,93.2,33.5,5,good
7.36,69.64,3.85,9.19,22.25,7.01,11.42,3.4,10.29,93.3,33.5,5,good
7.33,72.21,2.65,9.94,22.25,6.92,11.8,3.49,10.29,93.4,33.6,5,good
7.19,72.88,3.5,9.7,22.25,6.95,10.79,3.35,10.25,93.4,33.6,5,good
7.13,72.88,3.49,9.82,22.47,6.9,10.12,3.32,10.17,93.5,33.6,5,good
7.13,73.56,3.45,9.78,22.47,6.9,11.52,3.32,10.13,93.4,33.5,5,good
7.16,71.55,3.49,9.9,22.47,6.95,10.33,3.49,10.21,93.5,33.6,5,good
7.24,72.21,3.5,9.86,22.7,7.06,12.1,3.51,10.17,93.4,33.6,5,good
7.21,70.91,3.49,9.97,22.36,7.04,10.71,3.32,10.13,93.4,33.6,5,good
7.3,70.91,3.54,9.94,23.04,7.12,11.06,3.58,10.21,93.4,33.6,5,acceptable
7.33,73.56,3.56,10.21,23.16,7.18,11.71,3.44,10.21,93.4,33.6,5,acceptable
7.27,72.88,3.54,10.17,22.81,7.12,12.25,3.49,10.25,93.4,33.6,5,acceptable
7.33,72.21,3.54,10.05,22.7,7.06,10.75,3.52,10.13,93.4,33.6,5,acceptable
7.36,73.56,3.54,10.09,23.16,7.15,11.19,3.58,10.13,93.3,33.5,5,acceptable
7.33,71.55,3.56,10.17,21.92,7.38,11.85,3.68,10.25,93.2,33.5,5,acceptable
7.39,71.55,3.54,10.21,22.92,7.26,10.93,3.7,10.25,93.1,33.5,5,acceptable
7.45,71.55,3.56,10.29,22.81,7.29,11.15,3.52,10.25,93.0,33.5,5,acceptable
7.39,73.56,3.54,10.13,22.58,7.23,11.15,3.58,10.25,93.1,33.6,5,acceptable
7.39,73.56,3.54,10.21,22.7,7.15,11.29,3.38,10.25,93.1,33.5,5,acceptable
7.27,72.21,3.52,10.21,22.25,7.01,11.71,3.3,10.13,93.1,33.5,5,acceptable
7.24,73.56,3.52,10.17,22.47,6.98,10.75,3.33,10.17,93.3,33.6,5,acceptable
7.27,70.91,3.52,10.13,22.47,6.92,10.75,3.32,10.09,93.3,33.5,5,acceptable
7.01,70.27,3.49,10.09,21.71,6.84,11.24,3.21,10.09,93.3,33.5,5,acceptable
7.07,71.55,3.52,10.05,22.92,6.87,11.52,3.4,10.05,93.4,33.5,5,acceptable
7.07,71.55,3.52,10.17,22.58,6.6,10.58,3.26,10.09,93.3,33.5,5,acceptable
7.1,72.88,3.49,10.13,22.58,6.81,10.66,3.26,10.09,93.4,33.5,5,acceptable
7.16,72.88,3.5,10.17,22.7,6.84,10.08,3.32,10.17,93.3,33.5,5,acceptable
7.21,71.55,3.52,10.09,22.7,6.81,10.79,3.25,10.13,93.3,33.5,5,acceptable
7.21,74.25,3.54,10.13,22.81,6.79,11.42,3.35,10.05,93.4,33.5,5,acceptable
7.27,72.88,3.54,10.13,23.39,6.87,10.41,3.42,10.05,93.4,33.5,5,acceptable
7.24,71.55,3.52,10.21,22.81,7.04,10.79,3.42,10.17,93.3,33.5,5,acceptable
7.3,72.21,3.52,10.21,22.7,7.01,10.79,3.35,10.17,93.3,33.5,5,acceptable
7.27,72.88,3.52,10.37,23.39,6.98,10.97,3.35,10.17,93.3,33.5,5,acceptable
7.27,72.21,3.54,10.17,22.81,6.92,10.84,3.44,10.09,93.4,33.5,5,acceptable
7.27,74.95,3.56,10.17,20.88,6.95,10.54,3.51,10.13,93.3,33.5,5,acceptable
7.16,74.25,3.54,10.17,22.7,6.81,11.52,3.23,10.13,93.3,33.5,5,acceptable
7.16,74.95,3.52,10.13,22.14,6.9,10.16,3.28,10.17,93.3,33.5,5,acceptable
7.16,72.88,3.52,10.09,21.92,6.84,11.76,3.23,10.13,93.3,33.5,5,acceptable
7.16,72.88,3.54,10.13,22.47,6.79,11.9,3.21,10.05,93.4,33.5,5,acceptable
7.21,71.55,3.54,10.05,22.58,6.79,10.62,3.3,10.01,93.4,33.5,5,acceptable
7.19,73.56,3.52,10.13,22.03,6.79,10.84,3.25,10.09,93.4,33.5,5,acceptable
7.1,72.88,3.52,10.13,22.14,6.76,11.76,3.26,10.09,93.5,33.5,5,acceptable
7.1,71.55,3.5,10.17,21.08,6.73,10.41,3.21,10.09,93.4,33.5,5,acceptable
7.13,71.55,3.5,10.05,21.81,6.68,10.58,3.21,10.05,93.5,33.5,5,acceptable
7.16,71.55,3.49,9.97,22.03,6.62,10.58,3.21,9.97,93.5,33.5,5,acceptable
7.1,71.55,3.5,10.01,21.39,6.6,11.19,3.13,10.01,93.5,33.5,5,acceptable
7.01,72.21,3.49,9.97,21.92,6.52,9.81,3.16,10.01,93.6,33.5,5,acceptable
6.99,72.21,3.5,9.97,21.92,6.52,11.8,3.15,10.01,93.6,33.5,5,acceptable
6.9,70.91,3.47,9.94,22.03,6.46,9.96,3.08,9.93,93.6,33.5,5,acceptable
6.96,70.91,3.47,9.94,22.03,6.44,10.75,3.1,9.85,93.6,33.5,5,acceptable
7.04,72.21,3.5,9.74,22.14,6.49,10.41,3.15,9.97,93.6,33.5,5,acceptable
7.01,71.55,3.5,9.82,21.71,6.46,10.2,3.18,9.89,93.6,33.5,5,acceptable
7.01,73.56,3.52,9.94,21.81,6.62,10.2,3.26,9.97,93.5,33.5,5,acceptable
6.93,73.56,3.59,9.97,22.7,6.6,10.75,3.18,9.89,93.6,33.5,5,acceptable
7.04,70.91,3.5,10.01,22.14,6.57,11.71,3.2,9.97,93.6,33.5,5,acceptable
6.96,71.55,3.49,9.9,21.71,6.57,10.08,3.15,9.85,93.5,33.4,5,acceptable
7.04,72.88,3.5,9.9,21.81,6.6,10.12,3.13,9.85,93.5,33.4,5,acceptable
6.96,70.91,3.49,10.01,22.58,6.6,11.06,3.15,9.93,93.6,33.4,5,acceptable
6.99,71.55,3.5,9.97,21.81,6.57,10.45,3.15,9.85,93.6,33.4,5,acceptable
6.93,70.91,3.47,9.94,22.58,6.79,10.29,3.32,9.81,93.6,33.4,5,acceptable
6.99,71.55,3.52,10.13,22.14,6.68,11.33,3.16,9.93,93.5,33.4,5,acceptable
7.07,72.88,3.5,9.82,22.47,6.65,10.88,3.3,9.89,93.5,33.4,5,acceptable
7.01,70.91,3.49,10.05,22.58,6.87,11.95,3.45,9.85,93.5,33.4,5,acceptable
7.04,72.21,3.5,10.01,23.75,6.79,10.33,3.21,9.97,93.4,33.4,5,acceptable
7.13,71.55,3.52,9.97,22.58,6.68,11.71,3.28,9.85,93.5,33.4,5,acceptable
7.07,72.88,3.5,10.05,22.14,6.68,10.33,3.21,9.89,93.4,33.4,5,acceptable
7.16,71.55,3.52,10.17,24.25,6.73,10.25,3.18,9.89,93.5,33.4,5,acceptable
7.1,73.56,3.5,10.13,22.81,6.62,10.04,3.16,9.89,93.5,33.4,5,acceptable
7.1,71.55,3.5,10.01,22.14,6.68,10.33,3.13,9.85,93.5,33.4,5,acceptable
7.07,73.56,3.56,10.05,22.14,6.57,10.54,3.2,9.93,93.6,33.4,5,acceptable
7.04,71.55,3.52,10.09,21.18,6.57,11.33,3.18,9.93,93.6,33.4,5,acceptable
7.07,73.56,3.54,10.01,22.14,6.52,10.2,3.15,9.85,93.5,33.4,5,acceptable
7.07,71.55,3.52,10.09,21.92,6.52,9.69,3.08,9.85,93.5,33.3,5,acceptable
7.07,71.55,3.52,10.13,22.36,6.52,10.25,3.13,9.85,93.6,33.4,5,acceptable
6.99,71.55,3.52,10.13,21.6,6.46,11.33,3.15,9.89,93.5,33.4,5,acceptable
6.99,71.55,3.54,9.97,22.03,6.46,9.69,3.08,9.89,93.5,33.3,5,acceptable
6.93,73.56,3.5,10.09,21.81,6.46,10.79,3.08,9.85,93.5,33.3,5,acceptable
6.93,70.27,3.5,10.09,21.92,6.41,10.45,3.03,9.81,93.6,33.3,5,acceptable
7.01,71.55,3.5,10.13,22.03,6.41,9.54,3.11,9.78,93.6,33.3,5,acceptable
7.01,70.27,3.52,10.09,21.29,6.41,10.29,3.06,9.89,93.6,33.3,5,acceptable
6.96,71.55,3.54,10.09,20.88,6.39,10.84,3.06,9.89,93.5,33.3,5,acceptable
7.01,72.21,3.54,9.97,21.71,6.41,11.33,3.1,9.85,93.6,33.3,5,acceptable
6.93,71.55,3.52,9.9,21.6,6.33,11.24,3.08,9.78,93.6,33.3,5,acceptable
6.96,71.55,3.52,9.94,21.08,6.39,11.42,3.06,9.85,93.5,33.3,5,acceptable
6.99,71.55,3.54,9.33,21.71,6.31,11.24,3.06,9.74,93.6,33.3,5,acceptable
6.93,70.27,3.54,10.05,21.29,6.33,10.04,3.05,9.85,93.6,33.3,5,acceptable
6.87,72.21,3.54,10.05,21.6,6.28,9.92,3.06,9.78,93.6,33.3,5,acceptable
6.93,72.21,3.54,10.05,21.39,6.26,11.52,3.03,9.81,93.6,33.3,5,acceptable
6.82,71.55,3.5,10.13,21.81,6.23,10.88,3.08,9.78,93.6,33.3,5,acceptable
6.93,73.56,3.52,10.01,21.49,6.23,10.2,3.01,9.74,93.6,33.3,5,acceptable
6.74,71.55,3.47,10.01,21.49,6.23,11.42,2.97,9.74,93.6,33.3,5,acceptable
6.79,72.88,3.5,9.97,21.08,6.26,11.52,3.13,9.74,93.6,33.2,5,acceptable
6.74,73.56,3.47,9.9,21.81,6.31,10.0,3.03,9.74,93.6,33.2,5,acceptable
6.82,73.56,3.5,10.21,22.25,6.21,10.0,3.06,9.66,93.6,33.2,5,acceptable
6.87,72.21,3.52,9.97,22.14,6.26,10.97,3.03,9.7,93.6,33.2,5,acceptable
6.96,71.55,3.49,9.97,22.14,6.28,9.85,3.01,9.66,93.6,33.2,5,acceptable
6.87,70.27,3.52,8.33,22.25,6.26,11.19,3.06,9.7,93.6,33.2,5,acceptable
6.85,73.56,3.54,9.67,22.14,6.44,10.29,3.15,9.74,93.6,33.2,5,acceptable
6.79,70.91,3.52,9.08,20.88,6.54,10.62,3.08,9.7,93.6,33.2,5,acceptable
6.85,69.64,3.56,9.33,21.08,6.33,10.37,3.05,9.66,93.5,33.2,5,acceptable
6.76,72.21,3.52,9.74,21.39,6.33,11.24,2.97,9.7,93.4,33.2,5,acceptable
6.87,72.21,3.54,9.74,22.25,6.21,11.47,3.0,9.62,93.5,33.2,5,acceptable
6.79,72.88,3.52,9.86,21.49,6.23,11.24,3.01,9.85,93.5,33.2,5,acceptable
6.82,71.55,3.54,9.82,21.29,6.18,9.77,2.97,9.66,93.5,33.2,5,acceptable
6.71,70.91,3.52,9.9,21.08,6.13,11.33,2.95,9.66,93.5,33.1,5,acceptable
6.82,70.91,3.54,8.97,21.39,6.08,10.33,2.98,9.66,93.5,33.2,5,acceptable
6.74,72.21,3.52,9.78,21.39,6.06,9.96,2.98,9.55,93.5,33.1,5,acceptable
6.71,73.56,3.52,11.53,20.68,6.08,11.24,2.98,9.59,93.6,33.1,5,acceptable
6.68,71.55,3.47,10.7,21.6,6.11,9.43,2.95,9.55,93.6,33.2,5,acceptable
6.71,72.21,3.49,10.54,21.71,6.11,10.12,3.01,9.55,93.6,33.2,5,acceptable
6.9,72.21,3.49,10.09,21.71,6.13,9.92,2.98,9.51,93.5,33.1,5,acceptable
6.71,70.27,3.5,9.97,20.0,6.06,11.33,2.87,9.51,93.6,33.1,5,acceptable
6.71,72.21,3.54,10.05,20.98,5.96,11.01,2.9,9.51,93.6,33.1,5,acceptable
6.65,72.21,3.52,9.97,21.08,5.96,10.37,2.9,9.51,93.6,33.1,5,acceptable
6.68,74.25,3.52,10.01,21.6,5.93,10.0,2.9,9.59,93.6,33.1,5,acceptable
6.76,71.55,3.54,10.09,21.81,5.93,9.54,2.93,9.55,93.6,33.1,5,acceptable
6.63,74.25,3.52,9.86,22.03,6.03,10.75,2.9,9.55,93.6,33.1,5,acceptable
6.68,74.25,3.54,9.86,22.47,5.96,11.06,2.92,9.55,93.6,33.1,5,acceptable
6.65,73.56,3.5,9.94,21.92,6.01,10.41,2.9,9.59,93.6,33.1,5,acceptable
6.65,74.95,3.52,9.94,22.25,5.98,9.96,2.95,9.55,93.6,33.1,5,acceptable
6.6,72.88,3.52,9.97,21.71,5.98,11.29,2.93,9.48,93.6,33.1,5,acceptable
6.6,74.25,3.54,9.97,21.81,5.96,9.65,2.97,9.55,93.6,33.0,5,acceptable
6.68,74.25,3.52,9.97,22.25,6.01,10.97,2.93,9.55,93.6,33.0,5,acceptable
6.68,74.25,3.52,9.94,22.25,5.98,10.29,2.92,9.51,93.6,33.0,5,acceptable
6.63,73.56,3.49,9.94,21.81,5.96,10.66,2.89,9.44,93.6,33.0,5,acceptable
6.57,71.55,3.5,9.9,22.03,5.96,9.88,2.9,9.44,93.6,33.0,5,acceptable
6.6,71.55,3.52,9.97,21.49,5.96,9.73,2.87,9.51,93.6,33.0,5,acceptable
6.65,73.56,3.5,9.9,23.04,5.96,11.06,2.92,9.44,93.6,33.0,5,acceptable
6.63,73.56,3.5,10.09,21.92,5.93,10.08,2.9,9.51,93.6,33.0,5,acceptable
6.55,71.55,3.49,10.01,21.29,5.88,10.66,2.84,9.48,93.6,33.0,5,acceptable
6.47,69.03,3.49,9.9,21.29,5.81,9.77,2.79,9.4,93.7,33.0,5,acceptable
6.44,69.64,3.49,9.94,21.6,5.79,9.85,2.82,9.36,93.7,33.0,5,acceptable
6.47,69.03,3.49,9.94,21.39,5.79,10.29,2.81,9.4,93.7,33.0,5,acceptable
6.47,70.27,3.49,9.86,24.0,5.76,9.5,2.84,9.4,93.6,32.9,5,acceptable
6.49,70.27,3.52,9.9,21.92,5.74,9.13,2.85,9.36,93.6,33.0,5,acceptable
6.47,69.64,3.52,10.09,20.58,5.76,10.71,2.82,9.4,93.6,32.9,5,acceptable
6.49,73.56,3.5,9.82,21.29,5.74,9.73,2.87,9.36,93.6,32.9,5,acceptable
6.55,73.56,3.54,9.9,22.03,5.81,9.73,2.89,9.44,93.6,32.9,5,acceptable
6.49,72.21,3.52,9.86,21.49,5.79,11.01,2.84,9.44,93.5,32.9,5,acceptable
6.49,71.55,3.5,9.82,21.08,5.71,10.37,2.85,9.36,93.6,32.9,5,acceptable
6.47,71.55,3.52,9.94,21.6,5.69,9.65,2.84,9.36,93.6,32.9,5,acceptable
6.49,72.88,3.5,9.74,21.6,5.69,9.61,2.85,9.29,93.6,32.9,5,acceptable
6.52,70.91,3.5,9.86,21.18,5.74,10.84,2.85,9.33,93.6,32.9,5,acceptable
6.49,74.25,3.54,9.86,20.38,5.69,11.19,2.84,9.36,93.5,32.9,5,acceptable
6.55,72.88,3.56,10.05,21.81,5.71,9.43,2.84,9.4,93.5,32.9,5,acceptable
6.47,71.55,3.54,9.86,20.98,5.74,10.71,2.84,9.33,93.5,32.9,5,acceptable
6.49,73.56,3.54,9.82,21.71,5.84,9.58,2.77,9.36,93.5,32.9,5,acceptable
6.47,70.91,3.54,9.86,22.25,5.6,10.84,2.81,9.29,93.4,32.8,5,acceptable
6.44,73.56,3.52,9.82,21.29,5.6,9.1,2.85,9.26,93.3,32.8,5,acceptable
6.41,72.21,3.5,9.9,21.29,5.76,11.01,2.81,9.29,93.4,32.8,5,acceptable
6.41,70.27,3.52,9.86,21.29,5.67,9.85,2.79,9.22,93.4,32.8,5,acceptable
6.47,73.56,3.54,9.78,21.71,5.69,10.93,2.79,9.29,93.4,32.8,5,acceptable
6.44,70.27,3.52,9.82,21.29,5.74,9.81,2.79,9.26,93.4,32.8,5,acceptable
6.44,72.21,3.5,9.78,20.38,5.69,11.06,2.77,9.22,93.4,32.8,5,acceptable
6.41,71.55,3.5,9.78,21.08,5.67,9.73,2.76,9.26,93.4,32.8,5,acceptable
6.49,73.56,3.54,9.74,21.08,5.71,9.88,2.82,9.22,93.4,32.8,5,acceptable
6.49,72.88,3.54,9.86,20.98,5.76,9.77,2.77,9.26,93.5,32.8,5,acceptable
6.49,72.21,3.52,9.82,21.6,5.76,9.85,2.76,9.15,93.6,32.8,5,acceptable
6.39,70.91,3.52,9.86,20.29,5.71,9.54,2.71,9.22,93.5,32.8,5,acceptable
6.36,71.55,3.54,9.78,21.29,5.64,9.69,2.73,9.26,93.4,32.8,5,acceptable
6.39,72.88,3.54,9.78,21.49,5.69,9.96,2.76,9.18,93.3,32.7,5,acceptable
6.28,72.21,3.5,9.9,21.08,5.64,9.69,2.71,9.22,93.4,32.7,5,acceptable
6.39,70.27,3.52,9.78,21.6,5.69,10.33,2.74,9.11,93.4,32.7,5,acceptable
6.36,70.27,3.52,9.86,20.48,5.74,10.54,2.77,9.15,93.4,32.7,5,acceptable
6.41,73.56,3.52,9.74,21.08,5.74,9.58,2.79,9.15,93.4,32.7,5,acceptable
6.41,70.27,3.52,9.9,22.81,5.84,11.01,2.79,9.26,93.4,32.7,5,acceptable
6.49,72.21,3.54,9.74,21.81,5.81,10.79,2.74,9.22,93.4,32.7,5,acceptable
6.52,70.27,3.56,9.9,22.14,5.71,10.97,2.76,9.15,93.4,32.7,5,acceptable
6.52,69.64,3.54,9.94,21.29,5.76,9.35,2.76,9.18,93.3,32.7,5,acceptable
6.52,70.27,3.56,9.94,20.38,5.76,9.24,2.76,9.18,93.3,32.7,5,acceptable
6.44,72.21,3.52,9.97,21.6,5.76,9.58,2.77,9.15,93.3,32.7,5,acceptable
6.36,70.27,3.52,9.82,20.78,5.71,9.58,2.73,9.11,93.3,32.7,5,acceptable
6.33,72.21,3.52,9.86,21.18,5.64,10.12,2.68,9.08,93.3,32.7,5,acceptable
6.31,72.21,3.5,9.9,20.48,5.57,10.16,2.67,9.04,93.4,32.7,5,acceptable
6.33,71.55,3.52,9.7,20.88,5.5,10.29,2.71,9.01,93.3,32.6,5,acceptable
6.26,71.55,3.47,9.74,21.18,5.62,9.06,2.68,9.08,93.3,32.7,5,acceptable
6.28,70.27,3.52,9.78,20.88,5.64,9.61,2.7,9.08,93.4,32.7,5,acceptable
6.33,72.21,3.54,9.7,20.48,5.6,9.43,2.68,9.01,93.4,32.7,5,acceptable
6.28,72.21,3.5,10.29,23.16,5.64,9.5,2.68,9.04,93.4,32.7,5,acceptable
6.23,72.21,3.5,9.94,21.08,5.53,9.24,2.68,9.04,93.3,32.6,5,acceptable
6.26,70.91,3.52,9.82,21.71,5.53,10.0,2.67,9.01,93.4,32.6,5,acceptable
6.26,70.91,3.5,9.78,21.18,5.55,9.88,2.73,8.93,93.4,32.7,5,acceptable
6.26,71.55,3.5,9.67,22.58,5.53,10.54,2.67,8.9,93.3,32.6,5,acceptable
6.28,69.03,3.49,9.74,21.81,5.53,9.35,2.67,8.97,93.4,32.6,5,acceptable
6.18,68.42,3.49,9.7,21.81,5.46,9.61,2.63,8.9,93.4,32.6,5,acceptable
6.28,70.27,3.49,9.67,21.39,5.41,9.77,2.67,8.86,93.3,32.6,5,acceptable
6.21,69.64,3.47,9.74,22.03,5.53,10.0,2.67,8.86,93.3,32.6,5,acceptable
6.15,70.27,3.45,9.74,21.18,5.34,9.24,2.6,8.9,93.6,32.6,5,acceptable
6.18,69.64,3.47,9.67,21.08,5.41,9.39,2.6,8.93,93.3,32.6,5,acceptable
6.13,70.91,3.45,9.59,21.08,5.43,9.96,2.6,8.9,93.3,32.6,5,acceptable
6.15,72.21,3.5,9.04,21.39,5.37,9.39,2.63,8.83,93.3,32.6,5,acceptable
6.63,69.64,3.47,9.01,21.81,5.3,10.16,2.65,8.86,93.4,32.6,5,acceptable
6.21,71.55,3.49,9.48,21.6,5.32,10.58,2.63,8.8,93.5,32.6,5,acceptable
6.21,70.91,3.49,9.59,21.29,5.23,10.33,2.62,8.8,93.4,32.6,5,acceptable
6.15,70.91,3.47,10.05,21.39,5.21,9.35,2.6,8.8,93.4,32.5,5,acceptable
6.13,69.64,3.45,10.13,21.08,5.25,10.33,2.59,8.83,93.2,32.5,5,acceptable
6.18,72.88,3.47,9.97,22.25,5.14,9.1,2.59,8.8,93.2,32.5,5,acceptable
6.05,71.55,3.45,9.44,21.08,5.21,9.17,2.54,8.9,93.5,32.5,5,acceptable
6.05,69.64,3.43,9.55,21.29,5.21,9.46,2.56,8.8,93.3,32.5,5,acceptable
6.08,69.64,3.45,9.59,20.0,5.14,8.95,2.59,8.76,93.3,32.5,5,acceptable
6.1,72.21,3.45,9.59,21.39,5.19,9.39,2.63,8.76,93.3,32.5,5,acceptable
6.03,70.27,3.47,9.82,21.18,5.19,8.88,2.59,8.73,93.3,32.5,5,acceptable
6.0,69.64,3.47,9.78,21.29,5.14,9.17,2.59,8.76,93.3,32.5,5,acceptable
5.95,70.91,3.43,9.7,21.18,5.19,9.2,2.56,8.69,93.3,32.5,5,acceptable
5.95,69.03,3.43,9.86,21.49,5.23,9.13,2.59,8.69,93.3,32.5,5,acceptable
6.05,69.64,3.47,9.7,21.49,5.23,9.61,2.63,8.66,93.3,32.5,5,acceptable
6.08,69.64,3.47,9.78,21.39,5.28,10.25,2.6,8.73,93.3,32.5,5,acceptable
6.03,71.55,3.43,9.7,21.18,5.28,10.25,2.57,8.69,93.3,32.5,5,acceptable
6.0,70.27,3.43,9.74,21.81,5.19,9.02,2.57,8.62,93.3,32.5,5,acceptable
5.95,70.27,3.49,9.08,23.04,5.19,9.96,2.59,8.69,93.3,32.5,5,acceptable
5.95,70.27,3.47,9.86,21.49,5.19,11.47,2.71,8.69,93.3,32.5,5,acceptable
5.95,69.64,3.49,9.82,21.29,5.16,10.2,2.59,8.62,93.3,32.5,5,acceptable
5.9,70.27,3.45,9.86,20.68,5.21,9.85,2.6,8.59,93.3,32.5,5,acceptable
5.83,70.91,3.43,9.97,20.78,5.19,9.73,2.6,8.59,93.3,32.4,5,acceptable
5.8,72.21,3.47,10.05,19.9,5.16,8.71,2.59,8.59,93.4,32.4,5,acceptable
5.85,70.27,3.43,9.59,21.39,5.16,9.92,2.56,8.62,93.4,32.4,5,acceptable
5.83,70.91,3.45,9.82,21.08,5.16,9.28,2.59,8.66,93.3,32.4,5,acceptable
5.85,70.91,3.49,9.9,21.29,5.16,9.73,2.59,8.59,93.4,32.4,5,acceptable
5.85,70.91,3.45,9.7,20.88,5.16,9.39,2.59,8.56,93.3,32.4,5,acceptable
5.88,70.91,3.45,9.63,20.68,5.23,9.13,2.57,8.56,93.2,32.4,5,acceptable
5.95,73.56,3.47,9.67,20.98,5.19,9.02,2.59,8.56,93.2,32.4,5,acceptable
5.9,73.56,3.47,9.74,20.88,5.16,8.92,2.57,8.52,93.2,32.4,5,acceptable
5.9,72.21,3.47,9.67,20.29,5.14,10.0,2.56,8.52,93.3,32.4,5,acceptable
5.83,72.21,3.45,9.94,20.88,5.12,9.2,2.56,8.9,93.3,32.4,5,acceptable
5.9,70.91,3.45,9.52,21.39,5.12,9.54,2.56,8.52,93.3,32.4,5,acceptable
5.88,73.56,3.45,9.74,20.78,5.19,9.54,2.6,8.52,93.3,32.3,5,acceptable
5.78,72.88,3.49,9.67,20.68,5.19,9.17,2.59,8.59,93.3,32.3,5,acceptable
5.61,71.55,3.45,9.59,20.29,5.12,9.24,2.53,8.52,93.4,32.3,5,acceptable
5.73,71.55,3.47,9.7,21.18,5.1,8.71,2.56,8.52,93.4,32.3,5,acceptable
5.78,72.88,3.47,9.7,21.18,5.05,9.1,2.57,8.46,93.4,32.3,5,acceptable
6.0,72.88,3.47,9.78,20.88,5.08,9.02,2.54,8.49,93.3,32.3,5,acceptable
5.71,73.56,3.47,9.59,21.18,4.99,9.17,2.56,8.52,93.4,32.3,5,acceptable
5.68,72.21,3.45,9.7,20.38,5.03,8.71,2.56,8.49,93.4,32.3,5,acceptable
5.76,71.55,3.45,9.59,20.38,4.97,10.16,2.57,8.39,93.5,32.3,5,acceptable
5.76,73.56,3.45,9.67,22.14,5.03,9.69,2.59,8.46,93.3,32.3,5,acceptable
5.76,72.21,3.43,9.55,20.0,5.05,9.92,2.57,8.42,93.2,32.3,5,acceptable
5.73,72.88,3.45,9.59,20.98,5.03,10.0,2.54,8.56,93.3,32.3,5,acceptable
5.8,73.56,3.47,9.52,20.09,5.05,8.99,2.57,8.36,93.2,32.3,5,acceptable
5.78,70.91,3.43,9.52,20.88,5.03,9.5,2.56,8.39,93.3,32.3,5,acceptable
5.73,71.55,3.41,9.67,20.19,5.05,8.75,2.53,8.42,93.3,32.3,5,acceptable
5.76,72.21,3.43,9.59,21.18,4.99,8.85,2.57,8.36,93.3,32.3,5,acceptable
5.71,72.88,3.43,9.63,21.08,4.99,9.02,2.57,8.36,93.3,32.3,5,acceptable
5.68,73.56,3.43,9.67,20.29,5.05,9.88,2.56,8.36,93.3,32.2,5,acceptable
5.66,72.88,3.41,9.63,21.18,5.03,8.78,2.57,8.39,93.2,32.2,5,acceptable
5.61,72.88,3.41,9.55,19.9,4.99,9.69,2.54,8.39,93.2,32.2,5,acceptable
5.61,70.27,3.41,9.52,20.58,4.99,8.58,2.57,8.32,93.2,32.2,5,acceptable
5.66,72.88,3.43,9.59,20.88,5.01,9.06,2.57,8.36,93.6,32.2,5,acceptable
5.61,72.88,3.4,9.55,22.36,4.99,9.81,2.56,8.36,93.3,32.2,5,acceptable
5.68,71.55,3.41,9.52,20.58,5.01,10.37,2.57,8.36,93.2,32.2,5,acceptable
5.66,72.88,3.43,9.52,20.88,5.03,8.85,2.53,8.36,93.2,32.2,5,acceptable
5.64,72.88,3.43,9.44,20.48,4.99,9.77,2.51,8.32,93.2,32.1,5,acceptable
5.56,72.21,3.41,9.52,20.29,4.97,9.92,2.56,8.29,93.2,32.1,5,acceptable
5.68,72.88,3.41,9.48,20.29,4.97,9.17,2.56,8.32,93.3,32.1,5,acceptable
5.66,70.27,3.4,9.52,21.18,4.95,9.35,2.59,8.23,93.2,32.1,5,acceptable
5.59,70.27,3.49,9.33,20.09,4.95,9.43,2.54,8.23,93.3,32.1,5,acceptable
5.61,72.21,3.43,9.48,20.48,4.9,9.96,2.54,8.19,93.2,32.1,5,acceptable
5.54,72.88,3.41,9.44,20.78,5.08,9.54,2.56,8.23,93.3,32.1,5,acceptable
5.54,72.21,3.4,9.26,20.19,4.88,8.85,2.56,8.16,93.3,32.1,5,acceptable
5.47,72.21,3.41,9.41,20.19,4.9,8.85,2.56,8.23,93.3,32.1,5,acceptable
5.59,70.27,3.43,9.44,20.78,4.9,10.08,2.56,8.16,93.3,32.1,5,acceptable
5.56,71.55,3.41,9.37,20.68,4.92,9.2,2.54,8.26,93.3,32.1,5,acceptable
5.59,72.21,3.43,8.87,19.9,4.95,9.58,2.59,8.26,93.3,32.1,5,acceptable
5.59,72.21,3.43,9.37,20.58,4.86,9.81,2.56,8.23,93.3,32.1,5,acceptable
5.61,71.55,3.43,9.22,20.58,4.92,10.12,2.56,8.19,93.4,32.1,5,acceptable
5.64,70.27,3.43,9.04,20.58,4.92,9.81,2.56,8.19,93.4,32.1,5,acceptable
5.59,70.27,3.43,9.01,20.38,4.92,8.51,2.57,8.19,93.6,32.1,5,acceptable
5.68,71.55,3.43,9.01,20.48,4.95,9.5,2.59,8.19,93.4,32.1,5,acceptable
5.64,71.55,3.41,9.08,20.19,4.95,8.47,2.56,8.19,93.2,32.1,5,acceptable
5.71,70.27,3.47,8.94,21.71,4.95,8.78,2.6,8.13,93.4,32.1,5,acceptable
5.68,71.55,3.43,9.04,19.62,4.97,8.92,2.59,8.32,93.4,32.1,5,acceptable
5.59,71.55,3.41,9.12,19.9,4.88,8.95,2.56,8.19,93.3,32.1,5,acceptable
5.54,70.27,3.43,9.08,19.9,4.92,9.77,2.54,8.16,93.4,32.1,5,acceptable
5.64,72.21,3.47,9.04,19.9,4.88,9.88,2.6,8.13,93.3,32.1,5,acceptable
5.54,72.21,3.45,9.08,20.38,4.84,8.88,2.59,8.1,93.3,32.0,5,acceptable
5.59,72.21,3.43,9.12,21.81,4.88,8.51,2.6,8.1,93.3,32.0,5,acceptable
5.56,71.55,3.45,9.04,20.19,4.84,8.88,2.6,8.1,93.2,32.0,5,acceptable
5.45,72.21,3.56,9.63,20.19,4.82,8.95,2.65,8.1,93.3,32.0,5,acceptable
5.38,70.27,3.38,9.12,19.17,4.86,10.16,2.6,8.03,93.4,32.0,5,acceptable
5.49,71.55,3.4,8.94,19.9,4.86,9.88,2.54,8.1,93.3,32.0,5,acceptable
5.47,70.91,3.41,8.9,20.19,4.8,9.73,2.56,8.0,93.5,32.0,5,acceptable
5.31,72.21,3.4,8.66,19.44,4.78,8.85,2.53,8.07,93.6,32.0,5,acceptable
5.4,70.91,3.36,8.8,20.29,4.78,9.58,2.56,8.03,93.6,32.0,5,acceptable
5.38,70.91,3.41,9.04,20.09,4.73,8.75,2.57,8.0,93.6,32.0,5,acceptable
5.4,72.21,3.41,9.08,20.48,4.78,9.69,2.6,8.0,93.4,32.0,5,acceptable
5.45,70.27,3.43,8.7,20.19,4.78,9.69,2.6,8.03,93.6,32.0,5,acceptable
5.42,70.27,3.43,8.87,20.68,4.78,9.17,2.6,8.0,93.4,32.0,5,acceptable
5.45,70.27,3.38,8.87,19.26,4.78,8.88,2.57,8.07,93.6,32.0,5,acceptable
5.52,71.55,3.41,8.7,19.62,4.8,9.06,2.59,8.07,93.7,32.0,5,acceptable
5.45,72.21,3.4,8.83,20.09,4.78,9.2,2.6,7.97,93.7,32.0,5,acceptable
5.45,61.29,3.41,8.8,19.9,4.78,9.46,2.42,8.13,93.4,31.9,5,acceptable
5.38,69.64,3.4,8.77,18.99,4.69,9.28,2.57,7.97,93.4,31.9,5,acceptable
5.42,70.27,3.4,8.9,20.09,4.73,8.95,2.59,8.03,93.6,31.9,5,acceptable
5.42,72.21,3.43,8.87,19.53,4.76,8.64,2.62,8.03,93.6,31.9,5,acceptable
5.45,70.91,3.4,8.87,19.44,4.71,8.58,2.67,7.94,93.6,31.9,5,acceptable
5.42,70.91,3.38,8.83,19.53,4.73,8.44,2.57,8.0,93.6,31.9,5,acceptable
5.38,71.55,3.38,8.7,20.29,4.71,9.61,2.62,8.0,93.5,31.9,5,acceptable
5.9,69.64,3.4,8.73,19.62,4.71,8.75,2.6,7.97,93.4,31.8,5,acceptable
5.47,69.64,3.41,8.83,20.29,4.71,9.39,2.63,7.91,93.4,31.8,5,acceptable
5.45,72.21,3.36,8.83,19.26,4.76,8.85,2.62,7.97,93.6,31.8,5,acceptable
5.49,72.21,3.38,8.73,20.29,4.71,9.65,2.62,7.88,93.6,31.8,5,acceptable
5.52,70.27,3.41,8.87,20.48,4.69,8.81,2.62,7.94,93.6,31.8,5,acceptable
5.52,72.21,3.4,8.87,20.19,4.73,8.88,2.67,7.91,93.6,31.8,5,acceptable
5.49,72.21,3.54,8.87,21.08,4.82,9.73,2.62,7.97,93.5,31.8,5,acceptable
5.47,72.21,3.38,8.97,17.81,4.71,8.47,2.65,7.91,93.5,31.8,5,acceptable
5.49,72.21,3.41,8.83,20.58,4.69,9.58,2.62,7.97,93.5,31.8,5,acceptable
5.47,72.21,3.38,8.94,19.9,4.67,8.31,2.65,7.88,93.6,31.8,5,acceptable
5.52,70.27,3.41,8.9,19.81,4.69,9.61,2.67,7.94,93.7,31.8,5,acceptable
5.45,72.21,3.5,9.22,19.72,4.76,8.71,2.73,8.07,93.6,31.8,5,acceptable
5.56,72.88,3.56,8.94,19.26,4.78,8.61,2.77,8.16,93.5,31.8,5,acceptable
5.59,71.55,3.54,9.08,20.19,4.99,9.96,2.76,8.13,93.3,31.8,5,acceptable
5.54,72.21,3.54,9.12,19.44,4.82,8.54,2.77,8.13,93.3,31.8,5,acceptable
5.52,73.56,3.56,9.12,19.35,4.82,8.88,2.77,8.16,93.3,31.8,5,acceptable
5.59,72.21,3.54,9.04,19.08,4.82,9.02,2.84,8.16,93.4,31.8,5,acceptable
5.56,70.91,3.54,8.73,19.35,4.84,8.75,2.81,8.39,93.7,31.8,5,acceptable
5.56,73.56,3.56,8.87,19.17,4.78,9.96,2.81,8.32,93.4,31.8,5,acceptable
5.52,70.91,3.54,8.87,19.44,4.82,8.38,2.81,8.36,93.4,31.8,5,acceptable
5.52,72.88,3.54,8.9,19.72,4.8,10.12,2.84,8.32,93.3,31.8,5,acceptable
5.49,73.56,3.56,8.9,19.35,4.78,8.58,2.82,8.29,93.2,31.8,5,acceptable
5.49,71.55,3.56,8.9,19.17,4.82,8.58,2.84,8.36,93.4,31.8,5,acceptable
5.49,71.55,3.56,8.9,19.9,4.78,8.99,2.84,8.32,93.3,31.7,5,acceptable
5.45,73.56,3.52,8.83,18.56,4.78,9.5,2.81,8.26,93.3,31.7,5,acceptable
5.45,72.21,3.56,8.8,19.35,4.73,9.13,2.79,8.23,93.4,31.7,5,acceptable
5.49,71.55,3.54,8.8,19.62,4.71,10.0,2.77,8.26,93.3,31.7,5,acceptable
5.49,70.91,3.54,8.8,19.35,4.78,9.77,2.77,8.29,93.3,31.7,5,acceptable
5.54,73.56,3.54,8.8,19.81,4.78,9.5,2.81,8.32,93.3,31.7,5,acceptable
5.56,70.91,3.54,8.8,19.72,4.76,8.95,2.77,8.32,93.3,31.7,5,acceptable
5.49,72.21,3.52,8.87,18.91,4.76,8.58,2.76,8.29,93.3,31.7,5,acceptable
5.15,70.91,3.36,8.6,19.9,4.47,9.1,2.6,7.94,93.4,31.7,5,acceptable
5.13,70.27,3.33,8.6,19.9,4.51,8.38,2.6,8.13,93.6,31.7,5,acceptable
5.17,70.91,3.35,8.63,19.9,4.51,8.12,2.6,8.52,93.4,31.7,5,acceptable
5.13,68.42,3.33,8.53,19.08,4.49,8.25,2.59,7.88,93.5,31.7,5,acceptable
5.08,70.91,3.31,8.63,19.17,4.49,8.64,2.59,7.88,93.4,31.7,5,acceptable
5.02,70.27,3.29,8.63,19.17,4.47,8.88,2.62,8.36,93.7,31.7,5,acceptable
5.02,70.91,3.31,8.6,19.72,4.45,8.31,2.57,7.88,93.7,31.7,5,acceptable
5.06,69.64,3.28,8.63,19.9,4.47,8.28,2.59,8.1,93.7,31.7,5,acceptable
5.02,69.03,3.29,8.49,20.0,4.39,9.1,2.57,7.78,93.6,31.7,5,acceptable
4.95,69.03,3.28,8.6,19.9,4.45,9.61,2.57,7.78,93.6,31.7,5,acceptable
5.04,68.42,3.29,8.56,19.44,4.43,8.47,2.57,7.78,93.6,31.7,5,acceptable
5.04,69.64,3.29,8.63,19.9,4.49,8.28,2.6,8.29,93.7,31.7,5,acceptable
5.1,69.03,3.29,8.6,19.81,4.47,8.58,2.6,7.81,93.7,31.7,5,acceptable
5.1,67.82,3.31,8.63,20.09,4.45,8.85,2.57,7.94,93.8,31.7,5,acceptable
5.17,67.82,3.31,8.6,19.9,4.45,9.02,2.59,8.26,93.7,31.7,5,acceptable
5.1,70.27,3.29,8.66,19.35,4.45,8.58,2.59,7.85,93.8,31.7,5,acceptable
5.13,69.03,3.29,8.6,20.19,4.47,8.61,2.6,8.13,93.4,31.7,5,acceptable
5.04,67.82,3.29,8.7,19.62,4.45,8.58,2.59,7.85,93.5,31.6,5,acceptable
5.1,67.82,3.29,8.53,19.44,4.45,9.43,2.62,8.16,93.6,31.6,5,acceptable
5.08,69.64,3.33,8.63,20.29,4.45,9.54,2.62,8.23,93.6,31.6,5,acceptable
5.15,67.82,3.33,8.49,20.58,4.45,9.46,2.62,7.88,93.6,31.6,5,acceptable
5.15,66.65,3.31,8.63,19.44,4.47,9.17,2.6,8.23,93.7,31.6,5,acceptable
5.06,67.23,3.4,8.63,18.82,4.43,9.58,2.57,8.07,93.6,31.6,5,acceptable
5.1,64.41,3.31,8.6,19.72,4.45,8.25,2.6,8.07,93.6,31.6,5,acceptable
5.08,62.3,3.33,8.6,19.44,4.41,8.88,2.6,7.78,93.4,31.6,5,acceptable
4.99,63.87,3.31,8.66,18.22,4.41,8.47,2.6,7.75,93.7,31.6,5,acceptable
5.02,65.51,3.31,8.2,18.99,4.41,8.58,2.57,7.75,93.5,31.6,5,acceptable
4.97,66.08,3.31,8.43,18.65,4.37,9.35,2.62,7.94,93.5,31.6,5,acceptable
5.02,67.23,3.31,8.46,19.62,4.41,8.54,2.62,7.94,93.6,31.6,5,acceptable
5.04,66.65,3.31,8.3,19.35,4.39,8.41,2.62,7.88,93.4,31.6,5,acceptable
5.02,67.82,3.29,8.39,19.53,4.45,8.38,2.6,7.94,93.4,31.6,5,acceptable
4.97,69.03,3.31,8.43,19.35,4.41,9.1,2.59,7.88,93.4,31.6,5,acceptable
5.04,66.65,2.39,8.43,18.91,4.41,8.61,2.62,7.75,93.6,31.6,5,acceptable
5.02,66.65,3.22,8.49,19.26,4.45,9.39,2.62,7.75,93.6,31.6,5,acceptable
5.04,65.51,3.26,8.49,19.35,4.45,8.58,2.63,7.94,93.5,31.5,5,acceptable
4.99,64.96,3.29,8.49,18.56,4.41,8.95,2.62,8.16,93.5,31.6,5,acceptable
4.99,64.96,3.22,8.6,19.81,4.39,10.33,2.6,8.19,93.3,31.5,5,acceptable
5.04,62.3,3.26,8.46,19.72,4.39,9.65,2.63,8.19,93.3,31.6,5,acceptable
5.02,63.34,3.24,8.63,19.44,4.39,9.02,2.59,8.0,93.2,31.5,5,acceptable
4.99,61.29,3.16,8.43,19.44,4.39,8.25,2.62,7.85,93.4,31.6,5,acceptable
4.91,64.41,3.17,8.6,19.53,4.39,8.05,2.6,7.97,93.4,31.5,5,acceptable
4.99,64.41,3.11,8.56,19.17,4.41,9.1,2.6,8.29,93.4,31.5,5,acceptable
4.99,64.96,3.22,8.53,19.72,4.37,8.47,2.6,8.16,93.4,31.5,5,acceptable
4.97,64.41,3.24,8.49,20.19,4.37,9.54,2.65,8.0,93.2,31.5,5,acceptable
4.95,64.41,3.22,8.53,19.26,4.41,9.35,2.6,8.03,93.2,31.5,5,acceptable
5.04,66.08,3.26,8.49,19.72,4.39,9.1,2.63,7.97,93.3,31.5,5,acceptable
5.04,66.08,3.24,8.53,18.39,4.39,8.47,2.63,8.16,93.5,31.5,5,acceptable
5.04,65.51,3.26,8.46,18.39,4.39,8.41,2.62,7.88,93.6,31.5,5,acceptable
4.97,67.23,3.26,8.49,18.31,4.37,8.47,2.63,8.16,93.7,31.5,5,acceptable
5.24,67.23,3.59,8.46,19.26,4.39,8.51,2.63,8.1,93.7,31.5,5,acceptable
5.06,67.23,3.22,8.36,19.53,4.43,8.85,2.62,7.97,93.6,31.4,5,acceptable
5.04,66.65,3.24,8.43,18.31,4.41,8.34,2.63,7.91,93.6,31.4,5,acceptable
5.02,67.23,3.26,8.43,19.17,4.39,9.24,2.65,8.13,93.4,31.5,5,acceptable
4.99,64.41,3.22,8.46,18.73,4.43,8.25,2.62,7.91,93.6,31.5,5,acceptable
5.02,65.51,3.26,8.39,18.39,4.39,8.47,2.62,8.03,93.6,31.5,5,acceptable
4.97,66.08,3.26,8.39,18.48,4.39,8.21,2.63,8.1,93.6,31.5,5,acceptable
5.02,66.65,3.24,8.43,18.65,4.39,8.25,2.62,8.13,93.7,31.5,5,acceptable
5.02,65.51,3.26,8.53,18.31,4.37,8.44,2.65,8.07,93.4,31.5,5,acceptable
5.02,65.51,3.26,8.6,18.31,4.39,8.41,2.65,7.81,93.4,31.5,5,acceptable
4.88,66.08,3.24,8.49,18.14,4.39,9.2,2.65,8.1,93.3,31.4,5,acceptable
4.84,64.96,3.24,8.6,19.08,4.33,8.28,2.65,7.94,93.5,31.5,5,acceptable
4.95,63.87,3.26,8.53,18.39,4.35,9.17,2.62,7.94,93.6,31.5,5,acceptable
4.95,63.87,3.26,8.53,19.26,4.37,10.25,2.6,7.88,93.5,31.4,5,acceptable
4.82,61.79,3.22,8.53,17.98,4.35,9.5,2.59,7.97,93.6,31.4,5,acceptable
4.86,61.79,3.26,8.53,18.65,4.31,8.85,2.62,8.03,93.6,31.4,5,acceptable
4.86,61.29,3.28,8.46,18.73,4.31,8.51,2.63,7.85,93.4,31.5,5,acceptable
4.84,62.3,3.28,8.49,18.65,4.31,8.28,2.63,7.94,93.4,31.5,5,acceptable
4.84,62.82,3.28,8.49,17.98,4.31,8.15,2.63,7.88,93.5,31.5,5,acceptable
4.84,61.29,3.28,8.49,18.56,4.31,8.64,2.63,7.75,93.3,31.4,5,acceptable
4.88,61.79,3.26,8.49,18.31,4.31,8.58,2.62,7.91,93.4,31.5,5,acceptable
4.91,61.79,3.28,8.39,18.56,4.31,8.81,2.62,7.88,93.3,31.4,5,acceptable
4.84,63.34,3.26,8.43,18.14,4.31,9.43,2.63,7.85,93.3,31.4,5,acceptable
4.88,63.34,3.28,8.46,18.06,4.33,9.17,2.62,7.94,93.4,31.4,5,acceptable
4.82,63.87,3.28,8.43,17.73,4.35,7.99,2.6,7.51,93.6,31.5,5,acceptable
4.82,66.08,3.26,8.46,16.96,4.33,8.64,2.59,7.57,93.5,31.4,5,acceptable
4.8,64.96,3.26,8.49,18.14,4.31,8.47,2.62,7.57,93.6,31.5,5,acceptable
4.78,64.41,3.24,8.6,18.31,4.29,8.68,2.63,7.69,93.5,31.5,5,acceptable
4.82,66.08,3.24,8.56,18.39,4.31,8.41,2.62,7.57,93.5,31.4,5,acceptable
4.93,63.34,3.26,8.53,18.31,4.29,8.51,2.62,7.42,93.5,31.4,5,acceptable
4.88,65.51,3.24,8.53,18.48,4.35,8.31,2.63,7.63,93.6,31.5,5,acceptable
4.91,64.41,3.26,8.49,18.06,4.33,9.39,2.59,7.48,93.6,31.5,5,acceptable
4.93,64.96,3.24,8.49,18.56,4.29,8.51,2.6,7.54,93.7,31.4,5,acceptable
4.99,54.12,3.26,8.56,18.06,4.33,8.58,2.36,7.66,93.5,31.4,5,acceptable
4.86,65.51,3.24,8.7,17.9,4.29,8.02,2.62,7.48,93.6,31.5,5,acceptable
4.8,64.96,3.24,8.43,16.66,4.29,8.92,2.6,7.6,93.5,31.4,5,acceptable
4.8,64.96,3.26,8.49,17.19,4.23,8.78,2.6,7.57,93.5,31.5,5,acceptable
4.71,63.87,3.24,8.63,17.81,4.23,8.51,2.62,7.48,93.4,31.4,5,acceptable
4.75,66.08,3.24,8.46,17.73,4.27,8.44,2.59,7.54,93.6,31.5,5,acceptable
4.8,64.41,3.24,8.56,17.9,4.27,8.41,2.6,7.39,93.6,31.5,5,acceptable
4.84,64.96,3.35,8.8,17.19,4.23,9.13,2.62,7.6,93.6,31.5,5,acceptable
4.8,64.96,3.24,8.63,17.98,4.27,8.68,2.59,7.48,93.5,31.5,5,acceptable
4.84,64.41,3.26,8.53,18.22,4.23,9.28,2.59,7.51,93.4,31.4,5,acceptable
4.86,64.96,3.24,8.7,17.98,4.27,8.12,2.62,7.51,93.7,31.5,5,acceptable
4.91,63.34,3.28,8.66,18.06,4.31,8.81,2.62,7.54,93.7,31.5,5,acceptable
4.95,63.34,3.28,8.63,17.73,4.27,8.44,2.63,7.36,93.5,31.5,5,acceptable
4.86,64.96,3.28,8.73,17.9,4.27,9.35,2.63,7.54,93.4,31.5,5,acceptable
4.88,63.34,3.24,8.73,18.06,4.27,8.21,2.59,7.33,93.5,31.5,5,acceptable
4.91,64.96,3.28,8.77,18.14,4.25,9.28,2.65,7.51,93.8,31.5,5,acceptable
4.95,63.34,3.26,8.7,18.14,4.29,8.99,2.6,7.57,93.6,31.5,5,acceptable
4.8,62.3,3.26,8.66,18.56,4.23,8.05,2.57,7.48,93.6,31.5,5,acceptable
4.8,64.41,3.24,8.53,17.5,4.25,8.34,2.62,7.33,93.6,31.5,5,acceptable
4.8,62.82,3.26,8.6,17.57,4.23,8.64,2.59,7.48,93.5,31.5,5,acceptable
4.88,63.34,3.24,8.6,18.56,4.25,9.17,2.59,7.48,93.7,31.5,5,spoiled
4.73,64.41,3.24,8.7,17.65,4.25,8.44,2.62,7.33,93.6,31.5,5,spoiled
4.82,62.3,3.26,8.63,18.06,4.25,7.9,2.6,7.33,93.8,31.5,5,spoiled
4.82,61.79,3.22,8.77,17.81,4.27,8.25,2.6,7.48,93.8,31.5,5,spoiled
4.86,63.87,3.22,8.87,17.73,4.27,8.51,2.59,7.51,93.7,31.6,5,spoiled
4.78,62.3,3.22,8.73,17.57,4.27,7.99,2.59,7.48,93.7,31.5,5,spoiled
4.86,64.96,3.24,8.77,17.57,4.21,8.68,2.6,7.39,93.6,31.5,5,spoiled
4.91,62.82,3.24,8.46,17.73,4.63,9.17,2.62,7.42,93.6,31.5,5,spoiled
4.8,63.34,3.24,8.83,17.5,4.23,8.31,2.59,7.42,93.7,31.5,5,spoiled
4.84,63.34,3.22,8.87,17.03,4.25,8.21,2.59,7.51,93.8,31.5,5,spoiled
4.82,63.87,3.22,8.8,17.42,4.23,8.18,2.59,7.33,93.8,31.5,5,spoiled
4.82,62.3,3.24,8.7,17.03,4.25,8.15,2.56,7.22,93.7,31.5,5,spoiled
4.8,62.3,3.24,8.66,17.34,4.23,7.71,2.56,7.27,93.7,31.5,5,spoiled
4.75,63.87,3.24,8.56,16.44,4.21,8.61,2.59,7.39,93.7,31.5,5,spoiled
4.84,63.34,3.26,8.49,17.34,4.27,8.28,2.56,7.39,93.6,31.5,5,spoiled
4.78,62.82,3.28,8.6,17.65,4.25,8.47,2.59,7.42,93.6,31.5,5,spoiled
4.8,63.87,3.26,8.53,17.11,4.25,8.68,2.6,7.45,93.7,31.5,5,spoiled
4.78,63.87,3.26,8.6,17.03,4.23,8.38,2.6,7.19,93.7,31.5,5,spoiled
4.69,63.87,3.22,8.66,16.88,4.27,8.61,2.59,7.22,93.8,31.5,5,spoiled
4.67,62.82,3.24,8.6,17.19,4.25,8.78,2.59,7.63,93.7,31.5,5,spoiled
4.71,63.87,3.26,8.63,16.96,4.21,8.25,2.59,7.48,93.6,31.5,5,spoiled
4.78,62.3,3.26,8.56,17.11,4.23,8.12,2.6,7.45,93.7,31.5,5,spoiled
4.75,63.87,3.26,8.63,17.03,4.25,9.2,2.59,7.39,93.7,31.5,5,spoiled
4.71,62.82,3.26,8.7,16.51,4.21,8.61,2.6,7.16,93.8,31.5,5,spoiled
4.73,63.87,3.24,8.77,17.19,4.27,8.75,2.57,7.42,93.8,31.5,5,spoiled
4.78,63.34,3.22,8.77,16.44,4.25,8.85,2.57,7.36,93.9,31.5,5,spoiled
4.91,62.3,3.28,8.7,16.81,4.23,8.85,2.57,7.27,93.9,31.5,5,spoiled
4.82,62.3,3.26,8.77,16.37,4.02,9.13,2.57,7.16,93.9,31.5,5,spoiled
4.69,64.41,3.24,8.7,16.3,4.25,8.34,2.59,7.45,93.8,31.5,5,spoiled
4.82,62.82,3.26,8.46,16.51,4.25,8.12,2.57,7.54,93.6,31.5,5,spoiled
4.78,63.87,3.26,8.66,16.51,4.27,7.96,2.6,7.39,93.6,31.5,5,spoiled
4.8,62.82,3.29,8.6,17.65,4.23,9.17,2.6,7.63,93.5,31.5,5,spoiled
4.71,63.34,3.26,8.7,16.01,4.21,7.84,2.6,7.45,93.8,31.5,5,spoiled
4.73,64.41,3.26,8.6,16.01,4.23,8.85,2.62,7.42,93.8,31.5,5,spoiled
4.75,63.87,3.24,8.6,16.08,4.25,8.88,2.57,7.51,93.5,31.5,5,spoiled
4.78,62.3,3.26,8.63,15.87,4.29,9.28,2.59,7.3,93.7,31.6,5,spoiled
4.75,63.87,3.26,8.7,15.27,4.25,8.58,2.56,7.13,93.7,31.5,5,spoiled
4.71,63.87,3.24,8.87,16.01,4.25,7.78,2.59,7.51,93.9,31.5,5,spoiled
4.69,63.34,3.26,8.66,15.94,4.27,7.99,2.57,7.54,93.8,31.5,5,spoiled
4.67,63.87,3.26,8.77,15.81,4.25,8.38,2.6,7.24,93.8,31.5,5,spoiled
4.73,62.3,3.26,8.66,15.6,4.27,8.58,2.57,7.42,93.9,31.5,5,spoiled
4.73,64.41,3.24,8.8,15.14,4.29,8.61,2.59,7.6,93.9,31.5,5,spoiled
4.69,62.3,3.24,8.73,15.01,4.29,8.41,2.59,7.51,93.9,31.5,5,spoiled
4.67,62.3,3.22,8.8,15.33,4.29,9.2,2.59,7.33,93.9,31.5,5,spoiled
4.69,62.3,3.22,8.87,15.2,4.29,8.44,2.57,7.63,93.8,31.5,5,spoiled
4.73,63.34,3.24,8.9,15.27,4.25,8.81,2.6,7.63,93.9,31.6,5,spoiled
4.86,63.34,3.26,8.7,14.95,4.33,8.02,2.57,7.19,93.9,31.6,5,spoiled
4.82,63.34,3.22,8.8,14.32,4.47,9.77,2.59,7.48,94.0,31.6,5,spoiled
4.75,63.34,3.22,8.77,15.07,4.29,8.88,2.56,7.13,94.0,31.6,5,spoiled
4.67,63.34,3.24,8.73,14.76,4.31,8.25,2.6,7.42,93.8,31.6,5,spoiled
4.73,64.96,3.24,8.3,14.95,4.27,8.12,2.56,7.57,93.9,31.6,5,spoiled
4.73,63.34,3.22,8.26,14.95,4.29,8.18,2.56,7.51,93.9,31.6,5,spoiled
4.67,64.96,3.24,8.3,14.82,4.27,8.31,2.54,7.6,93.8,31.6,5,spoiled
4.71,63.87,3.21,8.33,14.57,4.27,8.61,2.54,7.63,93.8,31.6,5,spoiled
4.75,63.87,3.26,8.43,14.88,4.23,8.25,2.57,7.51,94.0,31.6,5,spoiled
4.82,64.96,3.28,8.43,14.38,4.27,8.92,2.6,7.45,93.9,31.6,5,spoiled
4.78,64.96,3.26,8.46,14.14,4.29,8.25,2.54,7.24,93.9,31.6,5,spoiled
4.75,64.41,3.24,8.46,13.97,4.27,8.34,2.57,7.45,93.9,31.6,5,spoiled
4.75,64.96,3.26,8.39,13.97,4.25,8.15,2.57,7.36,93.9,31.6,5,spoiled
4.71,64.41,3.26,8.46,13.57,4.29,8.78,2.56,7.42,93.8,31.6,5,spoiled
4.8,64.96,3.26,8.43,13.68,4.21,8.02,2.59,7.57,93.9,31.6,5,spoiled
4.8,63.34,3.24,8.43,13.51,4.25,9.02,2.56,7.45,93.8,31.6,5,spoiled
4.71,64.96,3.24,8.39,13.4,4.25,9.28,2.57,7.45,93.9,31.6,5,spoiled
4.78,63.87,3.24,8.36,13.07,4.25,8.05,2.54,7.57,93.7,31.6,5,spoiled
4.75,63.87,3.24,8.43,13.29,4.27,7.81,2.56,7.33,93.9,31.6,5,spoiled
4.73,63.34,3.24,8.39,13.34,4.23,8.15,2.57,7.3,93.9,31.6,5,spoiled
4.82,63.87,3.28,8.36,13.23,4.23,8.54,2.59,7.42,93.9,31.6,5,spoiled
4.82,64.96,3.28,8.46,13.07,4.43,8.88,2.57,7.51,93.9,31.6,5,spoiled
4.8,64.96,3.28,8.33,13.12,4.23,8.47,2.57,7.48,93.7,31.6,5,spoiled
4.82,64.96,3.28,8.43,13.4,4.25,8.15,2.57,7.33,93.7,31.6,5,spoiled
4.84,63.87,3.26,8.43,12.75,4.31,8.12,2.57,7.16,94.0,31.7,5,spoiled
4.84,62.3,3.26,8.8,12.44,4.31,9.17,2.54,7.36,94.0,31.6,5,spoiled
4.84,64.41,3.28,8.33,12.34,4.29,8.44,2.56,7.19,93.7,31.7,5,spoiled
4.75,63.34,3.26,8.39,12.29,4.33,8.64,2.54,7.3,93.8,31.7,5,spoiled
4.73,63.87,3.24,8.33,12.39,4.33,8.64,2.56,7.19,93.7,31.6,5,spoiled
4.73,62.3,3.28,8.33,12.39,4.29,8.41,2.57,7.39,93.9,31.7,5,spoiled
4.73,62.3,3.28,8.39,11.99,4.29,8.02,2.56,7.3,93.8,31.7,5,spoiled
4.71,63.34,3.26,8.43,11.95,4.33,8.31,2.56,7.36,93.8,31.7,5,spoiled
4.73,62.3,3.28,8.3,11.9,4.35,8.15,2.56,7.39,93.9,31.6,5,spoiled
4.67,62.3,3.28,8.36,11.75,4.33,8.31,2.54,7.24,93.8,31.7,5,spoiled
4.59,69.64,3.26,8.36,11.57,4.31,8.88,2.51,7.3,93.9,31.7,5,spoiled
4.59,62.3,3.26,8.39,11.75,4.27,8.09,2.51,7.3,93.7,31.7,5,spoiled
4.57,64.41,3.24,8.39,11.66,4.29,7.93,2.53,7.27,94.0,31.7,5,spoiled
4.59,62.82,3.24,8.39,11.57,4.31,9.2,2.53,7.04,94.0,31.7,5,spoiled
4.52,62.3,3.24,8.39,11.2,4.25,8.31,2.53,7.42,93.8,31.7,5,spoiled
4.52,62.3,3.24,8.3,11.8,4.29,8.25,2.48,7.13,93.8,31.7,5,spoiled
4.65,64.41,3.26,8.26,11.71,4.25,8.34,2.54,7.16,93.9,31.7,5,spoiled
4.63,63.34,3.22,8.33,12.09,4.29,8.31,2.54,7.3,93.8,31.7,5,spoiled
4.65,62.3,3.28,8.1,10.98,4.31,8.78,2.54,7.07,94.1,31.7,5,spoiled
4.69,63.34,3.26,8.17,10.98,4.33,8.47,2.54,7.13,94.1,31.7,5,spoiled
4.67,63.34,3.28,8.2,10.81,4.29,8.41,2.54,7.22,94.1,31.7,5,spoiled
4.73,62.3,3.26,8.23,10.63,4.33,9.06,2.57,7.36,94.0,31.7,5,spoiled
4.82,62.82,3.28,8.17,10.59,4.31,8.34,2.54,7.33,94.0,31.7,5,spoiled
4.8,63.34,3.28,8.23,10.14,4.37,8.38,2.56,7.19,94.1,31.7,5,spoiled
4.78,62.82,3.24,8.26,9.71,4.35,8.28,2.53,7.24,94.1,31.7,5,spoiled
4.78,64.96,3.26,8.13,9.98,4.35,9.13,2.51,7.13,94.1,31.8,5,spoiled
4.82,63.34,3.26,8.23,10.06,4.33,8.75,2.56,7.33,94.1,31.8,5,spoiled
4.69,64.96,3.26,8.23,10.02,4.33,7.99,2.54,7.33,93.8,31.8,5,spoiled
4.71,63.34,3.28,8.23,10.1,4.35,8.51,2.53,7.16,93.9,31.8,5,spoiled
4.71,64.41,3.28,8.36,10.02,4.31,7.81,2.54,7.24,94.1,31.8,5,spoiled
4.73,64.96,3.28,8.33,9.6,4.35,8.31,2.53,7.22,94.0,31.8,5,spoiled
4.8,61.79,3.26,8.39,9.63,4.37,9.06,2.56,7.22,94.0,31.8,5,spoiled
4.82,64.41,3.28,8.43,9.71,4.35,8.61,2.54,7.36,94.0,31.8,5,spoiled
4.86,64.41,3.28,8.33,9.23,4.35,8.38,2.54,7.39,93.9,31.8,5,spoiled
4.78,64.96,3.26,8.39,9.01,4.35,8.54,2.53,7.3,93.9,31.8,5,spoiled
4.71,63.34,3.28,8.3,9.26,4.31,8.61,2.53,7.33,93.9,31.9,5,spoiled
4.73,63.34,3.28,8.39,9.48,4.29,8.75,2.54,7.24,94.2,31.9,5,spoiled
4.73,64.41,3.28,8.33,9.26,4.33,9.17,2.51,7.19,94.2,31.9,5,spoiled
4.67,64.41,3.24,8.33,9.3,4.33,8.21,2.54,7.13,94.1,31.9,5,spoiled
4.65,63.34,3.28,8.36,9.12,4.31,8.54,2.51,7.16,94.0,31.9,5,spoiled
4.67,63.34,3.28,8.3,8.8,4.27,7.93,2.51,7.24,94.1,31.9,5,spoiled
4.65,64.41,3.28,8.3,8.84,4.31,8.44,2.51,7.1,94.2,31.9,5,spoiled
4.69,62.3,3.29,8.23,8.8,4.29,8.34,2.53,7.13,94.2,32.0,5,spoiled
4.67,63.87,3.28,8.26,8.46,4.31,7.87,2.51,7.24,94.2,32.0,5,spoiled
4.75,64.41,3.28,8.3,8.84,4.29,8.81,2.54,7.1,94.3,32.0,5,spoiled
4.78,62.3,3.28,8.3,8.4,4.29,8.28,2.53,7.27,94.1,32.0,5,spoiled
4.78,62.82,3.29,8.17,8.01,4.25,7.96,2.56,7.3,94.1,32.0,5,spoiled
4.8,63.87,3.26,8.26,8.08,4.33,7.87,2.5,7.27,94.1,32.0,5,spoiled
4.75,63.34,3.26,8.23,7.86,4.25,8.41,2.51,7.27,94.3,32.0,5,spoiled
4.8,61.79,3.26,8.26,7.92,4.27,8.28,2.53,7.3,94.1,32.0,5,spoiled
4.84,63.34,3.26,7.52,7.56,4.43,8.28,2.54,7.13,94.2,32.0,5,spoiled
4.78,63.34,3.29,8.23,7.62,4.25,7.96,2.53,7.07,94.2,32.1,5,spoiled
4.75,62.3,3.28,8.26,7.59,4.33,8.18,2.5,7.1,94.1,32.1,5,spoiled
4.75,62.3,3.26,8.23,7.32,4.29,8.85,2.5,7.19,94.3,32.1,5,spoiled
4.75,62.3,3.28,8.26,7.38,4.27,8.25,2.53,7.16,94.4,32.1,5,spoiled
4.78,62.3,3.26,8.17,7.44,4.27,7.65,2.53,7.07,94.4,32.1,5,spoiled
4.75,61.29,3.24,8.26,7.32,4.29,8.02,2.5,7.1,94.4,32.1,5,spoiled
4.71,63.87,3.24,8.23,7.24,4.29,8.51,2.5,7.13,94.1,32.1,5,spoiled
4.75,63.34,3.26,8.2,7.04,4.25,8.15,2.53,7.1,94.2,32.1,5,spoiled
4.73,62.82,3.26,8.13,7.01,4.29,7.65,2.51,7.16,94.3,32.1,5,spoiled
4.8,61.79,3.28,8.26,6.96,4.27,8.47,2.51,7.13,94.4,32.1,5,spoiled
4.84,62.3,3.26,8.23,6.9,4.27,8.15,2.51,7.16,94.4,32.2,5,spoiled
4.8,63.34,3.24,8.3,6.66,4.33,8.15,2.5,7.16,94.3,32.2,5,spoiled
4.82,54.12,3.28,8.23,6.72,4.29,8.28,2.31,7.24,94.2,32.2,5,spoiled
4.75,62.3,3.24,8.26,6.53,4.31,8.54,2.53,7.22,94.3,32.2,5,spoiled
4.82,63.34,3.28,8.36,6.53,4.31,8.15,2.53,7.19,94.1,32.2,5,spoiled
4.78,63.87,3.28,8.39,6.46,4.33,8.18,2.51,7.27,94.5,32.2,5,spoiled
4.75,62.82,3.26,8.33,6.46,4.31,9.06,2.53,7.19,94.5,32.2,5,spoiled
4.78,63.87,3.28,8.33,6.4,4.37,8.41,2.54,7.22,94.3,32.3,5,spoiled
4.73,62.3,3.29,8.3,6.23,4.31,8.05,2.54,7.22,94.3,32.3,5,spoiled
4.82,62.82,3.26,8.26,6.28,4.31,8.05,2.5,7.22,94.3,32.3,5,spoiled
4.82,63.34,3.26,8.33,6.4,4.29,8.78,2.47,7.22,94.3,32.3,5,spoiled
4.8,62.3,3.26,8.3,6.28,4.31,8.25,2.53,7.22,94.5,32.3,5,spoiled
4.71,63.87,3.26,8.3,5.94,4.33,7.75,2.51,7.16,94.4,32.3,5,spoiled
4.73,63.87,3.26,8.26,6.18,4.29,8.28,2.51,7.16,94.5,32.4,5,spoiled
4.82,62.82,3.26,8.26,6.08,4.33,8.09,2.51,7.22,94.5,32.4,5,spoiled
4.86,62.82,3.24,8.3,5.91,4.35,8.05,2.51,7.24,94.5,32.4,5,spoiled
4.88,61.79,3.26,8.3,5.98,4.35,7.81,2.56,7.1,94.3,32.4,5,spoiled
4.8,61.79,3.24,8.3,5.89,4.31,8.09,2.5,7.16,94.5,32.4,5,spoiled
4.8,62.82,3.22,8.3,6.08,4.41,8.09,2.57,7.04,94.5,32.5,5,spoiled
4.91,61.79,3.24,8.33,6.23,4.55,8.85,2.68,7.16,94.5,32.5,5,spoiled
5.06,61.79,3.29,8.39,6.08,4.57,9.06,2.63,7.27,94.5,32.5,5,spoiled
4.99,64.41,3.28,8.43,6.11,4.51,7.78,2.6,7.19,94.5,32.5,5,spoiled
5.04,62.3,3.29,8.39,6.2,4.51,8.25,2.63,7.16,94.7,32.5,5,spoiled
5.02,64.96,3.28,8.49,6.01,4.55,7.9,2.57,7.19,94.6,32.5,5,spoiled
5.06,64.41,3.28,8.46,6.06,4.51,8.64,2.56,7.33,94.7,32.5,5,spoiled
5.06,64.41,3.29,8.43,6.06,4.49,8.02,2.54,7.27,94.4,32.6,5,spoiled
5.06,63.87,3.26,8.43,5.98,4.45,8.68,2.53,7.22,94.4,32.5,5,spoiled
5.04,63.34,3.28,8.36,5.89,4.43,8.09,2.54,7.19,94.3,32.5,5,spoiled
5.13,62.3,3.28,8.33,5.94,4.43,8.21,2.54,7.39,94.5,32.5,5,spoiled
5.1,63.87,3.26,8.3,5.77,4.47,7.71,2.51,7.3,94.7,32.6,5,spoiled
4.99,63.87,3.26,8.3,5.7,4.43,8.47,2.51,7.22,94.7,32.6,5,spoiled
5.04,63.87,3.29,8.3,5.54,4.41,8.25,2.54,7.16,94.5,32.6,5,spoiled
5.1,62.3,3.29,8.3,5.5,4.43,8.09,2.54,7.27,94.5,32.6,5,spoiled
5.08,63.34,3.29,8.2,5.34,4.43,8.41,2.54,7.27,94.5,32.6,5,spoiled
5.08,62.3,3.28,8.23,5.3,4.39,7.78,2.53,7.27,94.6,32.6,5,spoiled
5.19,64.41,3.29,8.13,5.15,4.41,7.9,2.51,7.24,94.6,32.6,5,spoiled
4.95,62.82,3.28,8.2,5.19,4.39,7.96,2.53,7.36,94.7,32.7,5,spoiled
4.97,61.79,3.29,8.17,5.19,4.37,8.21,2.51,7.27,94.6,32.7,5,spoiled
4.95,62.82,3.28,8.26,5.04,4.43,7.96,2.51,7.3,94.6,32.7,5,spoiled
5.02,61.29,3.28,8.2,5.04,4.41,7.99,2.53,7.33,94.7,32.7,5,spoiled
5.08,62.82,3.29,8.2,4.96,4.41,8.71,2.54,7.24,94.6,32.7,5,spoiled
4.97,61.79,3.28,8.26,5.0,4.41,8.68,2.51,7.01,94.7,32.7,5,spoiled
4.91,62.3,3.26,8.23,4.9,4.39,7.96,2.5,7.24,94.6,32.7,5,spoiled
4.99,61.29,3.26,8.2,4.84,4.39,8.02,2.5,7.22,94.8,32.7,5,spoiled
5.06,61.29,3.28,8.26,4.48,4.37,8.64,2.53,7.19,94.7,32.7,5,spoiled
4.97,62.82,3.24,8.23,4.6,4.41,8.15,2.5,7.24,94.7,32.7,5,spoiled
5.02,62.3,3.26,8.17,4.66,4.39,7.57,2.5,7.19,94.5,32.7,5,spoiled
5.04,62.3,3.28,8.23,4.68,4.39,7.96,2.53,7.22,94.5,32.7,5,spoiled
5.06,61.29,3.28,8.17,4.66,4.39,7.78,2.54,7.13,94.5,32.7,5,spoiled
5.1,62.82,3.28,8.26,4.66,4.45,7.93,2.54,7.19,94.7,32.7,5,spoiled
5.1,61.29,3.28,8.23,4.64,4.43,7.6,2.54,7.16,94.6,32.7,5,spoiled
5.19,61.79,3.29,8.3,4.68,4.41,8.44,2.54,7.22,94.7,32.8,5,spoiled
5.15,62.3,3.28,8.36,4.56,4.43,7.99,2.54,7.16,94.5,32.8,5,spoiled
5.1,62.82,3.29,8.43,4.52,4.41,7.78,2.51,7.19,94.6,32.8,5,spoiled
5.13,61.79,3.31,8.33,4.58,4.41,9.35,2.56,7.39,94.8,32.8,5,spoiled
5.06,62.82,3.28,8.33,4.6,4.41,8.47,2.51,7.3,94.8,32.8,5,spoiled
5.02,61.79,3.29,8.36,4.41,4.41,7.87,2.53,7.19,94.8,32.8,5,spoiled
4.95,62.3,3.28,8.36,4.39,4.37,7.84,2.54,7.19,94.7,32.8,5,spoiled
4.86,62.82,3.29,8.26,4.33,4.33,8.41,2.51,7.22,94.7,32.8,5,spoiled
4.8,62.82,3.31,8.23,4.41,4.27,8.31,2.53,7.24,94.8,32.8,5,spoiled
4.84,61.29,3.31,8.3,4.37,4.31,8.34,2.53,7.66,94.7,32.9,5,spoiled
4.8,62.3,3.28,8.26,4.31,4.39,8.58,2.5,7.19,94.8,32.8,5,spoiled
4.88,62.3,3.28,8.26,4.37,4.41,7.45,2.5,7.24,95.0,32.9,5,spoiled
4.86,61.29,3.26,8.2,4.43,4.39,7.93,2.54,7.16,95.0,32.9,5,spoiled
4.82,61.29,3.26,8.13,4.39,4.39,8.02,2.54,7.13,94.6,32.9,5,spoiled
4.82,61.29,3.29,8.2,4.35,4.45,8.68,2.54,7.19,94.7,32.9,5,spoiled
4.93,63.87,3.28,8.2,4.31,4.31,7.87,2.5,7.16,94.7,32.9,5,spoiled
4.97,61.79,3.28,8.23,4.31,4.49,8.78,2.53,7.22,94.9,32.9,5,spoiled
4.93,63.87,3.28,8.2,4.37,4.45,8.41,2.54,7.16,94.9,32.9,5,spoiled
4.93,62.82,3.28,8.26,4.29,4.51,8.12,2.56,7.22,94.9,32.9,5,spoiled
5.02,61.79,3.29,8.23,4.26,4.47,7.84,2.53,7.19,94.7,32.9,5,spoiled
5.02,62.82,3.28,8.26,4.18,4.51,8.18,2.51,7.19,94.9,33.0,5,spoiled
5.06,61.29,3.28,8.33,4.22,4.45,7.51,2.59,7.22,94.8,33.0,5,spoiled
5.1,63.34,3.28,8.23,4.15,4.51,8.38,2.53,7.19,94.8,33.0,5,spoiled
5.22,62.3,3.29,8.23,4.13,4.51,8.25,2.53,7.22,94.9,33.0,5,spoiled
5.26,61.29,3.29,8.2,4.0,4.53,7.99,2.57,7.24,94.9,33.0,5,spoiled
5.17,61.29,3.28,8.2,4.02,4.49,8.05,2.56,7.19,94.6,33.1,5,spoiled
4.99,62.82,3.29,8.2,3.98,4.57,7.99,2.56,7.19,94.6,33.1,5,spoiled
4.97,64.41,3.29,8.26,4.0,4.49,7.45,2.5,7.24,94.8,33.1,5,spoiled
5.04,61.79,3.29,8.23,4.09,4.47,8.51,2.57,7.16,94.8,33.1,5,spoiled
5.06,61.29,3.26,8.17,4.09,4.55,7.99,2.6,7.22,94.7,33.1,5,spoiled
5.15,61.29,3.26,8.23,4.07,4.51,8.05,2.53,7.16,94.8,33.1,5,spoiled
5.31,62.82,3.29,8.2,4.13,4.55,8.75,2.6,7.16,94.8,33.1,5,spoiled
5.24,61.79,3.28,8.3,4.04,4.61,8.75,2.62,7.13,94.8,33.1,5,spoiled
5.24,62.82,3.28,8.36,4.06,4.59,7.96,2.53,7.22,94.9,33.2,5,spoiled
5.38,63.34,3.28,8.39,4.11,4.57,8.31,2.56,7.19,94.9,33.2,5,spoiled
5.42,61.29,3.28,8.3,4.04,4.61,8.44,2.57,7.19,94.7,33.2,5,spoiled
5.42,61.79,3.26,8.36,3.9,4.53,8.18,2.56,7.27,95.0,33.2,5,spoiled
5.47,61.29,3.26,8.33,3.91,4.51,8.09,2.56,7.24,94.7,33.2,5,spoiled
5.52,61.79,3.26,8.36,3.83,4.51,7.99,2.57,7.24,94.7,33.3,5,spoiled
5.47,62.82,3.28,8.36,3.81,4.57,8.31,2.57,7.42,94.8,33.3,5,spoiled
5.59,62.82,3.31,8.33,3.79,4.59,8.05,2.57,7.33,94.7,33.3,5,spoiled
5.64,62.82,3.31,8.39,3.72,4.55,7.99,2.54,7.22,94.9,33.3,5,spoiled
5.59,60.31,3.28,8.23,3.64,4.49,7.9,2.54,7.19,94.7,33.3,5,spoiled
5.54,61.29,3.31,8.17,3.64,4.47,8.61,2.57,7.3,95.0,33.3,5,spoiled
5.47,61.29,3.29,8.13,3.44,4.53,8.34,2.59,7.24,94.7,33.3,5,spoiled
5.42,60.8,3.28,8.23,3.62,4.51,7.93,2.56,7.24,94.7,33.3,5,spoiled
5.47,61.29,3.28,8.23,3.62,4.49,7.54,2.59,7.16,94.8,33.3,5,spoiled
5.45,61.29,3.28,8.1,3.56,4.63,8.71,2.57,7.22,94.7,33.3,5,spoiled
5.35,61.29,3.26,8.17,3.54,4.49,8.95,2.57,7.33,94.9,33.4,5,spoiled
5.31,62.82,3.28,8.2,3.54,4.57,8.75,2.53,7.36,95.0,33.4,5,spoiled
5.28,61.29,3.28,8.23,3.57,4.63,8.18,2.63,7.27,95.2,33.4,5,spoiled
5.45,61.29,3.29,8.39,3.66,4.78,8.31,2.7,7.24,95.1,33.4,5,spoiled
5.52,61.79,3.28,8.36,3.66,4.71,8.71,2.6,7.33,95.0,33.4,5,spoiled
5.56,62.3,3.31,8.43,3.64,4.69,8.09,2.6,7.3,95.2,33.5,5,spoiled
5.54,61.79,3.28,8.36,3.61,4.61,7.65,2.57,7.45,95.2,33.5,5,spoiled
5.47,61.29,3.28,8.3,3.56,4.61,8.15,2.54,7.22,95.1,33.5,5,spoiled
5.54,62.82,3.29,8.36,3.59,4.59,7.84,2.56,7.39,95.2,33.5,5,spoiled
5.59,61.79,3.28,8.36,3.48,4.59,8.54,2.56,7.22,95.2,33.5,5,spoiled
5.49,61.79,3.31,8.36,3.48,4.65,8.18,2.59,7.39,95.1,33.5,5,spoiled
5.45,62.82,3.28,8.26,3.41,4.65,8.54,2.6,7.3,95.1,33.5,5,spoiled
5.47,61.79,3.29,8.3,3.49,4.76,8.68,2.68,7.3,95.2,33.5,5,spoiled
5.35,61.79,3.24,8.33,3.46,4.59,8.58,2.6,7.39,95.2,33.5,5,spoiled
5.4,61.79,3.28,8.36,3.49,4.61,8.68,2.65,7.42,95.3,33.5,5,spoiled
5.31,62.3,3.28,8.43,3.39,4.63,8.68,2.6,7.3,95.3,33.5,5,spoiled
5.35,62.82,3.28,8.39,3.43,4.45,8.44,2.56,7.27,95.3,33.6,5,spoiled
5.4,61.29,3.28,8.43,3.51,4.59,8.18,2.63,7.3,95.3,33.6,5,spoiled
5.24,61.79,3.29,8.46,3.48,4.57,7.99,2.6,7.3,95.3,33.6,5,spoiled
5.24,62.3,3.29,8.43,3.48,4.49,7.54,2.59,7.42,95.3,33.6,5,spoiled
5.28,62.82,3.29,8.39,3.48,4.49,7.93,2.57,7.36,95.2,33.6,5,spoiled
5.28,61.29,3.29,8.43,3.44,4.53,8.58,2.74,7.33,95.2,33.6,5,spoiled
5.45,62.82,3.33,8.46,3.46,4.61,8.15,2.67,7.3,95.1,33.6,5,spoiled
5.35,61.79,3.31,8.49,3.35,4.61,8.12,2.65,7.24,95.1,33.6,5,spoiled
5.33,61.29,3.26,8.49,3.36,4.53,8.05,2.67,7.22,95.2,33.6,5,spoiled
5.45,64.41,3.19,8.49,3.52,4.65,8.28,2.79,7.3,95.1,33.6,5,spoiled
5.59,62.3,3.4,8.6,3.51,4.8,7.96,2.74,7.39,95.1,33.6,5,spoiled
5.64,61.79,3.4,8.66,3.41,4.78,8.85,2.73,7.3,95.0,33.6,5,spoiled
5.66,61.79,3.41,8.66,3.44,4.78,8.34,2.74,7.24,95.0,33.6,5,spoiled
5.64,63.34,3.41,8.66,3.38,4.78,8.41,2.68,7.19,95.2,33.6,5,spoiled
5.52,62.3,3.4,8.6,3.35,4.63,8.92,2.68,7.45,95.1,33.6,5,spoiled
5.47,63.34,3.38,8.6,3.36,4.71,8.64,2.76,7.39,95.1,33.6,5,spoiled
5.52,62.3,3.38,8.53,3.32,4.71,8.54,2.71,7.36,95.2,33.6,5,spoiled
5.56,61.79,3.4,8.56,3.24,4.63,7.99,2.68,7.36,95.3,33.6,5,spoiled
5.59,61.29,3.38,8.49,3.21,4.51,7.65,2.65,7.3,95.3,33.6,5,spoiled
5.64,61.29,3.4,8.53,3.16,4.63,8.64,2.7,7.22,95.2,33.6,5,spoiled
5.68,62.82,3.43,8.66,3.11,4.65,8.12,2.68,7.3,95.3,33.6,5,spoiled
5.71,62.82,3.43,8.43,3.07,4.61,8.15,2.67,7.3,95.2,33.6,5,spoiled
5.54,61.29,3.4,7.91,3.05,4.73,7.87,2.68,7.27,95.3,33.6,5,spoiled
5.54,61.29,3.41,8.36,3.14,4.69,7.93,2.87,7.3,95.2,33.6,5,spoiled
5.66,61.29,3.41,8.56,3.25,4.84,8.95,2.89,7.42,94.9,33.6,5,spoiled
5.9,62.82,3.47,8.7,3.25,4.86,9.2,2.79,7.39,95.1,33.6,5,spoiled
5.85,62.3,3.14,8.7,3.13,4.84,8.81,2.74,7.39,95.0,33.6,5,spoiled
5.88,61.29,3.38,8.66,3.11,4.73,8.44,2.7,7.39,95.2,33.6,5,spoiled
5.83,62.3,3.38,8.43,3.08,4.69,8.18,2.67,7.45,94.9,33.6,5,spoiled
5.71,61.29,3.38,8.33,3.05,4.61,7.9,2.65,7.42,95.2,33.6,5,spoiled
5.71,62.82,3.38,8.3,3.07,4.61,8.12,2.65,7.39,95.0,33.6,5,spoiled
5.71,62.3,3.38,8.26,2.96,4.63,7.96,2.67,7.42,95.0,33.6,5,spoiled
5.73,60.8,3.38,8.33,2.93,4.61,8.12,2.67,7.3,95.0,33.6,5,spoiled
5.66,61.29,3.4,8.43,2.96,4.55,8.18,2.71,7.36,95.2,33.6,5,spoiled
5.64,62.3,3.41,8.49,2.93,4.65,7.84,2.7,7.3,94.9,33.6,5,spoiled
5.64,62.82,3.4,8.46,2.98,4.61,8.64,2.71,7.39,95.0,33.7,5,spoiled
5.73,62.82,3.4,8.43,2.83,4.69,8.41,2.68,7.36,95.1,33.6,5,spoiled
5.71,62.82,3.38,8.53,2.82,4.63,8.58,2.68,7.39,95.3,33.7,5,spoiled
5.76,61.29,3.4,8.56,2.86,4.69,8.78,2.76,7.51,95.1,33.6,5,spoiled
5.76,62.82,3.41,8.56,2.87,4.65,7.68,2.7,7.6,95.3,33.7,5,spoiled
5.73,61.29,3.41,8.53,2.84,4.67,8.34,2.73,7.45,95.2,33.7,5,spoiled
5.64,62.3,3.38,8.53,2.8,4.69,7.68,2.65,7.51,95.3,33.7,5,spoiled
5.59,61.29,3.36,8.53,2.74,4.63,8.09,2.67,7.45,95.4,33.8,5,spoiled
5.56,60.31,3.38,8.43,2.77,4.67,8.88,2.63,7.45,95.4,33.8,5,spoiled
5.38,62.3,3.4,8.39,2.74,4.55,8.61,2.59,7.51,95.4,33.8,5,spoiled
5.38,61.79,3.36,8.39,2.76,4.59,7.75,2.62,7.33,95.4,33.8,5,spoiled
5.33,60.31,3.33,8.39,2.73,4.53,7.65,2.6,7.39,95.4,33.8,5,spoiled
5.31,61.79,3.35,7.91,2.67,4.67,8.58,2.59,7.33,95.3,33.8,5,spoiled
5.35,60.8,3.35,8.2,2.67,4.53,7.93,2.6,7.27,95.4,33.8,5,spoiled
5.28,59.83,3.35,8.13,2.6,4.53,7.96,2.63,7.3,95.3,33.8,5,spoiled
5.26,61.79,3.33,8.13,2.59,4.47,8.02,2.6,7.33,95.3,33.8,5,spoiled
5.31,60.8,3.33,8.07,2.53,4.51,8.02,2.59,7.33,95.3,33.9,5,spoiled
5.31,60.8,3.33,8.17,2.48,4.51,7.6,2.6,7.3,95.3,33.8,5,spoiled
5.28,60.31,3.33,8.17,2.51,4.53,7.96,2.25,7.3,95.3,33.8,5,spoiled
5.26,59.35,3.33,8.1,2.46,4.51,7.93,2.59,7.3,95.3,33.8,5,spoiled
5.24,59.35,3.33,8.13,2.45,4.47,7.96,2.59,7.27,95.0,33.9,5,spoiled
5.24,60.31,3.31,7.58,2.45,4.47,8.02,2.56,7.22,94.9,33.8,5,spoiled
5.26,60.31,3.31,7.54,2.41,4.43,7.51,2.56,7.19,95.0,33.8,5,spoiled
5.22,60.31,3.31,7.85,2.34,4.45,8.15,2.57,7.1,94.9,33.8,5,spoiled
5.22,59.83,3.31,7.94,2.37,4.37,7.84,2.54,7.16,95.2,33.8,5,spoiled
5.13,59.35,3.29,7.7,2.33,4.39,8.64,2.56,7.36,95.0,33.8,5,spoiled
5.22,59.83,3.31,7.67,2.3,4.35,8.05,2.57,7.19,95.2,33.8,5,spoiled
5.31,59.83,3.33,7.91,2.23,4.49,8.54,2.57,7.27,95.3,33.9,5,spoiled
5.35,58.42,3.33,7.46,2.24,4.49,7.99,2.57,7.16,95.2,33.9,5,spoiled
5.4,59.35,3.31,7.79,2.19,4.53,8.12,2.63,7.13,95.1,33.8,5,spoiled
5.61,61.79,3.33,7.54,2.17,4.57,8.34,2.57,7.24,95.1,33.8,5,spoiled
5.54,59.83,3.33,7.91,2.09,4.55,8.31,2.57,7.19,95.2,33.9,5,spoiled
5.54,59.83,3.31,7.82,2.11,4.51,8.02,2.56,7.19,95.2,33.8,5,spoiled
5.56,60.31,3.33,7.98,2.11,4.51,8.85,2.54,7.13,95.2,33.9,5,spoiled
5.52,59.35,3.31,7.82,2.06,4.53,8.58,2.57,7.13,95.2,33.8,5,spoiled
5.66,59.35,3.31,7.91,2.02,4.53,8.61,2.57,7.13,95.2,33.8,5,spoiled
5.71,59.83,3.31,7.91,2.01,4.51,8.09,2.59,7.27,95.2,33.8,5,spoiled
5.73,60.8,3.45,8.07,2.0,4.49,8.58,2.57,7.27,95.3,33.9,5,spoiled
5.76,59.83,3.31,8.07,1.97,4.47,7.75,2.57,7.27,95.2,33.9,5,spoiled
5.68,59.83,3.29,8.1,1.94,4.49,7.99,2.5,7.24,95.3,33.9,5,spoiled
5.56,58.89,3.28,8.1,1.94,4.45,8.75,2.5,7.24,95.3,33.9,5,spoiled
5.59,58.42,3.24,8.01,1.91,4.43,8.02,2.48,7.16,95.3,33.8,5,spoiled
5.61,57.97,3.26,7.98,1.87,4.43,8.38,2.48,7.16,95.3,33.8,5,spoiled
5.61,58.42,3.24,8.01,1.86,4.55,9.31,2.48,7.13,95.3,33.8,5,spoiled
5.68,59.35,3.26,8.04,1.86,4.43,7.99,2.48,7.16,95.3,33.8,5,spoiled
5.68,58.89,3.26,8.04,1.86,4.41,7.81,2.47,7.13,95.3,33.9,5,spoiled
5.71,59.35,3.26,8.07,1.84,4.43,8.15,2.5,7.07,95.3,33.9,5,spoiled
5.59,58.42,3.26,8.07,1.81,4.41,7.75,2.45,7.07,95.3,33.9,5,spoiled
5.47,58.89,3.24,8.04,1.84,4.35,7.87,2.42,7.04,95.4,33.9,5,spoiled
5.42,58.42,3.24,7.94,1.87,4.39,8.34,2.56,6.82,95.3,33.9,5,spoiled
5.56,58.42,3.22,8.13,1.86,4.55,8.18,2.54,7.19,95.4,34.0,5,spoiled
5.78,60.31,3.26,8.2,1.89,4.53,8.54,2.5,7.27,95.5,34.0,5,spoiled
5.83,60.31,3.26,8.13,1.91,4.51,8.02,2.51,7.24,95.3,34.0,5,spoiled
5.83,59.35,3.26,8.13,1.86,4.49,7.99,2.44,7.16,95.3,34.0,5,spoiled
5.83,59.35,3.26,8.23,1.85,4.45,8.21,2.45,7.22,95.3,34.0,5,spoiled
5.8,59.35,3.22,8.23,1.83,4.43,8.12,2.47,7.24,95.3,34.0,5,spoiled
5.61,60.31,3.22,8.3,1.83,4.41,8.34,2.42,7.22,95.3,34.0,5,spoiled
5.61,59.35,3.22,8.26,1.81,4.41,7.84,2.45,7.16,95.3,34.0,5,spoiled
5.64,57.97,3.26,7.85,1.84,4.39,8.75,2.45,7.24,95.3,34.1,5,spoiled
5.59,58.89,3.22,8.17,1.81,4.39,7.9,2.39,7.1,95.3,34.1,5,spoiled
5.61,59.35,3.22,8.23,1.79,4.41,7.84,2.41,7.16,95.3,34.1,5,spoiled
5.61,58.42,3.22,8.2,1.81,4.37,8.47,2.44,7.19,95.3,34.1,5,spoiled
5.59,58.42,3.22,7.88,1.8,4.35,7.84,2.45,7.22,95.3,34.1,5,spoiled
5.52,57.97,3.22,7.91,1.76,4.37,7.78,2.42,7.22,95.3,34.1,5,spoiled
5.49,57.52,3.22,7.82,1.74,4.39,8.41,2.44,7.27,95.3,34.1,5,spoiled
5.54,58.89,3.22,7.98,1.77,4.33,7.71,2.41,7.13,95.3,34.1,5,spoiled
5.52,59.35,3.21,8.07,1.76,4.35,7.87,2.41,7.1,95.3,34.2,5,spoiled
5.42,57.52,3.21,8.1,1.74,4.35,7.93,2.41,7.19,95.3,34.2,5,spoiled
5.49,59.35,3.19,8.04,1.76,4.31,7.99,2.41,7.16,95.3,34.2,5,spoiled
5.59,57.52,3.19,7.85,1.74,4.33,7.96,2.44,7.07,95.3,34.2,5,spoiled
5.54,58.89,3.19,7.79,1.71,4.37,8.71,2.41,7.01,95.3,34.2,5,spoiled
5.59,59.35,3.21,7.91,1.7,4.35,7.81,2.38,7.07,95.3,34.2,5,spoiled
5.49,58.89,3.21,7.91,1.72,4.35,7.68,2.39,7.1,95.4,34.2,5,spoiled
5.42,58.89,3.21,7.91,1.7,4.31,7.57,2.38,7.13,95.3,34.2,5,spoiled
5.31,57.97,3.17,7.85,1.71,4.29,8.02,2.42,7.04,95.4,34.2,5,spoiled
5.35,58.42,3.21,7.88,1.71,4.29,8.21,2.39,7.07,95.4,34.3,5,spoiled
5.35,57.52,3.17,7.79,1.68,4.35,7.45,2.39,7.01,95.4,34.3,5,spoiled
5.45,58.42,3.19,7.98,1.68,4.33,7.65,2.41,7.01,95.4,34.3,5,spoiled
5.52,57.97,3.21,7.88,1.68,4.37,8.54,2.51,7.1,95.3,34.4,5,spoiled
5.45,59.35,3.17,7.85,1.68,4.39,8.09,2.45,7.07,95.4,34.3,5,spoiled
5.56,58.42,3.22,7.91,1.7,4.41,8.44,2.42,7.1,95.4,34.4,5,spoiled
5.64,57.97,3.22,7.98,1.7,4.35,8.44,2.39,7.13,95.5,34.4,5,spoiled
5.64,57.97,3.19,7.98,1.67,4.35,8.38,2.45,7.16,95.5,34.4,5,spoiled
5.68,59.83,3.22,7.94,1.67,4.37,7.84,2.42,7.1,95.4,34.5,5,spoiled
5.66,58.89,3.21,7.98,1.67,4.39,7.75,2.39,7.1,95.4,34.5,5,spoiled
5.64,57.97,3.19,8.01,1.65,4.41,7.99,2.42,7.16,95.4,34.5,5,spoiled
5.8,58.89,3.22,7.98,1.66,4.37,7.75,2.44,7.1,95.4,34.5,5,spoiled
5.76,57.52,3.21,7.94,1.64,4.41,7.75,2.47,7.22,95.4,34.5,5,spoiled
5.64,58.42,3.21,8.01,1.6,4.43,8.28,2.42,7.07,95.4,34.5,5,spoiled
5.56,58.89,3.22,8.01,1.62,4.41,8.88,2.42,7.19,95.4,34.5,5,spoiled
5.56,58.89,3.22,8.04,1.63,4.41,8.05,2.39,7.22,95.4,34.6,5,spoiled
5.54,57.52,3.22,8.04,1.63,4.41,7.93,2.45,7.13,95.5,34.6,5,spoiled
5.56,57.97,3.21,8.07,1.6,4.41,8.47,2.41,7.22,95.4,34.6,5,spoiled
5.61,57.97,3.21,8.07,1.6,4.43,8.18,2.41,7.22,95.5,34.7,5,spoiled
5.68,58.42,3.22,8.04,1.6,4.41,8.28,2.5,7.13,95.4,34.7,5,spoiled
5.76,58.42,3.24,8.04,1.6,4.43,8.18,2.42,7.16,95.4,34.7,5,spoiled
5.68,59.83,3.22,8.04,1.59,4.33,7.62,2.42,7.22,95.4,34.7,5,spoiled
5.64,58.42,3.24,8.01,1.62,4.37,8.28,2.41,7.22,95.4,34.7,5,spoiled
5.68,58.89,3.24,8.07,1.62,4.33,8.02,2.42,7.24,95.4,34.7,5,spoiled
5.66,57.97,3.21,8.01,1.59,4.29,8.61,2.44,7.22,95.4,34.7,5,spoiled
5.64,58.42,3.21,8.04,1.59,4.21,8.21,2.44,7.24,95.4,34.8,5,spoiled
5.71,58.89,3.22,8.07,1.59,4.31,8.05,2.45,7.16,95.4,34.8,5,spoiled
5.66,57.97,3.21,8.04,1.59,4.33,8.99,2.44,7.22,95.4,34.8,5,spoiled
5.66,57.52,3.24,8.1,1.58,4.43,8.18,2.45,7.22,95.4,34.8,5,spoiled
5.76,58.42,3.24,8.04,1.58,4.37,8.18,2.41,7.24,95.4,34.8,5,spoiled
5.76,58.42,3.22,7.94,1.59,4.29,8.99,2.41,7.3,95.3,34.8,5,spoiled
5.71,57.52,3.22,7.88,1.59,4.35,8.58,2.44,7.24,95.3,34.8,5,spoiled
5.68,57.97,3.21,8.01,1.57,4.25,7.6,2.44,7.24,95.3,34.8,5,spoiled
5.66,57.52,3.22,7.98,1.56,4.29,7.84,2.39,7.19,95.3,34.8,5,spoiled
5.59,57.97,3.22,8.01,1.58,4.23,7.65,2.39,7.19,95.3,34.9,5,spoiled
5.47,58.89,3.19,8.01,1.58,4.21,8.95,2.42,7.22,95.3,34.9,5,spoiled
5.38,57.52,3.19,8.01,1.56,4.21,7.93,2.36,6.96,95.3,34.9,5,spoiled
5.42,57.97,3.21,7.94,1.58,4.17,8.41,2.44,7.01,95.3,34.9,5,spoiled
5.38,57.97,3.19,7.79,1.57,4.17,8.44,2.41,7.13,95.3,34.9,5,spoiled
5.52,58.42,3.22,7.88,1.56,4.27,8.58,2.42,7.07,95.3,34.9,5,spoiled
5.52,57.07,3.21,7.91,1.56,4.31,8.02,2.48,7.04,95.3,34.9,5,spoiled
5.59,58.89,3.22,7.88,1.58,4.29,8.15,2.45,7.16,95.3,34.9,5,spoiled
5.59,57.52,3.21,7.94,1.54,4.35,8.09,2.38,7.07,95.4,35.0,5,spoiled
5.61,58.89,3.17,7.91,1.56,4.23,8.54,2.36,7.13,95.4,35.0,5,spoiled
5.76,57.52,3.22,7.94,1.58,4.23,7.78,2.42,7.1,95.4,35.0,5,spoiled
5.8,58.42,3.21,7.85,1.56,4.25,8.68,2.41,7.19,95.3,35.0,5,spoiled
5.76,57.97,3.22,7.98,1.55,4.27,7.96,2.44,7.19,95.3,35.0,5,spoiled
5.68,58.89,3.24,8.01,1.58,4.27,8.02,2.47,7.16,95.3,35.1,5,spoiled
5.68,56.64,3.22,8.07,1.55,4.43,9.28,2.48,7.1,95.3,35.0,5,spoiled
5.68,58.89,3.22,8.01,1.57,4.29,8.41,2.45,7.19,95.4,35.1,5,spoiled
5.73,58.89,3.22,7.85,1.57,4.37,9.28,2.44,7.16,95.4,35.1,5,spoiled
5.68,57.52,3.22,8.01,1.57,4.39,8.75,2.45,7.13,95.4,35.1,5,spoiled
5.66,57.52,3.22,8.13,1.52,4.57,8.64,2.5,7.16,95.4,35.1,5,spoiled
5.68,58.89,3.24,8.01,1.55,4.41,8.58,2.44,7.16,95.4,35.1,5,spoiled
5.66,57.97,3.24,8.01,1.55,4.41,8.58,2.44,7.19,95.4,35.1,5,spoiled
5.71,58.42,3.24,8.01,1.59,4.41,8.28,2.5,7.16,95.4,35.1,5,spoiled
5.95,57.52,3.28,7.98,1.59,4.45,9.06,2.45,7.19,95.4,35.2,5,spoiled
5.76,58.42,3.28,8.07,1.57,4.43,8.31,2.47,7.24,95.4,35.2,5,spoiled
5.64,58.42,3.35,8.23,1.6,4.41,9.28,2.48,7.22,95.4,35.2,5,spoiled
5.71,57.52,3.22,8.07,1.58,4.45,8.61,2.41,7.22,95.3,35.2,5,spoiled
5.76,57.52,3.26,8.04,1.62,4.49,9.24,2.48,7.22,95.4,35.2,5,spoiled
5.83,58.89,3.26,8.01,1.62,4.47,8.78,2.5,7.27,95.3,35.2,5,spoiled
5.8,60.8,3.28,8.07,1.58,4.43,9.02,2.51,7.22,95.4,35.2,5,spoiled
5.73,58.42,3.26,8.13,1.59,4.55,9.69,2.51,7.24,95.4,35.2,5,spoiled
5.85,59.83,3.24,8.1,1.59,4.53,9.69,2.53,7.27,95.3,35.2,5,spoiled
5.88,59.83,3.26,8.01,1.59,4.47,8.85,2.48,7.27,95.4,35.3,5,spoiled
5.95,59.35,3.26,7.98,1.6,4.45,9.73,2.51,7.22,95.4,35.3,5,spoiled
6.03,59.35,3.28,8.04,1.59,4.57,8.81,2.48,7.19,95.2,35.3,5,spoiled
5.88,58.42,3.24,7.98,1.57,4.49,8.64,2.48,7.16,95.2,35.3,5,spoiled
6.03,58.42,3.24,8.01,1.55,4.45,8.95,2.48,7.19,95.3,35.3,5,spoiled
6.05,58.42,3.26,7.91,1.58,4.39,8.81,2.48,7.22,95.3,35.3,5,spoiled
5.93,59.83,3.24,8.01,1.57,4.49,8.92,2.56,7.27,95.1,35.3,5,spoiled
6.26,58.42,3.28,8.04,1.58,4.78,9.28,2.63,7.27,95.0,35.3,5,spoiled
6.26,59.83,3.24,8.1,1.51,4.59,9.65,2.44,7.22,94.8,35.3,5,spoiled
6.05,58.42,3.22,8.04,1.58,4.35,8.54,2.38,7.27,94.9,35.3,5,spoiled
6.0,57.97,3.22,7.91,1.55,4.31,8.78,2.44,7.27,95.0,35.4,5,spoiled
5.88,59.35,3.21,7.91,1.57,4.33,8.64,2.59,7.24,95.2,35.4,5,spoiled
5.93,58.89,3.24,8.04,1.6,4.61,9.81,2.62,7.16,94.8,35.3,5,spoiled
6.1,59.83,3.26,8.13,1.59,4.57,8.64,2.47,7.3,95.0,35.3,5,spoiled
6.13,57.97,3.26,8.01,1.62,4.59,8.61,2.48,7.19,94.9,35.4,5,spoiled
6.03,59.83,3.26,7.98,1.57,4.41,9.06,2.44,7.33,95.0,35.3,5,spoiled
6.03,57.97,3.26,8.07,1.59,4.02,10.79,2.47,7.3,95.2,35.4,5,spoiled
5.9,57.97,3.22,8.04,1.58,4.31,9.13,2.42,7.19,95.1,35.4,5,spoiled
5.88,57.52,3.24,8.1,1.58,4.33,8.38,2.42,7.19,95.2,35.4,5,spoiled
5.8,59.83,3.24,8.04,1.55,4.29,8.68,2.47,7.36,95.1,35.4,5,spoiled
5.8,58.89,3.24,8.07,1.56,4.41,9.1,2.53,7.24,95.0,35.4,5,spoiled
5.83,58.89,3.24,8.1,1.57,4.53,8.88,2.54,7.33,94.9,35.4,5,spoiled
6.05,57.52,3.41,8.07,1.57,4.59,8.85,2.57,7.22,94.9,35.4,5,spoiled
6.21,57.52,3.26,8.07,1.56,4.55,9.35,2.51,7.36,95.1,35.4,5,spoiled
6.13,58.89,3.22,8.04,1.51,4.49,9.58,2.5,7.42,95.3,35.4,5,spoiled
6.15,57.52,3.24,7.94,1.56,4.67,9.54,2.6,7.3,95.0,35.5,5,spoiled
6.08,59.35,3.21,8.04,1.51,4.51,9.17,2.41,7.39,95.1,35.4,5,spoiled
6.03,57.52,3.22,8.01,1.57,4.37,9.13,2.51,7.27,95.1,35.5,5,spoiled
5.98,57.97,3.21,7.98,1.54,4.41,9.35,2.41,7.3,95.1,35.5,5,spoiled
5.95,57.97,3.21,8.01,1.51,4.29,8.71,2.39,7.36,95.1,35.5,5,spoiled
5.9,57.97,3.21,7.98,1.52,4.31,8.75,2.39,7.33,95.2,35.5,5,spoiled
5.88,58.42,3.19,7.98,1.54,4.39,9.06,2.44,7.39,95.1,35.5,5,spoiled
5.76,59.83,3.22,7.94,1.51,4.35,8.68,2.39,7.36,94.9,35.5,5,spoiled
5.66,57.52,3.21,8.01,1.49,4.21,9.35,2.35,7.39,95.3,35.5,5,spoiled
5.71,57.97,3.26,8.01,1.56,4.33,9.31,2.44,7.36,95.0,35.5,5,spoiled
5.68,58.42,3.26,8.04,1.55,4.33,8.88,2.54,7.33,95.0,35.5,5,spoiled
5.76,58.89,3.24,8.01,1.51,4.39,9.69,2.48,7.33,95.0,35.5,5,spoiled
5.8,58.89,3.26,7.98,1.51,4.41,9.28,2.62,7.36,95.2,35.5,5,spoiled
5.93,58.89,3.26,8.01,1.51,4.49,8.44,2.48,7.33,95.0,35.5,5,spoiled
5.9,57.97,3.36,8.53,1.52,4.37,8.71,2.51,7.3,95.1,35.5,5,spoiled
6.13,57.52,3.28,8.01,1.54,4.51,8.95,2.67,7.33,95.1,35.5,5,spoiled
6.26,58.89,3.28,8.1,1.49,4.55,8.64,2.53,7.45,94.9,35.5,5,spoiled
6.28,58.42,3.28,8.07,1.49,4.47,9.77,2.51,7.39,95.1,35.6,5,spoiled
6.23,57.52,3.26,8.01,1.5,4.41,8.75,2.54,7.42,95.2,35.6,5,spoiled
6.21,58.42,3.24,8.01,1.5,4.37,8.81,2.53,7.48,95.2,35.6,5,spoiled
6.23,56.64,3.26,7.94,1.5,4.37,8.61,2.47,7.36,95.2,35.6,5,spoiled
6.13,57.97,3.28,8.01,1.48,4.41,8.68,2.5,7.42,95.2,35.6,5,spoiled
5.98,56.64,3.26,7.98,1.47,4.23,8.81,2.36,7.39,95.2,35.6,5,spoiled
5.8,57.52,3.22,8.01,1.48,4.13,8.44,2.36,7.36,95.2,35.6,5,spoiled
5.73,57.97,3.21,7.98,1.47,4.19,8.38,2.44,7.36,95.2,35.6,5,spoiled
5.71,57.52,3.24,7.98,1.47,4.19,8.44,2.42,7.27,95.2,35.6,5,spoiled
5.68,58.42,3.22,7.98,1.48,4.15,8.81,2.39,7.33,95.2,35.6,5,spoiled
5.64,57.52,3.21,7.88,1.49,4.13,8.31,2.38,7.19,95.2,35.6,5,spoiled
5.73,57.52,3.24,7.98,1.46,4.17,8.44,2.39,7.33,95.3,35.7,5,spoiled
5.73,57.52,3.22,7.88,1.46,4.15,9.2,2.42,7.36,95.2,35.6,5,spoiled
5.73,56.2,3.26,7.85,1.46,4.17,8.41,2.44,7.3,95.2,35.7,5,spoiled
5.76,55.78,3.22,8.01,1.47,4.17,8.41,2.36,7.1,95.2,35.6,5,spoiled
5.61,57.97,3.21,7.85,1.46,4.13,9.39,2.38,7.27,95.2,35.7,5,spoiled
5.59,57.07,3.22,7.88,1.47,4.12,8.28,2.35,7.24,95.2,35.7,5,spoiled
5.56,57.07,3.21,7.91,1.46,4.1,8.38,2.39,7.3,95.2,35.6,5,spoiled
5.59,56.64,3.21,7.88,1.46,4.13,8.09,2.39,7.3,95.2,35.7,5,spoiled
5.52,57.52,3.22,7.85,1.47,4.15,8.21,2.39,7.24,95.2,35.7,5,spoiled
5.66,56.2,3.22,8.1,1.45,4.15,8.02,2.39,7.24,95.2,35.7,5,spoiled
5.71,58.42,3.24,7.94,1.46,4.15,8.25,2.38,7.33,95.2,35.7,5,spoiled
5.78,57.07,3.24,7.88,1.47,4.25,8.58,2.45,7.24,95.2,35.7,5,spoiled
5.85,57.07,3.24,7.94,1.47,4.27,9.06,2.42,7.27,95.1,35.7,5,spoiled
5.83,56.64,3.26,7.67,1.45,4.25,9.02,2.45,7.24,95.1,35.7,5,spoiled
5.76,55.78,3.22,7.73,1.45,4.21,8.75,2.36,7.27,95.2,35.8,5,spoiled
5.68,57.07,3.22,7.88,1.43,4.17,8.41,2.41,7.3,95.1,35.7,5,spoiled
5.73,57.07,3.26,8.01,1.42,4.23,8.09,2.41,7.27,95.1,35.8,5,spoiled
5.73,57.97,3.24,7.88,1.45,4.17,9.43,2.36,7.27,95.2,35.8,5,spoiled
5.56,58.42,3.22,7.91,1.45,4.12,9.06,2.31,7.27,95.2,35.7,5,spoiled
5.52,57.52,3.22,7.85,1.46,4.1,8.38,2.39,7.16,95.1,35.7,5,spoiled
5.56,57.07,3.24,7.79,1.42,4.15,9.54,2.38,7.19,95.1,35.7,5,spoiled
5.59,57.07,3.24,7.91,1.45,4.15,8.47,2.38,7.22,95.2,35.8,5,spoiled
5.52,57.07,3.22,7.94,1.43,4.15,9.65,2.42,7.16,95.1,35.8,5,spoiled
5.52,57.52,3.22,8.04,1.42,4.17,8.15,2.38,7.19,95.2,35.8,5,spoiled
5.52,58.89,3.22,7.85,1.45,4.12,8.99,2.34,7.19,95.2,35.8,5,spoiled
5.54,56.64,3.24,7.79,1.42,4.08,8.31,2.39,7.24,95.2,35.8,5,spoiled
5.54,57.52,3.24,7.79,1.43,4.17,8.47,2.35,7.19,95.2,35.8,5,spoiled
5.59,56.64,3.24,7.73,1.45,4.12,8.85,2.38,7.19,95.2,35.8,5,spoiled
5.49,57.52,3.22,7.73,1.45,4.1,9.39,2.39,7.24,95.1,35.8,5,spoiled
5.56,56.64,3.24,7.79,1.42,4.21,8.81,2.42,7.27,95.1,35.8,5,spoiled
5.64,57.07,3.22,7.79,1.43,4.19,9.73,2.38,7.27,95.1,35.8,5,spoiled
5.59,58.42,3.24,7.82,1.45,4.13,9.5,2.38,7.24,95.2,35.9,5,spoiled
5.66,56.64,3.26,7.91,1.42,4.13,8.81,2.36,7.19,95.2,35.9,5,spoiled
5.78,57.07,3.26,7.88,1.45,4.12,8.64,2.36,7.27,95.2,35.9,5,spoiled
5.78,55.78,3.24,7.88,1.42,4.12,8.34,2.41,7.33,95.1,35.9,5,spoiled
5.78,56.64,3.22,7.88,1.45,4.12,9.28,2.39,7.24,95.1,35.9,5,spoiled
5.88,56.64,3.26,7.91,1.42,4.15,8.21,2.44,7.3,95.1,35.9,5,spoiled
5.78,57.07,3.22,7.82,1.43,4.15,8.51,2.53,7.3,95.1,35.9,5,spoiled
5.85,56.64,3.26,7.88,1.45,4.25,8.78,2.45,7.27,95.0,35.9,5,spoiled
5.93,56.2,3.26,7.98,1.46,4.25,8.54,2.47,7.33,95.1,35.9,5,spoiled
6.0,56.64,3.26,8.01,1.46,4.25,9.73,2.44,7.42,95.2,36.0,5,spoiled
6.13,56.2,3.26,8.01,1.45,4.25,8.71,2.45,7.27,95.2,36.0,5,spoiled
6.1,57.07,3.28,7.98,1.45,4.29,8.75,2.47,7.33,95.2,36.0,5,spoiled
6.08,57.07,3.22,8.04,1.41,4.15,8.54,2.36,7.22,94.9,36.0,5,spoiled
6.05,56.2,3.26,8.07,1.43,4.12,8.64,2.38,7.39,95.1,36.0,5,spoiled
5.98,55.78,3.26,7.94,1.42,4.06,9.46,2.34,7.3,95.1,36.0,5,spoiled
5.95,56.64,3.22,7.82,1.46,4.04,8.21,2.39,7.27,95.1,36.0,5,spoiled
5.85,54.94,3.24,7.82,1.46,4.06,8.61,2.35,7.36,95.0,36.0,5,spoiled
5.8,54.53,3.24,7.88,1.46,4.06,9.06,2.38,7.36,95.1,36.1,5,spoiled
5.76,56.2,3.21,7.85,1.45,4.06,9.28,2.44,7.39,95.0,36.0,5,spoiled
5.78,55.78,3.24,7.98,1.45,4.1,8.71,2.45,7.42,95.1,36.0,5,spoiled
5.76,56.2,3.22,7.94,1.47,4.12,9.61,2.45,7.39,94.8,36.0,5,spoiled
5.8,56.2,3.24,8.01,1.45,4.21,8.99,2.45,7.42,94.9,36.0,5,spoiled
5.9,57.07,3.22,8.04,1.45,4.15,8.64,2.38,7.45,95.0,36.1,5,spoiled
5.64,55.78,3.21,7.73,1.42,4.15,9.54,2.35,7.45,95.1,36.1,5,spoiled
5.54,56.64,3.19,7.98,1.45,4.0,8.41,2.32,7.33,95.0,36.2,5,spoiled
5.52,56.2,3.21,7.98,1.46,4.0,7.93,2.39,7.36,95.0,36.1,5,spoiled
5.47,55.78,3.19,7.94,1.43,3.98,8.81,2.36,7.36,94.9,36.2,5,spoiled
5.56,55.78,3.22,7.88,1.48,4.0,9.24,2.42,7.39,95.0,36.2,5,spoiled
5.59,56.64,3.22,7.91,1.43,4.04,8.78,2.38,7.27,95.0,36.2,5,spoiled
5.66,55.78,3.22,7.94,1.45,4.04,8.58,2.41,7.3,95.1,36.2,5,spoiled
5.78,54.94,3.24,7.91,1.45,4.06,8.99,2.35,7.3,95.0,36.2,5,spoiled
5.83,54.94,3.24,7.88,1.46,4.04,9.13,2.36,7.3,95.0,36.2,5,spoiled
5.73,56.64,3.21,7.85,1.43,3.98,8.54,2.42,7.42,95.0,36.2,5,spoiled
5.73,56.2,3.21,7.73,1.45,4.02,8.34,2.38,7.66,94.9,36.2,5,spoiled
5.73,54.94,3.21,7.79,1.47,4.0,8.25,2.38,7.13,95.0,36.3,5,spoiled
5.83,54.12,3.22,7.79,1.45,4.02,8.85,2.35,7.27,95.0,36.3,5,spoiled
5.88,55.78,3.22,7.76,1.43,4.12,8.95,2.47,6.96,95.0,36.3,5,spoiled
5.98,55.35,3.26,7.85,1.45,4.15,9.02,2.42,7.04,94.9,36.3,5,spoiled
5.98,54.94,3.24,7.85,1.42,4.06,9.31,2.35,7.22,95.0,36.3,5,spoiled
6.05,55.78,3.24,7.85,1.45,4.04,9.13,2.39,7.13,94.9,36.3,5,spoiled
5.98,56.2,3.22,7.79,1.43,4.0,8.51,2.36,7.22,94.9,36.4,5,spoiled
5.98,56.2,3.21,7.88,1.43,3.98,8.78,2.48,6.9,94.9,36.4,5,spoiled
5.95,54.53,3.24,7.88,1.42,4.12,8.15,2.44,6.87,94.8,36.5,5,spoiled
5.98,54.94,3.24,7.94,1.42,4.06,8.58,2.41,6.85,94.6,36.6,5,spoiled
5.98,55.78,3.22,7.91,1.43,4.0,8.51,2.38,6.79,94.5,37.0,5,spoiled
6.05,54.53,3.24,8.04,1.45,4.06,9.31,2.41,6.87,93.9,37.5,5,spoiled
6.1,54.94,3.26,7.98,1.42,4.1,9.5,2.44,6.82,93.2,38.1,5,spoiled
6.03,54.94,3.21,7.94,1.43,4.0,8.58,2.57,6.85,92.5,38.7,5,spoiled
5.8,56.2,3.22,8.01,1.41,4.17,8.68,2.47,6.93,91.7,39.3,5,spoiled
6.1,54.94,3.22,8.07,1.45,4.13,8.41,2.45,6.99,90.7,39.6,5,spoiled
6.26,56.2,3.22,8.04,1.43,4.17,9.35,2.41,7.01,90.9,39.8,5,spoiled
6.39,54.94,3.26,8.07,1.45,4.19,9.88,2.44,7.01,90.8,39.8,5,spoiled
6.28,54.12,3.22,8.04,1.43,4.15,8.75,2.48,7.04,90.9,39.7,5,spoiled
6.41,56.2,3.24,8.1,1.41,4.19,8.64,2.44,7.1,90.6,39.5,5,spoiled
6.31,54.12,3.26,7.94,1.43,4.25,8.71,2.42,7.01,91.2,39.3,5,spoiled
6.23,54.12,3.26,8.04,1.42,4.19,9.77,2.44,7.01,91.4,39.1,5,spoiled
6.13,55.35,3.38,7.98,1.42,4.27,8.75,2.65,7.13,91.7,38.9,5,spoiled
6.33,54.94,3.26,7.98,1.43,4.31,8.88,2.5,7.1,90.8,38.7,5,spoiled
6.33,54.94,3.26,8.13,1.41,4.19,8.38,2.44,7.27,91.4,38.6,5,spoiled
6.33,56.2,3.26,8.1,1.42,4.17,8.61,2.48,7.1,91.8,38.4,5,spoiled
6.15,56.2,3.24,7.98,1.43,4.13,10.0,2.41,7.22,92.1,38.3,5,spoiled
6.18,55.35,3.26,8.04,1.42,4.12,9.61,2.36,6.82,92.3,38.3,5,spoiled
6.03,54.12,3.24,7.91,1.43,4.02,9.61,2.36,6.93,92.5,38.2,5,spoiled
5.95,55.35,3.26,7.91,1.42,4.06,8.41,2.48,6.99,92.6,38.1,5,spoiled
5.98,55.78,3.24,7.98,1.42,4.08,9.92,2.38,6.96,92.7,38.0,5,spoiled
5.78,56.2,3.22,7.91,1.43,4.02,8.34,2.45,6.93,92.8,37.9,5,spoiled
5.8,55.35,3.22,7.88,1.43,4.0,9.46,2.36,6.96,92.8,37.9,5,spoiled
5.78,55.35,3.24,8.07,1.4,4.02,8.44,2.34,6.96,93.0,37.8,5,spoiled
5.71,54.12,3.21,7.82,1.43,3.93,8.02,2.32,6.93,93.1,37.8,5,spoiled
5.71,55.35,3.22,8.01,1.41,3.91,9.39,2.32,6.96,93.1,37.8,5,spoiled
5.73,54.94,3.22,7.98,1.42,3.95,8.95,2.35,6.87,93.1,37.7,5,spoiled
5.76,53.72,3.22,7.94,1.41,3.98,9.81,2.45,6.79,93.1,37.7,5,spoiled
5.78,54.12,3.24,8.04,1.41,4.12,8.61,2.39,6.96,93.2,37.7,5,spoiled
5.95,54.53,3.26,8.04,1.42,4.1,8.58,2.41,6.96,93.3,37.6,5,spoiled
5.98,55.35,3.24,8.01,1.41,4.13,9.81,2.54,6.99,93.3,37.6,5,spoiled
6.03,54.94,3.22,8.01,1.41,4.19,9.73,2.42,7.07,93.1,37.6,5,spoiled
6.13,55.35,3.24,7.94,1.43,4.19,8.88,2.56,7.07,93.2,37.5,5,spoiled
6.26,55.35,3.26,7.98,1.35,4.33,10.79,2.41,7.07,93.1,37.5,5,spoiled
6.26,55.35,3.22,8.01,1.4,4.15,9.17,2.42,7.19,93.3,37.5,5,spoiled
6.33,55.35,3.26,7.94,1.42,4.1,8.68,2.42,7.16,93.4,37.4,5,spoiled
6.15,54.94,3.22,7.85,1.41,3.96,8.31,2.32,7.13,93.5,37.4,5,spoiled
6.03,54.53,3.21,7.94,1.41,3.87,8.47,2.29,7.07,93.5,37.4,5,spoiled
5.88,54.12,3.22,7.88,1.4,3.89,9.58,2.34,7.01,93.5,37.4,5,spoiled
5.78,53.72,3.21,7.85,1.42,3.93,7.99,2.36,6.96,93.6,37.3,5,spoiled
5.85,53.33,3.24,7.94,1.4,3.98,8.41,2.32,6.96,93.6,37.3,5,spoiled
5.78,54.53,3.17,7.91,1.41,3.91,9.58,2.31,6.96,93.6,37.3,5,spoiled
5.71,53.72,3.21,7.79,1.43,3.91,9.17,2.34,6.93,93.6,37.3,5,spoiled
5.78,53.72,3.22,7.73,1.43,3.93,9.02,2.34,6.93,93.7,37.3,5,spoiled
5.85,54.53,3.21,7.79,1.42,3.93,9.28,2.42,6.9,93.7,37.3,5,spoiled
5.76,53.72,3.19,7.82,1.42,3.87,8.71,2.47,6.85,93.8,37.3,5,spoiled
5.71,54.94,3.17,7.82,1.41,3.85,8.58,2.38,6.82,93.7,37.2,5,spoiled
5.61,53.33,3.22,7.52,1.42,3.91,8.78,2.34,6.79,93.8,37.2,5,spoiled
5.68,53.33,3.22,7.67,1.42,3.91,8.21,2.32,6.82,93.8,37.2,5,spoiled
5.71,54.12,3.33,7.7,1.41,3.91,8.71,2.38,6.85,93.8,37.2,5,spoiled
5.78,53.72,3.21,7.73,1.41,3.93,8.75,2.38,6.79,93.8,37.2,5,spoiled
5.8,53.33,3.19,7.64,1.42,3.98,9.61,2.41,6.76,93.8,37.3,5,spoiled
5.85,54.94,3.21,7.73,1.41,3.96,9.81,2.39,6.85,93.8,37.4,5,spoiled
5.93,55.35,3.19,7.79,1.41,3.98,9.46,2.39,6.85,93.6,37.4,5,spoiled
5.8,54.53,3.21,7.79,1.39,3.91,9.69,2.71,6.82,93.5,37.6,5,spoiled
5.78,54.12,3.21,7.76,1.4,3.85,8.09,2.32,6.79,93.3,37.8,5,spoiled
5.8,53.33,3.19,7.76,1.42,3.84,9.73,2.29,6.79,93.0,38.0,5,spoiled
5.64,53.72,3.19,7.79,1.43,3.8,9.43,2.31,6.76,92.8,38.2,5,spoiled
5.73,52.55,3.21,7.85,1.42,3.84,8.78,2.34,6.76,92.6,38.3,5,spoiled
5.73,51.79,3.17,7.7,1.43,3.84,8.05,2.31,6.74,92.5,38.4,5,spoiled
5.8,52.94,3.22,7.82,1.4,3.82,8.58,2.31,6.82,92.6,38.4,5,spoiled
5.71,52.55,3.19,7.76,1.41,3.78,8.54,2.34,6.76,92.6,38.4,5,spoiled
5.68,52.55,3.17,7.7,1.41,3.78,8.61,2.34,6.71,92.6,38.4,5,spoiled
5.73,52.55,3.21,7.91,1.4,3.82,8.51,2.31,6.68,92.7,38.4,5,spoiled
5.64,51.79,3.17,7.88,1.43,3.82,8.12,2.31,6.71,92.7,38.3,5,spoiled
5.64,53.33,3.21,7.85,1.42,3.84,9.1,2.31,6.76,92.9,38.3,5,spoiled
5.64,52.55,3.21,7.94,1.4,3.84,8.44,2.32,6.82,92.9,38.2,5,spoiled
5.64,51.42,3.17,7.88,1.43,3.82,8.51,2.31,6.79,93.0,38.2,5,spoiled
5.76,51.42,3.21,7.98,1.4,3.8,9.31,2.28,6.93,93.1,38.2,5,spoiled
5.71,53.72,3.21,7.82,1.4,3.76,9.02,2.29,6.85,93.1,38.1,5,spoiled
5.66,51.79,3.19,7.82,1.4,3.8,9.24,2.29,6.74,93.2,38.1,5,spoiled
5.68,52.17,3.21,7.94,1.4,3.78,9.39,2.28,6.82,93.2,38.1,5,spoiled
5.56,52.55,3.16,7.91,1.42,3.74,8.41,2.28,6.76,93.2,38.0,5,spoiled
5.56,51.79,3.19,7.94,1.41,3.76,8.41,2.26,6.82,93.3,38.0,5,spoiled
5.59,52.17,3.19,7.82,1.42,3.8,8.25,2.31,6.71,93.4,38.0,5,spoiled
5.52,51.79,3.19,7.73,1.43,3.76,8.28,2.28,6.79,93.5,37.9,5,spoiled
5.59,52.17,3.19,7.91,1.42,3.76,8.09,2.29,6.82,93.4,37.9,5,spoiled
5.54,52.94,3.16,7.88,1.39,3.74,9.43,2.29,6.87,93.5,37.9,5,spoiled
5.61,52.94,3.17,7.79,1.39,3.74,8.34,2.31,6.79,93.4,37.9,5,spoiled
5.66,52.94,3.19,7.73,1.42,3.76,9.2,2.25,6.76,93.5,37.8,5,spoiled
5.59,51.05,3.17,7.82,1.41,3.73,9.17,2.29,6.79,93.5,37.8,5,spoiled
5.59,51.79,3.19,7.7,1.39,3.82,8.15,2.31,6.76,93.6,37.8,5,spoiled
5.64,52.17,3.17,7.61,1.42,3.76,8.31,2.31,6.79,93.6,37.8,5,spoiled
5.71,52.94,3.17,7.54,1.43,3.82,8.15,2.34,6.85,93.6,37.7,5,spoiled
5.73,51.42,3.19,7.49,1.4,3.8,8.31,2.29,6.93,93.7,37.7,5,spoiled
5.71,51.79,3.21,7.49,1.4,3.8,7.75,2.29,6.85,93.8,37.7,5,spoiled
5.54,52.94,3.17,7.46,1.43,3.73,8.54,2.25,6.74,93.8,37.6,5,spoiled
5.47,51.79,3.17,7.4,1.41,3.71,7.96,2.26,6.76,93.8,37.6,5,spoiled
5.47,51.42,3.19,7.46,1.4,3.76,8.44,2.26,6.71,93.9,37.6,5,spoiled
5.42,52.17,3.19,7.46,1.41,3.71,8.75,2.23,6.71,93.9,37.5,5,spoiled
5.31,52.17,3.19,7.58,1.42,3.71,8.25,2.25,6.71,93.9,37.5,5,spoiled
5.42,52.17,3.19,7.64,1.42,3.71,8.99,2.25,6.71,94.0,37.5,5,spoiled
5.42,53.33,3.19,7.43,1.42,3.71,8.12,2.26,6.68,94.0,37.5,5,spoiled
5.38,51.79,3.17,7.54,1.41,3.76,8.92,2.26,6.65,94.0,37.5,5,spoiled
5.47,51.05,3.19,7.58,1.39,3.8,8.34,2.29,6.63,94.1,37.4,5,spoiled
5.56,52.17,3.31,7.58,1.39,3.8,8.34,2.36,6.63,94.0,37.4,5,spoiled
5.54,52.17,3.22,6.94,1.41,3.8,8.25,2.32,6.68,94.2,37.4,5,spoiled
5.45,51.05,3.17,7.28,1.41,3.73,7.87,2.22,6.63,94.2,37.4,5,spoiled
5.45,51.42,3.19,7.61,1.39,3.73,8.05,2.25,6.6,94.3,37.3,5,spoiled
5.45,52.55,3.21,7.16,1.4,3.76,8.95,2.28,6.63,94.3,37.3,5,spoiled
5.42,51.79,3.17,7.11,1.41,3.82,9.5,2.32,6.6,94.3,37.3,5,spoiled
5.4,51.42,3.16,7.46,1.4,3.71,7.99,2.28,6.68,94.4,37.3,5,spoiled
5.47,51.79,3.19,7.31,1.4,3.76,8.25,2.28,6.63,94.4,37.2,5,spoiled
5.56,52.17,3.21,7.46,1.41,3.78,7.81,2.31,6.71,94.5,37.2,5,spoiled
5.49,52.94,3.17,7.11,1.43,3.8,9.17,2.25,6.71,94.5,37.2,5,spoiled
5.42,52.94,3.21,7.76,1.41,3.76,8.88,2.29,6.68,94.6,37.2,5,spoiled
5.45,53.72,3.21,6.48,1.42,3.8,8.99,2.26,6.76,94.7,37.1,5,spoiled
5.54,53.72,3.19,7.64,1.42,3.78,9.17,2.31,6.74,94.7,37.1,5,spoiled
5.59,53.72,3.21,7.11,1.4,3.8,8.41,2.34,6.71,94.7,37.1,5,spoiled
5.64,53.72,3.21,6.88,1.41,3.8,7.75,2.34,6.74,94.7,37.0,5,spoiled
5.59,52.55,3.19,7.64,1.42,3.8,8.34,2.32,6.79,94.8,37.0,5,spoiled
5.59,52.94,3.19,7.58,1.39,3.78,8.05,2.32,6.76,94.8,37.0,5,spoiled
5.64,51.05,3.21,7.46,1.39,3.84,8.18,2.35,6.71,94.7,36.9,5,spoiled
5.61,53.33,3.21,7.16,1.42,3.8,9.13,2.32,6.79,94.8,36.9,5,spoiled
5.68,51.79,3.22,7.22,1.4,3.85,8.21,2.38,6.76,94.9,36.9,5,spoiled
5.66,53.72,3.19,8.1,1.39,3.85,8.38,2.34,6.82,95.0,36.8,5,spoiled
5.71,53.33,3.31,7.94,1.43,3.8,8.25,2.32,6.82,95.0,36.8,5,spoiled
5.76,51.79,3.21,7.88,1.41,3.82,9.06,2.31,6.79,95.0,36.7,5,spoiled
5.71,52.94,3.21,7.94,1.4,3.74,8.21,2.19,6.79,95.1,36.8,5,spoiled
5.54,52.55,3.21,7.02,1.4,3.71,7.87,2.28,6.71,95.1,36.7,5,spoiled
5.45,52.94,3.17,7.49,1.41,3.73,8.09,2.23,6.74,95.2,36.7,5,spoiled
5.47,51.79,3.17,7.61,1.41,3.76,7.93,2.29,6.71,95.3,36.7,5,spoiled
5.52,52.17,3.22,6.8,1.42,3.71,8.34,2.25,6.74,95.2,36.6,5,spoiled
5.47,51.42,3.17,7.22,1.41,3.78,8.18,2.34,6.68,95.2,36.6,5,spoiled
5.54,52.17,3.21,7.76,1.41,3.8,9.02,2.36,6.65,95.3,36.5,5,spoiled
5.66,51.79,3.19,7.64,1.41,3.8,8.18,2.31,6.68,95.4,36.5,5,spoiled
5.49,52.94,3.22,7.73,1.41,3.73,8.21,2.26,6.74,95.5,36.5,5,spoiled
5.47,51.79,3.19,7.54,1.41,3.76,8.44,2.26,6.71,95.5,36.5,5,spoiled
5.47,52.94,3.19,8.04,1.4,3.76,8.88,2.23,6.65,95.6,36.5,5,spoiled
5.49,52.17,3.21,7.64,1.39,3.8,8.12,2.28,6.63,95.5,36.5,5,spoiled
5.52,51.79,3.17,7.52,1.43,3.76,8.09,2.31,6.71,95.5,36.4,5,spoiled
5.56,53.72,3.21,7.49,1.41,3.74,8.88,2.29,6.71,95.5,36.4,5,spoiled
5.45,52.94,3.17,7.46,1.41,3.44,8.99,2.26,6.71,95.5,36.4,5,spoiled
5.4,52.94,3.21,7.4,1.41,3.73,7.96,2.23,6.68,95.5,36.3,5,spoiled
5.28,52.94,3.17,7.28,1.41,3.73,8.38,2.23,6.65,95.5,36.3,5,spoiled
5.38,52.94,3.19,7.58,1.42,3.76,8.64,2.23,6.68,95.5,36.3,5,spoiled
5.47,52.94,3.21,7.76,1.42,3.78,8.02,2.29,6.68,95.7,36.3,5,spoiled
5.47,53.33,3.17,7.7,1.41,3.8,8.51,2.31,6.71,95.4,36.3,5,spoiled
5.61,53.33,3.22,7.73,1.43,3.82,8.92,2.29,6.71,95.8,36.3,5,spoiled
5.64,53.33,3.22,7.7,1.42,3.87,8.12,2.31,6.71,95.5,36.3,5,spoiled
5.59,52.55,3.19,7.76,1.41,3.8,8.09,2.32,6.49,95.3,36.2,5,spoiled
5.73,52.94,3.21,7.76,1.42,3.8,8.47,2.31,6.76,95.5,36.2,5,spoiled
5.59,52.17,3.17,7.85,1.39,3.73,8.38,2.25,6.68,95.5,36.2,5,spoiled
5.52,51.42,3.29,7.88,1.41,3.69,7.78,2.23,6.74,95.5,36.1,5,spoiled
5.59,52.17,3.21,7.58,1.41,3.73,7.87,2.23,6.65,95.4,36.1,5,spoiled
5.52,51.79,3.17,7.58,1.39,3.8,8.61,2.28,6.65,95.4,36.1,5,spoiled
5.49,51.05,3.17,7.67,1.4,3.76,7.9,2.29,6.68,95.6,36.1,5,spoiled
5.54,51.79,3.19,7.61,1.38,3.74,7.81,2.32,6.65,95.6,36.1,5,spoiled
5.64,51.05,3.17,7.61,1.39,3.78,7.87,2.32,6.71,95.8,36.0,5,spoiled
5.68,51.05,3.17,7.67,1.41,3.8,7.6,2.32,6.71,95.9,36.0,5,spoiled
5.73,52.17,3.17,7.58,1.41,3.78,8.78,2.35,6.76,96.0,36.0,5,spoiled
5.76,51.05,3.21,7.64,1.39,3.73,7.87,2.25,6.71,96.0,36.0,5,spoiled
5.8,52.17,3.17,7.61,1.39,3.74,7.57,2.31,6.71,96.0,36.0,5,spoiled
5.8,51.05,3.19,7.7,1.4,3.76,7.96,2.31,6.79,96.3,35.9,5,spoiled
5.76,51.05,3.19,7.85,1.37,3.74,7.81,2.23,6.71,96.2,35.9,5,spoiled
5.66,50.33,3.19,7.7,1.38,3.76,7.68,2.35,6.65,96.3,35.9,5,spoiled
5.78,51.42,3.19,7.85,1.4,3.78,8.78,2.32,6.71,96.2,35.9,5,spoiled
5.85,52.17,3.19,7.94,1.4,3.82,8.71,2.35,6.71,96.4,35.9,5,spoiled
5.9,51.79,3.19,7.7,1.39,3.85,8.78,2.35,6.76,96.2,35.9,5,spoiled
5.8,52.17,3.17,8.01,1.39,3.85,8.44,2.36,6.74,96.2,35.8,5,spoiled
5.95,51.05,3.17,8.2,1.38,3.87,7.6,2.34,6.74,96.3,35.8,5,spoiled
5.8,52.17,3.17,7.76,1.39,3.71,7.51,2.22,6.79,96.3,35.8,5,spoiled
5.76,51.05,3.19,8.1,1.38,3.76,8.12,2.28,6.76,96.3,35.8,5,spoiled
5.76,51.79,3.21,6.53,1.4,3.78,8.41,2.29,6.76,96.4,35.8,5,spoiled
5.71,51.42,3.21,7.13,1.38,3.8,7.45,2.28,6.76,96.3,35.8,5,spoiled
5.56,51.79,3.19,7.61,1.27,3.93,8.99,2.28,6.68,96.3,35.8,5,spoiled
5.64,50.69,3.21,6.22,1.4,3.78,8.31,2.31,6.71,96.4,35.8,5,spoiled
5.64,51.05,3.21,6.34,1.4,3.76,8.51,2.29,6.71,96.3,35.7,5,spoiled
5.83,50.33,3.21,6.24,1.38,3.82,8.12,2.31,6.74,96.6,35.7,5,spoiled
5.83,52.17,3.17,7.19,1.39,3.76,8.64,2.31,6.79,96.5,35.7,5,spoiled
5.83,51.79,3.19,7.25,1.4,3.76,7.57,2.29,6.82,96.7,35.7,5,spoiled
5.85,51.42,3.22,7.16,1.4,3.76,8.21,2.26,6.74,96.8,35.7,5,spoiled
5.85,51.05,3.19,7.13,1.37,3.78,8.51,2.31,6.76,96.8,35.7,5,spoiled
5.8,51.05,3.21,7.28,1.38,3.76,7.84,2.25,6.71,96.8,35.7,5,spoiled
5.85,51.05,3.21,7.31,1.38,3.76,8.58,2.26,6.71,96.8,35.6,5,spoiled
5.93,51.05,3.21,7.46,1.37,3.74,8.25,2.28,6.71,96.9,35.6,5,spoiled
5.83,51.42,3.17,7.11,1.35,3.8,8.81,2.22,6.68,96.9,35.6,5,spoiled
5.83,51.05,3.19,7.34,1.38,3.71,8.31,2.26,6.65,96.9,35.6,5,spoiled
5.71,51.05,3.17,7.25,1.36,3.71,7.81,2.28,6.68,96.9,35.6,5,spoiled
5.78,51.05,3.19,7.28,1.39,3.71,7.65,2.23,6.74,97.0,35.5,5,spoiled
5.76,51.05,3.17,7.43,1.39,3.69,7.78,2.26,6.74,97.0,35.5,5,spoiled
5.85,50.69,3.17,7.16,1.37,3.73,7.84,2.28,6.68,97.0,35.5,5,spoiled
5.9,50.33,3.17,7.22,1.37,3.71,8.41,2.31,6.68,97.0,35.5,5,spoiled
6.0,51.42,3.17,6.96,1.37,3.71,7.54,2.29,6.79,97.1,35.5,5,spoiled
5.98,50.33,3.19,6.85,1.39,3.67,7.96,2.19,6.79,97.1,35.5,5,spoiled
5.8,49.63,3.17,7.25,1.37,3.73,8.54,2.19,6.71,97.1,35.5,5,spoiled
5.76,49.63,3.16,7.08,1.37,3.69,8.15,2.22,6.71,97.1,35.5,5,spoiled
5.71,49.63,3.19,7.02,1.39,3.76,8.58,2.21,6.71,97.1,35.5,5,spoiled
5.68,50.33,3.16,7.19,1.37,3.69,8.21,2.29,6.68,97.2,35.5,5,spoiled
5.71,50.69,3.17,7.11,1.4,3.74,7.81,2.29,6.74,97.2,35.5,5,spoiled
5.8,51.42,3.17,7.19,1.37,3.76,7.84,2.31,6.68,97.3,35.5,5,spoiled
5.88,51.05,3.21,7.25,1.4,3.71,7.71,2.26,6.71,97.2,35.5,5,spoiled
5.88,50.69,3.19,7.25,1.38,3.67,7.65,2.16,6.74,97.4,35.5,5,spoiled
5.78,49.63,3.16,7.13,1.39,3.64,7.68,2.25,6.74,97.2,35.5,5,spoiled
5.59,49.63,3.17,7.16,1.39,3.67,7.65,2.23,6.65,97.2,35.4,5,spoiled
5.47,50.69,3.17,6.96,1.38,3.69,7.6,2.19,6.65,97.1,35.4,5,spoiled
5.54,49.63,3.19,6.77,1.38,3.67,7.51,2.21,6.63,97.1,35.4,5,spoiled
5.49,49.63,3.16,7.08,1.37,3.62,8.21,2.25,6.65,97.2,35.4,5,spoiled
5.66,50.33,3.21,7.08,1.4,3.73,9.1,2.25,6.63,97.3,35.4,5,spoiled
5.73,51.79,3.22,7.11,1.38,3.76,7.87,2.28,6.71,97.1,35.4,5,spoiled
5.73,51.05,3.17,7.11,1.37,3.78,7.84,2.31,6.65,97.1,35.4,5,spoiled
5.93,50.33,3.21,6.77,1.39,3.76,8.44,2.32,6.71,97.3,35.4,5,spoiled
5.93,50.69,3.19,7.22,1.4,3.71,7.6,2.32,6.79,97.2,35.4,5,spoiled
6.0,49.63,3.22,6.69,1.38,3.76,7.54,2.29,6.76,97.4,35.4,5,spoiled
6.03,50.33,3.21,6.99,1.37,3.74,7.36,2.31,6.74,97.1,35.3,5,spoiled
6.03,50.33,3.17,7.08,1.37,3.74,7.28,2.29,6.82,97.1,35.3,5,spoiled
6.03,50.33,3.17,7.13,1.39,3.69,7.93,2.29,6.85,97.3,35.3,5,spoiled
5.98,49.63,3.21,7.13,1.38,3.73,7.42,2.28,6.68,97.2,35.3,5,spoiled
6.0,49.98,3.21,7.22,1.37,3.71,7.99,2.32,6.71,97.3,35.3,5,spoiled
6.03,48.94,3.21,6.55,1.37,3.82,8.28,2.31,6.74,97.3,35.3,5,spoiled
6.08,50.69,3.21,7.22,1.38,3.71,7.96,2.31,6.71,97.3,35.3,5,spoiled
6.0,49.28,3.19,7.16,1.37,3.71,7.51,2.23,6.68,97.2,35.3,5,spoiled
6.0,49.98,3.19,6.94,1.39,3.64,7.57,2.19,6.76,97.4,35.2,5,spoiled
5.93,49.63,3.19,7.05,1.37,3.64,7.3,2.21,6.71,97.3,35.3,5,spoiled
5.95,49.98,3.21,7.11,1.38,3.62,7.3,2.22,6.71,97.3,35.2,5,spoiled
5.93,49.63,3.21,7.11,1.37,3.71,7.71,2.21,6.68,97.3,35.2,5,spoiled
5.95,50.33,3.21,7.11,1.38,3.65,8.02,2.21,6.71,97.3,35.2,5,spoiled
5.95,48.94,3.21,7.19,1.37,3.67,7.87,2.25,6.74,97.3,35.2,5,spoiled
5.95,49.28,3.19,7.22,1.37,3.69,7.13,2.31,6.71,97.3,35.2,5,spoiled
5.95,48.94,3.17,7.16,1.37,3.65,7.87,2.32,6.76,97.7,35.2,5,spoiled
6.05,48.6,3.19,7.16,1.37,3.67,7.48,2.31,6.85,97.8,35.2,5,spoiled
6.15,48.94,3.22,7.16,1.38,3.73,8.05,2.31,6.87,97.7,35.2,5,spoiled
6.08,48.6,3.17,7.25,1.37,3.8,7.87,2.28,6.85,97.6,35.2,5,spoiled
6.18,49.98,3.22,7.19,1.38,3.8,7.68,2.32,6.85,97.7,35.2,5,spoiled
6.21,48.6,3.21,7.22,1.37,3.73,7.93,2.31,6.76,97.5,35.1,5,spoiled
6.13,49.28,3.21,7.16,1.39,3.65,7.3,2.16,6.76,97.5,35.1,5,spoiled
6.0,48.6,3.17,7.25,1.36,3.65,7.65,2.21,6.82,97.5,35.1,5,spoiled
6.0,48.6,3.17,7.16,1.37,3.57,7.78,2.19,6.82,97.4,35.1,5,spoiled
5.88,48.6,3.17,7.16,1.36,3.6,7.28,2.19,6.74,97.5,35.1,5,spoiled
5.93,49.28,3.17,7.05,1.39,3.58,7.33,2.22,6.76,97.5,35.1,5,spoiled
5.88,48.26,3.17,7.11,1.37,3.57,7.19,2.22,6.79,97.5,35.1,5,spoiled
5.88,46.96,3.19,7.08,1.39,3.74,7.39,2.22,6.76,97.6,35.1,5,spoiled
5.88,48.26,3.17,7.13,1.36,3.73,7.42,2.26,6.76,97.5,35.1,5,spoiled
5.88,48.6,3.17,7.11,1.4,3.65,7.36,2.22,6.79,97.7,35.1,5,spoiled
5.98,46.02,3.19,7.25,1.37,3.71,7.36,2.25,6.76,97.6,35.1,5,spoiled
6.03,48.26,3.21,7.22,1.37,3.71,7.28,2.25,6.68,97.7,35.1,5,spoiled
5.98,48.6,3.19,7.25,1.38,3.73,7.78,2.25,6.71,97.7,35.1,5,spoiled
5.95,47.61,3.21,7.25,1.37,3.71,7.9,2.23,6.71,97.7,35.1,5,spoiled
5.88,47.28,3.17,7.25,1.36,3.69,7.22,2.22,6.74,97.6,35.1,5,spoiled
5.83,47.28,3.16,7.22,1.36,3.64,7.39,2.21,6.76,97.7,35.1,5,spoiled
5.8,47.93,3.17,7.28,1.38,3.65,7.54,2.18,6.79,97.7,35.1,5,spoiled
5.8,48.26,3.19,7.22,1.38,3.67,7.81,2.19,6.76,97.7,35.1,5,spoiled
5.78,47.61,3.19,7.19,1.36,3.67,7.11,2.22,6.79,97.7,35.1,5,spoiled
5.71,48.6,3.16,7.25,1.37,3.58,7.75,2.21,6.82,97.9,35.0,5,spoiled
5.85,47.28,3.19,7.28,1.38,3.65,7.11,2.25,6.79,97.7,35.0,5,spoiled
5.64,47.93,3.16,7.08,1.37,3.62,7.11,2.19,6.74,97.8,35.0,5,spoiled
5.68,46.02,3.19,7.13,1.38,3.65,7.08,2.22,6.74,97.9,35.0,5,spoiled
5.73,47.61,3.16,7.16,1.37,3.62,7.65,2.25,6.76,97.9,35.0,5,spoiled
5.88,48.26,3.31,7.37,1.4,3.64,7.0,2.25,6.85,98.0,35.0,5,spoiled
5.8,46.96,3.19,7.25,1.34,3.65,7.48,2.16,6.79,97.8,35.0,5,spoiled
5.83,47.61,3.17,7.19,1.38,3.58,7.33,2.18,6.85,98.0,35.0,5,spoiled
5.83,47.93,3.19,7.25,1.38,3.6,7.02,2.25,6.85,98.0,35.0,5,spoiled
5.8,47.93,3.16,7.19,1.37,3.6,6.94,2.25,6.93,98.0,35.0,5,spoiled
5.83,46.96,3.16,7.25,1.36,3.62,7.13,2.26,6.96,97.9,35.0,5,spoiled
5.85,47.61,3.16,7.22,1.35,3.64,7.02,2.28,7.1,97.9,34.9,5,spoiled
5.95,47.28,3.17,7.25,1.37,3.64,7.16,2.29,6.87,98.2,35.0,5,spoiled
6.05,46.96,3.16,7.28,1.37,3.67,7.28,2.28,6.79,98.1,35.0,5,spoiled
6.0,47.28,3.19,7.28,1.39,3.69,7.25,2.26,6.87,98.2,35.0,5,spoiled
6.0,46.65,3.17,7.25,1.38,3.67,7.0,2.23,6.85,98.2,34.9,5,spoiled
5.9,45.72,3.19,7.31,1.38,3.65,7.6,2.23,6.96,98.1,34.9,5,spoiled
5.83,47.61,3.17,7.28,1.35,3.65,7.33,2.25,6.9,98.1,34.9,5,spoiled
5.8,47.28,3.16,7.31,1.37,3.55,7.54,2.18,6.9,98.1,34.9,5,spoiled
5.76,46.96,3.17,7.31,1.36,3.55,7.42,2.19,6.74,98.1,34.9,5,spoiled
5.73,47.93,3.21,7.31,1.36,3.55,6.97,2.21,6.76,98.3,34.9,5,spoiled
5.64,47.93,3.16,7.28,1.34,3.55,6.94,2.19,6.68,98.0,34.9,5,spoiled
6.15,47.28,3.19,7.22,1.37,3.62,7.19,2.19,6.76,98.0,34.8,5,spoiled
5.61,46.96,3.19,7.19,1.38,3.6,7.33,2.21,6.74,98.0,34.8,5,spoiled
5.64,47.61,3.17,7.22,1.36,3.62,6.7,2.18,6.65,98.2,34.8,5,spoiled
5.64,47.61,3.17,7.19,1.39,3.58,6.91,2.18,6.68,98.2,34.9,5,spoiled
5.73,48.26,3.19,7.16,1.38,3.58,7.05,2.21,6.71,98.4,34.8,5,spoiled
5.68,47.61,3.17,7.16,1.37,3.57,7.08,2.18,6.71,98.5,34.8,5,spoiled
5.68,46.96,3.16,7.19,1.36,3.62,6.81,2.23,6.71,98.6,34.9,5,spoiled
5.73,47.28,3.16,7.25,1.36,3.64,6.75,2.22,6.74,98.6,34.9,5,spoiled
5.88,46.65,3.19,7.25,1.38,3.62,7.13,2.23,6.74,98.6,34.8,5,spoiled
5.98,47.28,3.19,7.31,1.35,3.6,6.81,2.28,6.71,98.5,34.8,5,spoiled
6.03,47.61,3.19,7.25,1.38,3.62,6.6,2.29,6.79,98.6,34.8,5,spoiled
6.08,46.33,2.36,7.25,1.38,3.65,7.45,2.31,6.76,98.6,34.8,5,spoiled
6.08,46.96,2.24,7.25,1.38,3.67,6.97,2.31,6.79,98.4,34.8,5,spoiled
6.08,46.33,3.04,7.22,1.36,3.64,6.7,2.22,6.76,98.6,34.8,5,spoiled
6.15,46.65,3.06,7.22,1.38,3.62,6.7,2.29,6.85,98.5,34.8,5,spoiled
6.03,45.72,3.06,7.16,1.36,3.55,6.89,2.15,6.82,98.5,34.8,5,spoiled
5.9,46.65,3.06,7.22,1.37,3.53,6.89,2.12,6.79,98.6,34.8,5,spoiled
5.88,46.33,3.02,7.22,1.38,3.53,7.25,2.16,6.76,98.6,34.8,5,spoiled
5.8,47.28,3.04,7.34,1.36,3.55,6.83,2.18,6.79,98.6,34.8,5,spoiled
5.85,47.61,2.96,7.37,1.35,3.57,6.89,2.21,6.76,98.6,34.8,5,spoiled
5.9,47.93,3.07,7.25,1.37,3.6,6.89,2.29,6.79,98.5,34.8,5,spoiled
6.0,47.28,3.02,7.31,1.36,3.65,7.3,2.32,6.71,98.5,34.8,5,spoiled
6.05,46.96,3.06,7.28,1.37,3.67,6.6,2.32,6.74,98.8,34.8,5,spoiled
6.05,47.93,3.06,7.34,1.36,3.71,7.42,2.32,6.76,98.8,34.8,5,spoiled
5.98,46.96,3.06,7.37,1.37,3.69,6.81,2.31,6.76,98.8,34.8,5,spoiled
5.93,47.28,3.07,7.28,1.37,3.65,6.78,2.29,6.79,98.8,34.8,5,spoiled
