group,mq136,mq137,mq5,mq8,humidity,temperature,label
0,25.67,11.18,10.63,16.46,66.0,27.8,accept
0,25.92,11.49,10.73,16.53,65.8,27.8,accept
0,25.67,11.18,10.64,16.53,66.0,27.8,accept
0,25.79,11.35,10.64,16.51,65.9,27.8,accept
0,25.92,11.44,10.68,16.5,65.9,27.8,accept
0,25.67,11.18,10.63,16.48,66.0,27.8,accept
0,25.92,11.4,10.68,16.47,65.9,27.8,accept
0,25.92,11.44,10.68,16.46,65.9,27.8,accept
0,25.79,11.35,10.66,16.51,65.9,27.8,accept
0,25.92,11.49,10.68,16.52,65.9,27.8,accept
0,25.79,11.35,10.65,16.46,65.9,27.8,accept
0,25.67,11.18,10.64,16.51,66.0,27.8,accept
0,25.67,11.18,10.64,16.54,66.0,27.8,accept
0,25.79,11.35,10.64,16.48,65.9,27.8,accept
0,25.92,11.49,10.68,16.53,65.9,27.8,accept
0,25.67,11.22,10.61,16.45,66.0,27.8,accept
0,25.79,11.35,10.65,16.47,65.9,27.8,accept
0,25.79,11.31,10.63,16.45,66.0,27.8,accept
0,25.79,11.35,10.64,16.51,66.0,27.8,accept
0,25.92,11.35,10.66,16.49,65.9,27.8,accept
0,25.92,11.49,10.72,16.53,65.9,27.8,accept
0,25.92,11.4,10.67,16.45,65.9,27.8,accept
0,25.92,11.49,10.71,16.54,65.9,27.8,accept
0,25.92,11.44,10.68,16.47,65.9,27.8,accept
0,25.79,11.35,10.66,16.5,65.9,27.8,accept
0,25.92,11.4,10.67,16.47,65.9,27.8,accept
0,25.92,11.44,10.68,16.49,65.9,27.8,accept
0,25.79,11.31,10.64,16.46,66.0,27.8,accept
0,25.79,11.27,10.63,16.46,66.0,27.8,accept
0,25.79,11.35,10.64,16.52,66.0,27.8,accept
0,25.92,11.49,10.69,16.53,65.9,27.8,accept
0,25.92,11.4,10.68,16.48,65.9,27.8,accept
0,25.67,11.18,10.63,16.47,66.0,27.8,accept
0,25.79,11.27,10.62,16.46,66.0,27.8,accept
0,25.79,11.35,10.64,16.49,65.9,27.8,accept
0,25.92,11.49,10.73,16.53,65.9,27.8,accept
0,25.92,11.44,10.68,16.48,65.9,27.8,accept
0,25.79,11.27,10.63,16.45,66.0,27.8,accept
1,26.3,11.81,10.93,16.62,63.1,27.8,accept
1,27.5,12.78,11.78,17.19,59.2,27.7,accept
1,27.92,13.14,12.13,17.34,57.9,27.7,accept
1,28.93,13.9,12.68,17.31,55.8,27.6,accept
1,27.5,12.88,11.71,17.07,59.2,27.7,accept
1,27.36,12.38,11.35,16.8,59.7,27.8,accept
1,28.49,13.14,12.01,17.13,57.1,27.7,accept
1,28.93,13.9,12.46,17.23,55.5,27.6,accept
1,28.63,13.04,12.13,17.39,57.4,27.7,accept
1,26.96,12.19,11.35,16.87,60.6,27.8,accept
1,28.34,13.57,12.23,17.14,56.7,27.7,accept
1,27.92,13.2,11.92,17.04,57.8,27.7,accept
1,30.15,14.77,13.15,17.32,54.0,27.5,accept
1,29.38,14.3,13.28,17.72,55.0,27.6,accept
1,28.78,13.9,12.92,17.66,55.9,27.6,accept
1,27.78,12.73,11.81,17.22,58.7,27.7,accept
1,27.36,12.78,11.55,16.87,59.1,27.7,accept
1,29.38,14.24,12.98,17.4,54.8,27.6,accept
1,29.53,13.79,12.8,17.4,55.2,27.6,accept
1,28.34,13.52,12.29,17.19,56.8,27.7,accept
1,26.82,12.24,11.11,16.62,60.9,27.8,accept
1,26.82,12.19,11.1,16.63,61.0,27.8,accept
1,26.17,11.72,10.87,16.62,63.2,27.8,accept
1,30.15,15.14,13.59,17.41,54.1,27.5,accept
1,26.43,11.9,11.16,16.98,63.1,27.8,accept
1,30.15,15.14,13.78,17.68,54.2,27.5,accept
1,26.82,12.19,11.3,16.79,60.8,27.8,accept
1,30.15,15.14,13.53,17.4,54.0,27.5,accept
1,29.38,14.24,13.33,17.85,55.0,27.6,accept
1,29.38,14.24,12.86,17.36,54.7,27.6,accept
1,30.15,15.14,13.47,17.4,54.0,27.5,accept
1,30.15,15.08,13.85,17.78,54.2,27.5,accept
1,28.93,13.9,12.52,17.23,55.5,27.6,accept
1,29.38,14.24,13.1,17.49,55.0,27.6,accept
1,27.36,12.73,11.6,16.88,59.2,27.8,accept
1,30.15,15.01,13.28,17.35,53.9,27.6,accept
1,26.3,11.76,10.87,16.61,63.1,27.8,accept
1,28.2,12.68,11.81,17.16,58.5,27.7,accept
1,28.93,13.96,12.74,17.38,55.8,27.6,accept
1,26.3,11.76,10.92,16.62,63.1,27.8,accept
1,27.92,13.14,11.81,16.95,57.7,27.7,accept
1,29.53,13.85,12.95,17.68,55.4,27.6,accept
1,28.93,13.9,12.91,17.61,55.9,27.6,accept
1,27.36,12.68,11.81,17.23,59.2,27.7,accept
1,30.15,15.01,13.29,17.31,53.9,27.5,accept
1,30.15,15.08,13.4,17.4,53.9,27.5,accept
1,28.2,13.09,12.12,17.32,57.6,27.7,accept
1,26.3,11.86,10.96,16.62,63.1,27.8,accept
1,28.34,13.46,12.29,17.18,56.8,27.7,accept
1,27.92,13.2,11.91,16.98,57.8,27.7,accept
1,26.17,11.72,10.87,16.62,63.3,27.8,accept
1,29.38,14.13,12.76,17.33,54.8,27.6,accept
1,27.36,12.78,11.55,16.88,59.0,27.7,accept
1,26.3,11.67,10.82,16.6,63.6,27.8,accept
1,26.96,12.33,11.25,16.73,60.8,27.8,accept
1,27.36,12.73,11.55,16.86,59.1,27.7,accept
1,27.36,12.43,11.35,16.79,59.5,27.7,accept
1,26.17,11.63,10.77,16.64,65.7,27.8,accept
1,27.36,12.58,11.37,16.79,59.3,27.7,accept
1,28.93,13.9,12.63,17.26,55.6,27.6,accept
1,26.3,11.53,10.77,16.62,64.1,27.8,accept
1,26.82,12.0,11.35,16.9,60.8,27.8,accept
1,26.82,12.05,11.06,16.66,61.6,27.8,accept
1,29.38,14.24,13.07,17.43,54.9,27.6,accept
1,28.93,14.01,12.86,17.52,55.9,27.6,accept
1,26.82,11.9,11.06,16.71,61.9,27.8,accept
1,26.3,11.76,10.87,16.62,63.1,27.8,accept
1,27.92,13.04,11.7,16.9,57.9,27.7,accept
1,26.3,11.35,10.81,16.71,64.6,27.8,accept
1,27.78,13.14,11.82,16.96,57.7,27.7,accept
1,26.82,12.24,11.1,16.62,60.9,27.8,accept
1,28.34,13.52,12.23,17.16,56.7,27.7,accept
1,27.78,13.14,11.84,16.94,57.7,27.7,accept
1,27.92,12.94,11.7,16.92,58.0,27.7,accept
1,28.63,13.63,12.8,17.5,55.9,27.6,accept
1,29.38,14.24,13.01,17.4,54.8,27.6,accept
1,28.34,13.46,12.51,17.57,56.9,27.7,accept
1,29.38,14.24,12.86,17.35,54.7,27.6,accept
1,26.82,12.24,11.49,17.14,60.7,27.7,accept
1,26.43,11.86,10.96,16.62,63.1,27.8,accept
1,26.82,12.09,11.3,16.83,60.6,27.8,accept
1,28.93,13.9,12.57,17.23,55.6,27.6,accept
1,27.36,12.73,11.6,16.88,59.1,27.7,accept
1,26.3,11.81,10.96,16.62,63.1,27.8,accept
1,28.93,13.9,12.51,17.23,55.5,27.6,accept
1,29.69,13.68,12.92,17.59,55.3,27.6,accept
1,29.53,13.85,12.93,17.68,55.4,27.6,accept
1,26.3,11.76,10.87,16.62,63.2,27.8,accept
1,27.23,12.53,11.75,17.14,59.2,27.7,accept
1,27.78,12.88,11.96,17.14,57.9,27.7,accept
1,26.3,11.53,10.77,16.62,64.2,27.8,accept
1,27.78,12.83,12.01,17.14,57.9,27.7,accept
1,26.43,12.0,11.1,16.86,63.1,27.8,accept
1,27.5,12.19,11.45,17.03,60.0,27.8,accept
1,30.15,15.08,13.65,17.49,54.2,27.5,accept
1,27.92,12.99,11.7,16.89,57.9,27.7,accept
1,26.3,11.49,10.78,16.63,64.3,27.8,accept
1,27.36,12.73,11.5,16.85,59.0,27.7,accept
1,28.34,13.52,12.18,17.14,56.5,27.6,accept
1,26.17,11.67,10.83,16.74,65.7,27.8,accept
1,26.82,12.33,11.25,16.71,60.7,27.8,accept
1,27.92,13.25,11.91,16.97,57.8,27.7,accept
1,26.3,11.76,10.91,16.62,63.1,27.8,accept
1,28.63,13.57,12.8,17.49,55.9,27.6,accept
1,28.49,13.52,12.29,17.2,56.8,27.7,accept
1,27.23,12.48,11.7,17.05,59.1,27.7,accept
1,29.53,13.9,12.75,17.32,55.0,27.6,accept
1,30.15,14.95,13.27,17.31,53.9,27.6,accept
1,30.0,15.01,13.45,17.32,54.0,27.5,accept
1,26.3,11.58,10.78,16.62,64.0,27.8,accept
1,29.53,14.01,12.74,17.31,54.9,27.6,accept
1,28.34,13.52,12.29,17.21,56.8,27.7,accept
1,26.82,12.29,11.15,16.62,60.8,27.8,accept
1,29.84,14.13,13.22,17.64,54.6,27.5,accept
1,26.82,12.29,11.3,16.77,60.8,27.8,accept
1,27.92,13.14,11.91,17.01,57.8,27.7,accept
1,28.93,13.9,12.59,17.23,55.6,27.6,accept
1,30.31,14.18,13.16,17.5,54.4,27.6,accept
1,29.38,14.24,12.92,17.4,54.7,27.6,accept
1,29.38,14.24,13.09,17.47,54.9,27.6,accept
1,26.3,11.81,10.95,16.62,63.1,27.8,accept
1,30.15,14.89,13.22,17.31,53.9,27.6,accept
1,29.08,13.85,12.86,17.58,55.5,27.6,accept
1,26.82,12.24,11.11,16.62,60.8,27.8,accept
1,26.3,11.81,11.18,17.01,63.1,27.8,accept
1,28.49,13.25,11.97,17.05,57.0,27.7,accept
1,27.5,12.29,11.5,17.14,60.1,27.7,accept
1,28.06,12.78,11.71,16.98,58.3,27.7,accept
1,28.93,13.46,12.56,17.58,56.4,27.6,accept
1,28.06,13.2,12.11,17.31,57.9,27.7,accept
1,27.64,12.83,12.02,17.19,57.9,27.7,accept
1,26.3,11.81,10.91,16.62,63.1,27.8,accept
1,29.69,13.85,12.98,17.68,55.3,27.6,accept
1,27.5,12.83,11.76,17.15,59.2,27.7,accept
1,27.36,12.73,11.81,17.23,59.2,27.7,accept
1,26.43,11.86,11.19,17.01,63.1,27.8,accept
1,28.78,13.52,12.51,17.52,56.4,27.6,accept
1,28.93,13.9,12.58,17.23,55.6,27.6,accept
1,27.92,13.09,11.94,17.04,57.9,27.7,accept
1,27.92,13.2,11.91,17.0,57.8,27.7,accept
1,29.08,13.52,12.4,17.23,55.9,27.6,accept
1,30.15,15.08,13.59,17.4,54.1,27.5,accept
1,26.17,11.72,10.87,16.61,63.1,27.8,accept
1,26.82,12.29,11.2,16.67,60.7,27.8,accept
1,26.96,12.24,11.5,17.14,60.9,27.8,accept
1,26.3,11.72,10.82,16.62,63.4,27.8,accept
1,28.78,13.57,12.51,17.49,56.5,27.6,accept
1,30.15,15.08,13.54,17.4,54.1,27.5,accept
1,27.92,13.09,11.96,17.05,57.9,27.7,accept
1,27.36,12.63,11.4,16.79,59.2,27.7,accept
1,26.3,11.76,10.85,16.62,63.4,27.8,accept
1,27.78,12.99,12.13,17.4,57.9,27.7,accept
1,30.15,15.01,13.53,17.38,54.1,27.5,accept
1,30.15,15.08,13.47,17.39,54.0,27.5,accept
1,27.36,12.73,11.51,16.82,59.1,27.8,accept
1,27.92,13.09,11.81,16.96,57.7,27.7,accept
1,27.92,13.25,11.88,16.96,57.8,27.7,accept
1,27.5,12.19,11.4,16.95,59.9,27.8,accept
1,27.36,12.73,11.5,16.81,59.0,27.7,accept
1,27.36,12.73,11.5,16.8,59.0,27.7,accept
1,28.93,13.9,12.63,17.27,55.7,27.6,accept
1,29.23,13.36,12.46,17.4,56.1,27.6,accept
1,27.36,12.73,11.6,16.87,59.1,27.7,accept
1,28.34,13.46,12.12,17.09,56.5,27.6,accept
1,29.38,14.24,13.28,17.77,55.0,27.6,accept
1,29.84,14.95,13.85,17.76,54.3,27.5,accept
1,29.23,13.36,12.51,17.48,56.2,27.6,accept
1,28.93,13.9,12.53,17.23,55.5,27.6,accept
1,30.0,14.95,13.28,17.31,53.9,27.6,accept
1,30.15,14.89,13.22,17.31,53.9,27.5,accept
1,30.15,14.47,13.09,17.31,54.1,27.5,accept
1,26.43,12.0,11.14,16.93,63.1,27.8,accept
1,30.15,14.95,13.28,17.31,53.9,27.5,accept
1,27.36,12.73,11.46,16.8,59.0,27.7,accept
1,26.96,11.86,11.2,16.96,62.3,27.8,accept
1,28.93,13.85,12.68,17.31,55.8,27.6,accept
1,27.36,12.68,11.45,16.79,59.0,27.7,accept
1,28.78,13.85,12.92,17.66,55.9,27.6,accept
1,28.49,13.52,12.07,17.1,56.6,27.7,accept
1,27.92,13.14,11.85,16.96,57.7,27.7,accept
1,28.34,13.52,12.13,17.06,56.6,27.7,accept
1,28.49,13.3,11.97,17.05,56.9,27.7,accept
1,29.38,14.24,12.86,17.34,54.7,27.6,accept
1,26.17,11.58,10.75,16.59,65.7,27.8,accept
1,26.96,12.24,11.49,17.14,60.7,27.7,accept
1,26.43,11.9,11.01,16.7,63.1,27.8,accept
1,27.92,12.73,11.71,17.01,58.3,27.7,accept
1,26.82,12.05,11.31,16.86,60.7,27.8,accept
1,30.15,15.14,13.4,17.4,54.0,27.6,accept
1,26.43,11.4,10.91,16.96,65.1,27.8,accept
1,28.34,13.52,12.18,17.14,56.6,27.7,accept
1,26.82,12.29,11.2,16.68,60.7,27.8,accept
1,28.93,13.85,12.69,17.31,55.8,27.6,accept
1,27.78,13.09,11.93,17.04,57.9,27.7,accept
1,26.3,11.72,10.87,16.62,63.1,27.8,accept
1,26.82,12.29,11.15,16.63,60.7,27.8,accept
1,27.36,12.73,11.54,16.82,59.0,27.7,accept
1,29.53,13.85,12.8,17.39,55.1,27.6,accept
1,25.79,11.22,10.87,16.87,65.7,27.8,accept
1,26.04,11.49,10.73,16.54,65.7,27.8,accept
1,26.69,11.95,11.12,16.89,62.6,27.8,accept
1,27.92,13.14,11.81,16.96,57.7,27.7,accept
1,28.78,13.04,12.13,17.34,57.3,27.7,accept
1,30.15,15.14,13.55,17.4,54.1,27.5,accept
1,28.06,13.09,12.07,17.29,57.7,27.7,accept
1,30.31,15.2,13.78,17.68,54.2,27.5,accept
1,27.36,12.33,11.35,16.85,59.7,27.7,accept
1,28.93,13.9,12.48,17.22,55.5,27.6,accept
1,29.08,13.46,12.57,17.59,56.3,27.6,accept
1,29.08,13.74,12.4,17.22,55.8,27.6,accept
1,26.3,11.72,10.87,16.62,63.3,27.8,accept
1,28.34,13.36,12.01,17.05,56.8,27.7,accept
1,29.38,14.24,13.04,17.4,54.9,27.6,accept
1,26.82,12.29,11.2,16.69,60.7,27.8,accept
1,26.96,12.29,11.45,17.08,60.8,27.8,accept
1,29.38,14.13,12.8,17.32,54.8,27.6,accept
1,27.36,12.68,11.59,16.88,59.1,27.7,accept
1,25.92,11.31,10.77,16.7,65.5,27.8,accept
1,26.3,11.76,11.17,17.01,63.1,27.8,accept
1,28.49,13.46,12.02,17.05,56.7,27.7,accept
1,28.78,13.9,12.55,17.23,55.5,27.6,accept
1,28.49,13.57,12.48,17.5,56.8,27.7,accept
1,30.15,14.3,13.16,17.42,54.3,27.5,accept
1,30.31,15.32,13.72,17.65,54.2,27.5,accept
1,30.15,15.08,13.36,17.37,53.9,27.5,accept
1,29.08,13.85,13.16,17.59,54.9,27.5,accept
1,26.82,12.19,11.1,16.64,61.1,27.8,accept
1,28.34,13.46,12.29,17.21,56.8,27.7,accept
1,30.15,15.01,13.4,17.34,54.0,27.6,accept
1,26.17,11.49,10.87,16.85,65.4,27.8,accept
1,28.78,13.74,12.86,17.59,55.9,27.6,accept
1,27.23,12.58,11.76,17.15,59.2,27.7,accept
1,26.56,11.4,10.91,16.96,64.9,27.8,accept
1,27.36,12.68,11.44,16.79,59.1,27.8,accept
1,29.38,14.07,12.75,17.31,54.9,27.6,accept
1,30.15,15.14,13.63,17.49,54.2,27.5,accept
1,28.93,14.01,12.86,17.58,55.9,27.6,accept
1,28.2,12.73,11.85,17.23,58.5,27.7,accept
1,29.53,13.96,12.74,17.32,55.0,27.6,accept
1,27.92,13.25,11.86,16.96,57.8,27.7,accept
1,28.78,13.9,12.57,17.23,55.6,27.6,accept
1,25.79,11.18,10.83,16.79,65.7,27.8,accept
1,28.93,13.63,12.4,17.23,55.8,27.6,accept
1,29.08,13.41,12.41,17.31,56.0,27.6,accept
1,27.36,12.68,11.81,17.26,59.2,27.7,accept
1,26.3,11.76,10.87,16.62,63.3,27.8,accept
1,28.93,13.85,12.46,17.23,55.5,27.6,accept
1,25.79,11.18,10.81,16.71,65.6,27.8,accept
1,27.36,12.63,11.4,16.79,59.2,27.8,accept
1,27.5,12.24,11.49,17.05,60.0,27.8,accept
1,28.49,13.14,12.02,17.14,57.1,27.7,accept
1,27.92,12.83,11.7,16.96,58.1,27.7,accept
1,30.31,15.14,13.53,17.41,54.0,27.5,accept
1,27.92,13.14,11.76,16.96,57.8,27.7,accept
1,29.53,13.85,12.78,17.35,55.1,27.6,accept
1,29.38,14.24,13.04,17.41,54.8,27.6,accept
1,29.38,14.13,12.76,17.32,54.8,27.6,accept
1,27.36,12.53,11.35,16.79,59.4,27.8,accept
1,30.15,15.14,13.59,17.42,54.1,27.5,accept
1,28.49,13.14,11.97,17.1,57.0,27.7,accept
1,28.34,13.41,12.02,17.05,56.7,27.7,accept
1,25.92,11.31,10.92,16.96,65.7,27.8,accept
1,26.3,11.67,10.81,16.61,63.6,27.8,accept
1,27.5,12.73,11.72,17.09,58.9,27.7,accept
1,27.78,13.14,11.81,16.95,57.7,27.7,accept
1,28.93,13.96,12.88,17.6,55.9,27.6,accept
1,29.38,14.18,12.81,17.33,54.7,27.6,accept
1,27.92,13.2,12.13,17.31,57.9,27.7,accept
1,29.08,13.9,13.23,17.68,55.0,27.6,accept
1,29.08,13.9,12.86,17.57,55.6,27.6,accept
1,26.04,11.44,10.95,16.96,65.7,27.8,accept
1,30.31,14.18,13.22,17.58,54.4,27.5,accept
1,26.82,12.33,11.27,16.76,60.8,27.8,accept
1,27.92,12.88,11.7,16.94,58.1,27.7,accept
1,29.08,13.46,12.4,17.29,56.0,27.6,accept
1,30.15,14.95,13.27,17.36,53.9,27.6,accept
1,29.38,14.24,13.09,17.46,54.9,27.6,accept
1,29.53,14.13,13.18,17.59,54.7,27.6,accept
1,28.49,13.57,12.46,17.49,56.8,27.7,accept
1,26.17,11.72,10.87,16.62,63.1,27.8,accept
1,27.36,12.73,11.5,16.82,59.0,27.8,accept
1,26.43,11.81,11.18,17.03,63.1,27.8,accept
1,30.15,15.01,13.46,17.38,54.0,27.5,accept
1,26.3,11.31,10.82,16.71,64.7,27.8,accept
1,28.49,13.63,12.35,17.31,56.8,27.7,accept
1,26.3,11.81,10.92,16.62,63.1,27.8,accept
1,28.63,12.99,12.08,17.31,57.3,27.7,accept
1,27.36,12.68,11.6,16.88,59.1,27.7,accept
1,28.49,13.52,12.44,17.4,56.5,27.6,accept
1,28.06,13.09,12.07,17.31,57.7,27.7,accept
1,27.36,12.73,11.5,16.81,59.0,27.8,accept
1,28.93,13.9,12.63,17.26,55.7,27.6,accept
1,26.69,12.09,11.45,17.05,60.8,27.8,accept
1,27.5,12.83,11.75,17.14,59.2,27.7,accept
1,26.96,11.86,11.06,16.71,61.9,27.8,accept
1,28.49,13.04,12.13,17.36,57.5,27.7,accept
1,27.23,12.38,11.42,17.05,60.5,27.8,accept
1,28.34,13.46,12.29,17.22,56.8,27.7,accept
1,30.15,15.08,13.59,17.42,54.2,27.5,accept
1,27.36,12.63,11.4,16.8,59.2,27.7,accept
1,28.34,13.52,12.28,17.22,56.8,27.7,accept
1,26.82,12.29,11.15,16.64,60.7,27.8,accept
1,30.15,15.14,13.46,17.4,54.0,27.5,accept
1,28.93,13.9,12.55,17.23,55.5,27.6,accept
1,29.38,14.18,12.8,17.32,54.8,27.6,accept
1,29.38,14.24,13.34,17.86,55.0,27.5,accept
1,27.92,13.2,11.91,17.03,57.8,27.7,accept
1,27.78,13.14,11.81,16.96,57.7,27.7,accept
1,26.82,12.24,11.12,16.62,60.8,27.8,accept
1,30.15,15.14,13.41,17.41,53.9,27.5,accept
1,28.34,13.46,12.13,17.11,56.6,27.7,accept
1,27.36,12.73,11.55,16.84,59.0,27.7,accept
1,28.34,13.36,12.0,17.05,56.8,27.7,accept
1,26.43,11.95,11.06,16.8,63.1,27.8,accept
1,26.96,12.29,11.39,16.96,60.5,27.8,accept
1,30.31,15.2,13.66,17.55,54.2,27.5,accept
1,29.38,14.24,12.95,17.41,54.7,27.6,accept
1,28.34,13.46,12.29,17.2,56.8,27.7,accept
1,26.3,11.67,10.82,16.59,63.6,27.8,accept
1,27.92,12.88,11.7,16.95,58.1,27.7,accept
1,30.15,15.08,13.58,17.4,54.1,27.5,accept
1,26.69,12.05,11.4,16.96,60.8,27.8,accept
1,26.56,11.4,10.91,16.95,65.0,27.8,accept
1,27.5,12.78,11.8,17.21,59.2,27.7,accept
1,26.82,12.05,11.35,16.87,60.7,27.8,accept
1,26.82,12.33,11.25,16.71,60.8,27.8,accept
1,26.82,12.24,11.1,16.62,61.0,27.8,accept
1,27.5,12.88,11.75,17.13,59.2,27.7,accept
1,26.96,11.81,11.08,16.75,62.0,27.8,accept
1,29.23,14.01,13.28,17.77,55.0,27.5,accept
1,27.23,12.48,11.7,17.05,59.2,27.7,accept
1,30.15,15.01,13.28,17.32,53.9,27.5,accept
1,27.92,12.73,11.81,17.22,58.7,27.7,accept
1,26.82,12.19,11.1,16.62,60.9,27.8,accept
1,28.06,12.68,11.75,17.1,58.4,27.7,accept
1,28.93,13.63,12.4,17.22,55.9,27.6,accept
1,26.17,11.63,10.91,16.88,65.7,27.8,accept
1,27.36,12.68,11.4,16.79,59.1,27.7,accept
1,28.63,13.09,12.13,17.39,57.3,27.7,accept
1,30.15,14.77,13.16,17.31,54.0,27.5,accept
1,30.15,14.89,13.18,17.31,53.9,27.5,accept
1,28.34,13.52,12.16,17.13,56.6,27.7,accept
1,27.36,12.73,11.59,16.88,59.1,27.7,accept
1,26.3,11.76,11.15,16.97,63.1,27.8,accept
1,30.15,15.2,13.85,17.77,54.2,27.5,accept
1,26.96,12.29,11.3,16.77,60.8,27.8,accept
1,26.17,11.58,10.92,16.9,65.7,27.8,accept
1,29.23,14.07,13.34,17.86,55.0,27.5,accept
1,28.93,13.46,12.52,17.57,56.4,27.6,accept
1,27.78,12.88,12.12,17.32,57.9,27.7,accept
1,27.36,12.73,11.5,16.83,59.0,27.7,accept
1,26.3,11.72,10.82,16.62,63.5,27.8,accept
1,28.34,13.52,12.23,17.14,56.7,27.7,accept
1,25.92,11.35,10.92,16.97,65.7,27.8,accept
1,26.04,11.49,10.73,16.54,65.8,27.8,accept
1,29.38,14.24,12.96,17.4,54.7,27.6,accept
1,28.34,13.52,12.51,17.55,56.8,27.6,accept
1,26.82,12.24,11.3,16.79,60.8,27.8,accept
1,28.63,13.57,12.5,17.49,56.5,27.6,accept
1,26.43,11.35,10.9,16.88,64.8,27.8,accept
1,29.38,14.24,12.97,17.4,54.8,27.6,accept
1,30.15,15.08,13.33,17.38,53.9,27.6,accept
1,25.92,11.35,10.77,16.71,65.4,27.8,accept
1,29.38,14.18,12.8,17.33,54.7,27.6,accept
1,28.34,13.52,12.18,17.14,56.7,27.7,accept
1,30.0,15.01,13.9,17.86,54.3,27.5,accept
1,29.53,14.07,13.16,17.58,54.7,27.6,accept
1,28.93,13.79,12.4,17.23,55.7,27.6,accept
1,28.34,13.57,12.18,17.14,56.6,27.7,accept
1,28.49,13.52,12.51,17.52,56.9,27.7,accept
1,27.92,13.14,11.96,17.05,57.8,27.7,accept
1,27.36,12.48,11.35,16.79,59.5,27.8,accept
1,27.36,12.73,11.55,16.83,59.0,27.7,accept
1,29.69,13.79,12.96,17.68,55.4,27.6,accept
1,27.36,12.73,11.5,16.82,59.0,27.7,accept
1,27.36,12.68,11.4,16.79,59.2,27.8,accept
1,29.23,14.24,13.04,17.4,54.9,27.6,accept
1,26.04,11.4,10.95,16.96,65.7,27.8,accept
1,28.49,13.57,12.51,17.51,56.8,27.7,accept
1,26.96,12.29,11.45,17.06,60.8,27.8,accept
1,28.34,13.52,12.29,17.22,56.8,27.7,accept
1,30.0,15.01,13.85,17.79,54.3,27.5,accept
1,30.15,15.14,13.59,17.42,54.2,27.5,accept
1,26.43,11.9,11.16,16.97,63.1,27.8,accept
1,26.43,11.4,10.92,16.96,65.0,27.8,accept
1,30.15,15.08,13.86,17.85,54.3,27.5,accept
1,27.92,13.04,12.02,17.21,57.8,27.7,accept
1,29.23,13.9,13.1,17.49,54.8,27.5,accept
1,26.43,11.95,11.15,16.96,63.1,27.8,accept
1,28.34,13.52,12.51,17.57,56.8,27.6,accept
1,28.06,12.73,11.82,17.23,58.6,27.7,accept
1,27.92,13.14,11.84,16.96,57.7,27.7,accept
1,29.38,14.3,12.9,17.38,54.7,27.6,accept
1,26.04,11.53,10.73,16.54,65.7,27.8,accept
1,30.15,15.14,13.53,17.41,54.1,27.5,accept
1,27.09,11.81,11.15,16.93,62.1,27.8,accept
1,28.34,13.46,12.12,17.08,56.6,27.7,accept
1,28.93,13.9,12.68,17.31,55.7,27.6,accept
1,30.15,14.95,13.22,17.36,53.9,27.5,accept
1,28.93,13.85,12.81,17.49,55.7,27.6,accept
1,29.08,13.85,13.12,17.5,54.9,27.6,accept
1,27.92,13.14,11.75,16.96,57.8,27.7,accept
1,28.93,13.9,12.66,17.3,55.7,27.6,accept
1,30.15,14.59,13.1,17.31,54.1,27.5,accept
1,27.92,13.04,12.14,17.4,57.9,27.7,accept
1,29.84,14.13,13.18,17.6,54.7,27.6,accept
1,30.15,15.08,13.41,17.34,54.0,27.5,accept
1,29.23,14.24,13.04,17.41,54.9,27.6,accept
1,27.23,12.33,11.45,17.08,60.3,27.8,accept
1,28.78,13.85,12.92,17.67,55.9,27.6,accept
1,26.96,11.9,11.15,16.96,62.4,27.8,accept
1,30.15,14.95,13.22,17.32,53.9,27.5,accept
1,28.34,13.3,12.46,17.42,56.8,27.6,accept
1,27.36,12.73,11.6,16.87,59.2,27.8,accept
1,28.93,13.9,12.69,17.31,55.8,27.6,accept
1,27.36,12.73,11.52,16.82,59.1,27.8,accept
1,29.08,13.85,13.16,17.59,54.9,27.6,accept
1,28.06,12.63,11.78,17.14,58.4,27.7,accept
1,26.3,11.67,11.12,16.9,63.1,27.8,accept
1,28.34,13.36,12.46,17.49,56.9,27.7,accept
1,28.49,13.63,12.46,17.46,56.8,27.7,accept
1,27.36,12.63,11.4,16.79,59.1,27.7,accept
1,27.92,13.09,12.06,17.23,57.8,27.7,accept
1,26.96,11.76,11.1,16.8,62.0,27.8,accept
1,27.5,12.78,11.75,17.13,58.9,27.7,accept
1,28.34,13.25,11.97,17.05,56.9,27.7,accept
1,26.82,11.9,11.15,16.96,62.5,27.8,accept
1,27.92,13.09,11.73,16.9,57.9,27.7,accept
1,28.78,13.79,12.8,17.47,55.7,27.6,accept
1,28.34,13.46,12.29,17.19,56.7,27.6,accept
1,29.69,13.68,12.86,17.51,55.3,27.6,accept
1,27.36,12.53,11.65,16.97,59.1,27.7,accept
1,28.63,13.04,12.02,17.2,57.3,27.7,accept
1,26.82,12.29,11.25,16.71,60.8,27.8,accept
1,27.92,13.09,11.95,17.04,57.9,27.7,accept
1,29.38,14.3,13.04,17.41,54.8,27.6,accept
1,27.92,13.04,11.71,16.89,57.9,27.7,accept
1,26.3,11.49,10.78,16.64,64.3,27.8,accept
1,27.92,13.2,11.81,16.88,57.7,27.7,accept
1,30.15,15.14,13.45,17.39,54.0,27.5,accept
1,30.47,15.32,13.78,17.67,54.2,27.5,accept
1,26.82,12.24,11.14,16.62,60.8,27.8,accept
1,30.15,14.83,13.16,17.31,54.0,27.6,accept
1,28.49,13.25,11.97,17.06,57.0,27.7,accept
1,25.92,11.49,10.73,16.53,65.8,27.8,accept
1,29.53,13.68,12.82,17.45,55.2,27.6,accept
1,29.08,13.85,13.19,17.63,54.9,27.5,accept
1,29.38,14.24,12.84,17.37,54.7,27.6,accept
1,29.38,14.3,12.92,17.4,54.7,27.6,accept
1,26.96,12.33,11.35,16.88,60.8,27.8,accept
1,27.64,12.83,12.07,17.3,57.9,27.7,accept
1,28.63,13.57,12.74,17.4,55.8,27.6,accept
1,26.82,12.29,11.3,16.78,60.8,27.8,accept
1,27.78,13.09,11.77,16.96,57.7,27.7,accept
1,26.3,11.44,10.79,16.67,64.5,27.8,accept
1,27.23,12.33,11.45,17.06,60.3,27.8,accept
1,27.92,13.2,12.02,17.17,57.9,27.7,accept
1,29.38,14.24,13.1,17.47,55.0,27.6,accept
1,28.49,13.57,12.07,17.05,56.6,27.7,accept
1,28.93,13.9,12.63,17.28,55.7,27.6,accept
1,27.36,12.38,11.35,16.79,59.7,27.8,accept
1,28.2,13.09,12.1,17.32,57.6,27.7,accept
1,27.92,13.14,12.13,17.32,57.9,27.7,accept
1,26.43,11.44,10.91,16.95,65.1,27.8,accept
1,28.06,12.73,11.75,17.05,58.4,27.7,accept
1,26.56,11.95,11.1,16.88,62.6,27.8,accept
1,30.15,15.08,13.42,17.4,54.0,27.5,accept
1,26.96,12.33,11.4,16.96,60.8,27.8,accept
1,28.34,13.52,12.14,17.14,56.6,27.7,accept
1,29.38,14.24,12.86,17.33,54.7,27.6,accept
1,27.78,12.83,12.02,17.14,57.9,27.7,accept
1,26.43,11.86,11.01,16.65,63.1,27.8,accept
1,26.17,11.76,10.87,16.61,63.1,27.8,accept
1,26.82,12.33,11.18,16.68,60.7,27.8,accept
1,28.93,13.85,12.46,17.22,55.5,27.6,accept
1,29.53,13.85,12.97,17.68,55.4,27.6,accept
1,26.3,11.63,10.81,16.62,63.9,27.8,accept
1,26.17,11.49,10.87,16.88,65.3,27.8,accept
1,28.93,13.85,12.45,17.23,55.6,27.6,accept
1,28.63,13.68,12.86,17.56,55.9,27.6,accept
1,26.43,11.4,10.91,16.96,64.9,27.8,accept
1,29.38,14.3,13.28,17.7,55.0,27.6,accept
1,29.08,13.41,12.45,17.31,56.0,27.6,accept
1,27.36,12.73,11.48,16.8,59.0,27.7,accept
1,29.38,14.24,13.1,17.47,54.9,27.6,accept
1,29.53,13.85,12.92,17.67,55.4,27.6,accept
1,27.36,12.78,11.55,16.88,59.1,27.7,accept
1,27.64,12.78,11.76,17.15,58.8,27.7,accept
1,28.93,13.9,12.63,17.25,55.7,27.6,accept
1,26.82,12.33,11.2,16.69,60.7,27.8,accept
1,26.82,12.14,11.06,16.69,61.4,27.8,accept
1,29.38,14.01,12.74,17.31,54.9,27.6,accept
1,28.93,13.85,12.85,17.52,55.6,27.6,accept
1,27.92,13.14,12.13,17.37,57.9,27.7,accept
1,28.34,13.52,12.13,17.11,56.6,27.7,accept
1,28.93,13.9,12.5,17.22,55.5,27.6,accept
1,26.3,11.67,11.01,16.71,62.9,27.8,accept
1,28.78,13.9,12.63,17.24,55.6,27.6,accept
1,27.36,12.29,11.5,17.14,60.2,27.8,accept
1,28.78,13.85,12.92,17.65,55.9,27.6,accept
1,27.64,12.29,11.51,17.14,60.0,27.8,accept
1,27.92,13.25,11.89,16.97,57.8,27.7,accept
1,29.38,14.24,13.1,17.48,55.0,27.6,accept
1,26.96,11.76,11.13,16.87,62.0,27.8,accept
1,29.38,13.85,12.92,17.65,55.5,27.6,accept
1,26.43,11.86,10.99,16.64,63.1,27.8,accept
1,30.0,14.95,13.28,17.31,53.9,27.5,accept
1,29.38,14.24,13.04,17.4,54.8,27.6,accept
1,26.04,11.53,10.94,16.95,65.7,27.8,accept
1,26.3,11.72,10.87,16.62,63.2,27.8,accept
1,27.92,13.04,11.7,16.89,57.9,27.7,accept
1,27.92,13.2,11.91,17.01,57.8,27.7,accept
1,26.3,11.44,10.91,16.94,65.3,27.8,accept
1,29.38,14.36,13.22,17.68,55.0,27.6,accept
1,28.63,13.09,12.02,17.14,57.2,27.7,accept
1,29.69,13.79,12.97,17.68,55.3,27.6,accept
1,26.3,11.63,11.06,16.77,63.0,27.8,accept
1,28.93,13.96,12.63,17.29,55.7,27.6,accept
1,27.5,12.83,11.7,17.01,59.2,27.7,accept
1,26.3,11.86,10.98,16.62,63.1,27.8,accept
1,26.82,11.95,11.06,16.71,61.7,27.8,accept
1,27.92,13.14,11.83,16.93,57.7,27.7,accept
1,30.15,15.14,13.85,17.78,54.2,27.5,accept
1,26.43,11.44,10.91,16.96,65.1,27.8,accept
1,28.49,13.63,12.4,17.4,56.8,27.7,accept
1,27.09,12.33,11.4,16.97,60.5,27.8,accept
1,26.3,11.81,10.94,16.62,63.1,27.8,accept
1,28.34,13.41,12.39,17.31,56.6,27.6,accept
1,28.93,13.9,12.53,17.24,55.5,27.6,accept
1,30.15,14.53,13.14,17.4,54.2,27.5,accept
1,27.78,13.09,11.93,17.03,57.9,27.7,accept
1,29.08,13.46,12.57,17.57,56.2,27.6,accept
1,27.64,12.83,12.04,17.23,57.9,27.7,accept
1,27.78,13.09,11.93,17.05,57.9,27.7,accept
1,25.92,11.22,10.77,16.65,65.5,27.8,accept
1,28.78,13.68,12.74,17.39,55.7,27.6,accept
1,30.0,14.47,13.1,17.31,54.1,27.5,accept
1,28.34,13.46,12.12,17.06,56.6,27.7,accept
1,27.92,13.09,12.14,17.4,57.9,27.7,accept
1,30.15,15.01,13.23,17.36,53.9,27.5,accept
1,26.69,12.0,11.39,16.96,60.8,27.8,accept
1,30.31,14.3,13.16,17.49,54.3,27.5,accept
1,30.15,15.08,13.53,17.4,54.1,27.6,accept
1,28.2,12.78,11.86,17.24,58.5,27.7,accept
1,27.36,12.73,11.5,16.84,59.0,27.7,accept
1,30.15,15.01,13.51,17.38,54.1,27.6,accept
1,29.38,14.24,13.28,17.76,55.0,27.6,accept
1,27.92,13.2,11.93,17.05,57.8,27.7,accept
1,28.34,13.52,12.12,17.1,56.5,27.6,accept
1,26.82,12.19,11.09,16.65,61.1,27.8,accept
1,27.92,13.2,11.91,16.99,57.8,27.7,accept
1,28.2,12.73,11.85,17.24,58.6,27.7,accept
1,28.78,13.9,12.63,17.26,55.7,27.6,accept
1,28.49,13.52,12.51,17.54,56.9,27.7,accept
1,27.78,13.04,12.14,17.4,57.9,27.7,accept
1,26.82,12.09,11.06,16.69,61.6,27.8,accept
1,30.15,15.08,13.28,17.39,53.9,27.5,accept
1,28.34,13.52,12.2,17.14,56.6,27.6,accept
1,26.3,11.86,10.97,16.62,63.1,27.8,accept
1,28.34,13.04,12.13,17.35,57.5,27.7,accept
1,28.49,13.52,12.28,17.22,56.7,27.6,accept
1,28.06,12.68,11.75,17.05,58.4,27.7,accept
1,27.5,12.29,11.5,17.14,60.0,27.7,accept
1,26.82,12.19,11.1,16.68,61.2,27.8,accept
1,27.78,13.09,11.94,17.05,57.8,27.7,accept
1,29.38,14.24,12.86,17.37,54.7,27.6,accept
1,29.38,14.24,13.32,17.83,55.0,27.6,accept
1,26.3,11.44,10.91,16.91,65.3,27.8,accept
1,29.23,13.85,12.92,17.61,55.5,27.6,accept
1,26.17,11.63,10.89,16.83,65.7,27.8,accept
1,30.15,15.01,13.34,17.33,53.9,27.6,accept
1,29.53,14.36,13.22,17.68,55.0,27.6,accept
1,27.64,12.33,11.5,17.14,60.0,27.8,accept
1,30.15,15.08,13.4,17.35,54.0,27.5,accept
1,28.49,13.04,12.13,17.39,57.5,27.7,accept
1,28.2,13.25,12.38,17.31,56.8,27.7,accept
1,27.5,12.29,11.5,17.14,60.0,27.8,accept
1,25.92,11.22,10.77,16.7,65.6,27.8,accept
1,30.15,15.08,13.85,17.75,54.2,27.5,accept
1,26.96,11.9,11.19,16.97,62.3,27.8,accept
1,27.36,12.73,11.58,16.88,59.1,27.7,accept
1,27.5,12.24,11.4,16.88,59.8,27.8,accept
1,27.92,12.99,11.7,16.9,57.9,27.7,accept
1,27.92,13.14,11.78,16.96,57.7,27.7,accept
1,28.06,12.73,11.83,17.24,58.6,27.7,accept
1,30.15,15.08,13.34,17.33,53.9,27.5,accept
1,27.78,13.09,11.96,17.05,57.9,27.7,accept
1,28.49,13.52,12.05,17.05,56.6,27.7,accept
1,28.49,13.04,12.13,17.38,57.5,27.7,accept
1,27.92,12.73,11.81,17.23,58.7,27.7,accept
1,26.82,12.14,11.06,16.66,61.3,27.8,accept
1,26.17,11.63,11.06,16.79,63.0,27.8,accept
1,29.08,14.01,12.76,17.41,55.8,27.6,accept
1,30.31,14.24,13.22,17.67,54.5,27.5,accept
1,30.31,14.24,13.22,17.65,54.5,27.5,accept
1,26.96,12.33,11.4,17.01,60.8,27.8,accept
1,27.36,12.68,11.45,16.8,59.1,27.8,accept
1,26.96,12.29,11.46,17.13,60.8,27.8,accept
1,27.23,12.53,11.73,17.09,59.2,27.7,accept
1,26.82,12.19,11.1,16.66,61.1,27.8,accept
1,26.17,11.76,10.87,16.62,63.2,27.8,accept
1,27.78,13.09,11.95,17.05,57.8,27.7,accept
1,26.82,11.95,11.06,16.7,61.7,27.8,accept
1,27.92,13.14,11.8,16.96,57.7,27.7,accept
1,29.38,14.24,13.1,17.48,54.9,27.6,accept
1,29.53,13.74,12.8,17.4,55.2,27.6,accept
1,30.15,14.83,13.16,17.32,54.0,27.5,accept
1,26.82,12.29,11.3,16.8,60.8,27.8,accept
1,28.34,13.52,12.19,17.14,56.7,27.7,accept
1,28.93,13.85,12.44,17.23,55.6,27.6,accept
1,26.43,11.31,10.87,16.8,64.8,27.8,accept
1,29.08,14.01,12.8,17.49,55.8,27.6,accept
1,28.2,13.25,12.34,17.29,56.8,27.7,accept
1,27.78,12.94,11.97,17.14,57.8,27.7,accept
1,30.15,15.2,13.65,17.5,54.2,27.5,accept
1,30.15,15.08,13.53,17.4,54.1,27.5,accept
1,27.36,12.73,11.61,16.88,59.2,27.7,accept
1,27.36,12.68,11.45,16.8,59.0,27.7,accept
1,26.82,12.19,11.1,16.65,61.1,27.8,accept
1,26.96,11.9,11.17,16.97,62.4,27.8,accept
1,28.34,13.52,12.13,17.13,56.5,27.6,accept
1,25.92,11.27,10.91,16.89,65.7,27.8,accept
1,27.36,12.73,11.54,16.83,59.0,27.7,accept
1,26.96,12.33,11.25,16.72,60.8,27.8,accept
1,28.49,13.2,11.97,17.08,57.0,27.7,accept
1,30.15,14.71,13.11,17.31,54.0,27.5,accept
1,26.3,11.63,10.79,16.62,64.0,27.8,accept
1,28.2,13.25,12.4,17.32,56.8,27.7,accept
1,28.34,13.3,12.35,17.28,56.7,27.6,accept
1,30.15,15.01,13.48,17.36,54.0,27.5,accept
1,29.38,14.18,13.1,17.49,55.0,27.6,accept
1,26.82,11.9,11.15,16.96,62.6,27.8,accept
1,26.96,12.29,11.3,16.79,60.8,27.8,accept
1,28.49,13.52,12.24,17.21,56.8,27.7,accept
1,26.82,12.24,11.5,17.15,60.9,27.8,accept
1,28.34,13.46,12.4,17.32,56.6,27.6,accept
1,27.09,11.9,11.2,16.97,62.2,27.8,accept
1,30.15,14.3,13.1,17.38,54.3,27.6,accept
1,29.23,14.07,13.14,17.55,54.8,27.6,accept
1,28.93,13.85,12.92,17.68,55.9,27.6,accept
1,30.15,15.08,13.59,17.41,54.2,27.5,accept
1,27.36,12.63,11.81,17.23,59.2,27.7,accept
1,26.3,11.63,11.06,16.8,63.0,27.8,accept
1,27.36,12.58,11.35,16.79,59.3,27.7,accept
1,27.36,12.68,11.7,17.05,59.0,27.7,accept
1,26.82,12.05,11.35,16.88,60.8,27.8,accept
1,27.09,11.9,11.2,16.96,62.2,27.8,accept
1,29.38,14.18,12.81,17.32,54.7,27.6,accept
1,29.69,13.68,12.86,17.49,55.2,27.6,accept
1,26.04,11.44,10.82,16.77,65.4,27.8,accept
1,29.38,14.24,12.97,17.4,54.7,27.6,accept
1,26.82,12.33,11.18,16.7,60.7,27.8,accept
1,29.38,14.3,13.25,17.68,55.0,27.6,accept
1,28.49,13.46,12.02,17.05,56.6,27.7,accept
1,28.93,13.85,12.41,17.23,55.6,27.6,accept
1,26.3,11.67,10.87,16.8,65.7,27.8,accept
1,26.82,12.0,11.06,16.66,61.6,27.8,accept
1,30.15,14.95,13.23,17.32,53.9,27.6,accept
1,28.93,13.9,12.57,17.23,55.5,27.6,accept
1,28.49,13.3,11.99,17.05,56.8,27.7,accept
1,26.96,12.33,11.42,17.05,60.8,27.8,accept
1,25.92,11.49,10.73,16.54,65.8,27.8,accept
1,28.34,13.04,12.13,17.34,57.5,27.7,accept
1,27.5,12.78,11.81,17.23,59.2,27.7,accept
1,26.3,11.63,11.1,16.87,63.1,27.8,accept
1,27.92,13.14,11.76,16.96,57.7,27.7,accept
1,26.82,12.19,11.5,17.14,60.9,27.8,accept
1,27.5,12.83,11.65,16.96,59.2,27.7,accept
1,29.38,14.24,13.04,17.41,54.9,27.6,accept
1,26.82,12.29,11.3,16.79,60.8,27.8,accept
1,25.92,11.35,10.94,16.96,65.7,27.8,accept
1,28.93,13.9,12.62,17.24,55.6,27.6,accept
1,27.78,13.09,11.81,16.87,57.8,27.7,accept
1,27.5,12.19,11.42,16.96,59.9,27.8,accept
1,28.49,13.63,12.44,17.41,56.8,27.7,accept
1,26.56,12.0,11.11,16.88,63.1,27.8,accept
1,30.15,14.24,13.22,17.67,54.5,27.5,accept
1,30.15,14.47,13.1,17.39,54.2,27.5,accept
1,28.34,13.52,12.1,17.12,56.6,27.7,accept
1,28.34,13.46,12.13,17.06,56.6,27.7,accept
1,30.15,14.95,13.22,17.31,53.9,27.5,accept
1,28.93,13.74,12.4,17.22,55.7,27.6,accept
2,32.85,15.39,15.7,18.34,50.7,27.4,accept
2,31.29,15.71,14.52,17.67,52.8,27.4,accept
2,31.29,15.51,14.73,17.86,52.9,27.4,accept
2,32.85,15.84,15.93,18.36,50.3,27.4,accept
2,30.8,15.45,14.11,17.58,53.5,27.5,accept
2,32.67,16.17,16.18,18.34,50.5,27.4,accept
2,30.96,15.32,13.78,17.52,53.4,27.5,accept
2,31.8,15.97,14.8,17.68,52.1,27.4,accept
2,30.8,15.39,13.78,17.49,53.2,27.5,accept
2,32.14,15.71,15.62,18.24,51.0,27.4,accept
2,31.97,15.45,15.86,18.18,50.7,27.4,accept
2,31.97,15.51,15.39,17.86,51.4,27.4,accept
2,31.29,15.71,14.59,17.67,53.0,27.5,accept
2,32.49,16.03,15.78,18.24,50.5,27.4,accept
2,32.49,15.97,15.85,18.22,50.6,27.4,accept
2,32.49,16.1,16.01,18.34,50.8,27.4,accept
2,32.14,15.26,15.24,17.95,51.2,27.4,accept
2,31.97,15.71,15.47,18.06,51.8,27.4,accept
2,32.32,15.77,15.54,18.16,50.8,27.4,accept
2,31.8,15.51,15.39,18.04,51.9,27.4,accept
2,30.47,15.08,14.25,17.68,53.5,27.5,accept
2,31.29,15.51,14.25,17.59,52.7,27.4,accept
2,30.8,15.39,14.11,17.59,53.5,27.5,accept
2,31.97,15.71,15.46,18.05,51.8,27.4,accept
2,32.49,15.97,15.85,18.18,50.7,27.4,accept
2,32.49,16.03,15.85,18.19,50.6,27.4,accept
2,33.03,16.37,16.31,18.26,49.6,27.3,accept
2,31.29,15.71,14.52,17.66,52.8,27.5,accept
2,32.49,15.64,15.45,18.17,50.8,27.4,accept
2,31.8,15.97,14.95,17.7,52.4,27.4,accept
2,31.63,15.32,14.44,17.95,53.2,27.5,accept
2,32.14,15.77,15.54,18.17,50.9,27.4,accept
2,32.49,16.1,16.17,18.52,50.8,27.4,accept
2,32.49,16.03,15.76,18.21,50.5,27.4,accept
2,31.63,15.71,15.17,17.97,52.3,27.4,accept
2,31.97,15.97,14.77,17.68,52.1,27.4,accept
2,29.84,14.71,13.65,17.5,54.2,27.6,accept
2,31.29,15.71,14.87,18.06,53.1,27.4,accept
2,31.29,15.77,14.58,17.68,52.9,27.5,accept
2,31.29,15.84,14.45,17.64,52.7,27.5,accept
2,32.85,16.17,16.01,18.33,50.1,27.4,accept
2,32.14,15.71,15.54,17.94,51.5,27.4,accept
2,32.85,16.1,16.0,18.34,50.1,27.4,accept
2,32.85,15.9,15.93,18.34,50.2,27.4,accept
2,30.63,15.32,14.09,17.5,53.5,27.5,accept
2,30.8,15.32,14.09,17.55,53.5,27.5,accept
2,31.63,15.39,15.62,18.38,52.1,27.5,accept
2,30.96,15.26,14.66,17.75,53.0,27.4,accept
2,31.29,15.71,14.52,17.68,52.9,27.4,accept
2,32.49,16.03,15.78,18.24,50.4,27.4,accept
2,32.67,15.51,15.89,18.61,50.8,27.4,accept
2,32.14,15.77,15.54,18.24,50.9,27.4,accept
2,31.8,15.45,15.39,18.03,52.0,27.4,accept
2,32.85,16.17,16.01,18.31,50.1,27.4,accept
2,31.63,15.26,15.63,18.26,51.1,27.4,accept
2,31.97,15.51,15.32,17.85,51.2,27.4,accept
2,33.03,16.17,16.18,18.25,49.7,27.3,accept
2,30.8,15.45,13.85,17.49,53.2,27.5,accept
2,30.8,15.39,14.09,17.59,53.4,27.5,accept
2,31.46,15.26,15.61,18.39,52.0,27.4,accept
2,32.14,15.9,15.47,18.05,51.8,27.4,accept
2,31.8,15.97,14.95,17.73,52.4,27.5,accept
2,31.29,14.89,15.39,18.15,52.0,27.4,accept
2,30.8,15.39,14.1,17.59,53.4,27.5,accept
2,31.29,15.71,14.52,17.68,52.8,27.5,accept
2,33.21,15.84,16.18,18.61,50.5,27.4,accept
2,32.49,15.97,15.85,18.19,50.6,27.4,accept
2,32.14,15.77,15.89,18.55,51.2,27.4,accept
2,32.32,15.77,15.55,18.22,50.9,27.4,accept
2,31.29,15.58,14.3,17.59,52.7,27.5,accept
2,31.46,15.32,14.41,17.94,53.2,27.5,accept
2,31.29,15.51,15.2,18.05,52.5,27.4,accept
2,33.03,16.37,16.39,18.33,49.7,27.3,accept
2,31.46,15.84,14.45,17.67,52.7,27.5,accept
2,31.29,15.14,15.54,18.33,52.0,27.4,accept
2,32.32,15.64,16.18,18.37,50.4,27.4,accept
2,31.63,15.9,15.24,18.13,52.5,27.4,accept
2,31.8,15.45,15.39,18.04,52.0,27.4,accept
2,32.49,15.97,15.93,18.24,50.7,27.4,accept
2,30.96,15.01,13.74,17.53,53.5,27.5,accept
2,31.8,15.58,15.92,18.58,51.2,27.4,accept
2,31.29,15.84,14.8,18.0,53.0,27.4,accept
2,31.97,15.77,15.46,18.05,51.8,27.4,accept
2,32.14,15.77,15.63,18.24,51.0,27.4,accept
2,30.63,15.26,14.38,17.91,53.6,27.5,accept
2,32.14,15.77,15.62,18.24,51.0,27.4,accept
2,32.49,15.97,15.81,18.19,50.6,27.4,accept
2,33.21,15.97,16.18,18.34,49.8,27.3,accept
2,31.46,15.32,15.62,18.4,52.0,27.4,accept
2,32.49,15.71,15.46,18.16,50.8,27.4,accept
2,33.21,16.03,16.18,18.3,49.8,27.3,accept
2,31.29,15.71,14.59,17.67,52.9,27.4,accept
2,33.21,15.9,16.18,18.34,49.9,27.3,accept
2,30.8,15.51,13.9,17.5,53.2,27.5,accept
2,32.14,15.77,15.56,18.24,50.9,27.4,accept
2,31.8,16.03,15.3,18.15,52.5,27.4,accept
2,32.67,16.17,16.09,18.34,50.3,27.4,accept
2,32.85,15.51,15.88,18.61,50.8,27.4,accept
2,31.8,15.97,15.01,17.75,52.4,27.4,accept
2,32.32,16.17,15.17,17.86,51.7,27.4,accept
2,31.97,15.51,15.32,17.86,51.2,27.4,accept
2,32.49,16.1,16.13,18.49,50.8,27.4,accept
2,33.21,15.77,16.26,18.44,49.9,27.3,accept
2,31.29,15.71,14.56,17.66,52.9,27.4,accept
2,31.46,15.14,15.47,17.79,51.5,27.4,accept
2,33.03,16.44,16.39,18.33,49.6,27.3,accept
2,31.63,15.39,15.62,18.36,52.1,27.5,accept
2,30.8,15.32,14.28,17.74,53.4,27.5,accept
2,32.85,15.45,15.7,18.28,50.6,27.4,accept
2,32.32,16.03,16.17,18.53,50.8,27.4,accept
2,32.14,15.71,15.62,18.24,51.1,27.4,accept
2,29.84,14.77,13.72,17.67,54.2,27.5,accept
2,31.12,15.26,14.38,17.86,53.2,27.5,accept
2,33.03,16.37,16.39,18.31,49.7,27.3,accept
2,30.63,15.32,14.42,17.96,53.6,27.5,accept
2,32.67,16.1,16.14,18.34,50.4,27.4,accept
2,31.97,15.97,14.78,17.69,52.2,27.4,accept
2,32.67,16.17,16.17,18.34,50.3,27.4,accept
2,30.63,15.39,14.11,17.5,53.5,27.5,accept
2,33.03,16.3,16.26,18.26,49.6,27.3,accept
2,31.8,16.03,15.02,17.79,52.5,27.4,accept
2,31.97,15.39,15.62,17.96,51.3,27.4,accept
2,31.97,15.97,14.8,17.68,52.1,27.4,accept
2,31.46,15.64,14.31,17.67,52.8,27.5,accept
2,33.03,15.77,15.93,18.41,50.3,27.4,accept
2,32.32,15.77,15.54,18.15,50.7,27.4,accept
2,31.46,15.9,14.72,17.85,53.1,27.5,accept
2,30.96,15.71,14.16,17.68,53.4,27.5,accept
2,32.49,15.97,15.79,18.18,50.6,27.4,accept
2,30.8,15.39,13.78,17.5,53.2,27.5,accept
2,31.8,15.58,15.4,18.12,52.0,27.4,accept
2,31.29,15.71,14.32,17.59,52.7,27.5,accept
2,32.49,15.97,15.79,18.19,50.5,27.4,accept
2,30.8,15.51,14.02,17.58,53.3,27.5,accept
2,32.49,15.32,15.65,17.92,51.2,27.4,accept
2,31.63,15.64,15.09,17.93,52.4,27.4,accept
2,31.8,15.97,15.02,17.76,52.5,27.4,accept
2,31.97,15.45,15.32,17.87,51.2,27.4,accept
2,30.0,14.89,13.69,17.57,54.1,27.5,accept
2,31.97,15.58,15.7,18.15,51.6,27.4,accept
2,32.32,15.77,15.24,18.15,52.2,27.4,accept
2,33.21,16.3,16.25,18.25,49.6,27.3,accept
2,30.8,15.45,13.91,17.49,53.2,27.5,accept
2,32.49,16.03,15.95,18.25,50.8,27.4,accept
2,32.14,15.14,15.5,18.34,51.7,27.4,accept
2,31.97,15.45,15.32,17.86,51.2,27.4,accept
2,32.49,15.51,15.86,18.6,50.9,27.4,accept
2,32.32,15.77,15.54,18.15,50.8,27.4,accept
2,32.85,16.1,15.96,18.34,50.1,27.4,accept
2,32.49,15.9,15.09,17.79,51.8,27.4,accept
2,32.67,15.9,15.68,18.18,50.5,27.4,accept
2,32.49,15.97,15.7,18.16,50.5,27.4,accept
2,32.85,16.3,16.34,18.53,50.5,27.4,accept
2,31.46,15.64,15.24,18.11,52.5,27.4,accept
2,32.49,16.03,15.85,18.23,50.6,27.4,accept
2,31.8,15.97,14.8,17.67,52.1,27.4,accept
2,31.29,15.71,14.88,18.05,53.1,27.5,accept
2,31.97,15.51,14.73,17.77,52.5,27.4,accept
2,31.8,16.1,14.94,17.75,52.2,27.4,accept
2,31.8,15.51,15.39,17.82,51.5,27.4,accept
2,32.49,15.9,15.7,18.17,50.4,27.4,accept
2,33.21,16.24,16.22,18.25,49.6,27.3,accept
2,31.8,16.03,14.99,17.77,52.4,27.4,accept
2,33.03,16.37,16.38,18.33,49.6,27.3,accept
2,31.29,15.58,14.28,17.59,52.7,27.5,accept
2,32.32,15.58,15.85,18.54,50.9,27.4,accept
2,33.21,15.77,16.26,18.43,49.9,27.3,accept
2,31.29,15.71,14.31,17.59,52.7,27.5,accept
2,31.63,15.2,14.31,17.68,53.0,27.5,accept
2,31.8,15.58,15.42,18.05,51.9,27.4,accept
2,32.32,15.58,14.87,18.05,52.5,27.4,accept
2,32.67,16.17,16.16,18.34,50.4,27.4,accept
2,33.21,16.24,16.2,18.25,49.6,27.3,accept
2,31.97,16.03,14.8,17.68,52.1,27.4,accept
2,32.85,16.24,16.26,18.44,50.5,27.4,accept
2,32.49,16.17,15.17,17.84,51.8,27.5,accept
2,31.8,16.1,14.95,17.76,52.2,27.4,accept
2,31.29,15.84,14.51,17.68,52.8,27.5,accept
2,32.67,15.32,15.68,17.86,51.1,27.4,accept
2,32.32,15.9,15.74,18.35,51.1,27.4,accept
2,31.97,15.58,14.72,17.68,52.5,27.5,accept
2,31.12,15.45,14.71,17.83,52.9,27.4,accept
2,31.97,15.51,15.39,17.78,51.5,27.4,accept
2,33.4,15.9,16.44,18.72,50.0,27.3,accept
2,30.63,15.32,14.26,17.71,53.4,27.5,accept
2,32.49,15.01,15.47,18.29,51.6,27.4,accept
2,32.32,16.17,15.17,17.75,51.7,27.4,accept
2,32.32,15.9,16.18,18.54,50.9,27.4,accept
2,32.49,16.37,15.32,17.86,51.7,27.4,accept
2,32.32,15.01,15.35,18.13,51.5,27.4,accept
2,31.12,14.95,13.8,17.67,53.6,27.5,accept
2,32.85,16.03,15.93,18.34,50.1,27.4,accept
2,32.49,15.97,15.93,18.23,50.8,27.4,accept
2,32.32,15.77,15.61,18.24,50.9,27.4,accept
2,32.49,15.51,15.86,18.57,50.9,27.4,accept
2,32.32,15.77,15.62,18.24,50.9,27.4,accept
2,30.8,15.45,13.84,17.49,53.2,27.5,accept
2,31.63,15.39,14.45,17.96,53.2,27.5,accept
2,32.32,16.3,15.46,18.01,51.7,27.4,accept
2,31.12,15.32,14.38,17.86,53.2,27.5,accept
2,30.8,15.58,13.93,17.51,53.2,27.5,accept
2,31.8,15.97,14.98,17.76,52.4,27.4,accept
2,30.63,15.32,14.11,17.59,53.4,27.5,accept
2,31.8,15.45,15.7,18.34,51.0,27.4,accept
2,32.85,16.17,16.09,18.34,50.2,27.4,accept
2,31.46,15.45,15.1,17.95,52.5,27.4,accept
2,31.97,15.58,15.39,17.86,51.3,27.4,accept
2,32.67,15.64,15.24,18.05,52.0,27.4,accept
2,32.14,15.32,15.24,17.9,51.2,27.4,accept
2,31.8,15.9,14.95,17.71,52.4,27.5,accept
2,31.8,15.2,15.47,18.3,51.8,27.4,accept
2,30.47,15.01,14.17,17.59,53.5,27.5,accept
2,32.14,15.64,15.23,18.07,52.2,27.4,accept
2,31.12,14.89,13.85,17.68,53.7,27.5,accept
2,30.63,15.14,14.18,17.64,53.5,27.5,accept
2,30.8,15.51,13.91,17.5,53.2,27.5,accept
2,31.8,15.9,15.31,18.17,52.5,27.4,accept
2,31.97,15.71,15.47,17.86,51.6,27.5,accept
2,32.67,16.1,16.13,18.34,50.4,27.4,accept
2,32.67,16.24,16.42,18.63,50.5,27.4,accept
2,31.97,15.64,15.45,18.05,51.9,27.4,accept
2,31.97,15.51,15.39,17.86,51.3,27.4,accept
2,32.67,15.64,15.1,17.92,52.0,27.4,accept
2,31.97,15.58,15.44,17.81,51.6,27.5,accept
2,32.14,15.64,16.19,18.42,50.4,27.4,accept
2,31.8,16.03,14.95,17.76,52.3,27.5,accept
2,32.32,16.1,15.14,17.78,51.8,27.5,accept
2,32.14,15.2,15.3,18.0,51.3,27.4,accept
2,31.63,15.2,14.37,17.77,53.0,27.5,accept
2,32.85,15.84,15.93,18.35,50.3,27.4,accept
2,32.67,16.17,16.09,18.34,50.2,27.4,accept
2,31.29,15.84,14.4,17.66,52.7,27.5,accept
2,33.03,16.37,16.34,18.25,49.6,27.3,accept
2,31.97,15.77,15.45,18.04,51.8,27.4,accept
2,32.49,15.77,15.08,17.8,51.9,27.4,accept
2,33.03,15.84,16.18,18.57,50.5,27.4,accept
2,32.49,15.97,15.7,18.17,50.5,27.4,accept
2,30.96,15.64,14.11,17.67,53.4,27.5,accept
2,30.63,15.39,14.39,17.95,53.6,27.5,accept
2,33.21,16.1,16.18,18.25,49.7,27.3,accept
2,30.8,15.45,14.11,17.68,53.4,27.5,accept
2,31.8,16.1,14.88,17.69,52.2,27.4,accept
2,32.14,15.64,16.27,18.53,50.5,27.4,accept
2,33.03,16.44,16.35,18.33,49.7,27.3,accept
2,31.97,15.77,15.46,18.04,51.8,27.4,accept
2,31.97,15.45,15.31,17.86,51.2,27.4,accept
2,31.8,15.45,15.39,18.04,51.9,27.4,accept
2,33.03,15.71,15.94,18.44,50.3,27.4,accept
2,32.67,16.17,16.14,18.34,50.4,27.4,accept
2,32.14,15.71,15.93,18.26,50.7,27.4,accept
2,32.32,15.77,15.48,18.15,50.8,27.4,accept
2,33.03,16.37,16.33,18.26,49.6,27.3,accept
2,31.97,15.71,15.93,18.61,51.2,27.4,accept
2,32.49,15.9,16.09,18.44,50.6,27.4,accept
2,32.85,15.51,15.87,18.59,50.8,27.4,accept
2,31.8,15.26,14.39,17.86,53.1,27.5,accept
2,30.8,15.45,13.98,17.5,53.3,27.5,accept
2,31.63,15.71,15.1,17.96,52.4,27.4,accept
2,32.67,15.9,16.36,18.63,50.2,27.3,accept
2,32.67,15.77,15.27,18.15,52.1,27.4,accept
2,33.03,16.37,16.4,18.32,49.7,27.3,accept
2,32.67,15.71,15.25,18.14,52.1,27.4,accept
2,31.46,15.77,14.51,17.67,52.8,27.5,accept
2,32.67,16.17,16.18,18.34,50.4,27.4,accept
2,32.32,16.24,15.47,18.03,51.7,27.4,accept
2,32.67,16.1,16.18,18.34,50.5,27.4,accept
2,32.14,15.26,15.24,17.96,51.3,27.4,accept
2,32.49,15.97,15.93,18.24,50.8,27.4,accept
2,31.97,16.1,14.87,17.68,52.2,27.4,accept
2,31.8,16.03,14.8,17.67,52.2,27.5,accept
2,33.03,15.84,16.18,18.58,50.5,27.4,accept
2,32.49,16.03,16.43,18.7,50.4,27.3,accept
2,31.8,15.97,14.95,17.77,52.3,27.4,accept
2,32.67,16.17,16.1,18.34,50.3,27.4,accept
2,32.14,15.51,14.88,18.05,52.5,27.4,accept
2,32.32,15.84,16.01,18.34,50.7,27.4,accept
2,30.96,15.08,13.83,17.6,53.6,27.5,accept
2,31.8,15.97,14.95,17.74,52.4,27.5,accept
2,31.29,15.71,14.52,17.66,52.9,27.4,accept
2,31.8,15.51,15.7,18.15,51.6,27.4,accept
2,31.46,15.9,14.66,17.76,53.0,27.5,accept
2,32.32,15.77,16.2,18.42,50.3,27.3,accept
2,31.46,15.26,15.6,18.4,52.0,27.4,accept
2,31.97,15.51,14.71,17.68,52.5,27.5,accept
2,31.8,15.58,15.7,18.15,51.6,27.4,accept
2,32.49,15.97,15.78,18.24,50.5,27.4,accept
2,32.14,15.77,15.62,18.24,50.9,27.4,accept
2,32.49,16.03,15.85,18.18,50.6,27.4,accept
2,31.29,15.64,14.31,17.59,52.7,27.5,accept
2,30.8,15.45,14.03,17.51,53.3,27.5,accept
2,31.97,15.51,15.39,17.8,51.5,27.4,accept
2,32.32,15.97,15.78,18.44,51.1,27.4,accept
2,30.8,15.45,14.04,17.55,53.4,27.5,accept
2,31.29,15.77,14.56,17.68,52.9,27.5,accept
2,32.14,16.1,15.47,18.05,51.8,27.4,accept
2,31.97,15.9,15.47,18.05,51.8,27.4,accept
2,33.21,16.17,16.18,18.25,49.6,27.3,accept
2,32.49,15.39,15.39,17.77,51.0,27.4,accept
2,32.49,15.97,15.82,18.18,50.6,27.4,accept
2,32.49,16.1,16.1,18.45,50.8,27.4,accept
2,33.03,15.9,16.42,18.64,50.2,27.4,accept
2,31.12,15.01,13.91,17.78,53.8,27.5,accept
2,33.58,15.97,16.46,18.73,50.0,27.3,accept
2,31.97,16.1,15.09,17.88,52.5,27.5,accept
2,32.14,15.77,15.55,18.23,50.9,27.4,accept
2,32.14,15.58,15.82,18.53,50.9,27.4,accept
2,31.97,16.1,15.09,17.9,52.5,27.5,accept
2,31.29,15.77,14.38,17.64,52.7,27.5,accept
2,32.49,15.71,15.47,18.16,50.8,27.4,accept
2,31.8,15.51,15.39,18.05,51.9,27.4,accept
2,30.8,15.32,13.78,17.49,53.3,27.5,accept
2,31.46,15.08,15.47,17.8,51.5,27.4,accept
2,31.8,16.03,15.24,18.05,52.5,27.4,accept
2,31.63,15.45,15.7,18.14,51.6,27.4,accept
2,30.63,15.39,14.38,17.88,53.6,27.5,accept
2,31.63,15.2,15.4,18.22,51.8,27.4,accept
2,32.32,16.17,15.17,17.77,51.6,27.4,accept
2,33.03,16.37,16.41,18.33,49.7,27.3,accept
2,33.03,16.37,16.28,18.26,49.6,27.3,accept
2,30.8,15.51,14.04,17.55,53.3,27.5,accept
2,32.32,15.51,15.39,18.34,50.9,27.4,accept
2,31.8,15.39,15.62,17.96,51.3,27.4,accept
2,33.21,16.24,16.18,18.24,49.7,27.3,accept
2,32.49,15.97,15.11,17.86,51.9,27.4,accept
2,31.8,15.32,15.92,18.24,50.8,27.4,accept
2,31.29,15.71,14.52,17.65,52.9,27.5,accept
2,31.8,16.03,14.95,17.71,52.3,27.5,accept
2,31.29,15.77,14.45,17.67,52.7,27.5,accept
2,31.29,15.71,14.39,17.59,52.7,27.5,accept
2,31.29,15.71,14.52,17.67,52.9,27.5,accept
2,32.49,15.77,15.09,17.86,51.9,27.4,accept
2,31.63,15.32,15.54,17.86,51.3,27.4,accept
2,31.97,15.58,14.87,18.04,52.6,27.4,accept
2,31.46,15.51,14.25,17.59,52.7,27.4,accept
2,31.29,15.77,14.59,17.68,53.0,27.5,accept
2,31.97,15.14,15.5,18.33,51.7,27.4,accept
2,32.14,15.64,16.26,18.47,50.5,27.4,accept
2,31.97,15.51,15.39,17.77,51.5,27.4,accept
2,31.29,15.71,14.45,17.59,52.8,27.5,accept
2,32.32,15.51,14.87,17.97,52.5,27.4,accept
2,30.8,15.14,13.72,17.49,53.4,27.5,accept
2,32.32,16.03,15.09,17.77,51.8,27.4,accept
2,33.03,16.37,16.27,18.25,49.6,27.3,accept
2,31.46,15.71,14.31,17.6,52.7,27.5,accept
2,30.8,15.01,13.88,17.8,53.9,27.5,accept
2,30.8,15.58,13.98,17.55,53.3,27.5,accept
2,33.21,16.3,16.26,18.26,49.6,27.3,accept
2,32.14,15.08,15.51,18.34,51.7,27.4,accept
2,31.97,15.84,15.47,18.05,51.8,27.4,accept
2,32.67,16.17,16.13,18.34,50.3,27.4,accept
2,31.97,15.84,14.73,17.68,52.2,27.4,accept
2,32.67,16.1,16.42,18.67,50.5,27.4,accept
2,31.8,16.03,14.95,17.77,52.4,27.5,accept
2,32.67,15.2,15.59,17.66,51.1,27.4,accept
2,32.32,15.77,15.51,18.15,50.8,27.4,accept
2,32.14,15.32,15.63,17.96,51.2,27.4,accept
2,31.46,15.32,14.44,17.93,53.2,27.5,accept
2,31.8,15.58,15.55,18.33,52.0,27.4,accept
2,32.85,15.51,15.87,18.6,50.8,27.4,accept
2,31.97,15.9,14.73,17.68,52.2,27.4,accept
2,30.8,15.51,14.36,17.86,53.6,27.5,accept
2,33.21,15.58,16.03,18.63,50.4,27.4,accept
2,31.97,15.45,15.31,17.93,51.2,27.4,accept
2,31.29,15.77,14.52,17.68,52.8,27.5,accept
2,31.8,15.32,14.41,17.91,53.1,27.5,accept
2,31.97,15.45,16.01,18.33,50.8,27.4,accept
2,30.8,15.51,13.91,17.49,53.2,27.5,accept
2,31.12,15.51,14.73,17.86,52.9,27.4,accept
2,31.8,16.03,14.8,17.67,52.1,27.4,accept
2,31.29,14.95,15.39,18.15,52.0,27.4,accept
2,32.49,16.17,15.15,17.86,51.7,27.4,accept
2,32.49,16.3,15.25,17.78,51.7,27.4,accept
2,31.8,15.9,14.95,17.68,52.4,27.4,accept
2,32.32,15.84,15.55,18.23,50.8,27.4,accept
2,32.32,15.77,15.94,18.29,50.7,27.4,accept
2,32.49,15.97,15.85,18.18,50.6,27.4,accept
2,31.97,15.71,14.66,17.68,52.4,27.5,accept
2,32.14,15.08,15.32,18.07,51.5,27.4,accept
2,32.49,15.97,15.83,18.18,50.6,27.4,accept
2,32.14,15.32,15.24,17.95,51.2,27.4,accept
2,31.29,15.71,14.38,17.59,52.7,27.5,accept
2,31.8,15.9,14.76,17.67,52.1,27.4,accept
2,32.49,16.03,16.17,18.54,50.8,27.4,accept
2,32.85,15.97,15.93,18.34,50.2,27.4,accept
2,31.8,15.51,14.81,18.01,52.7,27.4,accept
2,32.32,15.08,15.32,18.06,51.4,27.4,accept
2,32.49,16.17,16.09,18.43,50.8,27.4,accept
2,32.49,16.17,15.17,17.86,51.7,27.4,accept
2,32.49,15.97,15.78,18.19,50.5,27.4,accept
2,32.14,15.97,15.47,18.05,51.8,27.4,accept
2,32.49,16.03,15.89,18.23,50.7,27.4,accept
2,31.29,15.08,13.91,17.83,53.7,27.5,accept
2,30.47,15.2,14.38,17.87,53.6,27.5,accept
2,31.8,15.58,15.54,18.28,52.0,27.4,accept
2,32.85,16.17,16.01,18.32,50.1,27.4,accept
2,31.63,15.32,15.78,18.44,51.2,27.4,accept
2,32.32,14.95,15.39,18.15,51.5,27.4,accept
2,32.85,16.1,15.95,18.34,50.1,27.4,accept
2,31.29,15.77,14.59,17.68,52.9,27.5,accept
2,30.8,15.39,14.11,17.58,53.4,27.5,accept
2,31.97,15.51,15.39,17.82,51.5,27.4,accept
2,32.14,15.71,16.14,18.53,50.8,27.4,accept
2,31.29,15.84,14.52,17.68,52.8,27.5,accept
2,31.29,15.01,13.91,17.84,53.7,27.5,accept
2,31.46,15.97,14.76,17.91,53.1,27.5,accept
2,32.14,15.84,16.18,18.56,50.8,27.4,accept
2,31.97,15.64,15.69,18.11,51.6,27.5,accept
2,32.67,15.71,15.11,17.93,52.0,27.4,accept
2,32.85,16.1,15.93,18.34,50.1,27.4,accept
2,30.8,15.45,14.11,17.57,53.5,27.5,accept
2,31.29,15.84,14.45,17.66,52.7,27.5,accept
2,31.46,15.45,14.25,17.59,52.8,27.5,accept
2,31.8,16.03,14.88,17.68,52.2,27.4,accept
2,30.8,15.39,14.11,17.55,53.5,27.5,accept
2,32.85,15.84,16.18,18.55,50.5,27.4,accept
2,30.63,15.26,14.05,17.58,53.4,27.5,accept
2,32.85,16.24,16.01,18.34,50.1,27.4,accept
2,30.47,15.01,14.18,17.65,53.5,27.5,accept
2,31.8,16.03,14.88,17.69,52.2,27.4,accept
2,33.03,16.37,16.3,18.26,49.6,27.3,accept
2,31.97,15.84,14.73,17.68,52.3,27.4,accept
2,30.96,15.32,14.66,17.71,52.9,27.4,accept
2,30.96,15.39,14.32,17.84,53.3,27.5,accept
2,31.8,15.32,15.78,18.43,51.2,27.4,accept
2,30.96,15.01,13.91,17.8,53.8,27.5,accept
2,32.32,15.58,14.91,18.05,52.5,27.4,accept
2,31.46,15.45,14.25,17.67,52.9,27.5,accept
2,32.49,15.97,15.85,18.21,50.6,27.4,accept
2,32.49,15.45,15.39,18.11,50.9,27.4,accept
2,32.67,15.32,15.68,17.87,51.1,27.4,accept
2,32.49,15.97,15.79,18.19,50.6,27.4,accept
2,31.63,15.9,15.27,18.15,52.5,27.4,accept
2,31.8,16.03,15.0,17.82,52.3,27.5,accept
2,32.49,15.97,16.33,18.54,50.2,27.3,accept
2,30.8,15.51,13.99,17.53,53.3,27.5,accept
2,31.97,16.1,14.8,17.68,52.2,27.5,accept
2,30.8,15.45,14.11,17.65,53.4,27.5,accept
2,31.12,14.95,13.9,17.77,53.8,27.5,accept
2,30.8,15.51,13.85,17.5,53.2,27.5,accept
2,32.49,16.03,15.78,18.23,50.5,27.4,accept
2,32.49,15.97,15.78,18.2,50.5,27.4,accept
2,31.8,15.77,15.17,18.04,52.3,27.4,accept
2,30.47,15.26,14.38,17.95,53.6,27.5,accept
2,31.97,15.58,15.38,17.86,51.3,27.4,accept
2,31.97,15.77,15.23,18.05,52.3,27.4,accept
2,31.63,15.14,14.31,17.68,53.0,27.5,accept
2,32.14,15.45,15.31,17.9,51.2,27.4,accept
2,30.8,15.58,14.17,17.68,53.4,27.5,accept
2,32.49,15.97,15.78,18.23,50.5,27.4,accept
2,32.32,16.24,15.47,18.05,51.7,27.4,accept
2,30.8,15.26,13.72,17.47,53.4,27.5,accept
2,31.97,15.58,15.36,17.86,51.2,27.4,accept
2,31.97,15.58,15.39,17.86,51.4,27.4,accept
2,32.49,15.32,15.4,17.68,51.0,27.4,accept
2,31.8,16.03,15.25,18.13,52.5,27.4,accept
2,31.97,15.51,15.39,17.84,51.5,27.4,accept
2,32.14,15.14,15.51,18.33,51.7,27.4,accept
2,30.47,15.14,13.84,17.69,54.0,27.5,accept
2,31.29,15.77,14.38,17.6,52.7,27.5,accept
2,31.97,15.64,15.76,18.43,51.0,27.4,accept
2,32.67,15.14,15.52,17.45,51.1,27.4,accept
2,32.49,15.77,15.47,18.15,50.8,27.4,accept
2,31.46,15.26,14.39,17.87,53.2,27.5,accept
2,31.63,15.9,15.32,18.23,52.5,27.4,accept
2,32.49,16.03,15.93,18.24,50.7,27.4,accept
2,30.8,15.45,13.84,17.5,53.3,27.5,accept
2,32.32,15.97,16.18,18.54,50.8,27.4,accept
2,31.46,15.32,15.6,18.39,52.0,27.4,accept
2,32.85,15.9,16.42,18.64,50.2,27.4,accept
2,31.63,15.84,15.31,18.15,52.5,27.4,accept
2,32.67,15.97,15.71,18.18,50.5,27.4,accept
2,32.49,15.84,15.09,17.85,51.9,27.4,accept
2,30.8,15.58,14.01,17.58,53.3,27.5,accept
2,31.97,16.17,15.24,18.09,52.5,27.4,accept
2,30.8,15.58,13.98,17.54,53.3,27.5,accept
2,32.32,15.9,16.18,18.54,50.8,27.4,accept
2,31.8,15.97,14.84,17.68,52.2,27.4,accept
2,31.29,15.77,14.46,17.64,52.8,27.5,accept
2,31.8,15.97,14.96,17.76,52.4,27.4,accept
2,32.14,15.51,14.74,17.83,52.5,27.4,accept
2,32.67,15.77,15.62,18.19,50.5,27.4,accept
2,31.97,16.1,15.0,17.82,52.3,27.4,accept
2,30.96,15.39,14.38,17.86,53.3,27.5,accept
2,32.85,15.51,15.87,18.58,50.8,27.4,accept
2,31.29,15.71,14.33,17.59,52.7,27.5,accept
2,32.14,15.08,15.52,18.34,51.7,27.4,accept
2,30.8,15.45,14.12,17.58,53.5,27.5,accept
2,32.49,15.97,15.86,18.18,50.7,27.4,accept
2,32.32,16.1,15.17,17.73,51.7,27.4,accept
2,32.67,15.84,16.1,18.51,50.6,27.4,accept
2,32.14,15.45,15.31,17.89,51.2,27.4,accept
2,32.32,15.71,15.54,18.15,50.8,27.4,accept
2,33.4,15.77,16.39,18.63,50.0,27.3,accept
2,30.8,15.01,13.91,17.82,53.9,27.5,accept
2,31.97,16.1,14.9,17.74,52.2,27.4,accept
2,30.8,15.51,14.38,17.91,53.6,27.5,accept
2,31.8,15.51,15.56,18.34,52.0,27.4,accept
2,32.32,15.58,15.4,18.24,50.8,27.4,accept
2,31.63,15.32,14.31,17.68,53.0,27.5,accept
2,32.14,15.39,14.8,17.89,52.5,27.4,accept
2,31.29,15.58,14.74,17.9,52.8,27.5,accept
2,30.8,15.51,13.98,17.49,53.3,27.5,accept
2,31.46,15.51,14.28,17.68,52.9,27.5,accept
2,32.49,15.97,15.85,18.2,50.6,27.4,accept
2,32.32,15.14,15.54,18.35,51.6,27.4,accept
2,30.8,15.51,13.84,17.49,53.2,27.5,accept
2,30.8,15.51,14.18,17.62,53.6,27.5,accept
2,32.67,15.77,15.31,18.15,52.1,27.4,accept
2,30.63,15.26,14.05,17.54,53.4,27.5,accept
2,31.97,15.58,15.78,18.44,51.0,27.4,accept
2,32.85,15.39,15.85,18.53,50.7,27.4,accept
2,32.49,16.17,16.02,18.35,50.8,27.4,accept
2,32.67,15.51,15.62,18.24,50.6,27.4,accept
2,30.63,15.39,14.38,17.94,53.6,27.5,accept
2,33.21,16.03,16.18,18.28,49.8,27.3,accept
2,33.4,15.71,16.26,18.48,49.9,27.3,accept
2,31.8,15.9,14.94,17.68,52.4,27.4,accept
2,31.8,15.64,15.48,18.23,52.0,27.4,accept
2,30.96,15.26,14.74,17.87,53.0,27.4,accept
2,32.67,15.84,15.64,18.19,50.5,27.4,accept
2,30.96,15.51,14.31,17.84,53.6,27.5,accept
2,33.21,16.3,16.26,18.27,49.6,27.3,accept
2,32.49,16.03,16.43,18.69,50.4,27.3,accept
2,31.46,15.71,14.31,17.64,52.7,27.5,accept
2,30.63,15.32,14.06,17.51,53.5,27.5,accept
2,32.67,16.17,16.18,18.35,50.5,27.4,accept
2,31.97,15.9,14.74,17.68,52.2,27.5,accept
2,31.8,15.97,15.01,17.76,52.5,27.4,accept
2,32.67,16.24,16.17,18.34,50.3,27.4,accept
2,31.8,15.97,14.99,17.77,52.3,27.5,accept
2,31.29,15.71,14.38,17.58,52.6,27.4,accept
2,31.46,15.51,15.09,17.95,52.5,27.4,accept
2,32.49,15.77,15.12,17.91,51.9,27.4,accept
2,33.4,15.9,16.42,18.67,50.1,27.3,accept
2,31.8,15.97,14.95,17.71,52.4,27.5,accept
2,32.49,15.97,15.7,18.16,50.4,27.4,accept
2,32.67,15.71,15.24,18.11,52.1,27.4,accept
2,30.8,15.26,13.78,17.5,53.4,27.5,accept
2,31.97,15.58,15.39,17.86,51.5,27.5,accept
2,32.67,15.84,15.63,18.21,50.5,27.4,accept
2,31.8,15.45,15.39,18.05,52.0,27.4,accept
2,32.67,15.51,15.88,18.6,50.8,27.4,accept
2,31.63,15.51,14.8,17.96,52.7,27.4,accept
2,31.97,15.51,14.87,18.03,52.7,27.5,accept
2,32.67,16.3,16.37,18.61,50.5,27.4,accept
2,32.14,15.14,15.32,18.05,51.4,27.4,accept
2,32.67,15.77,15.25,18.14,52.1,27.4,accept
2,31.46,15.77,14.6,17.68,53.0,27.5,accept
2,30.8,15.51,14.4,17.95,53.6,27.5,accept
2,33.21,15.9,16.42,18.65,50.1,27.3,accept
2,31.97,15.51,14.87,18.04,52.7,27.5,accept
2,32.32,16.24,15.19,17.85,51.7,27.4,accept
2,32.85,16.24,16.09,18.34,50.2,27.4,accept
2,32.14,15.58,14.88,18.05,52.6,27.4,accept
2,30.63,15.01,13.85,17.76,53.9,27.5,accept
2,32.14,15.2,15.25,17.96,51.3,27.4,accept
2,32.32,16.24,15.24,17.75,51.7,27.4,accept
2,32.32,15.97,15.83,18.45,51.1,27.4,accept
2,30.8,15.39,14.11,17.64,53.4,27.5,accept
2,31.29,14.89,15.32,18.07,51.9,27.4,accept
2,30.8,15.51,13.96,17.49,53.2,27.5,accept
2,31.8,15.9,14.99,17.72,52.5,27.4,accept
2,31.97,15.2,15.47,18.33,51.7,27.4,accept
2,31.12,15.58,14.87,18.06,53.1,27.5,accept
2,30.8,15.58,13.98,17.56,53.3,27.5,accept
2,31.63,15.45,15.59,18.34,52.0,27.4,accept
2,31.8,15.32,14.44,17.91,53.1,27.5,accept
2,32.85,16.24,16.01,18.33,50.1,27.4,accept
2,31.46,15.58,14.8,17.96,52.8,27.5,accept
2,32.67,15.64,15.62,18.22,50.6,27.4,accept
2,30.63,15.32,14.08,17.59,53.4,27.5,accept
2,31.97,15.51,15.33,17.85,51.2,27.4,accept
2,32.49,16.03,15.85,18.17,50.6,27.4,accept
2,33.21,15.9,16.42,18.64,50.1,27.3,accept
2,32.32,15.71,15.28,18.14,52.2,27.4,accept
2,32.49,15.64,15.24,18.12,52.1,27.4,accept
2,32.14,15.14,15.31,18.03,51.4,27.4,accept
2,31.46,15.14,15.39,18.16,51.8,27.4,accept
2,30.96,15.58,14.32,17.85,53.6,27.5,accept
2,32.14,15.71,15.63,18.25,51.0,27.4,accept
2,32.49,15.14,15.54,18.36,51.6,27.4,accept
2,32.67,15.9,15.66,18.18,50.5,27.4,accept
2,32.14,15.45,15.29,17.93,51.2,27.4,accept
2,31.97,16.1,14.85,17.68,52.2,27.4,accept
2,32.49,15.97,15.81,18.18,50.6,27.4,accept
2,31.97,15.77,15.47,18.05,51.8,27.4,accept
2,32.32,16.37,15.39,17.96,51.7,27.4,accept
2,32.32,15.64,15.43,18.23,50.8,27.4,accept
2,31.29,14.89,15.32,18.06,51.9,27.4,accept
2,31.8,16.03,14.87,17.68,52.2,27.4,accept
2,32.67,15.58,15.62,18.24,50.6,27.4,accept
2,32.32,16.24,15.22,17.78,51.6,27.4,accept
2,30.8,15.26,13.76,17.49,53.4,27.5,accept
2,31.29,15.77,14.44,17.59,52.7,27.5,accept
2,32.85,16.24,16.07,18.34,50.2,27.4,accept
2,30.96,15.45,14.8,17.98,53.1,27.4,accept
2,31.29,14.89,15.36,18.12,51.9,27.4,accept
2,30.96,15.26,14.72,17.86,53.0,27.4,accept
2,31.46,15.84,14.87,18.05,53.0,27.4,accept
2,32.67,15.97,16.34,18.56,50.2,27.3,accept
2,32.49,16.1,15.09,17.78,51.7,27.4,accept
2,31.97,16.1,14.94,17.76,52.2,27.4,accept
2,31.46,15.77,14.58,17.68,52.9,27.5,accept
2,33.03,16.3,16.39,18.3,49.7,27.3,accept
2,31.97,15.51,15.39,17.85,51.5,27.5,accept
2,31.29,15.77,14.38,17.59,52.7,27.5,accept
2,32.49,16.03,16.42,18.68,50.6,27.4,accept
2,29.84,14.71,13.72,17.59,54.2,27.5,accept
2,32.32,16.24,15.24,17.8,51.7,27.4,accept
2,32.85,15.32,15.78,18.44,50.7,27.4,accept
2,32.85,16.17,15.99,18.33,50.1,27.4,accept
2,31.8,15.97,14.99,17.77,52.3,27.4,accept
2,31.8,15.51,15.39,17.85,51.5,27.5,accept
2,31.97,15.71,14.73,17.69,52.4,27.4,accept
2,31.46,15.71,15.26,18.15,52.5,27.4,accept
2,32.49,15.97,15.78,18.18,50.5,27.4,accept
2,31.97,15.64,15.46,18.05,51.8,27.4,accept
2,30.96,15.14,13.78,17.56,53.5,27.5,accept
2,31.29,15.77,14.54,17.68,52.8,27.5,accept
2,32.14,15.84,16.18,18.54,50.9,27.4,accept
2,33.03,16.37,16.39,18.3,49.7,27.3,accept
2,31.12,15.01,13.83,17.67,53.6,27.5,accept
2,30.63,15.32,14.05,17.56,53.4,27.5,accept
2,29.84,14.65,13.66,17.51,54.2,27.5,accept
2,33.21,15.84,16.18,18.59,50.5,27.4,accept
2,32.14,15.39,14.76,17.86,52.5,27.5,accept
2,33.03,16.44,16.34,18.31,49.7,27.3,accept
2,30.8,15.58,14.04,17.59,53.3,27.5,accept
2,31.63,15.26,15.68,18.31,51.1,27.4,accept
2,31.97,15.64,15.93,18.62,51.2,27.4,accept
2,33.21,15.84,16.19,18.61,50.5,27.4,accept
2,33.4,15.77,16.34,18.53,49.9,27.3,accept
2,30.96,15.58,14.2,17.68,53.6,27.5,accept
2,30.47,15.08,14.25,17.68,53.6,27.5,accept
2,29.84,14.71,13.74,17.68,54.3,27.5,accept
2,31.29,15.64,14.31,17.58,52.6,27.4,accept
2,32.14,15.97,15.86,18.53,51.2,27.4,accept
2,31.29,15.77,14.41,17.6,52.7,27.5,accept
2,32.49,15.2,15.54,18.4,51.6,27.4,accept
2,32.67,16.17,16.17,18.34,50.4,27.4,accept
2,30.8,15.39,14.11,17.59,53.4,27.5,accept
2,31.97,15.58,15.92,18.61,51.2,27.4,accept
2,32.49,15.97,15.85,18.2,50.7,27.4,accept
2,30.96,15.01,13.78,17.58,53.6,27.5,accept
2,30.8,15.39,14.11,17.58,53.5,27.5,accept
2,30.96,15.71,14.31,17.85,53.6,27.5,accept
2,33.21,15.58,16.01,18.57,50.4,27.4,accept
2,31.29,15.08,15.53,18.31,52.0,27.4,accept
2,31.29,15.77,14.52,17.67,52.9,27.5,accept
2,31.12,14.89,13.83,17.67,53.7,27.5,accept
2,32.67,15.14,15.54,17.49,51.1,27.4,accept
2,30.8,15.39,13.78,17.47,53.2,27.5,accept
2,32.49,15.64,15.41,18.24,50.8,27.4,accept
2,31.63,15.26,15.47,17.84,51.4,27.4,accept
2,32.32,16.17,15.47,18.05,51.7,27.4,accept
2,32.32,15.08,15.36,18.13,51.5,27.4,accept
2,32.14,15.64,15.85,18.54,50.9,27.4,accept
2,32.67,15.71,15.62,18.19,50.5,27.4,accept
2,31.29,15.71,14.59,17.68,53.0,27.5,accept
2,33.03,15.77,15.93,18.43,50.3,27.4,accept
2,32.32,15.9,16.02,18.4,50.6,27.4,accept
2,32.49,15.08,15.54,18.34,51.6,27.4,accept
2,32.14,15.84,15.88,18.54,51.2,27.4,accept
2,30.8,14.95,13.87,17.77,53.8,27.5,accept
2,31.46,15.58,14.26,17.66,52.8,27.5,accept
2,30.8,15.45,14.12,17.59,53.5,27.5,accept
2,31.97,15.51,15.87,18.22,50.7,27.4,accept
2,32.49,16.1,16.1,18.44,50.8,27.4,accept
2,32.32,15.26,15.63,17.94,51.2,27.4,accept
2,32.32,16.24,15.47,18.04,51.7,27.4,accept
2,31.63,15.45,15.39,18.04,52.0,27.4,accept
2,31.12,15.08,13.91,17.85,53.8,27.5,accept
2,31.8,15.45,15.58,18.34,52.0,27.4,accept
2,32.14,15.64,16.26,18.44,50.4,27.3,accept
2,31.63,15.32,14.4,17.9,53.2,27.5,accept
2,31.29,15.71,14.43,17.59,52.7,27.4,accept
2,30.8,15.51,13.85,17.49,53.2,27.5,accept
2,32.85,15.9,16.39,18.64,50.2,27.4,accept
2,31.29,15.71,14.87,18.05,53.1,27.4,accept
2,31.97,15.32,15.24,17.92,51.2,27.4,accept
2,31.46,15.9,14.8,17.96,53.1,27.5,accept
2,32.32,16.17,15.17,17.77,51.7,27.4,accept
2,31.8,15.58,15.39,18.05,51.9,27.4,accept
2,31.63,15.39,15.6,18.34,52.0,27.4,accept
2,30.63,15.26,14.25,17.68,53.4,27.5,accept
2,32.32,16.1,15.17,17.77,51.7,27.4,accept
2,32.49,15.39,15.39,18.01,51.0,27.4,accept
2,32.67,15.26,15.65,17.9,51.2,27.4,accept
2,32.49,16.44,15.36,17.9,51.7,27.4,accept
2,31.46,15.45,15.08,17.87,52.4,27.4,accept
2,31.8,15.32,15.64,18.28,51.1,27.4,accept
2,31.29,15.32,14.38,17.87,53.2,27.5,accept
2,33.58,15.9,16.44,18.72,50.0,27.3,accept
2,31.29,15.71,14.52,17.66,52.8,27.4,accept
2,32.49,15.9,16.28,18.54,50.3,27.3,accept
2,32.32,15.84,16.26,18.46,50.3,27.3,accept
2,31.46,15.08,15.47,17.84,51.5,27.4,accept
2,30.31,15.08,14.31,17.78,53.6,27.5,accept
2,31.29,15.84,14.8,17.95,53.0,27.4,accept
2,32.14,15.2,15.29,17.98,51.3,27.4,accept
2,31.63,15.32,15.69,18.12,51.6,27.4,accept
2,33.4,15.77,16.34,18.55,50.0,27.3,accept
2,33.03,16.44,16.34,18.29,49.7,27.3,accept
2,32.32,15.77,15.55,18.24,50.8,27.4,accept
2,32.14,15.2,15.27,17.96,51.3,27.4,accept
2,31.46,15.84,14.66,17.78,53.1,27.5,accept
2,32.49,16.03,15.87,18.22,50.7,27.4,accept
2,31.29,14.95,15.46,18.22,52.0,27.4,accept
2,31.12,15.64,14.88,18.06,53.1,27.5,accept
2,31.8,15.9,14.75,17.67,52.1,27.4,accept
2,31.63,15.2,15.44,18.24,51.8,27.4,accept
2,32.85,16.24,16.04,18.34,50.2,27.4,accept
2,33.21,15.84,16.21,18.36,49.9,27.3,accept
2,32.85,16.24,16.02,18.34,50.2,27.4,accept
2,32.32,16.03,15.09,17.78,51.8,27.4,accept
2,32.14,15.45,14.76,17.85,52.5,27.5,accept
2,32.14,15.77,15.92,18.58,51.2,27.4,accept
2,30.0,14.89,13.72,17.59,54.1,27.5,accept
2,30.15,15.01,13.73,17.63,54.0,27.5,accept
2,31.46,15.14,15.55,17.96,51.6,27.5,accept
2,31.63,15.9,15.29,18.15,52.5,27.4,accept
2,32.49,15.14,15.54,18.35,51.6,27.4,accept
2,31.46,15.77,14.33,17.61,52.7,27.5,accept
2,30.8,15.58,13.98,17.55,53.2,27.5,accept
2,31.97,15.9,14.74,17.68,52.2,27.4,accept
2,32.49,15.2,15.47,17.29,51.1,27.4,accept
2,32.85,15.45,15.66,18.25,50.6,27.4,accept
2,31.46,15.2,15.48,17.83,51.4,27.4,accept
2,31.8,15.97,14.95,17.72,52.4,27.4,accept
2,32.14,15.77,16.34,18.62,50.5,27.4,accept
2,30.8,15.58,13.91,17.52,53.2,27.5,accept
2,31.97,16.1,14.87,17.68,52.1,27.4,accept
2,32.32,16.24,15.24,17.77,51.7,27.4,accept
2,32.49,15.26,15.65,17.94,51.2,27.4,accept
2,31.8,15.97,14.87,17.68,52.2,27.4,accept
2,32.32,15.77,15.59,18.24,50.9,27.4,accept
2,31.46,15.77,14.59,17.68,53.0,27.5,accept
2,32.67,16.24,16.42,18.64,50.5,27.4,accept
2,32.14,15.84,15.54,18.17,50.8,27.4,accept
2,32.67,16.1,16.12,18.34,50.4,27.4,accept
2,33.21,15.71,16.17,18.79,50.4,27.4,accept
2,32.49,16.17,16.42,18.65,50.5,27.4,accept
2,32.49,15.97,15.85,18.19,50.7,27.4,accept
2,32.32,15.84,16.18,18.55,50.8,27.4,accept
2,32.32,16.17,15.18,17.73,51.7,27.4,accept
2,31.29,15.71,14.44,17.58,52.7,27.4,accept
2,31.97,16.03,14.89,17.68,52.2,27.4,accept
2,30.63,15.39,14.1,17.51,53.5,27.5,accept
2,32.67,15.97,16.35,18.61,50.2,27.3,accept
2,30.31,15.01,14.25,17.68,53.6,27.5,accept
2,32.14,15.71,15.24,18.12,52.2,27.4,accept
2,30.8,15.39,14.05,17.58,53.4,27.5,accept
2,31.97,15.58,15.34,17.85,51.2,27.4,accept
2,30.96,15.51,14.84,18.05,53.1,27.4,accept
2,31.8,15.9,14.8,17.67,52.1,27.4,accept
2,32.14,15.77,15.55,18.24,50.9,27.4,accept
2,33.03,16.37,16.34,18.27,49.6,27.3,accept
3,33.96,17.0,17.29,18.34,48.4,27.0,accept
3,33.96,16.24,17.02,18.75,49.1,27.2,accept
3,33.77,16.86,17.13,18.43,49.0,27.1,accept
3,34.53,17.29,18.21,18.44,47.8,26.8,accept
3,33.03,16.44,17.07,18.74,49.5,27.2,accept
3,35.12,17.73,18.72,17.95,47.1,26.6,accept
3,34.15,16.93,18.52,18.34,47.5,26.6,accept
3,35.53,17.21,18.72,18.57,47.2,26.6,accept
3,34.93,17.51,18.32,18.25,47.2,26.7,accept
3,35.32,17.58,18.46,18.22,46.9,26.6,accept
3,35.12,16.79,18.24,18.54,47.5,26.7,accept
3,35.12,17.73,18.71,17.95,47.1,26.6,accept
3,34.53,17.29,18.22,18.52,47.7,26.8,accept
3,33.4,16.51,16.59,18.43,49.2,27.3,accept
3,34.53,17.29,17.84,17.86,47.9,26.9,accept
3,35.53,17.14,18.72,18.54,47.2,26.6,accept
3,33.96,16.1,16.93,18.62,49.0,27.2,accept
3,34.15,16.58,17.11,18.43,48.5,27.1,accept
3,33.4,16.58,17.65,18.7,48.7,27.0,accept
3,34.73,17.0,17.65,18.11,47.9,26.9,accept
3,35.53,17.21,18.72,18.58,47.3,26.6,accept
3,34.73,16.86,17.65,18.15,48.0,26.9,accept
3,34.93,17.43,18.22,18.28,47.2,26.7,accept
3,34.93,17.36,18.21,18.27,47.2,26.7,accept
3,32.32,15.84,16.61,18.54,50.0,27.3,accept
3,34.73,17.51,18.42,18.24,47.5,26.7,accept
3,34.15,17.14,17.66,18.21,48.3,26.9,accept
3,33.96,16.51,17.38,18.73,48.8,27.1,accept
3,32.49,15.84,16.51,18.43,49.9,27.3,accept
3,33.77,17.07,17.73,18.64,48.7,27.0,accept
3,34.15,17.21,17.75,18.24,48.4,26.9,accept
3,34.93,17.21,18.13,18.34,47.3,26.7,accept
3,34.93,17.36,18.15,18.28,47.2,26.7,accept
3,34.73,17.21,17.75,18.08,47.8,26.9,accept
3,33.03,16.37,16.42,18.25,49.8,27.3,accept
3,34.93,17.51,18.24,18.33,47.2,26.7,accept
3,32.67,16.03,16.77,18.5,49.4,27.2,accept
3,33.4,16.3,16.51,18.44,49.2,27.3,accept
3,34.73,16.86,17.66,18.15,48.0,26.9,accept
3,34.53,17.29,17.94,18.84,48.0,26.9,accept
3,34.53,17.21,18.19,18.44,47.8,26.8,accept
3,33.21,16.44,17.56,18.55,48.7,27.0,accept
3,34.93,17.29,18.71,18.54,47.3,26.6,accept
3,33.4,16.44,16.52,18.43,49.2,27.3,accept
3,34.34,16.51,17.51,18.44,48.3,27.0,accept
3,34.34,17.07,17.49,18.24,48.1,27.0,accept
3,34.34,17.43,18.32,18.85,48.2,26.9,accept
3,34.34,16.44,17.36,18.68,48.7,27.1,accept
3,34.15,17.07,17.65,18.15,48.3,26.9,accept
3,34.15,17.14,17.64,18.15,48.3,26.9,accept
3,34.53,17.58,18.29,18.83,48.2,26.9,accept
3,34.15,17.14,17.66,18.14,48.3,26.9,accept
3,34.93,17.58,18.42,18.24,47.4,26.7,accept
3,34.93,17.21,18.13,18.33,47.2,26.7,accept
3,34.53,17.29,18.22,18.44,47.8,26.8,accept
3,35.12,17.73,18.69,18.06,47.0,26.6,accept
3,34.15,17.14,17.72,18.24,48.3,26.9,accept
3,34.93,17.51,18.34,18.24,47.3,26.7,accept
3,33.21,16.51,16.68,18.42,49.2,27.3,accept
3,34.93,17.29,18.13,18.33,47.2,26.7,accept
3,34.93,16.93,18.42,18.73,47.6,26.7,accept
3,34.73,17.21,17.75,18.06,47.8,26.9,accept
3,34.34,17.07,17.47,18.24,48.1,27.0,accept
3,35.12,17.73,18.62,18.14,47.0,26.6,accept
3,34.73,17.21,17.74,18.09,47.8,26.9,accept
3,33.03,16.37,16.42,18.26,49.9,27.3,accept
3,33.58,16.86,17.11,18.37,48.9,27.1,accept
3,35.32,17.73,18.62,18.15,47.0,26.6,accept
3,34.15,16.72,17.19,18.44,48.4,27.1,accept
3,34.15,17.07,17.51,18.24,48.1,27.0,accept
3,33.21,16.51,16.68,18.37,49.3,27.3,accept
3,35.32,17.43,18.42,18.23,47.0,26.6,accept
3,33.77,16.65,16.85,18.34,48.7,27.2,accept
3,34.34,17.14,17.55,18.24,48.2,27.0,accept
3,34.53,17.51,18.32,18.84,48.2,26.9,accept
3,35.32,17.73,18.53,18.2,46.9,26.6,accept
3,35.32,17.43,18.42,18.24,47.0,26.6,accept
3,32.85,16.24,17.02,18.74,49.5,27.2,accept
3,34.73,17.29,18.03,18.44,47.5,26.8,accept
3,33.21,16.51,16.76,18.35,49.4,27.3,accept
3,34.53,17.21,17.77,17.96,47.8,26.9,accept
3,33.96,16.72,18.03,18.63,48.1,26.8,accept
3,33.21,16.51,16.76,18.36,49.4,27.3,accept
3,32.67,16.24,16.77,18.73,50.0,27.3,accept
3,33.96,16.93,17.38,18.34,48.6,27.0,accept
3,33.03,16.37,16.38,18.28,49.7,27.3,accept
3,33.21,16.51,16.76,18.38,49.4,27.3,accept
3,34.73,17.21,17.75,18.07,47.8,26.9,accept
3,33.03,16.1,16.68,18.6,49.7,27.3,accept
3,33.4,16.24,16.47,18.35,49.3,27.3,accept
3,33.77,16.58,17.35,18.68,48.8,27.1,accept
3,34.53,16.86,17.93,18.53,48.3,26.9,accept
3,34.34,17.0,17.46,18.26,48.1,27.0,accept
3,35.53,17.0,18.53,18.4,47.2,26.6,accept
3,35.32,17.58,18.47,18.19,46.9,26.6,accept
3,33.58,16.65,16.85,18.23,48.8,27.2,accept
3,34.53,17.29,18.22,18.53,47.7,26.8,accept
3,34.73,17.43,18.21,18.52,47.6,26.8,accept
3,35.12,16.79,18.32,18.58,47.5,26.7,accept
3,34.93,17.58,18.42,18.23,47.4,26.7,accept
3,34.93,17.43,18.22,18.3,47.2,26.7,accept
3,33.77,17.0,16.98,18.34,48.8,27.2,accept
3,33.96,16.86,17.84,18.44,48.3,26.9,accept
3,34.15,17.21,18.01,18.53,48.4,26.9,accept
3,33.96,17.0,17.38,18.34,48.7,27.0,accept
3,33.77,16.65,18.11,18.64,48.1,26.8,accept
3,34.53,17.51,18.49,18.75,47.9,26.8,accept
3,33.58,16.58,17.29,18.64,48.8,27.1,accept
3,34.15,17.14,17.66,18.16,48.3,26.9,accept
3,34.15,16.93,18.24,18.56,47.8,26.8,accept
3,34.34,17.14,17.56,18.23,48.2,27.0,accept
3,34.15,16.51,17.38,18.74,48.7,27.1,accept
3,34.15,17.36,18.32,18.87,48.2,26.9,accept
3,35.12,17.73,18.62,18.12,47.0,26.6,accept
3,33.77,16.86,17.09,18.34,48.8,27.1,accept
3,33.77,16.79,16.93,18.34,48.8,27.2,accept
3,33.96,16.93,18.14,18.74,48.1,26.9,accept
3,33.21,16.1,16.68,18.63,49.7,27.3,accept
3,33.4,16.72,17.4,18.76,49.1,27.1,accept
3,34.15,17.14,17.65,18.15,48.3,26.9,accept
3,34.15,16.93,17.2,18.35,48.4,27.1,accept
3,33.4,16.37,17.39,18.44,48.7,27.0,accept
3,34.53,17.36,18.22,18.53,47.6,26.8,accept
3,33.21,16.51,16.68,18.4,49.3,27.3,accept
3,32.85,16.37,16.42,18.25,49.8,27.3,accept
3,33.77,16.65,18.03,18.62,48.1,26.8,accept
3,34.73,17.0,18.42,18.73,47.7,26.8,accept
3,34.93,17.51,18.32,18.24,47.3,26.7,accept
3,34.15,16.86,17.9,18.45,48.3,26.9,accept
3,33.96,17.0,17.31,18.34,48.4,27.0,accept
3,34.15,17.14,17.66,18.2,48.3,26.9,accept
3,33.4,16.44,16.51,18.44,49.2,27.3,accept
3,34.73,16.86,18.22,18.84,47.9,26.8,accept
3,34.93,17.43,18.22,18.29,47.2,26.7,accept
3,33.58,16.86,17.11,18.34,48.9,27.1,accept
3,33.4,16.58,17.47,18.45,48.6,27.0,accept
3,33.4,16.03,16.71,18.63,49.6,27.3,accept
3,33.03,16.24,17.15,18.44,49.0,27.1,accept
3,34.34,17.36,18.52,18.79,47.9,26.8,accept
3,33.77,16.72,16.93,18.33,48.8,27.2,accept
3,33.4,16.79,16.89,18.53,49.4,27.2,accept
3,34.93,17.51,18.41,18.24,47.4,26.7,accept
3,34.15,16.79,17.19,18.4,48.4,27.1,accept
3,34.34,16.79,17.93,18.52,48.3,26.9,accept
3,35.12,16.79,18.22,18.45,47.4,26.7,accept
3,34.15,17.14,17.66,18.23,48.3,27.0,accept
3,33.4,16.58,16.67,18.43,49.2,27.3,accept
3,34.34,17.07,18.4,18.72,47.7,26.8,accept
3,33.21,16.58,17.38,18.74,49.1,27.1,accept
3,35.12,17.66,18.62,18.15,47.0,26.6,accept
3,33.58,16.79,17.12,18.35,49.0,27.1,accept
3,34.34,17.36,17.93,18.44,48.4,26.9,accept
3,34.34,17.0,17.47,18.24,48.1,27.0,accept
3,34.15,16.86,17.2,18.34,48.4,27.1,accept
3,34.53,17.29,17.84,17.95,47.9,26.9,accept
3,33.96,16.72,18.22,18.53,47.8,26.8,accept
3,35.53,17.21,18.72,18.58,47.2,26.6,accept
3,33.77,17.07,17.74,18.65,48.7,27.0,accept
3,33.4,16.24,16.48,18.34,49.3,27.3,accept
3,35.32,17.0,18.51,18.33,47.1,26.6,accept
3,33.58,16.79,17.11,18.4,49.0,27.1,accept
3,33.21,16.51,16.68,18.35,49.4,27.3,accept
3,33.77,16.93,17.02,18.35,48.9,27.2,accept
3,33.77,16.72,16.87,18.34,48.7,27.2,accept
3,33.77,16.72,16.88,18.34,48.7,27.2,accept
3,34.73,16.93,17.93,18.48,47.6,26.8,accept
3,34.34,17.29,17.94,18.54,48.0,26.9,accept
3,33.21,16.58,16.59,18.44,49.9,27.3,accept
3,34.15,17.14,17.57,18.16,48.3,27.0,accept
3,33.4,16.58,16.59,18.44,49.2,27.3,accept
3,34.34,16.37,17.2,18.53,48.7,27.1,accept
3,34.34,17.07,17.55,18.24,48.2,27.0,accept
3,34.93,17.29,18.13,18.3,47.2,26.7,accept
3,33.96,17.07,17.38,18.37,48.4,27.0,accept
3,33.03,16.44,16.5,18.27,49.9,27.3,accept
3,33.03,16.37,16.51,18.32,49.9,27.3,accept
3,34.73,17.66,18.73,18.54,47.5,26.6,accept
3,32.67,16.03,16.59,18.46,49.8,27.3,accept
3,32.67,16.1,16.93,18.64,49.4,27.2,accept
3,33.03,16.37,16.47,18.25,49.9,27.3,accept
3,33.21,16.44,17.56,18.54,48.7,27.0,accept
3,35.32,17.36,18.42,18.23,47.0,26.6,accept
3,34.53,17.21,17.76,17.99,47.8,26.9,accept
3,33.21,16.58,16.72,18.36,49.4,27.3,accept
3,34.93,16.72,18.12,18.73,47.8,26.8,accept
3,33.4,16.58,17.28,18.6,48.8,27.1,accept
3,33.58,16.03,16.51,18.46,49.4,27.3,accept
3,33.4,16.51,16.67,18.44,49.2,27.3,accept
3,33.4,16.58,17.49,18.49,48.5,26.9,accept
3,34.34,17.14,17.59,18.15,48.2,26.9,accept
3,33.58,16.51,17.75,18.34,48.4,26.9,accept
3,33.77,16.3,16.84,18.44,49.0,27.2,accept
3,34.15,17.07,17.66,18.15,48.3,26.9,accept
3,33.03,16.37,16.45,18.25,49.9,27.3,accept
3,33.77,15.97,16.67,18.54,49.5,27.3,accept
3,33.58,16.86,17.09,18.34,48.8,27.1,accept
3,34.53,17.21,17.75,18.05,47.8,26.9,accept
3,33.21,16.51,16.68,18.36,49.3,27.3,accept
3,34.93,17.21,18.12,18.34,47.3,26.7,accept
3,33.58,16.86,17.1,18.34,48.9,27.1,accept
3,34.53,17.36,18.03,18.54,48.1,26.9,accept
3,34.15,16.86,17.2,18.35,48.3,27.0,accept
3,34.53,17.51,18.78,18.54,47.5,26.6,accept
3,33.21,16.58,16.76,18.39,49.4,27.2,accept
3,33.77,17.0,17.37,18.64,49.0,27.1,accept
3,33.21,16.72,17.02,18.7,49.4,27.2,accept
3,34.53,16.65,17.66,18.65,48.4,27.0,accept
3,33.4,16.58,16.67,18.43,49.2,27.2,accept
3,34.34,17.29,17.94,18.72,48.0,26.9,accept
3,34.73,16.65,17.66,18.64,48.4,27.0,accept
3,34.73,17.21,17.94,18.44,47.5,26.8,accept
3,35.12,17.73,18.7,17.95,47.1,26.6,accept
3,34.93,17.43,18.29,18.33,47.2,26.7,accept
3,33.58,16.79,16.93,18.34,48.8,27.2,accept
3,33.03,16.37,17.05,18.74,49.5,27.2,accept
3,33.96,17.0,17.28,18.35,48.4,27.1,accept
3,33.96,17.0,17.38,18.37,48.6,27.1,accept
3,34.53,17.21,18.21,18.45,47.7,26.8,accept
3,33.03,16.37,16.44,18.24,49.9,27.3,accept
3,33.96,16.1,16.85,18.53,49.0,27.2,accept
3,34.73,16.93,17.66,18.15,47.9,26.9,accept
3,33.58,16.1,16.72,18.64,49.6,27.3,accept
3,33.96,17.0,17.38,18.34,48.5,27.0,accept
3,34.15,17.14,18.32,18.9,48.2,26.9,accept
3,33.96,17.0,17.29,18.34,48.4,27.1,accept
3,34.34,16.79,17.38,18.26,48.3,27.0,accept
3,35.32,17.73,18.62,18.23,46.9,26.6,accept
3,35.12,17.73,18.72,17.86,47.0,26.5,accept
3,34.53,17.29,17.84,17.95,47.8,26.9,accept
3,34.73,17.0,17.93,18.44,47.6,26.8,accept
3,33.77,16.58,16.81,18.34,48.8,27.2,accept
3,35.12,16.93,18.42,18.74,47.6,26.7,accept
3,33.21,16.65,17.38,18.75,49.1,27.1,accept
3,32.85,16.3,16.38,18.27,49.7,27.3,accept
3,34.34,16.93,18.22,18.83,47.9,26.8,accept
3,33.77,16.93,17.04,18.35,48.9,27.2,accept
3,34.53,17.29,18.01,18.53,48.1,26.9,accept
3,32.49,15.84,16.51,18.39,49.9,27.3,accept
3,35.32,17.21,18.72,18.59,47.3,26.6,accept
3,34.34,16.51,17.38,18.74,48.7,27.1,accept
3,33.77,16.44,16.8,18.36,48.8,27.2,accept
3,34.93,17.51,18.33,18.24,47.3,26.7,accept
3,33.58,16.93,17.2,18.47,49.0,27.1,accept
3,34.93,17.73,18.62,18.35,47.5,26.7,accept
3,34.93,16.86,18.23,18.84,47.8,26.8,accept
3,35.12,17.0,18.13,18.4,47.4,26.7,accept
3,34.73,17.36,18.12,18.44,47.6,26.8,accept
3,34.73,16.79,17.94,18.54,48.2,26.9,accept
3,33.77,16.72,16.92,18.34,48.8,27.2,accept
3,35.12,17.73,18.62,18.11,47.0,26.6,accept
3,33.77,16.44,16.79,18.4,48.8,27.2,accept
3,33.77,16.44,16.79,18.38,48.8,27.2,accept
3,34.73,17.14,17.67,18.05,47.8,26.9,accept
3,34.53,17.29,17.85,17.94,47.9,26.9,accept
3,33.58,16.79,17.11,18.38,49.0,27.1,accept
3,33.03,16.44,17.38,18.7,49.1,27.1,accept
3,34.15,16.86,17.19,18.36,48.4,27.1,accept
3,35.32,17.66,18.52,18.15,46.9,26.6,accept
3,34.73,17.29,17.75,18.09,47.8,26.9,accept
3,34.34,16.65,17.38,18.34,48.3,27.0,accept
3,33.77,16.86,17.1,18.34,48.8,27.1,accept
3,34.93,16.72,18.03,18.63,47.8,26.8,accept
3,34.93,17.43,18.28,18.31,47.2,26.7,accept
3,33.77,16.93,17.03,18.34,48.9,27.2,accept
3,33.77,17.0,17.38,18.34,48.5,27.0,accept
3,34.53,17.21,17.75,18.04,47.8,26.9,accept
3,34.93,17.58,18.44,18.24,47.4,26.7,accept
3,33.77,16.86,17.06,18.34,48.8,27.1,accept
3,34.93,17.51,18.42,18.24,47.5,26.7,accept
3,33.58,16.65,17.86,18.44,48.4,26.9,accept
3,34.15,16.72,17.17,18.44,48.5,27.1,accept
3,33.4,16.37,16.5,18.39,49.2,27.3,accept
3,35.32,17.73,18.62,18.19,46.9,26.6,accept
3,33.96,16.72,18.22,18.54,47.8,26.8,accept
3,34.73,16.93,17.93,18.5,47.7,26.8,accept
3,34.93,17.43,18.28,18.27,47.2,26.7,accept
3,33.03,16.37,16.4,18.25,49.7,27.3,accept
3,33.03,16.37,16.43,18.25,49.9,27.3,accept
3,32.67,16.03,16.76,18.45,49.4,27.2,accept
3,33.58,16.86,17.75,18.73,48.8,27.0,accept
3,34.15,16.65,17.65,18.64,48.5,27.0,accept
3,34.53,17.51,18.2,18.73,48.1,26.9,accept
3,34.93,17.29,18.13,18.32,47.2,26.7,accept
3,33.58,16.03,16.72,18.64,49.6,27.3,accept
3,33.03,16.65,16.68,18.54,50.0,27.3,accept
3,34.93,17.43,18.27,18.28,47.2,26.7,accept
3,33.21,16.58,16.67,18.51,50.0,27.3,accept
3,33.03,16.37,16.44,18.25,49.9,27.3,accept
3,34.93,17.51,18.32,18.25,47.3,26.7,accept
3,34.34,17.14,17.62,18.15,48.3,26.9,accept
3,34.34,17.29,18.03,18.53,48.1,26.9,accept
3,33.4,16.79,16.99,18.64,49.5,27.3,accept
3,33.21,16.58,17.06,18.73,49.5,27.2,accept
3,33.96,16.72,18.24,18.54,47.8,26.8,accept
3,33.58,16.79,16.88,18.24,48.8,27.2,accept
3,35.32,17.73,18.62,18.21,46.9,26.6,accept
3,32.85,16.1,16.63,18.54,49.7,27.3,accept
3,33.96,17.14,18.01,18.53,48.4,26.9,accept
3,33.96,16.03,16.68,18.63,49.6,27.3,accept
3,33.77,16.72,17.75,18.34,48.3,26.9,accept
3,34.53,17.29,17.89,17.62,47.9,26.9,accept
3,33.77,17.0,17.74,18.69,48.7,27.0,accept
3,34.15,17.07,17.52,18.24,48.1,27.0,accept
3,33.03,16.3,17.28,18.56,49.1,27.1,accept
3,32.85,16.1,16.59,18.54,49.8,27.3,accept
3,34.73,17.07,17.65,18.07,47.9,26.9,accept
3,34.73,17.36,18.09,18.44,47.5,26.8,accept
3,35.32,17.36,18.42,18.24,47.1,26.6,accept
3,33.58,15.97,16.51,18.46,49.5,27.3,accept
3,33.96,17.0,17.32,18.34,48.4,27.0,accept
3,34.73,17.36,18.04,18.44,47.5,26.8,accept
3,34.93,17.58,18.32,18.24,47.3,26.7,accept
3,33.77,16.72,16.85,18.34,48.7,27.2,accept
3,33.77,16.51,16.81,18.35,48.8,27.2,accept
3,34.34,17.29,18.02,18.53,48.1,26.9,accept
3,34.53,17.29,17.85,17.82,47.9,26.9,accept
3,33.4,16.3,17.01,18.73,49.2,27.2,accept
3,34.15,16.44,17.2,18.52,48.7,27.1,accept
3,34.15,17.14,17.56,18.16,48.2,26.9,accept
3,33.96,17.14,17.52,18.44,48.7,27.0,accept
3,34.15,17.14,17.65,18.16,48.3,26.9,accept
3,33.21,16.51,16.71,18.37,49.4,27.3,accept
3,33.77,17.0,18.02,18.54,48.4,26.9,accept
3,34.34,17.0,17.47,18.31,48.1,27.0,accept
3,34.15,16.79,17.19,18.43,48.4,27.1,accept
3,34.53,17.29,17.88,17.68,47.9,26.9,accept
3,33.77,17.0,17.26,18.54,49.0,27.1,accept
3,35.12,17.43,18.23,18.33,47.2,26.7,accept
3,33.21,16.03,16.68,18.63,49.7,27.3,accept
3,34.53,17.29,17.93,18.64,48.0,26.9,accept
3,35.32,17.51,18.42,18.24,47.0,26.6,accept
3,33.77,16.58,16.85,18.34,48.8,27.2,accept
3,34.15,16.86,17.2,18.35,48.4,27.1,accept
3,33.77,16.65,18.12,18.65,48.1,26.8,accept
3,33.58,15.97,16.59,18.44,49.5,27.3,accept
3,34.34,16.37,17.21,18.54,48.7,27.1,accept
3,34.73,17.43,18.22,18.53,47.6,26.8,accept
3,33.03,16.3,16.39,18.27,49.7,27.3,accept
3,34.93,16.79,18.2,18.78,47.8,26.8,accept
3,35.12,17.73,18.62,18.15,47.0,26.6,accept
3,33.58,16.03,16.7,18.64,49.6,27.3,accept
3,35.12,17.73,18.69,18.05,47.0,26.6,accept
3,35.32,17.0,18.42,18.73,47.5,26.7,accept
3,34.34,17.29,17.86,17.72,47.9,26.9,accept
3,34.53,16.72,17.67,18.67,48.4,27.0,accept
3,33.03,16.37,16.42,18.26,49.8,27.3,accept
3,33.4,16.58,16.68,18.44,49.2,27.3,accept
3,34.93,17.14,18.12,18.34,47.3,26.7,accept
3,33.58,17.0,17.38,18.74,49.0,27.1,accept
3,33.58,16.86,17.11,18.35,49.0,27.1,accept
3,33.77,16.79,18.2,18.74,48.1,26.8,accept
3,33.96,17.0,17.29,18.37,48.3,27.0,accept
3,34.15,17.0,18.55,18.38,47.5,26.6,accept
3,34.53,17.21,18.22,18.48,47.7,26.8,accept
3,33.03,16.51,16.59,18.38,49.9,27.3,accept
3,35.12,16.86,18.35,18.64,47.5,26.7,accept
3,34.34,17.29,17.94,18.64,48.0,26.9,accept
3,33.58,16.79,17.11,18.35,49.0,27.1,accept
3,34.34,17.21,18.52,18.8,47.9,26.8,accept
3,34.34,17.0,17.46,18.25,48.1,27.0,accept
3,34.34,17.36,17.88,18.38,48.4,26.9,accept
3,33.96,17.14,17.67,18.63,48.7,27.0,accept
3,33.03,16.3,16.9,18.63,49.3,27.2,accept
3,34.34,17.29,17.84,17.9,47.8,26.9,accept
3,33.21,16.58,16.76,18.36,49.4,27.3,accept
3,33.58,16.72,16.85,18.24,48.8,27.2,accept
3,33.96,16.79,17.19,18.39,48.4,27.1,accept
3,34.53,17.29,17.85,17.77,47.9,26.9,accept
3,34.53,17.29,18.58,18.43,47.4,26.6,accept
3,35.32,17.14,18.42,18.24,47.1,26.6,accept
3,33.03,16.44,16.51,18.33,49.9,27.3,accept
3,35.12,16.86,18.21,18.44,47.4,26.7,accept
3,35.12,17.73,18.7,17.96,47.1,26.6,accept
3,34.34,16.86,17.93,18.51,48.3,26.9,accept
3,34.73,17.07,17.65,18.06,47.9,26.9,accept
3,32.67,16.03,16.9,18.62,49.4,27.2,accept
3,34.34,16.65,17.65,18.64,48.5,27.0,accept
3,34.15,16.86,17.93,18.48,48.3,26.9,accept
3,33.96,17.0,17.3,18.34,48.5,27.1,accept
3,34.73,17.07,17.94,18.44,47.6,26.8,accept
3,33.58,16.86,17.11,18.35,48.9,27.1,accept
3,33.58,16.79,17.11,18.41,49.0,27.1,accept
3,33.4,16.51,16.68,18.4,49.2,27.3,accept
3,34.53,17.29,17.93,17.31,47.9,26.9,accept
3,35.12,17.73,18.62,18.13,47.0,26.6,accept
3,34.93,16.72,18.02,18.55,47.7,26.8,accept
3,33.77,16.51,17.37,18.72,48.8,27.1,accept
3,34.34,17.14,17.56,18.19,48.2,27.0,accept
3,34.53,16.65,17.66,18.66,48.4,27.0,accept
3,33.03,16.58,16.76,18.65,50.0,27.3,accept
3,34.15,17.36,17.94,18.44,48.4,26.9,accept
3,34.93,17.43,18.29,18.26,47.2,26.7,accept
3,33.77,16.51,16.8,18.36,48.8,27.2,accept
3,34.53,16.65,17.67,18.65,48.4,27.0,accept
3,34.93,17.51,18.32,18.24,47.2,26.7,accept
3,33.21,16.58,16.76,18.4,49.4,27.3,accept
3,34.34,17.07,17.54,18.24,48.1,27.0,accept
3,34.73,17.21,17.75,18.05,47.8,26.9,accept
3,34.73,16.86,17.93,18.52,47.7,26.8,accept
3,34.53,16.58,17.38,18.74,48.7,27.1,accept
3,34.15,17.07,18.32,18.65,47.7,26.8,accept
3,33.96,16.93,17.38,18.34,48.5,27.0,accept
3,33.58,17.0,17.38,18.73,49.0,27.1,accept
3,34.34,17.14,17.56,18.21,48.2,27.0,accept
3,34.34,16.86,17.38,18.25,48.3,27.0,accept
3,33.4,16.37,16.5,18.44,49.2,27.3,accept
3,34.73,17.14,17.93,18.44,47.6,26.8,accept
3,34.93,16.72,18.03,18.64,47.8,26.8,accept
3,33.03,16.58,16.71,18.64,50.0,27.3,accept
3,34.15,17.14,18.5,18.8,47.9,26.8,accept
3,34.53,17.21,17.77,18.03,47.8,26.9,accept
3,34.93,17.51,18.43,18.24,47.4,26.7,accept
3,33.96,16.72,17.65,18.64,48.5,27.0,accept
3,33.58,16.72,17.93,18.51,48.4,26.9,accept
3,33.4,16.51,16.6,18.44,49.2,27.3,accept
3,33.96,17.07,17.37,18.38,48.4,27.0,accept
3,34.34,17.29,17.92,17.49,47.9,26.9,accept
3,33.21,16.58,16.76,18.38,49.4,27.2,accept
3,35.12,17.73,18.63,18.12,47.0,26.6,accept
3,33.21,16.58,16.75,18.37,49.4,27.3,accept
3,35.32,17.58,18.45,18.21,46.9,26.6,accept
3,33.77,16.58,16.82,18.34,48.8,27.2,accept
3,33.4,16.17,16.47,18.34,49.3,27.3,accept
3,33.58,16.58,17.84,18.44,48.4,26.9,accept
3,33.96,16.24,17.02,18.73,49.0,27.2,accept
3,34.53,17.21,18.2,18.44,47.7,26.8,accept
3,32.67,16.3,16.78,18.73,50.0,27.3,accept
3,34.53,17.43,18.22,18.53,47.7,26.8,accept
3,34.73,17.36,18.03,18.46,47.5,26.8,accept
3,34.73,17.07,17.93,18.44,47.6,26.8,accept
3,35.32,17.21,18.72,18.6,47.3,26.6,accept
3,33.4,16.51,16.63,18.43,49.2,27.3,accept
3,33.4,16.1,16.5,18.39,49.3,27.3,accept
3,33.4,16.72,16.85,18.18,48.8,27.2,accept
3,33.77,16.58,16.83,18.34,48.8,27.2,accept
3,34.34,17.14,18.52,18.35,47.4,26.6,accept
3,33.21,16.51,17.2,18.54,48.9,27.1,accept
3,34.15,17.07,17.47,18.24,48.1,27.0,accept
3,34.34,17.29,17.94,18.63,48.0,26.9,accept
3,34.53,17.14,17.66,18.05,47.8,26.9,accept
3,34.73,17.58,18.79,18.54,47.6,26.7,accept
3,34.53,17.29,17.83,17.96,47.8,26.9,accept
3,33.77,16.72,17.58,18.6,48.5,27.0,accept
3,34.73,17.0,18.42,18.74,47.7,26.8,accept
3,33.77,16.65,18.04,18.64,48.1,26.8,accept
3,34.53,17.43,18.17,18.49,47.6,26.8,accept
3,35.12,16.93,18.15,18.43,47.4,26.7,accept
3,33.96,17.0,17.38,18.4,48.4,27.0,accept
3,34.34,16.37,17.29,18.63,48.7,27.1,accept
3,33.77,16.1,16.73,18.65,49.6,27.3,accept
3,33.58,16.72,16.85,18.15,48.8,27.2,accept
3,34.93,17.51,18.42,18.24,47.4,26.7,accept
3,34.15,16.93,18.22,18.83,48.0,26.9,accept
3,35.32,17.73,18.6,18.23,46.9,26.6,accept
3,34.93,17.51,18.4,18.23,47.4,26.7,accept
3,34.15,16.93,17.2,18.34,48.4,27.1,accept
3,34.93,17.29,18.72,18.56,47.3,26.6,accept
3,35.12,17.73,18.64,18.07,47.0,26.6,accept
3,34.73,17.36,18.07,18.44,47.5,26.8,accept
3,34.53,17.07,17.65,18.05,47.9,26.9,accept
3,32.85,16.44,16.77,18.72,50.0,27.3,accept
3,34.34,17.21,17.65,18.18,48.3,26.9,accept
3,34.34,17.29,17.84,18.34,48.4,26.9,accept
3,34.15,16.58,17.12,18.44,48.6,27.1,accept
3,34.15,16.93,18.42,18.27,47.5,26.6,accept
3,33.58,16.72,16.93,18.32,48.8,27.2,accept
3,34.15,17.29,18.32,18.89,48.2,26.9,accept
3,33.21,16.58,16.76,18.37,49.5,27.3,accept
3,33.4,16.72,17.02,18.67,49.4,27.2,accept
3,34.73,17.43,18.15,18.48,47.6,26.8,accept
3,33.03,16.51,17.06,18.74,49.5,27.2,accept
3,34.73,17.58,18.4,18.65,47.9,26.8,accept
3,34.93,17.66,18.51,18.25,47.5,26.7,accept
3,34.53,17.21,17.76,18.02,47.8,26.9,accept
3,34.15,16.51,17.16,18.44,48.6,27.1,accept
3,34.93,17.43,18.26,18.28,47.2,26.7,accept
3,33.77,16.72,18.12,18.72,48.1,26.8,accept
3,34.34,17.29,18.03,18.52,48.1,26.9,accept
3,33.96,17.0,17.29,18.35,48.3,27.0,accept
3,34.34,17.36,18.52,18.78,47.9,26.8,accept
3,34.15,16.93,18.46,18.32,47.5,26.6,accept
3,34.93,17.51,18.31,18.34,47.2,26.7,accept
3,35.32,17.51,18.43,18.24,47.0,26.6,accept
3,33.4,16.51,17.46,18.45,48.6,27.0,accept
3,34.34,17.36,18.75,18.54,47.5,26.6,accept
3,34.15,17.21,17.65,18.22,48.3,26.9,accept
3,34.34,17.29,18.52,18.81,47.9,26.8,accept
3,33.21,16.51,16.68,18.43,49.2,27.3,accept
3,34.93,17.07,18.13,18.34,47.3,26.7,accept
3,33.96,17.0,17.38,18.35,48.5,27.0,accept
3,34.53,17.43,18.77,18.54,47.5,26.6,accept
3,34.34,17.29,17.95,18.53,48.1,26.9,accept
3,33.21,16.65,17.04,18.73,49.4,27.2,accept
3,33.4,16.65,16.84,18.44,49.5,27.3,accept
3,32.85,16.17,16.8,18.52,49.4,27.2,accept
3,32.49,15.84,16.5,18.37,49.9,27.3,accept
3,34.53,16.79,17.94,18.54,48.3,26.9,accept
3,33.21,16.51,16.68,18.35,49.3,27.3,accept
3,34.93,17.36,18.14,18.29,47.2,26.7,accept
3,34.73,17.29,18.63,18.52,47.3,26.6,accept
3,33.77,17.0,17.75,18.72,48.8,27.0,accept
3,34.93,17.73,18.72,18.46,47.5,26.7,accept
3,33.4,16.37,16.51,18.43,49.2,27.3,accept
3,32.85,16.24,16.85,18.55,49.3,27.2,accept
3,33.4,16.58,16.6,18.44,49.2,27.3,accept
3,33.58,16.72,16.9,18.34,48.8,27.2,accept
3,34.93,17.51,18.41,18.23,47.4,26.7,accept
3,34.34,17.14,17.59,18.15,48.3,27.0,accept
3,34.53,17.21,18.22,18.5,47.7,26.8,accept
3,34.53,17.36,18.07,18.44,47.5,26.8,accept
3,34.15,17.29,17.65,18.18,48.3,26.9,accept
3,35.53,17.0,18.62,18.44,47.2,26.6,accept
3,34.34,17.0,17.45,18.3,48.2,27.0,accept
3,34.15,17.29,17.97,18.46,48.4,26.9,accept
3,35.32,17.07,18.46,18.3,47.1,26.6,accept
3,34.53,17.29,17.89,17.68,47.9,26.9,accept
3,33.21,16.51,16.71,18.39,49.4,27.3,accept
3,34.15,16.51,17.13,18.44,48.6,27.1,accept
3,34.15,16.79,17.19,18.37,48.4,27.1,accept
3,33.58,16.3,17.02,18.74,49.2,27.2,accept
3,34.53,17.29,17.86,17.68,47.9,26.9,accept
3,34.53,17.51,18.45,18.74,47.9,26.8,accept
3,33.77,16.44,16.81,18.44,48.9,27.2,accept
3,34.15,17.0,17.25,18.35,48.4,27.1,accept
3,33.96,16.72,17.65,18.63,48.5,27.0,accept
3,32.85,16.17,16.85,18.54,49.3,27.2,accept
3,34.15,17.14,18.65,18.5,47.5,26.6,accept
3,33.77,16.93,17.38,18.34,48.6,27.0,accept
3,35.32,17.0,18.52,18.34,47.1,26.6,accept
3,33.77,17.0,17.38,18.34,48.6,27.0,accept
3,34.15,17.07,18.46,18.75,47.9,26.8,accept
3,34.93,16.72,18.11,18.68,47.8,26.8,accept
3,33.4,16.3,17.02,18.74,49.2,27.2,accept
3,34.34,17.21,18.52,18.79,47.9,26.8,accept
3,33.21,16.51,16.68,18.38,49.3,27.3,accept
3,33.58,16.65,16.85,18.34,48.7,27.2,accept
3,33.58,16.86,17.95,18.54,48.4,26.9,accept
3,34.73,17.0,18.42,18.74,47.6,26.8,accept
3,34.34,16.79,17.38,18.28,48.3,27.0,accept
3,34.53,17.36,17.94,16.22,48.0,26.9,accept
3,34.34,16.93,17.38,18.29,48.2,27.0,accept
3,32.67,15.97,16.85,18.54,49.4,27.2,accept
3,33.96,16.1,16.89,18.54,49.0,27.2,accept
3,34.15,17.21,18.32,18.9,48.2,26.9,accept
3,33.77,16.86,17.11,18.34,48.9,27.1,accept
3,34.93,17.43,18.27,18.31,47.2,26.7,accept
3,33.96,17.0,17.29,18.36,48.3,27.0,accept
3,33.03,16.37,16.4,18.27,49.7,27.3,accept
3,34.53,17.21,17.75,17.98,47.8,26.9,accept
3,34.93,17.51,18.31,18.25,47.2,26.7,accept
3,34.93,17.43,18.29,18.25,47.2,26.7,accept
3,33.03,16.37,16.42,18.25,49.9,27.3,accept
3,33.96,17.21,17.65,18.6,48.7,27.0,accept
3,33.96,16.79,18.08,18.65,48.0,26.8,accept
3,33.96,17.0,17.38,18.34,48.6,27.0,accept
3,34.34,17.14,17.56,18.16,48.2,26.9,accept
3,33.4,16.51,16.53,18.43,49.2,27.3,accept
3,34.34,16.65,17.66,18.65,48.4,27.0,accept
3,33.77,16.93,17.07,18.35,48.8,27.1,accept
3,33.96,17.0,17.28,18.34,48.4,27.1,accept
3,33.77,16.86,17.08,18.34,48.8,27.1,accept
3,33.77,16.93,17.02,18.34,48.9,27.2,accept
3,34.53,16.86,18.22,18.83,47.9,26.8,accept
3,33.77,16.37,16.84,18.44,48.9,27.2,accept
3,33.77,15.97,16.61,18.53,49.5,27.3,accept
3,34.34,17.07,17.47,18.25,48.1,27.0,accept
3,33.96,17.0,18.32,18.84,48.2,26.9,accept
3,34.15,17.21,17.65,18.24,48.3,26.9,accept
3,33.03,16.37,16.41,18.25,49.7,27.3,accept
3,33.77,16.86,18.22,18.83,48.2,26.9,accept
3,33.4,16.51,17.63,18.64,48.7,27.0,accept
3,34.73,17.36,18.22,18.53,47.6,26.8,accept
3,34.73,17.29,18.04,18.44,47.5,26.8,accept
3,34.53,17.29,18.62,18.44,47.4,26.6,accept
3,34.73,17.14,17.94,18.44,47.5,26.8,accept
3,33.77,16.93,17.05,18.34,48.8,27.1,accept
3,35.32,17.73,18.57,18.21,46.9,26.6,accept
3,33.96,16.24,17.02,18.76,49.1,27.2,accept
3,34.73,16.72,17.74,18.24,48.1,26.9,accept
3,34.93,17.73,18.72,18.53,47.5,26.6,accept
3,35.32,17.66,18.52,18.16,46.9,26.6,accept
3,34.53,17.36,17.93,17.16,48.0,26.9,accept
3,34.93,17.51,18.3,18.34,47.2,26.7,accept
3,34.15,17.14,17.56,18.22,48.2,27.0,accept
3,34.73,17.51,18.43,18.73,47.9,26.8,accept
3,32.85,16.3,16.78,18.73,50.0,27.3,accept
3,34.15,17.21,17.66,18.22,48.3,26.9,accept
3,34.53,17.36,18.22,18.54,47.7,26.8,accept
3,33.58,16.58,17.3,18.65,48.8,27.1,accept
3,34.93,16.86,17.93,18.53,47.7,26.8,accept
3,33.96,16.79,17.19,18.37,48.4,27.1,accept
3,34.73,16.65,17.84,18.43,48.1,26.9,accept
3,32.67,15.97,16.85,18.53,49.4,27.2,accept
3,34.34,17.29,17.77,18.29,48.4,26.9,accept
3,34.53,17.21,17.76,17.98,47.8,26.9,accept
3,33.77,17.0,17.38,18.35,48.5,27.0,accept
3,34.34,17.29,17.9,17.59,47.9,26.9,accept
3,33.96,17.0,17.32,18.34,48.5,27.1,accept
3,34.15,16.51,17.38,18.74,48.7,27.0,accept
3,33.96,17.0,17.31,18.34,48.5,27.1,accept
3,33.21,16.37,16.99,18.73,49.2,27.2,accept
3,32.67,16.17,16.99,18.72,49.5,27.2,accept
3,34.34,17.29,17.94,18.74,48.0,26.9,accept
3,33.03,16.58,16.76,18.68,50.0,27.3,accept
3,34.53,17.29,18.2,18.44,47.8,26.8,accept
3,34.73,17.43,18.12,18.44,47.6,26.8,accept
3,33.03,16.44,16.51,18.32,49.9,27.3,accept
3,34.93,17.51,18.41,18.22,47.4,26.7,accept
3,34.93,17.43,18.31,18.25,47.2,26.7,accept
3,33.77,16.79,18.32,18.63,47.9,26.8,accept
3,33.58,16.58,17.29,18.63,48.8,27.1,accept
3,33.4,16.72,17.38,18.76,49.1,27.1,accept
3,34.93,16.79,17.97,18.54,47.7,26.8,accept
3,34.73,16.79,17.68,18.21,48.0,26.9,accept
3,33.96,17.14,17.66,18.63,48.7,27.0,accept
3,34.93,16.93,18.42,18.74,47.6,26.7,accept
3,33.77,17.0,17.02,18.35,48.9,27.2,accept
3,34.34,17.29,17.93,18.86,48.0,26.9,accept
3,35.32,17.21,18.72,18.61,47.3,26.6,accept
3,34.15,16.65,17.13,18.43,48.5,27.1,accept
3,35.12,17.43,18.22,18.33,47.2,26.7,accept
3,34.34,17.14,17.56,18.24,48.2,27.0,accept
3,34.73,17.36,18.22,18.52,47.8,26.8,accept
3,32.85,16.37,16.77,18.73,50.0,27.3,accept
3,35.12,16.93,18.19,18.44,47.4,26.7,accept
3,33.4,16.79,17.39,18.75,49.1,27.1,accept
3,33.03,16.37,16.46,18.25,49.9,27.3,accept
3,33.77,16.3,17.03,18.75,49.1,27.2,accept
3,34.34,17.14,17.56,18.17,48.2,27.0,accept
3,34.73,16.65,17.84,18.34,48.1,26.9,accept
3,34.73,17.36,18.68,18.53,47.3,26.6,accept
3,33.77,16.3,17.02,18.75,49.1,27.2,accept
3,34.53,16.86,18.22,18.84,47.9,26.8,accept
3,34.73,17.36,18.03,18.48,47.5,26.8,accept
3,35.12,17.73,18.62,18.16,46.9,26.6,accept
3,34.53,17.36,18.75,18.55,47.5,26.6,accept
3,34.53,16.79,17.93,18.54,48.3,26.9,accept
3,33.21,16.03,16.69,18.64,49.6,27.3,accept
3,34.93,16.79,17.94,18.54,48.2,26.9,accept
3,33.4,16.17,16.49,18.37,49.3,27.3,accept
3,34.15,16.72,17.14,18.43,48.5,27.1,accept
3,35.32,17.73,18.62,18.18,46.9,26.6,accept
3,34.34,17.0,17.41,18.27,48.2,27.0,accept
3,34.73,17.51,18.32,18.56,47.8,26.8,accept
3,35.32,17.21,18.42,18.24,47.1,26.6,accept
3,33.77,16.24,16.85,18.44,49.0,27.2,accept
3,34.53,17.21,17.77,17.98,47.8,26.9,accept
3,34.34,16.58,17.47,18.43,48.3,27.0,accept
3,32.85,16.1,16.67,18.55,49.7,27.3,accept
3,34.73,17.29,18.02,18.44,47.5,26.8,accept
3,34.34,17.29,17.96,18.53,48.1,26.9,accept
3,34.73,16.93,17.65,18.15,47.9,26.9,accept
3,33.03,16.51,17.07,18.74,49.5,27.2,accept
3,33.77,16.72,17.64,18.63,48.5,27.0,accept
3,34.53,17.29,17.84,17.96,47.8,26.9,accept
3,34.73,17.36,18.22,18.54,47.7,26.8,accept
3,34.34,16.58,17.38,18.74,48.7,27.0,accept
3,34.34,17.0,17.45,18.27,48.1,27.0,accept
3,34.73,17.36,18.03,18.49,47.5,26.8,accept
3,32.49,15.97,16.51,18.43,49.8,27.3,accept
3,33.03,16.37,16.51,18.33,49.9,27.3,accept
3,34.93,16.93,18.42,18.74,47.6,26.8,accept
3,34.34,16.72,17.38,18.28,48.3,27.0,accept
3,34.34,17.29,17.97,18.53,48.1,26.9,accept
3,33.03,16.3,16.39,18.25,49.7,27.3,accept
3,33.58,16.72,16.85,18.34,48.7,27.2,accept
3,33.4,16.51,16.59,18.44,49.2,27.3,accept
3,34.34,17.29,17.94,18.57,48.1,26.9,accept
3,33.77,17.0,16.94,18.3,48.8,27.2,accept
3,34.53,16.58,17.47,18.43,48.3,27.0,accept
3,35.32,17.07,18.43,18.26,47.1,26.6,accept
3,34.15,16.44,17.18,18.46,48.6,27.1,accept
3,33.77,17.0,17.02,18.34,48.8,27.2,accept
3,33.4,16.37,16.51,18.42,49.2,27.3,accept
3,34.53,17.36,17.93,16.72,48.0,26.9,accept
3,33.96,17.21,17.56,18.51,48.7,27.0,accept
3,33.21,16.58,16.69,18.35,49.4,27.3,accept
3,33.58,16.72,17.56,18.54,48.5,27.0,accept
3,34.34,17.07,18.37,18.7,47.7,26.8,accept
3,33.96,17.0,17.29,18.35,48.4,27.1,accept
3,33.4,16.58,16.68,18.43,49.2,27.3,accept
3,34.53,16.79,17.94,18.53,48.3,26.9,accept
3,34.15,17.14,17.56,18.24,48.2,27.0,accept
3,33.4,16.1,16.5,18.43,49.4,27.3,accept
3,32.49,15.77,16.52,18.44,49.9,27.3,accept
3,33.21,16.58,16.72,18.37,49.4,27.3,accept
3,34.34,16.72,17.38,18.34,48.3,27.0,accept
3,32.85,16.44,17.08,18.74,49.5,27.2,accept
3,34.34,17.14,17.61,18.15,48.2,26.9,accept
3,33.77,16.65,18.03,18.63,48.1,26.8,accept
3,34.15,17.29,17.98,18.49,48.4,26.9,accept
3,33.03,16.24,17.2,18.54,49.0,27.1,accept
3,34.34,17.29,18.52,18.8,47.9,26.8,accept
3,33.96,16.93,18.13,18.73,48.1,26.9,accept
3,35.12,17.73,18.62,18.15,46.9,26.6,accept
3,34.73,16.65,17.75,18.33,48.1,26.9,accept
3,33.96,16.37,16.85,18.44,49.0,27.2,accept
3,32.85,16.44,16.76,18.71,50.0,27.3,accept
3,34.93,17.36,18.18,18.27,47.2,26.7,accept
3,34.73,17.58,18.42,18.72,47.9,26.8,accept
3,34.15,16.79,17.2,18.44,48.4,27.1,accept
3,33.96,17.21,17.65,18.55,48.7,27.0,accept
3,33.4,16.44,16.51,18.43,49.2,27.3,accept
3,34.53,17.58,18.23,18.74,48.1,26.9,accept
3,33.77,16.1,16.75,18.66,49.6,27.3,accept
3,35.12,17.73,18.7,18.05,47.0,26.6,accept
3,34.15,17.14,17.73,18.24,48.4,26.9,accept
3,34.15,16.86,17.2,18.34,48.3,27.0,accept
3,34.73,17.66,18.76,18.54,47.6,26.7,accept
3,35.32,17.51,18.44,18.22,46.9,26.6,accept
3,34.93,17.73,18.56,18.34,47.5,26.7,accept
3,34.73,16.79,17.67,18.18,48.0,26.9,accept
3,33.58,16.72,16.89,18.34,48.7,27.2,accept
3,32.32,15.77,16.59,18.5,50.0,27.3,accept
4,35.94,18.19,19.45,18.34,46.2,26.2,accept
4,34.53,17.51,19.41,18.64,46.1,25.8,accept
4,34.15,17.81,19.45,18.61,46.3,26.1,accept
4,34.15,17.81,19.44,18.54,46.4,26.1,accept
4,35.73,17.73,18.8,18.23,46.5,26.4,accept
4,34.53,18.04,19.46,18.63,46.0,25.9,accept
4,35.12,18.59,20.0,18.69,46.3,25.8,accept
4,34.73,17.96,19.66,18.72,46.0,25.8,accept
4,34.34,17.96,19.45,18.64,46.3,25.9,accept
4,35.32,18.67,20.22,18.73,46.1,25.8,accept
4,33.96,17.43,19.56,18.9,46.5,26.0,accept
4,34.93,18.51,20.45,19.06,46.5,25.8,accept
4,33.77,17.43,19.55,18.84,46.5,26.0,accept
4,35.32,18.59,20.12,18.74,46.1,25.8,accept
4,34.53,17.88,19.38,18.63,46.2,25.9,accept
4,34.53,17.88,19.45,18.59,45.9,25.8,accept
4,34.53,18.27,19.82,18.95,46.5,25.9,accept
4,35.94,18.35,19.03,18.15,46.6,26.3,accept
4,35.12,18.59,20.11,18.74,46.4,25.8,accept
4,34.53,17.81,19.44,18.63,46.1,25.9,accept
4,35.32,18.59,20.11,18.73,46.1,25.8,accept
4,35.53,18.11,19.55,18.54,46.7,26.3,accept
4,34.53,18.43,20.11,19.02,46.3,25.8,accept
4,35.32,18.67,20.31,18.74,46.2,25.8,accept
4,35.32,18.59,20.12,18.73,46.1,25.8,accept
4,35.12,18.51,19.98,18.72,46.3,25.8,accept
4,34.93,18.43,19.78,18.63,46.3,25.8,accept
4,34.34,17.81,19.39,18.52,46.0,25.9,accept
4,34.73,18.43,19.46,18.44,46.1,25.9,accept
4,35.32,17.96,19.89,18.74,46.3,25.8,accept
4,35.73,17.88,18.72,17.95,46.5,26.4,accept
4,34.73,18.27,19.73,18.59,46.2,25.8,accept
4,36.14,18.27,19.35,18.25,46.2,26.2,accept
4,35.32,18.67,20.18,18.73,46.1,25.8,accept
4,35.32,18.04,19.45,18.44,46.8,26.3,accept
4,34.73,18.19,20.33,19.04,46.4,25.8,accept
4,35.12,18.43,19.92,18.74,46.2,25.8,accept
4,35.12,17.73,18.73,17.38,47.1,26.5,accept
4,34.53,18.27,19.67,18.8,46.5,25.9,accept
4,35.12,18.51,19.9,18.71,46.2,25.8,accept
4,34.34,17.96,19.45,18.63,46.4,25.9,accept
4,35.73,17.51,18.72,18.15,46.7,26.4,accept
4,33.77,17.51,19.81,18.84,46.3,25.8,accept
4,35.32,18.67,20.22,18.74,46.1,25.8,accept
4,34.34,17.21,19.33,18.66,46.3,26.0,accept
4,34.73,17.66,20.0,19.04,46.2,25.8,accept
4,34.34,17.36,19.34,18.54,46.2,26.1,accept
4,34.73,18.35,19.89,18.74,46.2,25.8,accept
4,34.93,17.58,19.76,18.99,46.3,25.9,accept
4,34.15,18.04,19.81,18.87,46.5,26.1,accept
4,34.93,18.59,19.9,18.75,46.2,25.8,accept
4,35.32,18.19,20.0,18.74,46.2,25.8,accept
4,35.12,18.19,20.11,19.02,46.3,25.8,accept
4,34.53,18.04,19.74,18.73,46.0,25.8,accept
4,36.14,17.73,19.34,18.25,46.4,26.3,accept
4,35.73,17.21,18.82,18.24,46.8,26.4,accept
4,34.73,18.43,19.89,18.74,46.2,25.8,accept
4,33.77,17.43,19.49,18.73,46.4,25.9,accept
4,35.94,18.27,19.45,18.36,46.2,26.2,accept
4,34.34,17.81,19.36,18.53,46.2,26.1,accept
4,36.14,18.11,19.33,18.24,46.2,26.3,accept
4,34.93,18.43,19.79,18.63,46.4,25.8,accept
4,35.32,18.19,20.0,18.72,46.2,25.8,accept
4,36.14,18.75,19.45,18.43,46.8,26.3,accept
4,35.53,18.19,20.34,19.06,46.3,25.8,accept
4,34.34,17.96,19.45,18.63,46.3,25.9,accept
4,34.93,17.66,19.99,19.04,46.1,25.8,accept
4,36.14,17.96,19.62,18.54,46.7,26.3,accept
4,34.53,18.11,20.33,19.0,46.5,25.8,accept
4,34.34,17.96,19.44,18.63,46.2,25.9,accept
4,34.15,17.81,19.45,18.57,46.4,26.1,accept
4,34.34,17.43,19.24,18.63,46.3,26.0,accept
4,35.12,17.73,18.74,17.55,47.1,26.5,accept
4,35.12,18.59,20.09,18.74,46.4,25.8,accept
4,34.34,17.81,19.36,18.54,46.2,26.1,accept
4,33.58,17.43,19.67,18.85,46.5,25.9,accept
4,33.58,17.29,19.56,18.74,46.5,25.9,accept
4,35.94,18.51,19.17,18.15,46.8,26.3,accept
4,35.32,18.51,20.04,18.71,46.1,25.8,accept
4,34.53,17.96,19.45,18.6,46.0,25.9,accept
4,36.57,17.96,19.66,18.6,46.6,26.3,accept
4,35.53,17.66,18.74,18.24,46.6,26.4,accept
4,35.94,18.59,19.13,18.15,46.7,26.3,accept
4,34.15,17.81,19.45,18.55,46.4,26.0,accept
4,35.53,18.11,20.57,19.12,46.1,25.8,accept
4,35.53,18.19,20.11,19.03,46.3,25.8,accept
4,34.53,18.11,20.2,18.89,46.4,25.8,accept
4,35.94,18.27,19.45,18.34,46.2,26.2,accept
4,36.14,18.67,19.24,18.27,46.8,26.3,accept
4,35.73,18.27,18.84,17.97,46.6,26.4,accept
4,35.73,18.27,18.92,18.04,46.6,26.4,accept
4,36.14,18.19,19.34,18.24,46.2,26.2,accept
4,34.73,18.11,19.67,18.54,46.2,25.8,accept
4,33.96,17.66,19.66,18.86,46.4,25.9,accept
4,34.34,17.96,19.52,18.63,46.4,25.9,accept
4,34.34,17.81,19.35,18.54,46.1,26.1,accept
4,35.12,18.11,20.34,19.04,46.3,25.8,accept
4,35.32,18.04,20.0,18.94,46.3,25.8,accept
4,35.12,18.43,19.89,18.73,46.2,25.8,accept
4,35.73,17.21,18.92,18.34,46.9,26.5,accept
4,35.32,18.59,20.11,18.74,46.1,25.8,accept
4,34.53,17.96,20.22,18.92,46.5,25.8,accept
4,33.96,17.58,19.63,18.84,46.4,26.1,accept
4,35.32,18.75,20.34,18.74,46.3,25.8,accept
4,34.93,18.43,19.56,18.49,46.1,25.8,accept
4,34.34,18.04,19.56,18.56,46.4,26.2,accept
4,34.34,17.96,19.45,18.64,46.4,25.9,accept
4,34.34,17.73,19.33,18.53,46.1,26.1,accept
4,35.12,18.67,20.66,19.06,46.3,25.8,accept
4,35.12,18.75,19.71,18.58,46.1,25.8,accept
4,36.14,18.11,19.34,18.23,46.2,26.2,accept
4,35.12,18.51,20.0,18.68,46.3,25.8,accept
4,35.32,18.75,20.32,18.74,46.2,25.8,accept
4,34.34,17.81,19.34,18.57,46.2,26.0,accept
4,34.73,18.43,19.89,18.75,46.2,25.8,accept
4,34.73,17.51,19.67,18.94,46.3,25.9,accept
4,34.15,17.96,19.89,19.04,46.5,25.9,accept
4,35.12,17.81,18.72,17.23,47.1,26.5,accept
4,34.73,18.11,19.67,18.54,46.1,25.8,accept
4,34.15,17.73,19.45,18.54,46.5,26.1,accept
4,35.53,17.51,19.03,18.43,47.0,26.5,accept
4,34.53,17.66,19.29,18.57,46.2,26.0,accept
4,34.34,17.29,19.35,18.58,46.2,26.1,accept
4,35.32,18.67,20.14,18.73,46.1,25.8,accept
4,34.53,17.73,20.0,19.04,46.2,25.8,accept
4,34.34,17.88,19.34,18.55,46.2,26.0,accept
4,34.15,17.88,19.55,18.65,46.5,26.0,accept
4,34.34,17.88,19.41,18.63,46.2,25.9,accept
4,33.77,17.81,19.79,18.93,46.5,26.1,accept
4,34.73,17.58,19.65,18.73,46.1,25.8,accept
4,34.93,18.43,19.56,18.44,46.3,26.2,accept
4,35.32,18.67,20.22,18.73,46.2,25.8,accept
4,34.34,17.29,19.44,18.63,46.3,26.1,accept
4,35.32,18.11,20.34,19.07,46.3,25.8,accept
4,34.73,17.73,20.0,19.04,46.2,25.8,accept
4,35.73,18.11,18.82,17.96,46.5,26.4,accept
4,34.73,18.27,19.45,18.44,46.1,25.9,accept
4,34.15,18.04,20.16,19.13,46.3,25.8,accept
4,35.32,17.51,19.03,18.4,47.0,26.5,accept
4,35.73,17.43,19.06,18.44,47.0,26.5,accept
4,34.53,18.35,20.18,19.07,46.3,25.8,accept
4,34.73,18.27,19.76,18.56,46.2,25.8,accept
4,36.14,17.96,19.63,18.54,46.7,26.3,accept
4,34.15,17.81,19.46,18.57,46.5,26.0,accept
4,34.73,18.35,19.78,18.62,46.3,25.8,accept
4,35.12,18.27,20.57,19.09,46.2,25.8,accept
4,33.4,17.07,19.37,18.64,46.6,26.0,accept
4,36.14,18.04,19.28,18.24,46.3,26.3,accept
4,34.34,17.88,19.45,18.63,46.4,26.0,accept
4,35.32,18.19,20.11,19.03,46.3,25.8,accept
4,35.94,18.43,19.11,18.13,46.7,26.3,accept
4,35.12,18.59,20.11,18.73,46.4,25.8,accept
4,35.73,17.66,18.72,18.24,46.6,26.4,accept
4,35.12,18.43,19.89,18.74,46.2,25.8,accept
4,34.73,17.66,19.99,19.04,46.2,25.8,accept
4,35.12,18.67,20.1,18.75,46.3,25.8,accept
4,34.53,17.29,19.55,18.74,46.3,26.1,accept
4,35.32,18.75,20.23,18.73,46.2,25.8,accept
4,34.93,18.75,19.78,18.64,46.1,25.8,accept
4,35.12,18.75,20.08,18.87,46.4,25.8,accept
4,34.93,17.81,19.11,18.05,47.2,26.5,accept
4,35.12,18.59,20.08,18.74,46.4,25.8,accept
4,36.35,17.81,19.56,18.63,46.6,26.3,accept
4,33.77,17.58,19.73,18.93,46.6,26.0,accept
4,35.12,18.67,20.06,18.73,46.3,25.8,accept
4,36.14,18.75,19.34,18.36,46.8,26.3,accept
4,33.96,17.73,19.45,18.58,46.5,26.0,accept
4,34.53,18.19,20.11,19.03,46.4,25.8,accept
4,34.53,17.36,19.03,18.05,47.2,26.5,accept
4,35.73,18.27,18.92,18.01,46.6,26.4,accept
4,34.73,17.51,19.67,18.74,46.1,25.8,accept
4,34.53,17.96,20.15,18.84,46.5,25.8,accept
4,34.53,18.27,20.35,19.04,46.5,25.8,accept
4,34.73,17.66,19.98,19.04,46.1,25.8,accept
4,35.12,18.59,20.0,18.68,46.3,25.8,accept
4,34.15,17.81,19.45,18.54,46.3,26.1,accept
4,34.73,17.73,19.57,18.66,46.1,25.8,accept
4,35.12,18.75,20.65,19.05,46.3,25.8,accept
4,36.14,18.27,19.35,18.24,46.2,26.2,accept
4,34.93,17.51,18.92,18.29,47.1,26.5,accept
4,34.15,17.81,19.46,18.56,46.5,26.0,accept
4,33.58,17.21,19.45,18.63,46.5,26.1,accept
4,34.53,17.43,19.67,18.94,46.4,26.1,accept
4,35.32,18.04,20.02,18.75,46.2,25.8,accept
4,34.15,17.88,20.11,19.07,46.3,25.8,accept
4,33.77,17.51,19.76,18.94,46.5,25.9,accept
4,35.32,18.43,20.0,18.72,46.1,25.8,accept
4,33.4,17.29,19.61,18.83,46.6,26.0,accept
4,33.96,17.81,19.8,18.94,46.5,26.1,accept
4,34.73,17.96,19.67,18.65,46.0,25.8,accept
4,35.73,17.43,18.72,18.15,46.7,26.4,accept
4,34.73,17.36,19.48,18.74,46.2,25.9,accept
4,34.73,17.58,19.43,18.64,46.1,25.8,accept
4,35.94,18.19,19.45,18.35,46.2,26.2,accept
4,35.12,18.75,20.44,19.04,46.5,25.8,accept
4,33.58,17.36,19.45,18.78,46.6,26.0,accept
4,34.34,18.04,19.56,18.55,46.4,26.2,accept
4,34.34,17.58,19.24,18.54,46.2,26.0,accept
4,34.73,18.43,19.9,18.8,46.2,25.8,accept
4,35.94,18.43,19.0,18.05,46.6,26.4,accept
4,34.93,17.58,18.97,18.34,47.1,26.5,accept
4,35.73,18.11,18.82,17.95,46.6,26.4,accept
4,34.73,18.19,19.43,18.44,46.1,25.9,accept
4,35.94,18.35,19.01,18.05,46.6,26.4,accept
4,36.14,18.19,19.34,18.24,46.2,26.3,accept
4,34.34,17.51,19.31,18.53,46.2,26.1,accept
4,34.34,18.19,19.67,18.73,46.5,26.2,accept
4,34.73,18.27,19.71,18.57,46.2,25.8,accept
4,35.94,18.51,19.13,18.12,46.7,26.3,accept
4,34.93,18.51,19.9,18.75,46.2,25.8,accept
4,35.73,18.19,18.82,17.96,46.5,26.4,accept
4,35.12,18.59,20.1,18.74,46.4,25.8,accept
4,33.77,17.51,19.55,18.74,46.4,26.1,accept
4,35.73,18.04,19.57,18.55,46.7,26.3,accept
4,35.12,17.81,18.78,17.32,47.1,26.5,accept
4,33.96,17.66,19.61,18.84,46.4,25.9,accept
4,34.53,18.04,20.44,18.93,46.2,25.8,accept
4,35.12,18.67,20.11,18.74,46.4,25.8,accept
4,35.73,18.04,18.77,17.96,46.5,26.4,accept
4,34.34,17.96,19.46,18.63,46.4,25.9,accept
4,34.34,18.19,19.88,19.03,46.5,25.9,accept
4,34.34,17.88,19.45,18.63,46.3,25.9,accept
4,34.73,18.27,19.75,18.56,46.2,25.8,accept
4,35.53,17.88,18.72,17.95,46.5,26.4,accept
4,34.15,17.81,19.45,18.54,46.4,26.0,accept
4,34.93,18.19,20.11,18.99,46.3,25.8,accept
4,34.93,18.11,19.68,18.74,46.0,25.8,accept
4,34.34,17.96,19.44,18.62,46.3,26.0,accept
4,35.94,18.51,19.08,18.24,46.7,26.3,accept
4,34.53,18.35,20.13,19.04,46.3,25.8,accept
4,35.12,18.43,19.9,18.74,46.2,25.8,accept
4,34.93,17.81,19.11,18.07,47.2,26.5,accept
4,33.96,17.51,19.66,18.86,46.4,26.1,accept
4,34.53,17.96,20.2,18.85,46.5,25.8,accept
4,34.73,18.19,20.45,18.95,46.2,25.8,accept
4,34.73,17.58,19.76,18.99,46.3,25.9,accept
4,33.96,17.43,19.56,18.93,46.5,26.0,accept
4,35.12,17.51,19.03,18.35,47.0,26.5,accept
4,34.15,18.04,19.71,18.84,46.5,26.0,accept
4,35.12,17.73,18.72,17.39,47.1,26.5,accept
4,34.73,17.36,19.56,18.83,46.2,25.9,accept
4,35.73,18.19,18.82,17.96,46.6,26.4,accept
4,34.73,18.43,19.57,18.48,46.3,26.2,accept
4,36.14,17.96,19.64,18.59,46.7,26.3,accept
4,34.15,17.36,19.57,18.94,46.5,26.0,accept
4,34.53,17.81,19.45,18.59,45.9,25.8,accept
4,35.53,17.73,18.68,17.93,46.5,26.4,accept
4,35.32,17.96,20.22,18.94,46.3,25.8,accept
4,33.96,17.73,19.78,18.93,46.5,26.1,accept
4,34.53,18.11,19.57,18.64,46.3,26.2,accept
4,33.58,17.29,19.45,18.67,46.4,25.9,accept
4,35.94,18.19,19.45,18.36,46.2,26.2,accept
4,34.73,17.96,19.66,18.64,46.0,25.8,accept
4,35.53,17.81,18.72,18.0,46.5,26.4,accept
4,35.32,18.51,19.95,18.75,46.2,25.8,accept
4,34.15,18.11,19.81,18.86,46.5,26.1,accept
4,34.34,17.88,19.89,18.74,46.4,25.8,accept
4,35.73,18.19,18.86,17.97,46.5,26.4,accept
4,35.73,17.51,18.72,18.15,46.8,26.5,accept
4,34.34,18.04,19.56,18.57,46.4,26.2,accept
4,35.12,18.51,20.0,18.69,46.3,25.8,accept
4,34.73,17.96,19.67,18.64,46.1,25.8,accept
4,34.53,18.19,20.0,18.84,46.4,25.8,accept
4,34.53,17.88,19.45,18.58,46.0,25.9,accept
4,34.73,17.73,19.45,18.64,46.1,25.9,accept
4,34.73,18.19,20.45,18.94,46.2,25.8,accept
4,34.53,18.19,20.23,18.94,46.4,25.8,accept
4,34.93,18.83,19.87,18.72,46.1,25.8,accept
4,35.94,18.19,19.45,18.38,46.2,26.2,accept
4,34.34,17.88,19.34,18.6,46.2,25.9,accept
4,34.15,17.81,19.45,18.55,46.3,26.1,accept
4,35.32,18.04,20.46,19.04,46.1,25.8,accept
4,34.73,17.66,19.11,18.15,47.2,26.5,accept
4,35.12,17.88,19.45,18.5,46.8,26.3,accept
4,35.12,17.88,19.45,18.46,46.8,26.3,accept
4,33.96,17.58,19.56,18.77,46.4,25.9,accept
4,35.32,18.67,20.21,18.74,46.1,25.8,accept
4,35.94,18.35,18.92,18.05,46.6,26.4,accept
4,34.53,17.73,19.34,18.53,46.1,26.1,accept
4,34.53,18.04,19.67,18.63,46.1,25.8,accept
4,35.94,18.51,19.15,18.15,46.8,26.3,accept
4,34.34,18.04,19.56,18.59,46.4,26.2,accept
4,34.34,17.88,19.43,18.62,46.3,26.0,accept
4,34.34,18.11,19.88,19.04,46.5,25.9,accept
4,34.53,18.35,20.21,19.04,46.4,25.8,accept
4,34.73,18.19,19.67,18.54,46.2,25.8,accept
4,34.93,18.59,20.66,19.06,46.3,25.8,accept
4,34.53,17.36,19.58,18.96,46.4,26.0,accept
4,33.96,17.73,19.67,18.93,46.4,25.9,accept
4,34.93,18.19,20.1,18.95,46.3,25.8,accept
4,35.94,18.43,19.03,18.24,46.7,26.3,accept
4,34.53,18.04,20.27,18.94,46.5,25.8,accept
4,35.12,17.73,18.72,17.14,47.0,26.5,accept
4,36.14,17.96,19.27,18.24,46.3,26.3,accept
4,35.53,18.35,20.22,18.73,46.0,25.8,accept
4,35.32,18.83,20.25,18.74,46.2,25.8,accept
4,33.4,17.14,19.56,18.74,46.6,26.0,accept
4,34.53,17.43,19.44,18.64,46.1,25.8,accept
4,34.34,17.58,19.27,18.51,46.2,26.1,accept
4,35.94,17.43,19.03,18.45,46.9,26.5,accept
4,35.12,18.59,20.08,18.73,46.4,25.8,accept
4,35.32,18.27,20.0,18.72,46.1,25.8,accept
4,34.93,18.75,19.88,18.73,46.1,25.8,accept
4,34.73,17.43,19.78,18.91,46.1,25.8,accept
4,35.53,17.66,18.76,18.24,46.5,26.4,accept
4,34.34,17.81,19.36,18.54,46.1,26.1,accept
4,34.93,17.66,19.12,18.15,47.2,26.5,accept
4,34.15,17.88,19.89,19.04,46.5,25.9,accept
4,35.94,17.96,19.58,18.62,46.7,26.3,accept
4,35.12,18.19,20.11,19.04,46.3,25.8,accept
4,35.32,18.67,20.32,18.73,46.2,25.8,accept
4,34.73,18.43,20.45,19.09,46.5,25.8,accept
4,34.73,17.43,19.45,18.66,46.2,25.9,accept
4,34.73,18.35,19.56,18.44,46.3,26.2,accept
4,33.58,17.43,19.67,18.91,46.6,26.0,accept
4,34.73,18.43,20.18,19.04,46.5,25.8,accept
4,34.53,18.19,20.0,18.89,46.4,25.8,accept
4,34.53,17.36,19.59,18.96,46.4,26.0,accept
4,34.34,17.81,19.37,18.53,46.2,26.1,accept
4,35.53,18.59,20.11,18.74,46.1,25.8,accept
4,35.94,17.43,19.04,18.44,47.0,26.5,accept
4,34.73,18.51,20.1,18.95,46.2,25.8,accept
4,35.12,17.81,18.74,17.22,47.1,26.5,accept
4,35.53,18.11,20.57,19.13,46.1,25.8,accept
4,35.12,18.43,19.95,18.75,46.2,25.8,accept
4,35.53,17.73,18.72,17.96,46.5,26.4,accept
4,34.34,17.73,19.33,18.55,46.2,26.0,accept
4,35.12,18.51,19.91,18.7,46.2,25.8,accept
4,34.15,17.81,19.45,18.58,46.5,26.0,accept
4,36.14,18.27,19.37,18.24,46.2,26.2,accept
4,35.94,18.67,19.67,18.63,46.8,26.3,accept
4,34.34,17.66,19.73,18.95,46.3,25.9,accept
4,34.34,18.04,19.56,18.63,46.4,26.2,accept
4,35.94,18.67,19.36,18.39,46.8,26.3,accept
4,34.73,17.36,19.63,18.84,46.2,25.9,accept
4,34.93,18.27,20.55,19.04,46.2,25.8,accept
4,35.32,18.43,19.89,18.74,46.2,25.8,accept
4,35.32,18.19,20.57,19.14,46.1,25.8,accept
4,35.53,18.04,19.45,18.44,46.8,26.3,accept
4,35.73,18.19,18.83,17.96,46.5,26.4,accept
4,35.53,17.88,20.41,18.94,46.1,25.8,accept
4,34.73,18.27,19.75,18.57,46.2,25.8,accept
4,34.53,17.51,19.43,18.64,46.1,25.8,accept
4,34.53,17.36,19.62,18.84,46.3,26.1,accept
4,35.73,18.04,19.56,18.54,46.7,26.3,accept
4,35.94,18.43,19.13,18.15,46.8,26.3,accept
4,34.93,18.75,19.89,18.74,46.2,25.8,accept
4,34.34,17.81,19.35,18.54,46.2,26.1,accept
4,34.34,17.73,19.34,18.56,46.2,26.0,accept
4,34.53,17.96,19.45,18.63,45.9,25.8,accept
4,34.73,17.96,19.45,18.6,45.9,25.8,accept
4,34.53,18.04,19.47,18.63,45.9,25.8,accept
4,36.14,17.96,19.63,18.59,46.7,26.3,accept
4,34.73,18.19,19.45,18.45,46.0,25.8,accept
4,34.53,18.04,19.42,18.44,46.0,25.8,accept
4,34.53,17.58,19.77,18.99,46.3,25.9,accept
4,33.77,17.58,19.78,18.84,46.5,26.1,accept
4,34.34,17.81,19.34,18.53,46.2,26.1,accept
4,35.32,18.43,20.02,18.71,46.1,25.8,accept
4,34.93,18.43,19.78,18.62,46.3,25.8,accept
4,34.34,17.96,19.53,18.63,46.4,25.9,accept
4,34.93,17.73,19.1,18.05,47.2,26.5,accept
4,33.58,17.43,19.67,18.82,46.5,26.1,accept
4,34.73,18.11,19.42,18.46,46.0,25.8,accept
4,34.34,17.43,19.24,18.58,46.2,26.0,accept
4,34.53,17.36,19.33,18.64,46.3,26.0,accept
4,35.32,18.27,19.89,18.74,46.3,25.8,accept
4,34.93,18.59,20.45,19.04,46.5,25.8,accept
4,34.53,18.35,19.47,18.4,46.3,26.2,accept
4,34.53,18.11,20.46,18.95,46.3,25.8,accept
4,34.34,17.58,19.27,18.5,46.1,26.1,accept
4,34.73,18.35,20.44,19.09,46.5,25.8,accept
4,33.58,17.21,19.44,18.62,46.5,26.1,accept
4,35.94,17.96,19.6,18.55,46.7,26.3,accept
4,34.93,18.51,19.56,18.46,46.1,25.8,accept
4,35.32,17.96,20.11,18.67,46.0,25.8,accept
4,33.96,17.88,19.76,18.9,46.6,26.0,accept
4,35.12,17.81,18.78,17.28,47.1,26.5,accept
4,34.15,17.81,19.89,18.94,46.2,25.8,accept
4,35.12,17.73,18.72,17.73,47.1,26.6,accept
4,34.53,17.21,18.83,18.01,47.2,26.5,accept
4,35.32,18.19,20.58,19.14,46.1,25.8,accept
4,34.15,17.66,19.79,18.84,46.2,25.8,accept
4,35.32,18.11,19.56,18.54,46.8,26.3,accept
4,34.34,17.73,19.99,19.04,46.2,25.8,accept
4,35.12,18.43,19.94,18.75,46.2,25.8,accept
4,34.34,17.96,19.45,18.64,46.3,26.0,accept
4,35.32,18.35,20.0,18.73,46.1,25.8,accept
4,34.73,18.35,19.58,18.53,46.3,26.2,accept
4,34.73,18.35,19.54,18.44,46.1,25.8,accept
4,35.32,18.75,20.33,18.75,46.2,25.8,accept
4,35.32,18.83,20.62,19.04,46.3,25.8,accept
4,35.12,17.51,19.02,18.34,47.1,26.5,accept
4,34.53,17.29,19.56,18.81,46.3,26.1,accept
4,34.34,17.81,19.4,18.53,46.2,26.1,accept
4,35.12,18.51,19.99,18.73,46.2,25.8,accept
4,35.12,18.35,19.89,18.74,46.2,25.8,accept
4,35.12,18.19,20.57,19.13,46.1,25.8,accept
4,34.53,18.04,19.68,18.7,46.1,25.8,accept
4,34.53,18.04,20.15,18.84,46.4,25.8,accept
4,34.34,17.36,19.31,18.64,46.3,26.0,accept
4,34.73,18.04,19.66,18.55,46.1,25.8,accept
4,33.96,17.81,19.45,18.58,46.5,26.0,accept
4,35.32,17.96,19.43,18.41,46.8,26.3,accept
4,33.77,17.51,19.56,18.77,46.4,26.1,accept
4,35.12,17.73,18.73,17.31,47.1,26.5,accept
4,35.53,17.51,19.03,18.42,47.0,26.5,accept
4,35.94,18.83,19.57,18.56,46.8,26.3,accept
4,34.34,17.88,20.11,18.83,46.4,25.8,accept
4,34.73,18.04,19.67,18.72,46.0,25.8,accept
4,34.53,18.27,19.78,18.94,46.5,25.9,accept
4,35.73,17.58,18.73,18.23,46.6,26.4,accept
4,35.32,18.67,20.31,18.73,46.2,25.8,accept
4,34.34,17.88,19.45,18.64,46.3,25.9,accept
4,34.53,17.88,19.44,18.54,46.0,25.9,accept
4,35.32,18.83,20.32,18.92,46.5,25.8,accept
4,35.73,18.35,19.03,18.15,46.7,26.4,accept
4,34.53,17.43,19.67,18.93,46.4,26.1,accept
4,35.94,18.75,19.63,18.6,46.8,26.3,accept
4,34.73,18.51,19.57,18.49,46.1,25.8,accept
4,35.53,17.51,19.05,18.43,47.0,26.5,accept
4,34.34,18.11,19.89,19.04,46.5,25.9,accept
4,34.34,17.43,19.31,18.53,46.2,26.1,accept
4,34.34,17.88,19.45,18.55,46.3,26.1,accept
4,35.94,18.59,19.22,18.17,46.8,26.3,accept
4,34.53,18.11,20.21,18.91,46.4,25.8,accept
4,35.12,18.51,19.89,18.71,46.2,25.8,accept
4,33.58,17.29,19.45,18.77,46.6,26.0,accept
4,33.96,17.81,19.76,18.91,46.6,26.0,accept
4,35.73,18.59,19.67,18.64,46.8,26.3,accept
4,35.12,17.96,19.03,17.93,47.2,26.5,accept
4,34.53,17.73,19.45,18.63,46.0,25.8,accept
4,33.58,17.29,19.52,18.73,46.4,25.9,accept
4,35.53,17.81,18.71,17.94,46.5,26.4,accept
4,34.34,17.81,19.34,18.55,46.2,26.0,accept
4,35.32,18.75,20.33,18.74,46.2,25.8,accept
4,35.12,18.51,19.98,18.74,46.3,25.8,accept
4,35.12,18.59,20.12,18.74,46.4,25.8,accept
4,36.14,17.81,19.34,18.27,46.4,26.3,accept
4,34.34,17.96,20.0,18.87,46.4,25.8,accept
4,34.93,18.51,20.64,19.07,46.3,25.8,accept
4,36.14,17.66,19.38,18.34,46.5,26.3,accept
4,34.73,17.36,19.45,18.71,46.2,25.9,accept
4,34.34,17.73,19.34,18.53,46.1,26.1,accept
4,34.93,18.43,20.45,19.08,46.5,25.8,accept
4,34.34,18.04,19.56,18.54,46.4,26.2,accept
4,35.32,18.35,19.89,18.78,46.2,25.8,accept
4,34.93,18.59,20.65,19.07,46.3,25.8,accept
4,33.77,17.43,19.75,18.74,46.3,25.8,accept
4,35.32,18.67,20.32,18.74,46.2,25.8,accept
4,33.96,17.73,20.02,19.04,46.3,25.8,accept
4,34.53,17.73,19.33,18.55,46.2,26.0,accept
4,33.4,17.07,19.44,18.65,46.6,26.0,accept
4,34.53,17.29,19.45,18.69,46.3,26.1,accept
4,34.93,17.51,18.92,18.25,47.1,26.5,accept
4,34.53,18.11,19.56,18.67,46.4,25.9,accept
4,34.53,18.04,19.66,18.55,46.1,25.8,accept
4,33.58,17.29,19.56,18.78,46.5,25.9,accept
4,34.73,18.35,19.61,18.53,46.3,26.2,accept
4,35.94,18.43,18.96,18.05,46.6,26.4,accept
4,35.12,17.81,18.75,17.23,47.1,26.5,accept
4,35.53,18.04,19.56,18.54,46.7,26.3,accept
4,34.53,18.43,20.11,19.04,46.3,25.8,accept
4,35.32,18.11,20.34,19.05,46.3,25.8,accept
4,33.77,17.58,19.72,18.93,46.7,26.1,accept
4,33.96,17.43,19.78,18.77,46.3,25.8,accept
4,34.34,17.66,19.24,18.54,46.2,26.0,accept
4,34.15,17.66,19.71,18.94,46.3,25.9,accept
4,34.53,17.43,19.26,18.63,46.3,26.0,accept
4,34.73,18.11,19.39,18.44,46.0,25.8,accept
4,34.34,17.81,19.34,18.56,46.2,26.0,accept
4,34.73,17.73,19.45,18.64,46.0,25.8,accept
4,35.53,18.99,20.45,18.88,46.3,25.8,accept
4,36.14,17.88,19.3,18.24,46.4,26.3,accept
4,35.32,18.11,20.0,18.74,46.2,25.8,accept
4,34.73,18.19,19.76,18.78,46.0,25.8,accept
4,34.73,18.35,19.78,18.6,46.3,25.8,accept
4,34.34,17.81,19.38,18.53,46.2,26.1,accept
4,34.93,18.35,19.77,18.63,46.3,25.8,accept
4,34.73,18.19,19.6,18.55,46.3,26.2,accept
4,34.73,18.04,19.67,18.61,46.1,25.8,accept
4,34.73,18.19,20.28,18.98,46.4,25.8,accept
4,34.53,18.04,20.37,18.88,46.2,25.8,accept
4,35.94,18.43,19.04,18.12,46.7,26.3,accept
4,34.73,17.66,19.57,18.69,46.1,25.8,accept
4,34.73,18.27,19.65,18.54,46.3,26.2,accept
4,36.14,17.73,19.34,18.29,46.5,26.3,accept
4,35.12,18.67,20.3,18.74,46.2,25.8,accept
4,34.15,17.81,19.45,18.54,46.5,26.0,accept
4,34.73,17.66,19.44,18.64,46.1,25.9,accept
4,33.4,17.29,19.55,18.7,46.5,26.1,accept
4,35.12,17.73,18.72,17.45,47.0,26.5,accept
4,35.73,17.29,18.81,18.16,46.8,26.5,accept
4,35.32,18.83,20.23,18.84,46.4,25.8,accept
4,34.53,18.19,19.64,18.74,46.5,25.9,accept
4,34.15,17.81,19.45,18.54,46.4,26.1,accept
4,34.73,18.19,20.24,18.95,46.4,25.8,accept
4,34.34,18.19,19.78,18.83,46.4,26.1,accept
4,36.35,17.96,19.65,18.62,46.6,26.3,accept
4,34.53,17.14,19.45,18.79,46.4,26.0,accept
4,35.32,17.96,20.11,18.86,46.3,25.8,accept
4,35.53,18.99,20.51,18.94,46.3,25.8,accept
4,34.53,17.81,19.44,18.62,46.1,25.9,accept
4,33.96,17.88,19.83,18.93,46.5,26.1,accept
4,34.93,17.58,19.92,19.04,46.1,25.8,accept
4,34.34,17.66,19.33,18.53,46.1,26.1,accept
4,35.53,17.73,18.8,18.21,46.5,26.4,accept
4,35.32,18.67,20.3,18.73,46.2,25.8,accept
4,34.53,17.88,19.45,18.6,45.9,25.8,accept
4,33.96,17.81,19.45,18.54,46.4,26.0,accept
4,35.32,18.75,20.29,18.74,46.2,25.8,accept
4,34.34,17.96,19.49,18.63,46.4,25.9,accept
4,34.34,17.81,19.91,18.96,46.2,25.8,accept
4,34.15,17.81,19.45,18.54,46.5,26.1,accept
4,34.15,17.73,19.69,18.94,46.4,25.9,accept
4,35.73,18.11,18.79,17.95,46.5,26.4,accept
4,34.34,18.11,20.2,19.14,46.3,25.8,accept
4,35.53,18.11,20.13,18.73,46.0,25.8,accept
4,34.73,18.43,19.56,18.47,46.0,25.8,accept
4,34.73,18.35,19.54,18.43,46.3,26.2,accept
4,34.73,17.43,18.82,18.24,47.1,26.5,accept
4,35.12,18.19,20.11,19.0,46.3,25.8,accept
4,35.12,18.27,20.57,19.1,46.2,25.8,accept
4,34.93,18.67,20.11,18.92,46.4,25.8,accept
4,35.32,18.04,19.82,18.73,46.3,25.8,accept
4,36.35,17.66,19.45,18.44,46.6,26.3,accept
4,33.96,17.81,19.87,19.03,46.5,25.9,accept
4,34.93,18.67,20.11,18.94,46.4,25.8,accept
4,34.73,17.36,18.81,18.17,47.1,26.5,accept
4,34.34,17.88,19.35,18.55,46.2,25.9,accept
4,33.96,17.51,19.66,18.84,46.4,26.1,accept
4,33.77,17.43,19.48,18.83,46.5,26.0,accept
4,35.94,18.35,18.94,18.05,46.6,26.4,accept
4,34.93,18.43,19.55,18.5,46.1,25.9,accept
4,34.53,17.29,19.46,18.73,46.3,26.1,accept
4,33.58,17.36,19.65,18.83,46.5,25.9,accept
4,35.32,18.04,19.87,18.73,46.3,25.8,accept
4,35.73,18.11,18.82,17.95,46.5,26.4,accept
4,34.34,17.51,19.67,18.92,46.4,26.1,accept
4,34.93,18.67,19.91,18.75,46.2,25.8,accept
4,34.93,17.66,19.99,19.05,46.1,25.8,accept
4,34.53,17.14,18.81,18.15,47.2,26.5,accept
4,34.93,18.35,19.77,18.62,46.2,25.8,accept
4,34.34,17.73,19.97,19.03,46.2,25.8,accept
4,34.73,18.35,19.55,18.44,46.0,25.8,accept
4,34.53,17.29,18.92,18.04,47.2,26.5,accept
4,34.34,18.04,19.54,18.64,46.4,25.9,accept
4,34.15,17.96,19.82,18.91,46.5,26.1,accept
4,36.57,17.96,19.67,18.63,46.6,26.3,accept
4,35.12,18.75,20.0,18.83,46.4,25.8,accept
4,34.93,18.51,19.56,18.49,46.1,25.8,accept
4,34.53,18.11,19.56,18.64,46.3,26.2,accept
4,34.34,17.81,19.44,18.53,46.3,26.1,accept
4,35.12,17.88,19.04,17.97,47.2,26.5,accept
4,35.12,18.67,20.1,18.74,46.3,25.8,accept
4,34.73,18.51,20.11,19.0,46.3,25.8,accept
4,35.32,18.11,20.34,19.04,46.3,25.8,accept
4,36.14,18.59,19.23,18.21,46.8,26.3,accept
4,34.34,17.81,19.38,18.53,46.1,26.1,accept
4,34.73,18.51,20.08,18.94,46.2,25.8,accept
4,35.12,18.04,19.03,17.83,47.2,26.5,accept
4,34.34,18.04,19.54,18.63,46.4,25.9,accept
4,34.53,17.88,19.35,18.44,46.1,25.9,accept
4,34.34,17.88,19.9,18.78,46.4,25.8,accept
4,35.32,18.04,18.94,17.68,47.2,26.5,accept
4,34.73,18.27,19.77,18.6,46.2,25.8,accept
4,34.93,18.27,20.57,19.05,46.2,25.8,accept
4,34.34,17.73,20.0,19.04,46.2,25.8,accept
4,34.34,17.88,19.45,18.54,46.3,26.1,accept
4,33.77,17.66,19.78,18.93,46.5,26.1,accept
4,34.34,17.73,19.36,18.52,46.2,26.1,accept
4,34.34,17.43,19.33,18.53,46.2,26.1,accept
4,34.34,17.36,19.58,18.94,46.5,26.0,accept
4,34.53,17.29,19.34,18.65,46.3,26.0,accept
4,34.53,17.14,18.75,18.11,47.1,26.5,accept
4,34.73,18.35,19.5,18.45,46.0,25.8,accept
4,35.12,18.75,19.67,18.55,46.1,25.8,accept
4,35.53,17.73,18.78,18.14,46.5,26.4,accept
4,35.32,17.81,20.22,18.77,46.1,25.8,accept
4,34.73,17.58,19.77,18.99,46.3,25.9,accept
4,34.73,17.96,19.66,18.7,46.0,25.8,accept
4,35.32,18.43,19.89,18.77,46.2,25.8,accept
4,35.12,17.81,19.36,18.37,46.8,26.3,accept
4,35.73,17.29,18.77,18.15,46.8,26.5,accept
4,34.34,18.04,19.56,18.63,46.4,26.1,accept
4,34.34,17.96,19.44,18.64,46.2,25.9,accept
4,34.15,17.88,19.45,18.54,46.3,26.1,accept
4,34.73,17.88,19.66,18.73,46.1,25.8,accept
4,34.73,18.51,19.89,18.75,46.2,25.8,accept
4,35.73,18.04,18.72,17.94,46.5,26.4,accept
4,34.53,18.27,19.7,18.84,46.5,25.9,accept
4,34.53,17.81,19.34,18.53,46.1,26.1,accept
4,34.73,18.19,19.42,18.44,46.0,25.8,accept
4,35.12,17.96,19.03,17.87,47.2,26.5,accept
4,34.73,18.11,19.78,18.78,46.0,25.8,accept
4,35.12,17.73,18.73,17.45,47.1,26.5,accept
4,35.32,18.04,18.92,17.59,47.1,26.5,accept
4,33.4,17.07,19.45,18.7,46.6,26.0,accept
4,35.12,18.51,19.89,18.72,46.2,25.8,accept
4,35.53,17.73,18.76,18.05,46.5,26.4,accept
4,34.34,17.43,19.67,18.92,46.4,26.1,accept
4,35.94,18.83,19.53,18.53,46.8,26.3,accept
4,34.73,18.27,19.45,18.44,46.0,25.8,accept
4,35.94,18.43,19.03,18.15,46.7,26.4,accept
4,34.34,17.36,19.34,18.56,46.2,26.1,accept
4,35.12,18.59,20.07,18.73,46.4,25.8,accept
4,35.12,18.59,20.06,18.74,46.4,25.8,accept
4,34.73,18.19,19.45,18.42,46.0,25.8,accept
4,35.12,17.73,18.74,17.4,47.1,26.5,accept
4,34.73,18.11,20.36,18.88,46.2,25.8,accept
4,34.34,17.88,19.35,18.63,46.2,26.0,accept
4,34.34,17.88,19.37,18.63,46.2,26.0,accept
4,35.12,17.88,19.08,18.15,47.2,26.5,accept
4,34.34,17.51,19.24,18.54,46.2,26.0,accept
4,35.12,18.43,19.93,18.75,46.2,25.8,accept
4,33.96,17.58,19.89,18.94,46.3,25.8,accept
4,34.73,17.58,19.61,18.73,46.1,25.8,accept
4,33.77,17.66,19.78,18.99,46.5,25.9,accept
4,33.96,17.58,19.99,18.94,46.3,25.8,accept
4,34.73,17.88,19.67,18.72,46.0,25.8,accept
4,33.58,17.29,19.41,18.69,46.6,26.0,accept
4,34.53,18.19,19.95,18.83,46.4,25.8,accept
4,35.32,18.19,20.11,19.04,46.3,25.8,accept
4,35.73,17.96,18.72,17.96,46.5,26.4,accept
4,35.32,18.83,20.34,18.77,46.2,25.8,accept
4,34.34,17.58,19.26,18.5,46.2,26.1,accept
4,35.53,17.73,18.79,18.24,46.5,26.4,accept
4,34.15,17.81,19.45,18.55,46.3,26.0,accept
4,34.34,17.81,19.95,19.0,46.2,25.8,accept
4,35.32,18.43,20.0,18.71,46.1,25.8,accept
4,35.94,18.27,18.92,18.03,46.6,26.4,accept
4,34.15,17.96,19.75,18.85,46.6,26.0,accept
4,35.53,18.91,20.43,18.84,46.2,25.8,accept
4,35.94,18.59,19.14,18.15,46.7,26.3,accept
4,34.93,18.19,20.34,19.04,46.3,25.8,accept
4,34.73,18.04,19.73,18.73,46.0,25.8,accept
4,34.53,18.19,19.57,18.62,46.3,26.2,accept
4,35.32,17.81,20.15,18.73,46.1,25.8,accept
4,35.12,18.19,20.57,19.12,46.2,25.8,accept
4,35.12,18.59,20.1,18.73,46.4,25.8,accept
4,34.34,17.96,19.58,18.74,46.5,26.0,accept
4,35.12,17.81,18.72,17.16,47.1,26.5,accept
4,35.53,17.73,18.81,18.23,46.5,26.4,accept
4,35.32,17.96,19.9,18.83,46.3,25.8,accept
4,34.53,17.29,19.33,18.64,46.3,26.0,accept
4,34.34,17.81,19.39,18.53,46.2,26.1,accept
4,34.34,18.19,19.77,18.79,46.5,26.2,accept
4,34.73,18.35,19.77,18.57,46.2,25.8,accept
4,35.73,17.36,18.72,18.15,46.7,26.4,accept
4,35.73,17.21,18.82,18.23,46.8,26.4,accept
4,35.12,18.51,19.93,18.7,46.2,25.8,accept
4,35.12,18.59,20.0,18.71,46.3,25.8,accept
4,35.94,18.27,19.38,18.26,46.2,26.2,accept
4,35.12,18.59,19.99,18.73,46.3,25.8,accept
4,35.73,18.19,18.84,17.96,46.6,26.4,accept
4,35.12,17.81,18.79,17.28,47.1,26.5,accept
4,35.53,18.19,20.19,18.73,46.0,25.8,accept
4,34.73,17.43,18.83,18.23,47.1,26.5,accept
4,34.53,18.35,20.14,19.05,46.3,25.8,accept
4,35.53,17.73,18.72,17.96,46.6,26.5,accept
4,34.53,17.58,19.75,18.95,46.3,25.9,accept
4,33.96,17.58,19.76,18.78,46.3,25.8,accept
4,34.53,17.96,19.4,18.53,46.0,25.8,accept
4,34.34,17.73,19.34,18.61,46.2,26.0,accept
4,34.73,18.19,20.06,18.94,46.3,25.8,accept
4,34.34,17.58,19.28,18.5,46.2,26.1,accept
4,34.34,17.73,19.33,18.58,46.2,26.0,accept
4,34.34,17.96,19.86,18.72,46.4,25.8,accept
4,35.94,18.19,19.35,18.24,46.2,26.2,accept
4,34.53,17.21,18.92,18.02,47.2,26.5,accept
4,33.58,17.36,19.63,18.74,46.5,26.1,accept
4,35.12,18.59,20.02,18.73,46.3,25.8,accept
4,35.53,18.51,19.69,18.65,46.8,26.3,accept
4,35.12,18.83,20.38,18.99,46.5,25.8,accept
4,36.14,18.11,19.29,18.24,46.2,26.3,accept
4,36.35,17.73,19.54,18.53,46.6,26.3,accept
4,35.32,17.51,19.03,18.37,47.0,26.5,accept
4,34.73,17.43,19.71,18.83,46.1,25.8,accept
4,34.53,17.66,19.25,18.55,46.2,26.0,accept
4,35.32,18.83,20.35,18.96,46.5,25.8,accept
4,34.73,17.96,19.67,18.66,46.1,25.8,accept
4,33.77,17.43,19.78,18.83,46.3,25.8,accept
4,35.32,18.11,19.54,18.52,46.7,26.3,accept
4,34.15,18.11,19.79,18.84,46.4,26.1,accept
4,35.12,18.75,20.22,18.83,46.4,25.8,accept
4,35.32,17.81,20.25,18.83,46.1,25.8,accept
4,35.53,17.66,18.72,17.96,46.6,26.5,accept
4,34.15,17.96,19.75,18.86,46.6,26.0,accept
4,33.58,17.21,19.52,18.64,46.5,26.1,accept
4,35.12,18.75,20.66,19.06,46.3,25.8,accept
4,34.73,17.66,19.57,18.72,46.1,25.8,accept
4,34.73,18.43,20.15,19.04,46.4,25.8,accept
4,34.73,18.35,19.77,18.59,46.3,25.8,accept
4,35.94,18.35,19.02,18.12,46.6,26.3,accept
4,34.53,17.29,19.55,18.93,46.4,26.0,accept
4,34.15,17.96,19.45,18.63,46.4,25.9,accept
4,34.53,18.04,19.45,18.64,46.0,25.9,accept
4,34.15,17.73,19.45,18.54,46.4,26.0,accept
4,34.93,18.27,20.47,19.01,46.2,25.8,accept
4,34.53,17.81,19.43,18.61,46.1,25.9,accept
4,34.34,18.19,19.71,18.74,46.5,26.2,accept
4,35.32,18.83,20.64,19.04,46.3,25.8,accept
4,35.12,18.67,19.97,18.74,46.4,25.8,accept
4,35.12,18.67,20.11,18.73,46.4,25.8,accept
4,35.53,18.11,20.56,19.09,46.1,25.8,accept
4,34.34,17.43,19.67,18.93,46.4,26.1,accept
4,35.94,18.43,19.13,18.15,46.7,26.3,accept
4,35.94,18.27,19.45,18.35,46.2,26.2,accept
4,35.12,18.67,20.3,18.73,46.2,25.8,accept
4,35.94,18.35,19.45,18.34,46.2,26.2,accept
4,36.14,17.73,19.34,18.33,46.5,26.3,accept
4,34.34,17.96,19.45,18.64,46.2,25.9,accept
4,35.32,18.91,20.6,19.04,46.3,25.8,accept
4,34.73,18.27,19.76,18.57,46.2,25.8,accept
4,36.14,18.19,19.34,18.25,46.2,26.2,accept
4,34.53,18.04,19.67,18.67,46.1,25.8,accept
4,34.73,17.88,19.66,18.72,46.0,25.8,accept
4,35.94,18.27,18.92,18.01,46.6,26.4,accept
4,34.53,17.73,19.3,18.59,46.2,26.0,accept
4,36.35,17.66,19.44,18.41,46.5,26.3,accept
4,35.32,17.96,18.87,17.49,47.1,26.5,accept
4,35.12,18.51,19.96,18.71,46.3,25.8,accept
4,34.73,18.04,20.34,18.84,46.3,25.8,accept
4,34.53,17.58,19.77,18.97,46.3,25.9,accept
4,33.4,17.14,19.47,18.73,46.6,26.0,accept
4,34.15,17.51,19.67,18.92,46.4,26.1,accept
4,34.34,17.51,19.28,18.53,46.2,26.1,accept
4,34.53,17.29,19.38,18.63,46.3,26.1,accept
4,34.73,18.11,20.45,18.94,46.3,25.8,accept
4,34.73,18.27,20.57,19.04,46.3,25.8,accept
4,34.34,18.04,20.08,18.94,46.4,25.8,accept
4,33.96,17.81,19.76,18.9,46.6,26.0,accept
4,34.53,17.96,19.45,18.61,45.9,25.8,accept
4,34.34,17.51,19.24,18.56,46.2,26.0,accept
4,36.14,18.75,19.36,18.43,46.8,26.3,accept
4,34.34,17.73,19.31,18.59,46.2,26.0,accept
4,34.93,18.75,19.82,18.7,46.1,25.8,accept
4,34.73,18.11,19.35,18.4,46.0,25.8,accept
4,34.53,17.73,19.99,19.04,46.2,25.8,accept
4,35.53,17.73,18.79,18.19,46.5,26.4,accept
4,35.12,18.67,20.45,19.04,46.5,25.8,accept
4,34.15,17.81,19.45,18.55,46.4,26.1,accept
4,34.93,18.59,20.11,18.94,46.4,25.8,accept
4,34.73,18.51,20.13,18.96,46.4,25.8,accept
4,34.53,18.11,19.36,18.44,46.0,25.8,accept
4,34.34,17.81,19.44,18.54,46.3,26.1,accept
4,35.32,17.96,19.89,18.79,46.3,25.8,accept
4,35.53,18.99,20.57,18.95,46.3,25.8,accept
4,34.73,18.27,19.75,18.55,46.2,25.8,accept
4,34.34,17.88,19.86,18.73,46.4,25.8,accept
4,34.73,18.19,20.44,18.94,46.2,25.8,accept
4,35.32,17.96,20.1,18.83,46.2,25.8,accept
4,33.96,17.81,19.88,19.04,46.5,25.9,accept
4,34.93,18.43,19.78,18.64,46.3,25.8,accept
4,35.32,17.96,20.0,18.87,46.3,25.8,accept
4,34.53,18.27,20.19,19.11,46.3,25.8,accept
4,34.73,17.43,19.67,18.94,46.3,26.1,accept
4,34.53,17.96,19.34,18.43,46.0,25.8,accept
4,34.73,17.96,19.66,18.65,46.0,25.8,accept
4,35.94,18.51,19.12,18.28,46.7,26.4,accept
4,34.73,17.96,19.67,18.73,46.1,25.8,accept
4,34.93,18.19,20.34,19.04,46.4,25.8,accept
4,34.34,18.04,19.56,18.64,46.4,26.2,accept
4,34.15,17.73,19.82,18.84,46.2,25.8,accept
4,34.73,17.51,19.88,18.94,46.1,25.8,accept
4,34.15,17.96,19.83,18.92,46.5,26.1,accept
4,35.53,18.35,19.67,18.64,46.8,26.3,accept
4,35.73,17.43,19.05,18.45,47.0,26.5,accept
4,35.94,18.43,19.03,18.08,46.6,26.4,accept
4,35.94,18.51,19.13,18.14,46.7,26.3,accept
4,34.93,17.73,19.12,18.04,47.2,26.5,accept
4,34.93,18.67,19.88,18.73,46.1,25.8,accept
4,33.77,17.51,19.57,18.83,46.4,26.1,accept
4,35.12,18.51,20.0,18.73,46.2,25.8,accept
4,34.53,17.96,19.67,18.64,46.1,25.8,accept
4,33.77,17.43,19.54,18.74,46.4,26.1,accept
4,34.93,18.59,19.89,18.71,46.4,25.8,accept
4,33.77,17.51,19.55,18.84,46.5,26.0,accept
4,34.53,17.36,19.32,18.64,46.3,26.0,accept
4,34.53,17.96,20.22,18.94,46.5,25.8,accept
4,34.73,18.11,19.66,18.54,46.1,25.8,accept
4,34.53,17.14,18.82,18.15,47.2,26.5,accept
5,35.53,18.59,20.34,18.74,45.9,25.8,accept
5,35.53,18.67,20.54,18.77,45.7,25.8,accept
5,33.03,18.43,20.46,18.61,45.9,25.9,accept
5,31.63,17.81,20.69,18.65,46.3,26.4,accept
5,32.14,18.43,20.69,18.58,46.3,26.2,accept
5,35.53,18.59,20.34,18.73,45.9,25.8,accept
5,33.96,18.51,20.45,18.64,45.6,25.8,accept
5,33.03,18.83,20.69,18.73,45.9,25.8,accept
5,33.21,18.75,20.62,18.7,45.7,25.8,accept
5,32.32,18.59,20.81,18.67,46.4,26.3,accept
5,33.4,18.67,20.45,18.63,45.6,25.8,accept
5,33.4,17.96,20.46,18.74,45.9,25.8,accept
5,33.03,18.35,20.47,18.6,46.2,26.1,accept
5,33.03,18.67,20.69,18.63,46.1,25.9,accept
5,31.8,17.73,21.01,18.83,46.3,26.5,accept
5,31.8,17.81,20.78,18.75,46.3,26.4,accept
5,32.32,17.81,20.57,18.57,46.1,26.5,accept
5,32.85,18.67,20.7,18.64,46.2,26.0,accept
5,35.53,18.67,20.48,18.76,45.7,25.8,accept
5,32.49,18.75,20.57,18.34,46.1,26.4,accept
5,32.85,18.75,21.02,19.03,45.9,25.9,accept
5,32.85,18.67,20.69,18.64,46.2,26.0,accept
5,35.32,18.51,20.23,18.74,45.9,25.8,accept
5,32.14,18.27,20.68,18.53,46.3,26.4,accept
5,35.32,18.51,20.22,18.73,45.9,25.8,accept
5,33.03,18.67,20.58,18.64,46.0,25.9,accept
5,35.73,18.75,20.5,18.82,45.7,25.8,accept
5,32.14,18.35,20.68,18.55,46.4,26.3,accept
5,33.96,18.11,20.41,18.7,45.7,25.8,accept
5,33.96,18.11,20.37,18.67,45.7,25.8,accept
5,33.03,18.59,20.57,18.63,45.9,25.9,accept
5,33.58,18.35,20.69,18.96,45.8,25.8,accept
5,33.03,18.11,20.47,18.64,45.9,25.9,accept
5,35.73,18.19,20.67,19.04,45.9,25.8,accept
5,33.03,17.96,20.57,18.73,45.9,25.9,accept
5,32.32,18.11,20.69,18.75,46.2,26.0,accept
5,32.14,18.35,20.66,18.54,46.2,26.3,accept
5,33.4,18.75,20.57,18.64,45.7,25.8,accept
5,33.21,18.67,20.56,18.64,45.7,25.8,accept
5,31.97,18.27,20.95,18.91,46.4,26.3,accept
5,35.53,18.59,20.53,18.74,45.7,25.8,accept
5,32.32,18.43,20.7,18.58,46.3,26.4,accept
5,35.53,18.67,20.52,18.77,45.7,25.8,accept
5,33.03,18.75,20.69,18.64,46.1,26.0,accept
5,34.34,18.83,20.81,19.0,45.9,25.8,accept
5,32.32,18.43,20.57,18.54,46.2,26.2,accept
5,33.03,17.81,20.68,18.81,46.1,26.0,accept
5,35.53,18.59,20.54,18.74,45.8,25.8,accept
5,32.85,18.67,20.69,18.64,46.1,26.0,accept
5,35.53,18.59,20.52,18.74,45.8,25.8,accept
5,32.49,18.83,20.81,18.34,46.2,26.5,accept
5,33.03,18.11,20.87,18.97,46.1,26.0,accept
5,32.14,17.88,20.69,18.74,46.2,26.0,accept
5,35.32,18.59,20.43,18.73,46.0,25.8,accept
5,32.32,18.11,20.45,18.54,46.2,26.2,accept
5,32.49,18.51,20.63,18.56,46.2,26.1,accept
5,32.49,18.51,20.61,18.58,46.2,26.1,accept
5,34.53,18.59,20.57,18.74,45.8,25.8,accept
5,32.14,17.66,21.06,18.98,46.2,26.5,accept
5,31.8,17.96,20.68,18.72,46.3,26.1,accept
5,32.32,17.58,21.05,18.97,46.2,26.5,accept
5,32.32,18.11,20.34,18.34,46.2,26.4,accept
5,32.32,18.43,20.57,18.54,46.3,26.2,accept
5,32.14,18.43,20.99,18.94,46.4,26.1,accept
5,35.53,18.04,20.43,18.83,45.9,25.8,accept
5,32.32,17.81,20.57,18.71,46.3,26.2,accept
5,32.14,18.43,20.69,18.59,46.3,26.3,accept
5,31.8,17.88,20.81,18.84,46.3,26.1,accept
5,32.67,18.91,20.8,18.35,46.2,26.4,accept
5,35.32,18.59,20.34,18.74,46.0,25.9,accept
5,33.96,18.27,20.81,19.04,45.8,25.8,accept
5,32.32,18.51,20.69,18.59,46.3,26.1,accept
5,32.14,18.35,20.69,18.62,46.3,26.2,accept
5,32.49,18.67,20.55,18.34,46.1,26.4,accept
5,34.53,18.83,20.69,18.88,45.8,25.8,accept
5,31.46,17.58,21.05,18.83,46.3,26.5,accept
5,32.32,18.35,20.57,18.53,46.3,26.4,accept
5,33.21,18.11,20.81,18.94,45.9,25.9,accept
5,32.14,18.27,20.56,18.54,46.2,26.3,accept
5,33.21,18.75,20.59,18.65,45.7,25.8,accept
5,32.85,18.27,20.86,18.96,45.9,25.9,accept
5,33.96,17.96,20.57,18.84,45.7,25.8,accept
5,33.4,18.67,20.57,18.64,45.6,25.8,accept
5,32.32,18.27,20.47,18.53,46.2,26.3,accept
5,35.53,18.67,20.57,18.74,45.8,25.8,accept
5,32.49,18.83,21.44,19.01,46.3,26.5,accept
5,32.32,18.51,20.94,18.86,46.4,26.2,accept
5,33.03,18.75,20.62,18.65,45.8,25.8,accept
5,32.49,18.67,20.57,18.3,46.1,26.4,accept
5,33.03,18.67,20.62,18.67,45.9,25.9,accept
5,33.03,18.59,20.57,18.62,45.9,25.9,accept
5,32.32,18.27,20.57,18.54,46.2,26.3,accept
5,33.03,18.27,20.87,19.02,45.9,25.9,accept
5,32.32,18.67,20.93,18.83,46.4,26.3,accept
5,31.97,17.88,20.81,18.84,46.3,26.3,accept
5,31.46,17.58,20.69,18.65,46.4,26.4,accept
5,33.03,18.04,20.56,18.72,45.9,25.9,accept
5,35.53,18.67,20.34,18.74,45.9,25.8,accept
5,32.32,17.96,20.65,18.72,46.2,26.0,accept
5,32.32,17.96,20.81,18.83,46.2,26.0,accept
5,32.14,17.81,20.57,18.54,46.1,26.5,accept
5,32.32,17.96,20.45,18.54,46.2,26.3,accept
5,32.49,18.51,20.46,18.34,46.1,26.4,accept
5,33.77,18.43,20.82,19.04,45.9,25.8,accept
5,32.49,18.43,20.45,18.34,46.1,26.4,accept
5,31.63,17.73,21.18,18.94,46.3,26.5,accept
5,32.49,18.67,20.51,18.32,46.1,26.4,accept
5,32.85,18.67,21.02,18.94,46.2,26.0,accept
5,31.97,17.73,21.08,18.97,46.2,26.5,accept
5,31.8,17.88,20.79,18.75,46.3,26.4,accept
5,34.15,18.59,20.83,19.04,45.9,25.8,accept
5,32.32,18.43,20.61,18.57,46.3,26.2,accept
5,32.49,18.27,20.38,18.34,46.1,26.4,accept
5,35.53,18.67,20.34,18.73,45.9,25.8,accept
5,31.46,17.58,20.57,18.58,46.4,26.4,accept
5,33.03,18.83,20.96,18.97,45.9,25.9,accept
5,32.32,18.67,21.46,19.07,46.3,26.5,accept
5,35.53,18.59,20.52,18.77,45.7,25.8,accept
5,33.4,18.67,20.46,18.64,45.6,25.8,accept
5,32.49,18.67,20.57,18.29,46.1,26.4,accept
5,33.03,18.91,20.93,18.84,46.2,26.0,accept
5,35.53,18.59,20.51,18.74,45.7,25.8,accept
5,32.32,18.35,20.57,18.53,46.2,26.2,accept
5,32.67,18.83,20.8,18.34,46.2,26.5,accept
5,32.32,18.59,20.93,18.83,46.4,26.3,accept
5,32.85,18.67,20.69,18.63,46.1,26.0,accept
5,34.34,18.83,20.81,18.95,45.9,25.8,accept
5,33.03,18.75,20.97,19.0,45.9,25.9,accept
5,33.03,18.43,20.46,18.63,45.9,25.9,accept
5,32.49,18.51,20.62,18.6,46.2,26.1,accept
5,32.32,18.59,20.69,18.59,46.3,26.1,accept
5,31.63,17.73,20.67,18.64,46.3,26.4,accept
5,33.21,17.88,20.55,18.76,45.9,25.8,accept
5,33.21,18.75,20.63,18.65,45.8,25.8,accept
5,35.53,18.67,20.57,18.78,45.8,25.8,accept
5,34.34,18.59,20.57,18.73,45.8,25.8,accept
5,32.14,18.04,20.81,18.88,46.3,26.1,accept
5,33.03,18.67,20.69,18.64,46.1,26.0,accept
5,32.49,18.83,20.69,18.34,46.1,26.4,accept
5,35.53,18.11,20.34,18.77,45.9,25.8,accept
5,33.21,18.67,20.57,18.64,45.7,25.8,accept
5,31.8,17.81,21.05,18.94,46.2,26.5,accept
5,32.49,18.59,20.46,18.29,46.1,26.4,accept
5,32.49,18.75,20.63,18.34,46.1,26.4,accept
5,32.14,18.35,21.0,18.94,46.4,26.1,accept
5,32.32,17.81,20.81,18.85,46.3,26.3,accept
5,33.03,18.67,20.69,18.64,46.2,26.0,accept
5,32.32,17.73,20.59,18.62,46.1,26.5,accept
5,32.32,18.35,20.55,18.54,46.2,26.2,accept
5,32.32,18.35,20.57,18.54,46.2,26.3,accept
5,32.85,18.51,20.57,18.57,46.2,26.1,accept
5,32.32,18.43,20.64,18.56,46.3,26.2,accept
5,35.12,18.59,20.71,19.05,46.1,25.8,accept
5,35.53,18.19,20.34,18.73,45.8,25.8,accept
5,32.67,18.91,20.71,18.34,46.2,26.5,accept
5,35.73,18.67,20.45,18.75,45.7,25.8,accept
5,31.97,17.96,20.81,18.9,46.3,26.1,accept
5,31.8,17.96,20.69,18.74,46.3,26.1,accept
5,32.49,18.59,20.47,18.26,46.2,26.5,accept
5,33.03,17.96,20.69,18.83,45.9,25.9,accept
5,32.32,18.19,20.45,18.53,46.2,26.3,accept
5,32.32,18.51,20.65,18.56,46.2,26.1,accept
5,33.03,18.83,20.81,18.74,46.2,26.0,accept
5,33.21,18.75,20.57,18.64,45.7,25.9,accept
5,35.53,18.75,20.45,18.75,46.1,25.9,accept
5,32.49,18.35,20.81,18.85,45.9,25.9,accept
5,32.49,17.88,20.38,18.44,46.2,26.4,accept
5,32.49,18.27,20.4,18.32,46.1,26.4,accept
5,35.12,18.43,20.7,19.06,46.1,25.8,accept
5,32.49,18.75,20.57,18.32,46.1,26.4,accept
5,32.49,18.59,20.65,18.63,46.2,26.1,accept
5,34.53,18.59,20.57,18.74,45.9,25.8,accept
5,32.32,17.88,20.46,18.54,46.2,26.3,accept
5,35.53,18.67,20.45,18.74,46.1,25.9,accept
5,33.03,18.75,20.69,18.65,45.9,25.8,accept
5,32.49,17.88,20.81,18.84,46.3,26.2,accept
5,32.32,17.96,20.69,18.74,46.0,25.9,accept
5,31.8,17.73,21.05,18.84,46.3,26.5,accept
5,33.4,18.19,20.57,18.84,45.8,25.8,accept
5,33.4,18.67,20.45,18.64,45.6,25.8,accept
5,33.21,18.75,20.62,18.67,45.8,25.9,accept
5,34.53,18.91,20.81,18.94,45.8,25.8,accept
5,33.03,18.67,20.67,18.63,46.0,25.9,accept
5,32.85,17.88,20.57,18.73,46.1,26.0,accept
5,31.97,18.11,20.94,18.84,46.4,26.4,accept
5,32.49,17.81,20.35,18.44,46.2,26.4,accept
5,32.49,18.91,21.42,19.01,46.3,26.5,accept
5,32.14,18.27,20.68,18.54,46.3,26.4,accept
5,33.21,18.99,20.86,18.84,45.9,25.9,accept
5,33.03,18.67,20.6,18.63,46.0,25.9,accept
5,32.67,19.07,21.29,18.8,46.3,26.5,accept
5,32.67,18.11,20.84,18.94,46.2,26.0,accept
5,33.21,18.75,20.62,18.66,45.8,25.8,accept
5,32.32,17.36,20.76,18.74,46.2,26.5,accept
5,35.53,18.59,20.34,18.72,45.9,25.8,accept
5,32.32,18.04,20.45,18.57,46.2,26.2,accept
5,32.14,18.27,20.6,18.53,46.2,26.3,accept
5,32.32,18.35,20.57,18.53,46.2,26.3,accept
5,34.93,18.27,20.46,18.88,46.0,25.8,accept
5,33.03,18.67,20.62,18.66,45.9,25.9,accept
5,32.32,17.66,20.45,18.53,46.2,26.4,accept
5,33.96,18.43,20.45,18.64,45.6,25.8,accept
5,35.53,18.67,20.39,18.73,46.0,25.8,accept
5,32.32,17.73,20.57,18.6,46.1,26.5,accept
5,32.49,18.27,20.91,18.94,46.0,25.9,accept
5,32.14,18.35,20.68,18.55,46.3,26.2,accept
5,33.03,18.75,20.66,18.66,45.8,25.8,accept
5,33.21,18.27,20.91,19.04,45.9,25.9,accept
5,32.14,18.43,20.69,18.63,46.3,26.2,accept
5,33.21,18.67,20.56,18.63,45.7,25.8,accept
5,35.53,18.59,20.33,18.73,45.9,25.8,accept
5,32.32,18.11,20.73,18.82,46.2,26.0,accept
5,32.49,18.11,20.81,18.86,46.0,25.9,accept
5,32.14,18.35,20.66,18.54,46.4,26.3,accept
5,34.15,18.19,20.72,19.04,45.7,25.8,accept
5,32.85,18.11,20.45,18.62,46.1,26.0,accept
5,35.53,18.43,20.34,18.71,45.7,25.8,accept
5,33.03,18.75,20.69,18.67,45.8,25.8,accept
5,32.67,19.07,21.39,18.89,46.3,26.5,accept
5,32.32,18.43,20.66,18.61,46.3,26.2,accept
5,32.32,18.51,20.81,18.63,46.4,26.4,accept
5,32.32,17.66,20.35,18.44,46.2,26.4,accept
5,32.14,18.43,20.69,18.62,46.3,26.2,accept
5,32.49,18.59,20.66,18.63,46.2,26.1,accept
5,32.32,18.19,20.81,18.84,46.2,26.0,accept
5,31.97,17.73,21.06,18.96,46.2,26.5,accept
5,35.32,18.59,20.45,18.74,46.0,25.8,accept
5,33.4,17.96,20.67,18.85,45.9,25.8,accept
5,32.32,18.19,20.46,18.53,46.2,26.3,accept
5,35.12,18.19,20.44,18.84,46.0,25.8,accept
5,32.32,18.75,21.44,19.05,46.3,26.5,accept
5,32.14,18.35,20.68,18.54,46.3,26.2,accept
5,32.85,18.67,20.69,18.64,46.1,25.9,accept
5,35.53,18.35,20.34,18.71,45.7,25.8,accept
5,33.03,18.83,20.93,18.87,46.2,26.0,accept
5,32.67,18.35,21.01,18.97,46.2,26.0,accept
5,32.67,18.83,20.7,18.34,46.2,26.4,accept
5,32.32,17.81,20.59,18.62,46.1,26.5,accept
5,35.53,18.67,20.45,18.74,46.0,25.8,accept
5,33.03,18.43,20.56,18.62,46.2,26.1,accept
5,32.14,17.58,21.05,18.98,46.2,26.5,accept
5,35.53,18.59,20.56,18.75,45.7,25.8,accept
5,35.32,18.59,20.34,18.73,45.9,25.8,accept
5,33.03,18.83,20.95,18.96,45.9,25.9,accept
5,32.85,18.51,20.57,18.58,46.2,26.1,accept
5,33.03,18.67,20.59,18.64,46.0,25.9,accept
5,31.97,17.81,20.81,18.84,46.3,26.3,accept
5,33.03,18.04,20.51,18.65,45.9,25.9,accept
5,32.85,18.67,20.71,18.65,46.2,26.0,accept
5,31.63,17.66,21.17,18.93,46.3,26.5,accept
5,32.49,18.59,20.6,18.63,46.2,26.1,accept
5,32.32,18.51,20.69,18.58,46.3,26.1,accept
5,35.53,18.51,20.22,18.73,45.9,25.8,accept
5,32.14,17.96,20.45,18.53,46.2,26.3,accept
5,32.85,18.67,20.68,18.63,46.1,26.0,accept
5,33.58,18.27,20.61,18.87,45.8,25.8,accept
5,33.03,18.59,20.57,18.64,45.9,25.9,accept
5,35.53,18.59,20.54,18.74,45.7,25.8,accept
5,34.73,18.59,20.57,18.74,45.8,25.8,accept
5,31.97,18.27,20.98,18.84,46.4,26.4,accept
5,32.85,18.67,21.01,18.94,46.2,26.0,accept
5,35.53,18.43,20.22,18.74,45.9,25.8,accept
5,33.21,18.75,20.6,18.65,45.7,25.8,accept
5,32.32,17.88,20.51,18.63,46.3,26.2,accept
5,32.49,18.19,20.82,18.94,46.2,26.0,accept
5,31.97,18.11,20.93,18.84,46.4,26.4,accept
5,33.77,18.35,20.8,19.04,45.8,25.8,accept
5,32.85,18.11,20.86,18.95,46.2,26.0,accept
5,32.49,18.43,20.45,18.27,46.1,26.4,accept
5,33.96,18.19,20.76,19.04,45.8,25.8,accept
5,33.96,18.19,20.81,19.04,45.8,25.8,accept
5,32.67,18.91,20.81,18.39,46.2,26.4,accept
5,33.03,18.67,20.59,18.64,45.9,25.9,accept
5,33.96,18.51,20.84,19.04,45.9,25.8,accept
5,32.85,18.27,20.45,18.57,46.1,26.1,accept
5,35.53,18.11,20.34,18.76,45.9,25.8,accept
5,33.03,18.67,20.64,18.64,46.0,25.9,accept
5,33.03,18.67,20.65,18.63,46.0,25.9,accept
5,33.21,18.99,20.93,18.94,45.9,25.9,accept
5,32.32,17.81,20.68,18.73,46.3,26.4,accept
5,35.32,18.27,20.67,19.04,46.0,25.8,accept
5,32.32,17.88,20.46,18.55,46.2,26.3,accept
5,32.49,18.83,20.78,18.34,46.2,26.5,accept
5,34.53,17.96,20.45,18.83,46.1,25.8,accept
5,33.03,18.75,20.99,19.02,45.9,25.9,accept
5,32.67,18.83,20.69,18.33,46.2,26.5,accept
5,33.03,18.04,20.7,18.86,45.9,25.9,accept
5,33.96,18.59,20.45,18.64,45.6,25.8,accept
5,32.85,18.43,20.49,18.61,46.1,26.1,accept
5,33.4,18.75,20.54,18.64,45.6,25.8,accept
5,33.4,18.59,20.45,18.64,45.6,25.8,accept
5,32.49,18.51,20.61,18.55,46.2,26.1,accept
5,32.14,18.43,20.68,18.58,46.4,26.3,accept
5,32.49,18.83,20.7,18.34,46.2,26.5,accept
5,32.49,18.51,20.62,18.59,46.2,26.1,accept
5,35.73,18.67,20.43,18.74,45.7,25.8,accept
5,33.4,18.11,20.53,18.78,45.8,25.8,accept
5,33.03,17.96,20.63,18.77,45.8,25.8,accept
5,35.53,18.04,20.36,18.82,45.9,25.8,accept
5,31.63,17.88,20.91,18.82,46.4,26.4,accept
5,35.53,18.59,20.53,18.74,45.8,25.8,accept
5,32.85,18.35,20.52,18.6,46.1,26.1,accept
5,32.32,18.35,20.69,18.54,46.3,26.4,accept
5,32.14,18.43,20.69,18.6,46.3,26.2,accept
5,32.32,18.59,21.0,18.94,46.4,26.1,accept
5,31.63,17.88,20.69,18.74,46.4,26.3,accept
5,32.14,18.35,20.67,18.54,46.2,26.3,accept
5,32.67,18.91,21.17,18.69,46.3,26.5,accept
5,32.49,18.83,20.75,18.34,46.2,26.4,accept
5,33.03,18.75,20.68,18.66,45.9,25.9,accept
5,32.32,17.96,20.67,18.74,46.0,25.9,accept
5,35.53,18.83,20.69,19.03,46.0,25.8,accept
5,35.53,18.59,20.29,18.73,45.9,25.8,accept
5,35.53,18.67,20.36,18.74,45.9,25.8,accept
5,33.21,18.75,20.64,18.67,45.7,25.8,accept
5,32.32,18.59,20.94,18.84,46.4,26.2,accept
5,33.21,18.99,20.81,18.83,45.9,25.8,accept
5,32.14,18.35,20.69,18.61,46.3,26.2,accept
5,34.93,18.19,20.45,18.84,46.0,25.8,accept
5,32.49,18.04,20.8,18.84,46.0,25.9,accept
5,33.03,18.67,20.57,18.64,45.9,25.9,accept
5,32.49,18.51,20.45,18.29,46.1,26.4,accept
5,32.67,18.91,20.81,18.35,46.2,26.5,accept
5,32.14,18.35,20.59,18.54,46.2,26.3,accept
5,32.32,17.81,20.34,18.34,46.2,26.4,accept
5,32.67,18.91,20.81,18.38,46.2,26.5,accept
5,32.14,18.27,20.59,18.53,46.3,26.4,accept
5,32.14,18.59,20.94,18.83,46.4,26.4,accept
5,32.67,18.59,21.0,19.04,46.0,25.9,accept
5,33.21,18.75,20.57,18.64,45.7,25.8,accept
5,32.32,18.43,20.65,18.62,46.3,26.2,accept
5,35.53,18.91,20.62,18.94,46.0,25.8,accept
5,32.85,18.11,20.86,18.94,46.1,26.0,accept
5,32.67,18.59,20.99,19.03,46.0,25.9,accept
5,32.49,18.19,20.93,18.94,46.2,26.0,accept
5,32.32,18.59,21.45,19.08,46.3,26.5,accept
5,32.32,18.59,20.69,18.63,46.3,26.1,accept
5,32.85,17.88,20.71,18.84,46.1,26.0,accept
5,32.14,18.35,20.63,18.54,46.2,26.3,accept
5,32.14,17.96,20.82,18.93,46.3,26.1,accept
5,32.32,17.96,20.46,18.63,46.2,26.2,accept
5,32.85,18.04,20.45,18.63,46.1,26.1,accept
5,32.49,18.11,20.35,18.36,46.2,26.4,accept
5,32.67,18.51,20.99,19.04,46.0,25.9,accept
5,31.8,17.58,20.68,18.69,46.3,26.4,accept
5,32.32,18.27,20.48,18.54,46.2,26.2,accept
5,33.03,18.19,20.46,18.63,45.9,25.9,accept
5,35.53,18.67,20.34,18.72,45.9,25.8,accept
5,31.46,17.58,20.59,18.63,46.4,26.3,accept
5,32.49,18.75,20.69,18.34,46.1,26.4,accept
5,35.53,18.67,20.5,18.75,45.7,25.8,accept
5,31.97,18.19,21.42,19.12,46.3,26.5,accept
5,32.32,18.11,20.45,18.52,46.2,26.3,accept
5,32.14,18.35,20.58,18.53,46.3,26.4,accept
5,32.32,18.27,20.57,18.53,46.2,26.3,accept
5,35.53,18.51,20.23,18.73,45.9,25.8,accept
5,34.73,17.96,20.35,18.74,46.0,25.8,accept
5,32.32,18.35,20.53,18.54,46.2,26.2,accept
5,35.32,18.67,20.34,18.73,45.9,25.8,accept
5,33.96,18.59,20.83,19.04,45.9,25.8,accept
5,33.21,18.75,20.6,18.64,45.7,25.8,accept
5,33.03,18.67,20.59,18.63,46.0,25.9,accept
5,32.32,17.36,20.81,18.8,46.2,26.5,accept
5,31.97,18.04,20.81,18.84,46.3,26.1,accept
5,33.96,18.35,20.39,18.64,45.6,25.8,accept
5,33.03,18.67,20.7,18.65,46.2,26.0,accept
5,32.14,18.43,20.63,18.55,46.3,26.2,accept
5,31.97,17.66,20.68,18.71,46.3,26.4,accept
5,32.49,18.51,20.62,18.56,46.2,26.1,accept
5,33.03,18.11,20.91,19.01,46.1,26.0,accept
5,34.73,18.04,20.55,18.91,46.0,25.8,accept
5,35.32,18.75,20.71,19.04,46.0,25.8,accept
5,32.49,18.75,20.64,18.34,46.2,26.5,accept
5,32.67,19.16,21.08,18.63,46.3,26.5,accept
5,35.53,18.67,20.43,18.73,46.0,25.8,accept
5,32.32,18.11,20.45,18.53,46.2,26.3,accept
5,32.49,18.83,20.6,18.34,46.2,26.5,accept
5,32.32,17.88,20.64,18.72,46.2,26.0,accept
5,32.32,18.35,20.61,18.54,46.3,26.4,accept
5,32.32,18.27,20.53,18.53,46.2,26.3,accept
5,33.96,18.19,20.37,18.65,45.7,25.8,accept
5,32.14,17.58,21.05,18.96,46.2,26.5,accept
5,32.14,18.35,20.69,18.54,46.3,26.4,accept
5,35.53,18.59,20.34,18.74,46.0,25.9,accept
5,32.32,17.88,20.53,18.63,46.3,26.2,accept
5,32.14,18.35,20.62,18.54,46.2,26.3,accept
5,31.8,18.04,21.38,19.05,46.3,26.5,accept
5,33.21,18.83,20.68,18.71,45.9,25.9,accept
5,33.21,18.75,20.57,18.63,45.7,25.8,accept
5,35.12,18.27,20.64,19.04,46.0,25.8,accept
5,32.32,18.59,20.69,18.62,46.3,26.1,accept
5,32.32,18.19,20.45,18.54,46.2,26.2,accept
5,32.49,18.35,20.98,18.94,46.2,26.0,accept
5,35.53,18.59,20.5,18.74,45.7,25.8,accept
5,32.32,18.11,20.45,18.55,46.2,26.2,accept
5,32.85,17.88,20.57,18.71,46.1,26.0,accept
5,32.32,18.35,20.56,18.54,46.2,26.2,accept
5,32.49,18.51,20.6,18.59,46.2,26.1,accept
5,33.21,18.75,20.6,18.68,45.8,25.8,accept
5,35.32,18.51,20.23,18.73,45.9,25.8,accept
5,32.32,17.81,20.78,18.84,46.3,26.3,accept
5,35.53,18.67,20.55,18.74,45.8,25.8,accept
5,32.49,18.19,20.34,18.33,46.1,26.4,accept
5,34.53,18.83,20.78,18.94,45.8,25.8,accept
5,32.49,17.96,20.81,18.94,46.2,26.1,accept
5,31.63,17.81,20.61,18.63,46.3,26.1,accept
5,35.53,18.35,20.22,18.74,45.9,25.8,accept
5,31.8,18.04,20.93,18.92,46.4,26.1,accept
5,34.53,18.59,20.57,18.75,45.8,25.8,accept
5,32.14,18.27,20.58,18.53,46.2,26.3,accept
5,32.67,18.99,21.18,18.73,46.3,26.5,accept
5,35.32,18.67,20.45,18.74,46.0,25.8,accept
5,32.32,17.81,20.5,18.62,46.2,26.3,accept
5,32.14,17.73,20.69,18.73,46.3,26.4,accept
5,32.32,18.51,21.48,19.13,46.3,26.5,accept
5,32.32,18.04,20.45,18.56,46.2,26.2,accept
5,32.14,17.81,20.81,18.84,46.3,26.3,accept
5,33.21,18.75,20.65,18.65,45.8,25.8,accept
5,35.53,18.59,20.33,18.74,45.9,25.8,accept
5,35.53,18.59,20.55,18.74,45.8,25.8,accept
5,35.53,18.59,20.5,18.75,45.7,25.8,accept
5,32.49,18.91,20.81,18.38,46.2,26.4,accept
5,32.32,18.11,20.71,18.8,46.2,26.0,accept
5,31.8,18.04,20.75,18.79,46.3,26.1,accept
5,31.46,17.51,20.59,18.61,46.4,26.4,accept
5,32.85,18.91,20.91,18.83,46.2,26.0,accept
5,35.53,18.67,20.57,18.75,45.8,25.8,accept
5,32.32,18.51,20.63,18.57,46.3,26.1,accept
5,32.32,18.67,20.83,18.74,46.4,26.2,accept
5,32.32,18.35,20.57,18.54,46.2,26.2,accept
5,31.46,17.58,20.69,18.64,46.4,26.4,accept
5,32.32,18.51,20.69,18.63,46.4,26.3,accept
5,33.58,18.19,20.79,18.99,45.9,25.8,accept
5,32.32,18.43,20.64,18.6,46.3,26.2,accept
5,33.03,18.51,20.48,18.63,45.9,25.9,accept
5,32.67,19.16,21.05,18.58,46.3,26.5,accept
5,32.49,18.75,20.93,18.84,46.3,26.1,accept
5,31.63,17.51,20.93,18.74,46.3,26.5,accept
5,32.32,17.73,20.53,18.63,46.2,26.3,accept
5,31.63,17.58,20.69,18.68,46.4,26.3,accept
5,31.97,18.11,20.93,18.91,46.4,26.3,accept
5,31.46,17.58,20.93,18.75,46.3,26.5,accept
5,33.4,17.88,20.57,18.82,45.9,25.8,accept
5,35.53,18.19,20.67,19.04,46.0,25.8,accept
5,32.85,18.43,20.56,18.57,46.2,26.1,accept
5,32.32,18.19,20.81,18.86,46.2,26.0,accept
5,32.67,18.35,20.81,18.92,45.9,25.9,accept
5,33.21,18.75,20.57,18.63,45.7,25.9,accept
5,32.32,18.35,20.6,18.53,46.3,26.4,accept
5,32.14,18.35,20.69,18.58,46.4,26.3,accept
5,35.53,18.67,20.57,18.77,45.8,25.8,accept
5,32.14,18.35,20.68,18.54,46.3,26.4,accept
5,33.21,18.75,20.62,18.69,45.7,25.8,accept
5,32.32,18.27,20.55,18.54,46.0,26.3,accept
5,32.32,18.27,20.56,18.54,46.2,26.3,accept
5,33.03,18.75,20.69,18.64,46.0,25.9,accept
5,32.49,18.51,20.45,18.33,46.1,26.4,accept
5,32.14,18.35,20.6,18.54,46.2,26.3,accept
5,32.49,18.11,20.65,18.74,45.9,25.9,accept
5,31.63,17.81,20.69,18.74,46.4,26.2,accept
5,32.32,18.59,20.89,18.73,46.2,26.3,accept
5,34.93,18.43,20.69,19.05,46.1,25.8,accept
5,35.53,18.59,20.32,18.74,45.9,25.8,accept
5,31.46,17.58,20.57,18.63,46.4,26.3,accept
5,32.49,18.27,20.41,18.34,46.1,26.4,accept
5,35.53,18.59,20.53,18.75,45.7,25.8,accept
5,35.32,18.51,20.24,18.73,45.9,25.8,accept
5,32.32,17.43,20.93,18.92,46.2,26.5,accept
5,35.73,18.27,20.68,19.06,45.9,25.8,accept
5,32.32,17.73,20.57,18.62,46.1,26.5,accept
5,34.15,18.19,20.75,19.04,45.8,25.8,accept
5,32.67,18.43,21.02,18.95,46.2,26.0,accept
5,35.12,18.51,20.7,19.05,46.1,25.8,accept
5,32.49,18.75,20.93,18.85,46.4,26.1,accept
5,32.85,18.51,20.57,18.55,46.2,26.1,accept
5,33.03,18.27,20.88,18.99,45.9,25.9,accept
5,32.32,17.36,20.69,18.73,46.2,26.5,accept
5,31.8,17.81,20.79,18.76,46.3,26.4,accept
5,35.53,18.59,20.48,18.74,45.7,25.8,accept
5,35.53,18.67,20.5,18.77,45.7,25.8,accept
5,33.03,18.11,20.46,18.64,45.9,25.9,accept
5,32.67,19.07,21.17,18.64,46.3,26.5,accept
5,32.32,17.58,21.02,18.95,46.2,26.5,accept
5,33.03,18.11,20.9,19.0,46.1,26.0,accept
5,33.03,18.75,20.69,18.65,45.9,25.9,accept
5,32.14,18.35,20.58,18.54,46.3,26.4,accept
5,32.14,18.35,20.61,18.54,46.2,26.3,accept
5,32.85,18.43,20.56,18.56,46.2,26.1,accept
5,32.49,18.51,20.63,18.61,46.2,26.1,accept
5,35.53,18.04,20.45,18.84,45.9,25.8,accept
5,35.32,18.59,20.34,18.74,45.9,25.8,accept
5,32.49,18.35,20.73,18.83,45.9,25.9,accept
5,32.32,17.81,20.81,18.84,46.3,26.3,accept
5,35.53,18.59,20.44,18.74,46.0,25.8,accept
5,32.32,17.51,20.57,18.63,46.1,26.5,accept
5,32.32,18.04,20.46,18.61,46.2,26.2,accept
5,32.32,17.81,20.69,18.83,46.3,26.2,accept
5,32.67,18.99,21.42,18.93,46.3,26.5,accept
5,32.32,17.96,20.61,18.73,46.0,25.9,accept
5,32.32,18.35,20.63,18.54,46.2,26.3,accept
5,31.97,18.04,20.81,18.85,46.3,26.1,accept
5,35.32,18.59,20.43,18.74,46.0,25.8,accept
5,32.49,18.67,20.56,18.33,46.1,26.4,accept
5,31.8,17.73,20.69,18.74,46.3,26.4,accept
5,32.32,17.81,20.57,18.54,46.1,26.5,accept
5,31.97,18.04,20.8,18.83,46.3,26.1,accept
5,32.32,17.81,20.58,18.64,46.1,26.5,accept
5,32.67,18.59,21.02,18.94,46.2,26.0,accept
5,32.85,18.27,20.46,18.57,46.1,26.1,accept
5,32.32,18.51,21.0,18.83,46.4,26.4,accept
5,33.96,18.19,20.37,18.64,45.6,25.8,accept
5,33.96,18.04,20.69,18.94,45.7,25.8,accept
5,32.49,18.59,20.61,18.58,46.2,26.1,accept
5,35.53,18.43,20.22,18.73,45.9,25.8,accept
5,32.85,18.11,20.85,18.94,46.1,26.0,accept
5,32.32,17.66,20.63,18.73,46.3,26.3,accept
5,32.49,18.83,20.71,18.34,46.2,26.5,accept
5,32.49,18.27,20.68,18.82,45.9,25.9,accept
5,31.46,17.58,20.57,18.57,46.3,26.4,accept
5,32.85,18.04,20.46,18.63,46.1,26.1,accept
5,35.73,18.75,20.47,18.82,45.7,25.8,accept
5,31.63,17.73,20.68,18.65,46.3,26.1,accept
5,33.21,18.75,20.59,18.64,45.7,25.8,accept
5,31.63,17.73,20.63,18.62,46.3,26.4,accept
5,32.32,18.04,20.45,18.52,46.2,26.3,accept
5,35.53,18.35,20.22,18.74,46.0,25.8,accept
5,35.53,18.43,20.34,18.69,45.7,25.8,accept
5,32.49,18.51,20.64,18.56,46.2,26.1,accept
5,33.03,18.27,20.45,18.63,45.9,25.9,accept
5,32.49,18.75,20.75,18.34,46.2,26.4,accept
5,31.97,17.88,20.81,18.83,46.3,26.3,accept
5,32.32,18.51,20.63,18.57,46.2,26.1,accept
5,31.8,17.81,20.69,18.72,46.3,26.4,accept
5,33.58,18.27,20.67,18.93,45.8,25.8,accept
5,35.53,18.27,20.34,18.73,45.8,25.8,accept
5,33.77,18.35,20.8,19.03,45.8,25.8,accept
5,32.14,17.66,20.57,18.62,46.1,26.5,accept
5,33.03,18.59,20.54,18.62,45.9,25.9,accept
5,32.32,18.11,20.46,18.53,46.2,26.3,accept
5,32.32,17.81,20.69,18.77,46.2,26.1,accept
5,33.4,17.96,20.57,18.84,45.9,25.8,accept
5,32.32,18.35,20.58,18.54,46.3,26.4,accept
5,31.63,17.73,20.64,18.64,46.3,26.1,accept
5,35.53,18.75,20.44,18.74,46.0,25.8,accept
5,32.85,18.11,20.87,18.96,46.1,26.0,accept
5,32.67,18.83,20.79,18.34,46.2,26.4,accept
5,31.97,17.66,21.06,19.0,46.2,26.5,accept
5,32.14,18.27,20.57,18.53,46.2,26.3,accept
5,32.32,17.66,20.69,18.77,46.3,26.3,accept
5,32.32,18.35,20.62,18.54,46.2,26.3,accept
5,31.46,17.58,20.66,18.64,46.4,26.3,accept
5,32.14,18.43,21.01,18.84,46.4,26.4,accept
5,32.49,18.83,20.81,18.37,46.2,26.5,accept
5,32.67,18.83,20.81,18.35,46.3,26.5,accept
5,33.03,18.51,20.52,18.61,45.9,25.9,accept
5,33.96,18.04,20.44,18.72,45.7,25.8,accept
5,35.32,18.59,20.54,18.74,45.7,25.8,accept
5,35.73,18.27,20.68,19.05,45.9,25.8,accept
5,32.49,18.59,20.68,18.59,46.2,26.1,accept
5,32.14,18.43,20.65,18.55,46.4,26.3,accept
5,33.03,18.43,20.56,18.58,46.2,26.1,accept
5,35.73,18.75,20.46,18.76,45.7,25.8,accept
5,32.49,18.51,20.45,18.24,46.1,26.4,accept
5,31.8,17.73,21.05,18.94,46.2,26.5,accept
5,31.63,17.81,20.69,18.73,46.4,26.3,accept
5,35.73,18.19,20.66,19.04,45.9,25.8,accept
5,35.53,18.67,20.47,18.76,45.7,25.8,accept
5,33.21,18.19,20.85,19.0,45.9,25.9,accept
5,33.96,17.96,20.57,18.91,45.7,25.8,accept
5,32.32,18.51,20.69,18.6,46.3,26.1,accept
5,32.14,17.51,20.58,18.63,46.2,26.5,accept
5,32.32,17.81,20.66,18.74,46.2,26.1,accept
5,33.21,18.75,20.62,18.67,45.8,25.8,accept
5,33.03,18.35,20.45,18.62,45.9,25.9,accept
5,32.32,18.67,20.99,18.93,46.4,26.1,accept
5,33.96,18.43,20.44,18.64,45.6,25.8,accept
5,33.4,18.75,20.57,18.66,45.7,25.8,accept
5,35.53,18.59,20.55,18.74,45.7,25.8,accept
5,32.67,18.35,20.93,19.0,46.0,25.9,accept
5,35.32,18.83,20.69,19.04,46.0,25.8,accept
5,35.12,18.35,20.59,19.03,46.0,25.8,accept
5,32.32,18.51,20.64,18.58,46.3,26.1,accept
5,32.32,18.27,20.47,18.54,46.2,26.2,accept
5,33.96,18.51,20.82,19.04,45.9,25.8,accept
5,32.32,17.36,20.83,18.84,46.2,26.5,accept
5,31.63,17.66,20.78,18.73,46.4,26.4,accept
5,32.14,18.35,20.69,18.54,46.2,26.3,accept
5,32.32,18.59,20.7,18.63,46.3,26.1,accept
5,32.14,18.35,21.01,18.84,46.4,26.4,accept
5,33.96,18.35,20.39,18.71,45.6,25.8,accept
5,32.67,18.91,20.82,18.4,46.2,26.4,accept
5,33.96,18.04,20.45,18.74,45.7,25.8,accept
5,35.53,18.59,20.52,18.74,45.7,25.8,accept
5,32.32,17.73,20.56,18.58,46.2,26.4,accept
5,35.73,18.75,20.52,18.82,45.7,25.8,accept
5,32.32,17.66,20.57,18.68,46.3,26.3,accept
5,32.32,18.59,20.69,18.6,46.3,26.1,accept
5,32.14,18.43,20.68,18.57,46.3,26.2,accept
5,32.85,18.27,20.82,18.94,45.9,25.9,accept
5,32.85,18.11,20.85,18.95,46.1,26.0,accept
5,32.49,18.35,20.38,18.3,46.1,26.4,accept
5,32.14,18.35,20.99,18.85,46.4,26.4,accept
5,33.21,18.83,20.69,18.73,45.9,25.9,accept
5,32.49,18.43,20.45,18.33,46.1,26.4,accept
5,32.49,18.67,20.57,18.33,46.1,26.4,accept
5,32.85,18.04,20.46,18.63,46.1,26.0,accept
5,35.53,18.59,20.34,18.73,45.7,25.8,accept
5,33.03,17.96,20.57,18.74,45.8,25.8,accept
5,33.03,18.43,20.56,18.59,46.2,26.1,accept
5,32.49,18.51,20.61,18.59,46.2,26.1,accept
5,32.14,17.88,20.69,18.73,46.2,26.0,accept
5,32.49,17.96,20.81,18.93,46.2,26.1,accept
5,33.03,18.67,20.61,18.63,46.0,25.9,accept
5,34.73,17.96,20.38,18.77,46.0,25.8,accept
5,33.21,18.27,20.91,19.03,45.9,25.9,accept
5,31.97,18.35,20.98,18.94,46.4,26.1,accept
5,32.32,18.27,20.52,18.54,46.2,26.3,accept
5,33.96,18.19,20.78,19.04,45.8,25.8,accept
5,33.03,18.67,20.66,18.64,46.0,25.9,accept
5,32.49,18.91,20.85,18.42,46.3,26.5,accept
5,31.97,18.27,20.96,18.94,46.4,26.1,accept
5,32.32,17.58,20.35,18.44,46.2,26.4,accept
5,31.8,18.11,20.93,18.91,46.4,26.3,accept
5,32.49,18.75,20.69,18.33,46.2,26.4,accept
5,32.32,17.58,21.03,18.96,46.2,26.5,accept
5,32.67,18.91,20.81,18.4,46.2,26.5,accept
5,32.49,18.59,20.62,18.63,46.2,26.1,accept
5,32.32,17.96,20.81,18.94,46.3,26.2,accept
5,31.8,18.04,20.93,18.84,46.4,26.4,accept
5,33.03,18.67,20.68,18.64,46.1,26.0,accept
5,32.32,18.19,20.47,18.54,46.2,26.3,accept
5,32.14,18.35,20.59,18.53,46.2,26.3,accept
5,35.32,18.67,20.71,19.04,46.1,25.8,accept
5,32.49,18.83,20.81,18.34,46.3,26.5,accept
5,31.63,17.81,20.81,18.81,46.4,26.3,accept
5,33.77,18.27,20.81,19.04,45.8,25.8,accept
5,32.85,18.75,20.69,18.65,46.2,26.0,accept
5,32.85,18.19,20.46,18.58,46.1,26.1,accept
5,33.03,18.35,20.45,18.63,45.9,25.9,accept
5,35.53,18.11,20.57,19.0,45.9,25.8,accept
5,32.14,17.43,20.69,18.65,46.2,26.5,accept
5,35.53,18.35,20.33,18.73,45.7,25.8,accept
5,35.53,18.27,20.34,18.73,45.7,25.8,accept
5,33.21,18.75,20.64,18.69,45.7,25.8,accept
5,31.8,18.04,20.93,18.91,46.4,26.3,accept
5,31.8,17.88,21.3,19.03,46.3,26.5,accept
5,33.03,18.51,20.57,18.56,46.2,26.1,accept
5,33.96,18.43,20.44,18.65,45.6,25.8,accept
5,32.49,18.83,20.81,18.39,46.2,26.5,accept
5,31.63,17.73,20.69,18.72,46.3,26.1,accept
5,32.14,18.35,20.69,18.6,46.4,26.3,accept
5,32.49,18.75,20.71,18.35,46.2,26.5,accept
5,32.32,18.27,20.49,18.53,46.2,26.3,accept
5,32.85,18.11,20.46,18.63,46.1,26.0,accept
5,34.73,18.59,20.57,18.74,45.9,25.8,accept
5,34.73,18.11,20.57,18.94,46.1,25.8,accept
5,35.32,18.59,20.44,18.74,46.0,25.8,accept
5,33.03,17.96,20.81,18.93,46.1,26.0,accept
5,32.32,18.35,20.54,18.54,46.2,26.2,accept
5,32.32,18.43,20.63,18.6,46.3,26.2,accept
5,33.4,18.11,20.69,18.94,45.9,25.8,accept
5,31.63,17.73,20.81,18.74,46.4,26.3,accept
5,32.32,18.59,20.7,18.64,46.3,26.1,accept
5,31.97,18.19,20.94,18.92,46.4,26.3,accept
5,33.03,18.67,20.62,18.64,46.0,25.9,accept
5,32.85,18.75,20.99,18.94,46.2,26.0,accept
5,32.32,17.81,20.57,18.64,46.3,26.2,accept
5,33.03,18.67,20.66,18.63,46.0,25.9,accept
5,32.32,17.81,20.46,18.58,46.2,26.3,accept
5,35.53,18.43,20.23,18.73,45.9,25.8,accept
5,32.32,17.73,20.57,18.57,46.1,26.5,accept
5,33.03,18.91,20.94,18.95,45.9,25.9,accept
5,32.32,17.81,20.58,18.66,46.3,26.4,accept
5,32.49,18.75,20.58,18.34,46.2,26.5,accept
5,33.03,18.75,20.69,18.72,45.8,25.8,accept
5,33.77,18.35,20.74,19.02,45.8,25.8,accept
5,32.85,18.27,20.83,18.94,45.9,25.9,accept
5,31.8,17.66,21.01,18.83,46.3,26.5,accept
5,32.32,17.36,20.69,18.72,46.2,26.5,accept
5,35.53,18.59,20.57,18.74,45.8,25.8,accept
5,32.32,18.04,20.58,18.72,45.9,25.9,accept
5,35.73,18.75,20.45,18.8,45.7,25.8,accept
5,35.53,18.51,20.34,18.68,45.7,25.8,accept
5,33.4,18.67,20.49,18.64,45.6,25.8,accept
5,32.14,17.58,20.57,18.63,46.1,26.5,accept
5,32.49,18.35,20.45,18.34,46.1,26.4,accept
5,31.97,18.19,21.42,19.09,46.3,26.5,accept
5,32.85,18.43,20.57,18.6,46.2,26.1,accept
5,32.85,18.75,20.69,18.64,46.2,26.0,accept
5,31.97,17.66,20.68,18.65,46.3,26.4,accept
5,34.15,18.67,20.84,19.04,45.8,25.8,accept
5,35.53,18.59,20.57,18.77,45.8,25.8,accept
5,32.49,18.59,20.55,18.27,46.1,26.4,accept
5,34.73,18.19,20.66,19.02,46.1,25.8,accept
5,31.63,17.51,21.01,18.78,46.3,26.5,accept
5,35.53,18.91,20.68,18.95,46.0,25.8,accept
5,32.32,17.66,20.56,18.64,46.2,26.3,accept
5,32.32,17.81,20.57,18.58,46.1,26.5,accept
5,31.8,17.96,20.93,18.85,46.4,26.3,accept
5,32.85,18.67,20.71,18.64,46.2,26.0,accept
5,32.85,18.19,20.45,18.59,46.1,26.0,accept
5,32.32,18.67,20.9,18.77,46.4,26.2,accept
5,33.4,18.75,20.57,18.65,45.7,25.8,accept
5,32.32,18.59,20.82,18.67,46.4,26.4,accept
5,35.53,18.19,20.67,19.04,45.9,25.8,accept
5,32.67,18.83,20.79,18.36,46.2,26.5,accept
5,33.03,18.75,20.69,18.73,45.8,25.8,accept
5,32.49,18.75,21.42,19.04,46.3,26.5,accept
5,32.67,18.91,20.72,18.34,46.2,26.5,accept
5,32.32,18.35,20.48,18.54,46.2,26.2,accept
5,35.32,18.59,20.33,18.74,45.9,25.8,accept
5,32.32,18.43,20.65,18.61,46.3,26.2,accept
5,33.96,18.35,20.39,18.65,45.6,25.8,accept
5,33.03,18.75,20.69,18.69,45.9,25.9,accept
5,32.67,18.83,20.68,18.34,46.2,26.5,accept
5,33.03,18.59,20.56,18.63,45.9,25.9,accept
5,33.21,18.75,20.62,18.7,45.8,25.9,accept
5,32.32,18.51,20.66,18.56,46.2,26.1,accept
5,32.49,18.59,20.51,18.34,46.1,26.4,accept
5,32.14,18.35,20.67,18.54,46.4,26.3,accept
5,35.73,18.75,20.45,18.79,45.7,25.8,accept
5,35.32,18.19,20.67,19.04,46.0,25.8,accept
5,33.96,18.51,20.45,18.63,45.6,25.8,accept
5,33.4,17.96,20.46,18.73,45.8,25.8,accept
5,35.53,18.83,20.48,18.83,46.0,25.8,accept
5,33.03,18.27,20.9,19.04,45.9,25.9,accept
5,33.03,18.11,20.89,18.98,46.1,26.0,accept
6,31.8,17.51,20.6,18.34,45.6,26.6,accept
6,32.14,17.96,20.69,18.54,46.1,26.5,accept
6,31.8,17.36,20.45,18.43,45.5,26.7,accept
6,32.14,18.35,20.69,18.41,45.7,26.6,accept
6,31.8,17.43,20.46,18.43,45.5,26.6,accept
6,31.97,18.19,20.48,18.35,45.9,26.6,accept
6,31.97,18.19,21.21,18.84,45.9,26.6,accept
6,32.14,17.81,20.45,18.43,46.0,26.6,accept
6,32.14,17.88,20.57,18.54,46.1,26.6,accept
6,31.8,17.43,20.57,18.43,45.5,26.6,accept
6,31.97,17.36,20.34,18.15,45.2,26.6,accept
6,32.14,17.21,20.46,18.54,46.1,26.6,accept
6,31.12,16.86,20.51,18.39,45.7,26.7,accept
6,31.97,18.35,20.93,18.74,45.9,26.6,accept
6,31.97,17.43,20.57,18.49,45.7,26.7,accept
6,31.97,17.51,20.57,18.51,45.7,26.6,accept
6,31.97,17.36,20.57,18.53,45.7,26.6,accept
6,32.14,18.27,20.65,18.34,45.7,26.6,accept
6,31.63,17.36,21.01,18.88,45.9,26.6,accept
6,31.46,17.43,20.94,18.77,45.8,26.6,accept
6,32.14,18.35,20.69,18.34,45.8,26.7,accept
6,30.96,16.72,20.51,18.37,45.7,26.6,accept
6,31.97,18.35,20.57,18.44,45.9,26.6,accept
6,30.96,17.14,20.56,18.6,46.1,26.6,accept
6,31.63,18.04,20.68,18.54,46.0,26.6,accept
6,31.46,17.66,20.43,18.44,45.9,26.6,accept
6,31.97,16.93,20.7,18.64,45.7,26.6,accept
6,31.8,17.51,20.58,18.34,45.6,26.6,accept
6,31.8,17.14,20.65,18.59,45.8,26.6,accept
6,31.8,17.73,20.69,18.46,45.7,26.6,accept
6,31.63,17.73,20.18,18.24,45.8,26.7,accept
6,31.63,17.88,20.61,18.51,46.0,26.6,accept
6,31.8,17.51,20.56,18.44,45.5,26.6,accept
6,32.14,17.96,20.67,18.53,46.1,26.5,accept
6,31.97,17.66,20.57,18.51,45.6,26.6,accept
6,31.8,17.43,20.48,18.25,45.4,26.7,accept
6,32.14,18.04,20.62,18.54,46.1,26.5,accept
6,31.8,17.43,20.45,18.24,45.3,26.6,accept
6,31.8,17.43,20.56,18.34,45.5,26.6,accept
6,31.63,17.43,20.26,18.43,45.9,26.6,accept
6,31.46,17.36,20.81,18.82,46.2,26.6,accept
6,31.8,17.66,20.65,18.45,45.6,26.6,accept
6,31.8,17.51,20.52,18.25,45.4,26.7,accept
6,31.12,17.29,20.57,18.65,46.1,26.7,accept
6,31.63,16.93,20.69,18.54,45.7,26.6,accept
6,31.97,17.88,20.93,18.84,46.2,26.6,accept
6,31.46,17.14,20.57,18.83,46.0,26.6,accept
6,31.8,17.51,20.46,18.25,45.3,26.6,accept
6,31.46,17.88,20.87,18.79,46.1,26.6,accept
6,32.14,18.11,20.46,18.33,45.8,26.7,accept
6,32.14,17.51,20.63,18.54,45.9,26.6,accept
6,31.97,17.73,20.68,18.53,45.6,26.6,accept
6,31.8,17.51,20.47,18.25,45.3,26.6,accept
6,32.14,17.88,20.46,18.44,45.9,26.6,accept
6,32.32,17.81,20.81,18.72,45.9,26.6,accept
6,31.97,17.14,20.81,18.78,45.9,26.7,accept
6,31.8,18.04,20.34,18.24,45.8,26.7,accept
6,31.8,17.73,20.68,18.44,45.7,26.7,accept
6,32.14,17.88,20.45,18.43,45.9,26.6,accept
6,32.14,17.96,20.46,18.32,45.8,26.7,accept
6,31.8,17.14,20.33,18.24,45.5,26.7,accept
6,31.63,17.58,20.08,18.21,45.8,26.7,accept
6,32.14,18.43,20.76,18.42,45.7,26.6,accept
6,31.8,17.43,20.56,18.36,45.5,26.6,accept
6,31.12,16.86,20.56,18.36,45.7,26.6,accept
6,31.97,17.0,20.71,18.64,45.7,26.6,accept
6,31.97,17.51,20.57,18.49,45.7,26.7,accept
6,32.14,17.88,20.68,18.53,46.2,26.6,accept
6,31.97,17.58,20.57,18.51,45.7,26.7,accept
6,32.14,18.51,20.93,18.53,45.8,26.6,accept
6,31.63,17.36,20.24,18.44,45.9,26.7,accept
6,32.14,17.96,20.53,18.44,46.0,26.6,accept
6,31.8,17.0,20.34,18.24,45.5,26.6,accept
6,32.14,17.96,20.63,18.53,46.1,26.5,accept
6,31.8,17.43,20.56,18.39,45.5,26.6,accept
6,31.29,17.51,20.69,18.83,46.0,26.6,accept
6,31.8,17.73,20.69,18.45,45.7,26.6,accept
6,31.8,17.43,20.56,18.38,45.5,26.6,accept
6,31.97,18.19,20.38,18.25,45.8,26.6,accept
6,32.14,17.36,20.39,18.52,46.1,26.6,accept
6,32.14,18.19,20.92,18.74,46.2,26.6,accept
6,32.14,17.96,20.64,18.54,46.1,26.6,accept
6,31.97,17.14,20.34,18.15,45.3,26.6,accept
6,31.63,17.14,20.57,18.83,46.0,26.6,accept
6,31.97,17.36,20.35,18.24,45.4,26.7,accept
6,32.14,18.35,21.01,18.57,45.8,26.6,accept
6,31.12,16.93,20.56,18.41,45.5,26.6,accept
6,32.14,18.27,20.69,18.34,45.7,26.6,accept
6,31.97,17.66,20.68,18.44,45.7,26.7,accept
6,31.63,17.43,20.69,18.72,46.2,26.6,accept
6,31.8,17.51,20.56,18.23,45.4,26.6,accept
6,31.8,17.43,20.57,18.37,45.5,26.6,accept
6,31.8,17.66,20.68,18.48,45.7,26.7,accept
6,31.97,17.36,20.77,18.79,46.2,26.6,accept
6,31.97,17.14,20.45,18.44,45.6,26.6,accept
6,31.63,17.81,20.69,18.63,45.9,26.6,accept
6,31.8,17.58,20.81,18.48,45.5,26.7,accept
6,32.14,17.88,20.53,18.43,46.0,26.6,accept
6,30.96,17.21,20.57,18.64,46.1,26.7,accept
6,31.63,17.36,20.24,18.4,45.9,26.6,accept
6,31.63,17.81,20.57,18.51,46.0,26.6,accept
6,31.8,17.51,20.57,18.34,45.6,26.6,accept
6,31.8,17.43,20.52,18.21,45.4,26.6,accept
6,31.97,18.19,21.0,18.63,45.8,26.6,accept
6,31.8,17.43,20.45,18.23,45.3,26.6,accept
6,31.63,17.43,20.01,18.23,45.8,26.6,accept
6,31.97,17.21,20.34,18.15,45.3,26.6,accept
6,31.8,17.43,20.57,18.34,45.6,26.7,accept
6,31.97,17.36,20.78,18.82,46.2,26.6,accept
6,31.63,17.88,20.69,18.7,46.0,26.6,accept
6,31.46,17.14,20.02,18.32,45.9,26.7,accept
6,31.97,18.19,20.48,18.34,45.9,26.7,accept
6,31.8,17.43,20.47,18.42,45.5,26.6,accept
6,31.63,17.73,20.99,18.94,46.2,26.6,accept
6,31.97,17.81,20.81,18.73,45.9,26.6,accept
6,31.29,17.21,20.81,18.63,45.9,26.6,accept
6,31.46,17.29,20.87,18.64,45.7,26.7,accept
6,31.63,17.43,21.03,18.86,45.9,26.7,accept
6,31.8,17.81,20.2,18.25,45.8,26.7,accept
6,31.63,17.0,20.38,18.54,46.0,26.6,accept
6,31.97,17.29,20.95,18.88,45.9,26.7,accept
6,31.8,16.72,20.45,18.35,45.6,26.6,accept
6,31.97,18.19,20.46,18.34,45.8,26.6,accept
6,31.8,17.66,20.68,18.44,45.7,26.7,accept
6,31.12,16.93,20.58,18.48,45.8,26.6,accept
6,32.32,17.36,20.76,18.84,46.1,26.6,accept
6,32.14,18.04,20.69,18.54,46.2,26.6,accept
6,31.8,18.04,21.23,18.87,45.9,26.7,accept
6,31.46,17.58,20.37,18.44,45.9,26.6,accept
6,31.8,17.43,20.51,18.17,45.4,26.6,accept
6,32.14,17.96,20.69,18.54,46.2,26.6,accept
6,31.46,17.07,20.13,18.44,45.9,26.6,accept
6,32.14,17.88,20.5,18.44,46.0,26.6,accept
6,31.46,17.29,20.59,18.63,46.2,26.6,accept
6,31.97,16.93,20.69,18.64,45.8,26.7,accept
6,31.97,17.66,20.67,18.5,45.6,26.6,accept
6,32.14,18.35,20.7,18.34,45.8,26.6,accept
6,32.32,17.73,20.45,18.44,45.9,26.6,accept
6,32.14,17.81,20.46,18.39,45.8,26.6,accept
6,31.8,17.73,20.69,18.44,45.8,26.7,accept
6,31.63,17.66,20.98,18.93,46.2,26.6,accept
6,30.8,17.0,20.49,18.54,46.1,26.6,accept
6,31.63,17.36,20.81,18.57,45.4,26.6,accept
6,31.63,17.29,20.26,18.44,45.9,26.6,accept
6,32.32,18.51,20.93,18.52,45.8,26.6,accept
6,31.63,17.36,20.25,18.37,45.9,26.6,accept
6,31.97,17.21,20.93,18.84,45.9,26.6,accept
6,31.29,17.21,20.69,18.63,45.8,26.6,accept
6,31.63,17.81,20.58,18.52,46.1,26.6,accept
6,31.97,17.51,20.45,18.15,45.2,26.7,accept
6,31.97,17.66,20.58,18.49,45.6,26.6,accept
6,31.8,16.93,20.34,18.33,45.6,26.7,accept
6,31.46,17.58,20.36,18.44,45.9,26.6,accept
6,32.14,17.29,20.45,18.53,46.1,26.6,accept
6,32.14,18.04,20.93,18.84,46.2,26.6,accept
6,32.14,17.73,20.45,18.44,45.9,26.6,accept
6,31.8,17.81,20.8,18.54,45.8,26.6,accept
6,31.46,16.93,20.22,18.54,46.0,26.7,accept
6,32.14,18.43,20.8,18.41,45.8,26.7,accept
6,31.97,18.11,21.22,18.86,45.9,26.6,accept
6,32.14,18.35,21.03,18.58,45.8,26.6,accept
6,31.8,17.66,20.67,18.44,45.7,26.7,accept
6,31.8,17.81,20.98,18.94,46.2,26.6,accept
6,31.8,17.96,20.32,18.24,45.8,26.7,accept
6,31.8,17.43,20.43,18.22,45.3,26.6,accept
6,31.8,17.66,20.64,18.44,45.6,26.6,accept
6,31.12,16.79,20.45,18.35,45.7,26.7,accept
6,31.8,17.14,20.57,18.74,46.0,26.7,accept
6,32.14,17.88,20.57,18.54,46.1,26.5,accept
6,31.63,17.66,20.11,18.24,45.8,26.7,accept
6,31.63,17.51,20.93,18.9,46.2,26.6,accept
6,31.46,17.58,20.4,18.44,45.9,26.6,accept
6,32.14,18.43,20.69,18.35,45.7,26.6,accept
6,32.14,17.36,20.79,18.8,46.2,26.6,accept
6,31.97,17.58,20.57,18.52,45.7,26.7,accept
6,32.14,17.73,20.81,18.7,45.9,26.6,accept
6,31.29,17.29,20.82,18.7,45.9,26.7,accept
6,31.63,17.88,20.66,18.53,46.0,26.6,accept
6,31.29,17.14,20.92,18.74,45.8,26.6,accept
6,31.8,18.19,20.46,18.33,45.9,26.6,accept
6,31.97,17.43,20.43,18.15,45.2,26.7,accept
6,31.97,18.27,20.57,18.39,45.9,26.6,accept
6,31.63,17.96,20.68,18.54,46.1,26.6,accept
6,31.46,17.81,20.58,18.51,46.0,26.6,accept
6,31.97,16.72,20.49,18.46,45.6,26.6,accept
6,31.97,17.73,20.81,18.55,45.6,26.6,accept
6,31.8,17.51,20.57,18.34,45.5,26.6,accept
6,31.8,16.86,20.34,18.27,45.5,26.6,accept
6,31.8,17.96,20.23,18.25,45.8,26.7,accept
6,31.97,18.27,20.56,18.41,45.9,26.7,accept
6,31.97,17.43,20.43,18.15,45.2,26.6,accept
6,31.8,17.81,20.21,18.24,45.8,26.7,accept
6,31.63,17.73,21.0,18.75,45.8,26.6,accept
6,31.12,17.43,20.82,18.82,46.1,26.6,accept
6,31.29,17.58,20.69,18.58,46.0,26.7,accept
6,32.14,17.96,20.63,18.54,46.1,26.5,accept
6,31.46,17.43,20.9,18.64,45.6,26.6,accept
6,31.46,17.66,20.39,18.44,45.9,26.6,accept
6,31.97,17.43,20.57,18.51,45.7,26.6,accept
6,32.32,17.88,20.58,18.54,46.1,26.5,accept
6,32.14,17.96,20.58,18.54,46.1,26.5,accept
6,31.46,17.21,20.87,18.64,45.7,26.7,accept
6,32.14,18.04,20.46,18.28,45.7,26.6,accept
6,31.29,17.51,20.84,18.83,46.1,26.6,accept
6,31.63,17.88,20.59,18.51,46.0,26.6,accept
6,31.97,17.29,20.34,18.15,45.3,26.6,accept
6,31.29,17.58,20.69,18.82,46.0,26.7,accept
6,32.14,17.96,20.54,18.43,46.0,26.6,accept
6,31.29,17.29,20.67,18.74,46.0,26.6,accept
6,31.8,17.51,20.52,18.23,45.4,26.6,accept
6,31.97,17.14,20.83,18.82,45.8,26.7,accept
6,31.8,17.51,20.56,18.34,45.5,26.6,accept
6,31.97,16.86,20.34,18.19,45.5,26.7,accept
6,31.8,17.73,20.12,18.25,45.8,26.6,accept
6,31.97,17.0,20.34,18.23,45.4,26.6,accept
6,32.14,17.96,20.61,18.54,46.1,26.5,accept
6,31.8,17.36,20.36,18.24,45.3,26.6,accept
6,31.97,17.73,20.81,18.54,45.6,26.6,accept
6,31.8,17.73,20.69,18.44,45.7,26.6,accept
6,31.97,17.66,20.7,18.47,45.6,26.6,accept
6,32.14,17.21,20.57,18.64,46.1,26.6,accept
6,31.12,17.21,20.52,18.74,46.0,26.6,accept
6,31.97,17.58,20.57,18.52,45.6,26.6,accept
6,31.97,16.86,20.55,18.43,45.5,26.6,accept
6,31.8,17.73,20.67,18.44,45.6,26.6,accept
6,30.8,17.0,20.56,18.65,46.0,26.6,accept
6,31.8,17.66,20.69,18.44,45.8,26.7,accept
6,31.8,17.43,20.5,18.24,45.4,26.7,accept
6,31.8,18.43,20.93,18.73,45.9,26.6,accept
6,31.29,17.0,20.57,18.43,45.5,26.6,accept
6,31.8,17.96,20.23,18.24,45.8,26.6,accept
6,31.8,17.29,20.98,18.87,45.9,26.6,accept
6,31.29,17.14,20.62,18.63,46.2,26.6,accept
6,31.8,17.36,20.38,18.22,45.4,26.7,accept
6,32.14,17.66,20.57,18.52,45.9,26.7,accept
6,31.97,16.93,20.57,18.54,45.7,26.6,accept
6,31.97,17.07,20.81,18.73,45.9,26.7,accept
6,31.8,17.14,20.84,18.79,45.8,26.6,accept
6,31.63,17.21,20.26,18.44,45.9,26.6,accept
6,31.8,17.07,20.33,18.25,45.4,26.6,accept
6,31.46,17.29,20.81,18.57,45.4,26.6,accept
6,31.8,17.29,21.0,18.87,45.9,26.6,accept
6,31.8,17.43,20.48,18.43,45.5,26.6,accept
6,32.14,17.96,20.65,18.53,46.1,26.5,accept
6,31.8,18.04,20.65,18.52,46.0,26.6,accept
6,31.8,17.43,20.45,18.23,45.4,26.6,accept
6,31.8,18.19,20.92,18.73,46.0,26.7,accept
6,31.97,18.19,20.94,18.54,45.8,26.6,accept
6,31.63,17.21,20.81,18.74,45.8,26.6,accept
6,31.12,17.07,20.81,18.64,45.8,26.7,accept
6,31.8,17.43,20.48,18.24,45.3,26.6,accept
6,31.63,17.58,20.43,18.44,45.9,26.6,accept
6,32.14,17.81,20.45,18.44,46.0,26.6,accept
6,31.8,17.73,20.11,18.24,45.8,26.6,accept
6,31.8,18.04,20.57,18.45,46.0,26.6,accept
6,31.46,17.66,20.4,18.44,45.9,26.6,accept
6,31.97,17.07,20.34,18.15,45.4,26.6,accept
6,31.46,17.14,20.57,18.84,46.0,26.6,accept
6,31.46,17.58,20.43,18.45,45.9,26.7,accept
6,31.63,17.66,20.4,18.47,45.8,26.6,accept
6,31.63,17.66,20.4,18.48,45.8,26.6,accept
6,32.14,17.96,20.67,18.54,46.2,26.6,accept
6,31.8,17.51,20.57,18.44,45.5,26.6,accept
6,31.8,17.43,20.45,18.43,45.5,26.6,accept
6,31.46,17.88,20.84,18.73,45.9,26.6,accept
6,32.14,18.27,20.57,18.34,45.7,26.6,accept
6,31.97,18.19,20.35,18.27,45.8,26.7,accept
6,32.14,18.27,20.59,18.34,45.7,26.7,accept
6,31.46,17.66,20.38,18.44,45.9,26.6,accept
6,31.97,16.86,20.45,18.38,45.5,26.6,accept
6,31.97,17.66,20.65,18.44,45.6,26.6,accept
6,32.14,17.96,20.6,18.54,46.1,26.6,accept
6,31.8,17.43,20.57,18.34,45.5,26.6,accept
6,31.46,17.66,20.43,18.43,45.9,26.6,accept
6,31.97,17.14,20.83,18.83,45.8,26.6,accept
6,31.8,17.36,20.39,18.21,45.4,26.7,accept
6,31.97,17.29,20.45,18.44,45.5,26.6,accept
6,32.14,17.88,20.46,18.43,45.9,26.6,accept
6,31.46,17.66,20.45,18.44,46.0,26.7,accept
6,31.8,17.51,20.49,18.25,45.4,26.7,accept
6,31.97,17.07,20.81,18.74,45.8,26.7,accept
6,32.14,17.88,20.58,18.54,46.0,26.5,accept
6,31.97,17.0,20.55,18.54,45.7,26.6,accept
6,31.8,17.66,20.58,18.49,45.6,26.6,accept
6,31.8,17.73,20.12,18.21,45.8,26.7,accept
6,31.97,18.27,20.95,18.54,45.8,26.7,accept
6,30.96,17.14,20.69,18.67,46.1,26.6,accept
6,31.29,17.14,20.57,18.81,46.0,26.6,accept
6,31.8,17.66,20.66,18.44,45.7,26.7,accept
6,31.8,17.29,21.0,18.88,45.9,26.7,accept
6,32.14,17.88,20.45,18.44,45.9,26.6,accept
6,31.97,18.11,20.93,18.54,45.9,26.7,accept
6,31.97,17.14,20.34,18.15,45.4,26.6,accept
6,32.14,17.96,20.67,18.53,46.2,26.6,accept
6,31.97,17.29,20.96,18.87,45.9,26.7,accept
6,31.97,18.27,20.56,18.39,45.9,26.7,accept
6,31.97,16.79,20.4,18.24,45.4,26.6,accept
6,31.97,18.43,20.81,18.64,45.9,26.7,accept
6,32.14,18.11,20.49,18.33,45.7,26.6,accept
6,31.97,18.11,20.34,18.24,45.8,26.7,accept
6,32.14,17.96,20.65,18.54,46.1,26.6,accept
6,31.8,17.51,20.49,18.24,45.3,26.6,accept
6,31.97,18.27,20.54,18.35,45.9,26.7,accept
6,31.8,17.66,20.65,18.44,45.7,26.7,accept
6,31.63,17.81,20.58,18.53,46.1,26.7,accept
6,32.14,18.35,20.69,18.34,45.7,26.6,accept
6,31.63,16.72,20.55,18.43,45.5,26.6,accept
6,31.97,18.04,20.32,18.24,45.8,26.7,accept
6,32.14,17.58,20.57,18.54,45.9,26.7,accept
6,32.14,17.88,20.48,18.43,45.9,26.6,accept
6,31.12,17.36,20.69,18.83,46.0,26.6,accept
6,31.8,17.66,20.69,18.44,45.7,26.6,accept
6,31.97,17.58,20.58,18.51,45.6,26.6,accept
6,31.97,18.19,20.46,18.34,45.9,26.6,accept
6,31.97,17.96,20.93,18.64,45.8,26.6,accept
6,31.97,18.19,20.45,18.3,45.9,26.7,accept
6,31.46,17.66,20.44,18.44,46.0,26.7,accept
6,31.63,17.88,21.2,18.91,45.9,26.6,accept
6,31.8,17.73,20.99,18.74,45.8,26.6,accept
6,31.63,16.93,20.24,18.54,46.0,26.7,accept
6,31.46,17.21,20.0,18.24,45.8,26.6,accept
6,32.14,18.35,20.68,18.37,45.7,26.7,accept
6,31.46,17.81,20.57,18.5,46.1,26.6,accept
6,30.96,17.14,20.45,18.71,46.0,26.6,accept
6,31.8,17.66,20.66,18.46,45.7,26.7,accept
6,31.8,17.29,20.34,18.23,45.3,26.6,accept
6,31.8,17.36,20.45,18.43,45.5,26.6,accept
6,31.63,16.93,20.67,18.53,45.5,26.6,accept
6,32.14,17.96,20.65,18.54,46.1,26.5,accept
6,32.14,17.58,20.45,18.35,45.8,26.6,accept
6,32.14,17.96,20.68,18.54,46.2,26.6,accept
6,31.63,17.36,20.62,18.64,46.2,26.6,accept
6,31.97,18.11,20.93,18.54,45.8,26.6,accept
6,31.46,17.81,20.57,18.46,46.1,26.7,accept
6,31.97,16.93,20.34,18.19,45.4,26.6,accept
6,31.63,17.81,20.58,18.52,46.0,26.6,accept
6,31.46,17.81,20.69,18.75,46.0,26.7,accept
6,32.14,18.27,20.63,18.32,45.7,26.6,accept
6,31.63,17.0,20.46,18.64,46.0,26.6,accept
6,32.14,18.35,21.17,18.75,45.9,26.7,accept
6,32.32,17.21,20.57,18.65,46.1,26.6,accept
6,31.97,17.36,20.36,18.15,45.3,26.7,accept
6,31.8,18.04,20.61,18.5,46.0,26.6,accept
6,31.8,17.51,20.58,18.35,45.6,26.6,accept
6,31.29,17.51,20.58,18.52,45.9,26.6,accept
6,31.46,17.21,20.81,18.53,45.4,26.6,accept
6,30.8,17.0,20.35,18.62,46.0,26.6,accept
6,31.8,17.43,20.46,18.21,45.4,26.6,accept
6,31.63,17.51,20.56,18.39,45.5,26.6,accept
6,32.14,17.21,20.45,18.54,46.1,26.6,accept
6,31.63,17.07,20.55,18.65,46.0,26.6,accept
6,31.8,17.96,20.27,18.28,45.8,26.7,accept
6,31.97,17.96,20.86,18.63,45.8,26.6,accept
6,31.63,16.93,20.44,18.69,46.0,26.7,accept
6,31.12,17.21,20.55,18.74,46.0,26.6,accept
6,31.46,17.66,20.35,18.44,45.9,26.6,accept
6,31.12,17.21,20.93,18.73,45.9,26.7,accept
6,32.32,18.35,20.68,18.37,45.7,26.7,accept
6,31.8,17.29,21.0,18.87,45.9,26.7,accept
6,31.8,17.14,20.33,18.24,45.4,26.6,accept
6,31.12,16.93,20.65,18.54,45.8,26.6,accept
6,32.14,18.27,20.68,18.34,45.7,26.6,accept
6,31.29,17.58,20.69,18.81,46.0,26.7,accept
6,31.63,17.66,20.42,18.47,45.8,26.6,accept
6,31.8,17.66,20.67,18.52,45.6,26.6,accept
6,31.97,17.07,20.45,18.44,45.6,26.6,accept
6,31.8,17.51,20.57,18.34,45.6,26.7,accept
6,31.63,17.73,20.69,18.63,45.9,26.7,accept
6,31.63,17.96,20.68,18.53,46.0,26.6,accept
6,32.14,18.51,20.88,18.45,45.8,26.7,accept
6,32.14,17.96,20.68,18.53,46.2,26.6,accept
6,31.8,17.43,20.57,18.24,45.4,26.6,accept
6,31.8,17.66,20.67,18.48,45.7,26.7,accept
6,30.8,16.93,20.45,18.63,46.0,26.7,accept
6,31.8,17.43,20.46,18.24,45.4,26.6,accept
6,31.8,17.66,20.64,18.45,45.6,26.6,accept
6,31.46,17.66,20.39,18.43,45.9,26.7,accept
6,30.96,17.14,20.48,18.55,46.1,26.6,accept
6,31.8,17.0,20.69,18.61,45.6,26.6,accept
6,31.63,17.66,20.44,18.48,45.9,26.7,accept
6,32.14,17.21,20.46,18.6,46.1,26.6,accept
6,31.12,17.14,20.89,18.65,45.9,26.6,accept
6,32.14,18.11,20.69,18.57,46.2,26.6,accept
6,31.29,17.0,20.61,18.47,45.5,26.7,accept
6,31.46,17.73,20.69,18.79,46.0,26.6,accept
6,31.29,17.14,20.81,18.55,45.4,26.6,accept
6,32.14,17.88,20.45,18.44,46.0,26.6,accept
6,31.63,17.81,20.58,18.52,46.1,26.7,accept
6,31.29,17.36,21.05,18.82,45.9,26.6,accept
6,31.8,17.51,20.46,18.24,45.3,26.6,accept
6,32.14,18.35,20.68,18.37,45.7,26.6,accept
6,31.8,17.14,20.45,18.44,45.6,26.6,accept
6,31.97,16.79,20.37,18.24,45.4,26.6,accept
6,31.63,17.88,20.65,18.65,46.0,26.6,accept
6,32.14,18.35,20.65,18.35,45.7,26.7,accept
6,30.96,17.21,20.69,18.74,46.1,26.6,accept
6,31.46,17.66,20.42,18.44,45.9,26.6,accept
6,30.8,17.0,20.57,18.58,46.1,26.6,accept
6,30.96,17.14,20.55,18.62,46.1,26.6,accept
6,31.97,17.29,20.57,18.53,45.8,26.7,accept
6,32.14,17.88,20.5,18.43,46.0,26.6,accept
6,31.8,17.51,20.53,18.2,45.4,26.6,accept
6,31.97,18.51,20.81,18.63,45.9,26.7,accept
6,31.12,17.0,20.8,18.64,45.8,26.7,accept
6,31.97,17.96,20.67,18.54,46.2,26.6,accept
6,31.46,17.88,20.88,18.79,46.1,26.6,accept
6,32.32,18.51,20.84,18.44,45.8,26.7,accept
6,31.46,17.58,20.41,18.44,45.9,26.6,accept
6,31.8,17.51,20.52,18.24,45.4,26.6,accept
6,31.63,17.43,20.06,18.25,45.8,26.6,accept
6,31.63,17.21,20.29,18.44,45.9,26.7,accept
6,31.97,17.73,20.68,18.44,45.7,26.6,accept
6,32.14,17.73,20.45,18.45,46.0,26.6,accept
6,32.14,18.43,20.8,18.37,45.8,26.6,accept
6,31.97,17.14,20.85,18.82,45.8,26.6,accept
6,31.97,18.27,20.56,18.34,45.9,26.7,accept
6,31.8,17.73,20.69,18.5,45.7,26.6,accept
6,31.63,17.81,20.59,18.52,46.0,26.6,accept
6,31.46,17.58,20.34,18.44,45.9,26.6,accept
6,31.8,17.66,20.69,18.44,45.8,26.6,accept
6,31.8,17.51,20.57,18.26,45.5,26.7,accept
6,32.14,17.96,20.62,18.54,46.1,26.5,accept
6,32.32,17.73,20.45,18.45,46.0,26.6,accept
6,31.8,17.51,20.57,18.24,45.4,26.6,accept
6,31.8,17.73,20.68,18.44,45.7,26.6,accept
6,32.14,18.35,20.65,18.39,45.7,26.6,accept
6,31.8,18.04,20.29,18.25,45.8,26.6,accept
6,31.63,17.88,20.57,18.61,46.0,26.7,accept
6,31.46,17.66,20.42,18.44,46.0,26.7,accept
6,31.97,17.66,20.58,18.48,45.6,26.6,accept
6,32.14,17.43,20.35,18.45,46.1,26.6,accept
6,31.46,17.66,20.44,18.44,45.9,26.6,accept
6,31.63,17.58,20.42,18.44,45.9,26.7,accept
6,31.8,17.07,20.33,18.24,45.5,26.7,accept
6,31.63,17.43,20.57,18.34,45.6,26.6,accept
6,31.97,18.27,21.18,18.83,45.8,26.6,accept
6,31.63,17.88,20.6,18.63,46.0,26.6,accept
6,31.8,16.86,20.54,18.43,45.5,26.6,accept
6,31.8,17.66,20.65,18.44,45.6,26.6,accept
6,31.8,18.04,20.57,18.46,46.0,26.6,accept
6,32.14,17.96,20.66,18.54,46.2,26.6,accept
6,31.8,17.43,20.49,18.42,45.5,26.6,accept
6,31.63,17.43,21.0,18.84,45.9,26.7,accept
6,31.63,17.51,20.98,18.76,45.8,26.7,accept
6,31.46,17.14,20.57,18.55,46.2,26.6,accept
6,31.63,17.58,20.33,18.44,45.9,26.7,accept
6,31.8,17.66,20.11,18.24,45.8,26.6,accept
6,32.14,17.96,20.68,18.54,46.1,26.5,accept
6,31.97,17.58,20.58,18.52,45.6,26.6,accept
6,31.63,17.81,20.72,18.63,45.9,26.6,accept
6,32.14,17.96,20.54,18.44,46.0,26.6,accept
6,31.97,17.51,20.56,18.44,45.5,26.6,accept
6,31.63,17.58,20.44,18.46,45.9,26.7,accept
6,31.8,17.81,20.79,18.64,45.9,26.7,accept
6,32.14,18.27,20.58,18.34,45.7,26.6,accept
6,32.14,17.36,20.78,18.83,46.2,26.6,accept
6,31.8,17.43,20.55,18.39,45.5,26.6,accept
6,31.46,17.66,20.45,18.44,45.9,26.6,accept
6,31.97,17.88,20.96,18.74,45.8,26.6,accept
6,31.97,17.43,20.46,18.43,45.5,26.6,accept
6,30.8,16.93,20.34,18.56,46.0,26.6,accept
6,31.46,17.58,20.34,18.44,45.9,26.7,accept
6,31.29,17.66,20.87,18.82,46.1,26.6,accept
6,31.97,17.0,20.72,18.63,45.7,26.6,accept
6,31.8,17.58,20.68,18.43,45.6,26.6,accept
6,32.14,17.96,20.64,18.54,46.1,26.5,accept
6,32.14,18.59,20.81,18.61,45.9,26.7,accept
6,31.29,17.07,20.81,18.64,45.6,26.6,accept
6,31.46,17.21,20.69,18.75,46.0,26.6,accept
6,32.14,18.35,20.74,18.34,45.8,26.6,accept
6,31.97,18.19,20.93,18.54,45.8,26.7,accept
6,31.8,17.73,20.69,18.37,45.5,26.7,accept
6,30.96,17.14,20.44,18.65,46.0,26.6,accept
6,32.14,17.66,20.69,18.64,45.9,26.7,accept
6,32.14,18.35,20.69,18.35,45.7,26.6,accept
6,31.8,17.88,20.97,18.94,46.2,26.6,accept
6,31.8,17.66,20.69,18.44,45.7,26.7,accept
6,31.63,17.0,20.46,18.74,46.0,26.7,accept
6,32.14,17.88,20.57,18.54,46.0,26.5,accept
6,31.12,16.86,20.69,18.53,45.6,26.6,accept
6,30.96,17.07,20.64,18.64,46.1,26.6,accept
6,32.14,17.96,20.67,18.54,46.1,26.5,accept
6,31.97,17.51,20.45,18.14,45.2,26.7,accept
6,31.63,17.66,20.35,18.46,45.8,26.6,accept
6,32.14,18.51,20.93,18.54,45.8,26.6,accept
6,31.46,17.66,20.37,18.44,45.9,26.6,accept
6,31.63,17.96,20.83,18.73,46.1,26.6,accept
6,32.14,17.96,20.56,18.44,46.0,26.6,accept
6,31.8,17.43,20.56,18.35,45.5,26.6,accept
6,32.14,17.96,20.65,18.54,46.2,26.6,accept
6,31.8,17.36,20.46,18.43,45.5,26.6,accept
6,31.46,17.73,20.81,18.66,46.0,26.7,accept
6,31.63,16.93,20.66,18.51,45.5,26.6,accept
6,31.63,17.21,20.68,18.79,46.0,26.6,accept
6,31.63,17.0,20.22,18.5,45.9,26.6,accept
6,31.29,17.07,20.67,18.54,45.8,26.6,accept
6,32.32,17.81,20.81,18.73,45.9,26.6,accept
6,31.97,17.58,20.45,18.15,45.2,26.6,accept
6,32.14,17.73,20.81,18.73,45.9,26.6,accept
6,31.97,17.14,20.57,18.54,45.8,26.6,accept
6,32.14,18.27,20.69,18.34,45.8,26.7,accept
6,31.63,17.58,20.34,18.44,45.8,26.6,accept
6,32.14,17.36,20.79,18.79,46.2,26.6,accept
6,32.14,17.73,20.45,18.34,45.8,26.7,accept
6,31.97,17.07,20.69,18.67,45.8,26.6,accept
6,31.63,17.36,20.0,18.24,45.8,26.6,accept
6,31.97,17.96,20.93,18.84,46.2,26.6,accept
6,31.97,18.51,20.69,18.54,45.9,26.7,accept
6,31.29,17.14,20.66,18.55,45.8,26.7,accept
6,31.46,17.58,20.41,18.44,45.8,26.6,accept
6,31.8,17.43,20.52,18.24,45.4,26.6,accept
6,32.14,18.51,20.93,18.54,45.8,26.7,accept
6,31.12,17.14,20.76,18.59,45.9,26.6,accept
6,31.97,16.93,20.69,18.64,45.7,26.6,accept
6,31.63,17.0,20.19,18.44,45.9,26.6,accept
6,31.46,17.96,20.85,18.73,45.9,26.6,accept
6,31.8,17.81,20.22,18.24,45.8,26.7,accept
6,31.63,17.21,20.68,18.78,46.1,26.7,accept
6,31.8,17.36,20.34,18.24,45.3,26.6,accept
6,31.12,17.29,20.64,18.73,46.1,26.6,accept
6,31.97,18.11,20.34,18.25,45.8,26.6,accept
6,32.14,17.88,20.48,18.43,46.0,26.6,accept
6,31.46,17.66,20.57,18.46,45.9,26.6,accept
6,32.14,18.27,21.0,18.56,45.8,26.6,accept
6,31.97,18.27,20.46,18.34,45.8,26.6,accept
6,31.12,17.14,20.57,18.77,46.0,26.6,accept
6,31.46,17.66,20.41,18.44,45.9,26.6,accept
6,31.63,17.66,20.45,18.48,45.9,26.7,accept
6,32.14,17.66,20.38,18.44,46.0,26.6,accept
6,31.8,17.43,20.45,18.22,45.3,26.6,accept
6,31.97,18.11,20.42,18.24,45.9,26.7,accept
6,31.97,17.07,20.45,18.45,45.7,26.7,accept
6,31.29,17.36,20.93,18.78,45.8,26.6,accept
6,31.8,17.43,20.72,18.75,46.2,26.6,accept
6,32.14,17.58,20.35,18.44,46.0,26.6,accept
6,31.8,17.58,20.57,18.3,45.4,26.6,accept
6,32.32,18.51,20.93,18.53,45.8,26.7,accept
6,30.96,17.14,20.43,18.64,46.0,26.6,accept
6,32.14,17.81,20.45,18.34,45.8,26.6,accept
6,31.8,17.43,20.47,18.21,45.3,26.6,accept
6,31.46,17.43,20.96,18.78,45.8,26.6,accept
6,32.14,17.88,20.47,18.44,45.9,26.6,accept
6,31.63,17.73,20.45,18.49,46.0,26.7,accept
6,31.97,18.35,20.55,18.34,45.8,26.6,accept
6,32.14,18.11,20.46,18.34,45.8,26.7,accept
6,31.63,17.58,20.41,18.44,45.8,26.6,accept
6,31.63,17.88,20.79,18.65,45.9,26.6,accept
6,31.46,17.81,20.57,18.52,46.0,26.6,accept
6,31.97,17.36,20.45,18.43,45.5,26.6,accept
6,32.14,18.19,20.81,18.68,46.2,26.6,accept
6,31.8,18.11,20.46,18.34,45.9,26.6,accept
6,31.46,17.58,20.35,18.44,45.9,26.6,accept
6,31.46,17.81,20.69,18.74,46.0,26.7,accept
6,31.97,16.86,20.34,18.24,45.5,26.7,accept
6,31.97,17.73,20.69,18.53,45.6,26.6,accept
6,31.46,17.66,20.44,18.46,46.0,26.6,accept
6,31.8,17.21,20.67,18.78,46.0,26.7,accept
6,32.14,18.19,20.86,18.72,46.2,26.6,accept
6,31.63,17.66,20.34,18.45,45.8,26.6,accept
6,32.14,18.59,20.82,18.64,45.9,26.7,accept
6,32.14,18.43,20.69,18.36,45.7,26.6,accept
6,31.97,17.36,20.35,18.24,45.3,26.6,accept
6,31.63,17.29,20.59,18.63,46.2,26.6,accept
6,30.96,17.21,20.47,18.73,46.0,26.6,accept
6,31.8,17.43,20.57,18.43,45.5,26.7,accept
6,31.63,17.81,21.18,18.9,45.9,26.6,accept
6,31.8,17.51,20.57,18.25,45.4,26.6,accept
6,32.14,18.43,20.81,18.43,45.8,26.6,accept
6,31.29,17.0,20.6,18.44,45.6,26.6,accept
6,31.46,17.0,20.1,18.34,45.9,26.7,accept
6,31.8,17.88,20.23,18.24,45.8,26.6,accept
6,31.63,17.14,20.33,18.44,45.9,26.6,accept
6,32.14,18.19,20.57,18.34,45.7,26.6,accept
6,31.97,17.73,20.81,18.65,45.9,26.6,accept
6,31.97,17.58,20.57,18.53,45.6,26.6,accept
6,31.63,17.73,21.17,18.91,45.9,26.6,accept
6,31.63,17.21,20.82,18.75,45.8,26.6,accept
6,31.8,17.88,20.22,18.24,45.8,26.6,accept
6,31.97,18.11,20.45,18.26,45.9,26.7,accept
6,30.8,16.93,20.37,18.58,46.0,26.6,accept
6,31.46,17.58,20.4,18.44,46.0,26.7,accept
6,30.96,16.65,20.45,18.34,45.6,26.6,accept
6,31.8,18.19,20.47,18.34,45.9,26.6,accept
6,31.8,18.04,20.69,18.54,46.0,26.6,accept
6,31.8,17.0,20.7,18.63,45.7,26.6,accept
6,31.97,17.66,20.67,18.53,45.6,26.6,accept
6,31.8,17.43,20.56,18.37,45.5,26.6,accept
6,31.8,17.96,20.57,18.44,46.0,26.6,accept
6,32.14,17.96,20.51,18.43,46.0,26.6,accept
6,31.63,18.04,20.81,18.72,46.1,26.6,accept
6,32.14,17.81,20.45,18.43,45.9,26.6,accept
6,31.63,17.96,20.85,18.74,46.1,26.6,accept
6,31.97,17.43,20.4,18.15,45.2,26.6,accept
6,31.8,17.43,20.42,18.23,45.3,26.6,accept
6,31.8,17.73,20.69,18.5,45.8,26.6,accept
6,30.8,17.0,20.57,18.63,46.1,26.6,accept
6,31.8,17.51,20.57,18.26,45.4,26.6,accept
6,31.8,17.73,20.69,18.46,45.8,26.6,accept
6,31.12,17.14,20.57,18.8,46.0,26.6,accept
6,31.8,17.43,20.47,18.18,45.4,26.7,accept
6,31.63,17.51,20.28,18.43,45.9,26.6,accept
6,31.8,16.72,20.45,18.43,45.6,26.6,accept
6,31.8,17.21,20.45,18.43,45.5,26.6,accept
6,31.97,18.27,21.17,18.83,45.8,26.6,accept
6,31.8,17.66,20.68,18.44,45.7,26.6,accept
6,30.8,16.93,20.46,18.64,46.0,26.6,accept
6,32.14,18.11,20.8,18.63,46.2,26.6,accept
6,31.8,17.96,20.26,18.24,45.8,26.7,accept
6,31.8,17.88,20.99,18.93,46.2,26.6,accept
6,31.29,17.29,20.68,18.74,46.0,26.6,accept
6,31.63,16.79,20.55,18.35,45.5,26.6,accept
6,31.46,17.21,20.69,18.76,46.1,26.7,accept
6,31.8,17.43,20.7,18.74,46.2,26.6,accept
6,31.46,17.66,21.17,18.91,45.9,26.6,accept
6,31.8,18.11,20.34,18.25,45.8,26.7,accept
6,31.8,17.43,20.43,18.24,45.3,26.6,accept
6,31.63,17.58,20.37,18.43,45.9,26.6,accept
6,32.14,17.96,20.64,18.53,46.1,26.5,accept
6,32.14,17.43,20.75,18.84,46.1,26.6,accept
6,32.14,17.36,20.36,18.45,46.1,26.6,accept
6,32.14,18.43,20.81,18.42,45.8,26.6,accept
6,31.97,18.11,20.34,18.29,45.8,26.7,accept
6,31.46,17.66,20.44,18.5,46.0,26.6,accept
6,31.8,17.36,20.46,18.44,45.5,26.6,accept
6,32.14,17.81,20.81,18.73,45.9,26.7,accept
6,32.14,18.11,20.46,18.34,45.7,26.6,accept
6,31.46,17.36,20.9,18.64,45.6,26.6,accept
6,31.97,17.43,20.41,18.15,45.2,26.6,accept
6,31.8,17.96,20.25,18.24,45.8,26.6,accept
6,32.14,18.43,20.74,18.38,45.8,26.6,accept
6,31.8,17.51,20.45,18.24,45.3,26.6,accept
6,31.29,17.36,20.85,18.74,45.9,26.6,accept
6,31.97,18.19,20.46,18.31,45.9,26.7,accept
6,30.96,16.65,20.45,18.24,45.5,26.6,accept
6,31.63,17.07,20.34,18.53,46.0,26.7,accept
6,31.29,17.66,20.88,18.82,46.1,26.6,accept
6,31.97,17.0,20.34,18.21,45.4,26.6,accept
6,32.14,17.96,20.61,18.54,46.1,26.6,accept
6,31.8,17.66,20.66,18.45,45.7,26.7,accept
6,31.29,17.14,20.57,18.54,46.2,26.6,accept
6,31.63,17.51,20.3,18.43,45.8,26.6,accept
6,31.63,17.66,20.41,18.46,45.8,26.6,accept
6,31.97,17.29,20.93,18.87,45.9,26.6,accept
6,32.14,18.04,20.46,18.34,45.8,26.6,accept
6,32.14,18.11,20.93,18.8,46.2,26.6,accept
6,31.63,17.36,20.24,18.4,45.9,26.7,accept
6,31.46,17.58,20.42,18.44,45.9,26.6,accept
6,31.46,17.81,20.68,18.54,45.9,26.6,accept
6,31.46,17.58,20.41,18.44,45.9,26.7,accept
6,31.8,17.36,20.45,18.44,45.5,26.7,accept
6,32.14,17.51,20.35,18.44,46.0,26.6,accept
6,32.14,17.88,20.45,18.31,45.8,26.7,accept
6,31.97,18.04,20.33,18.24,45.8,26.7,accept
6,31.97,17.96,20.68,18.53,46.2,26.6,accept
6,31.8,16.93,20.57,18.44,45.5,26.6,accept
6,31.29,17.43,20.48,18.43,46.0,26.7,accept
6,31.8,17.21,20.45,18.44,45.6,26.6,accept
6,31.8,17.81,20.81,18.71,45.9,26.6,accept
6,31.29,17.21,20.69,18.74,46.0,26.6,accept
6,31.63,17.36,20.89,18.64,45.6,26.6,accept
6,31.63,17.88,20.54,18.54,46.0,26.7,accept
6,31.97,18.27,20.55,18.34,45.9,26.7,accept
6,31.8,17.21,20.34,18.24,45.4,26.6,accept
6,32.14,17.88,20.45,18.34,45.8,26.6,accept
6,32.14,18.27,20.57,18.34,45.7,26.7,accept
6,31.97,17.73,20.81,18.7,45.9,26.7,accept
6,31.97,17.51,20.45,18.16,45.2,26.7,accept
6,31.8,17.51,20.53,18.23,45.4,26.6,accept
6,31.97,16.79,20.45,18.28,45.5,26.6,accept
6,32.14,18.19,20.53,18.34,45.7,26.6,accept
6,31.8,18.04,20.68,18.53,46.0,26.6,accept
6,31.46,17.21,20.79,18.67,45.8,26.6,accept
6,31.63,17.51,20.9,18.63,45.6,26.6,accept
6,32.14,18.35,20.73,18.34,45.8,26.7,accept
6,31.8,17.66,20.84,18.6,45.6,26.6,accept
6,32.14,18.43,20.67,18.45,45.9,26.6,accept
6,31.12,16.93,20.69,18.54,45.8,26.6,accept
6,31.63,18.04,20.81,18.74,46.1,26.6,accept
6,31.97,17.51,20.57,18.48,45.7,26.6,accept
6,32.14,17.81,20.45,18.44,45.9,26.6,accept
6,31.8,17.43,20.57,18.41,45.5,26.7,accept
6,32.32,18.35,20.57,18.34,45.7,26.6,accept
6,31.29,17.58,20.85,18.82,46.1,26.6,accept
6,31.46,17.73,20.89,18.8,46.1,26.6,accept
6,32.14,18.43,21.03,18.58,45.8,26.7,accept
6,31.97,16.79,20.63,18.54,45.6,26.6,accept
6,31.63,18.04,20.8,18.64,46.1,26.6,accept
6,31.63,17.43,20.69,18.66,46.2,26.6,accept
6,31.46,17.51,20.97,18.78,45.8,26.7,accept
6,31.29,17.43,20.47,18.4,46.0,26.7,accept
6,31.8,17.88,20.93,18.7,45.8,26.6,accept
6,31.97,17.36,20.35,18.15,45.3,26.7,accept
6,30.96,16.65,20.48,18.29,45.5,26.6,accept
6,31.46,17.66,20.6,18.53,45.9,26.6,accept
6,31.97,18.27,20.53,18.34,45.9,26.7,accept
6,32.14,17.73,20.45,18.44,46.0,26.6,accept
6,31.97,17.51,20.45,18.15,45.2,26.6,accept
6,31.8,17.81,20.2,18.29,45.8,26.6,accept
6,31.63,16.86,20.61,18.44,45.5,26.6,accept
6,31.63,17.96,20.57,18.43,46.0,26.6,accept
6,31.97,17.07,20.68,18.63,45.8,26.6,accept
6,31.97,16.93,20.6,18.63,45.8,26.7,accept
6,31.8,17.81,20.97,18.73,45.8,26.6,accept
6,31.97,17.66,20.63,18.51,45.6,26.6,accept
6,31.46,17.81,20.58,18.52,46.0,26.6,accept
6,31.46,17.21,20.06,18.33,45.8,26.6,accept
6,31.46,17.43,20.95,18.83,45.9,26.6,accept
6,31.63,18.04,20.91,18.73,45.9,26.6,accept
6,30.8,16.93,20.34,18.54,46.0,26.6,accept
6,32.14,17.43,20.35,18.44,46.0,26.6,accept
6,31.46,17.81,20.63,18.54,45.9,26.6,accept
6,31.8,17.21,20.68,18.76,46.1,26.7,accept
6,31.97,17.29,20.94,18.88,45.9,26.6,accept
6,31.8,17.88,20.93,18.73,45.8,26.6,accept
6,31.63,17.51,20.29,18.44,45.8,26.6,accept
6,31.63,17.43,20.69,18.74,46.2,26.6,accept
6,31.97,17.36,20.78,18.76,46.2,26.6,accept
6,31.46,17.29,20.09,18.33,45.8,26.6,accept
6,32.32,17.21,20.68,18.74,46.1,26.6,accept
6,31.46,17.36,20.0,18.23,45.8,26.7,accept
6,30.96,16.65,20.46,18.24,45.5,26.6,accept
6,31.97,17.29,20.34,18.21,45.3,26.6,accept
6,32.14,18.27,21.09,18.73,45.9,26.7,accept
6,32.14,18.35,20.68,18.34,45.8,26.7,accept
6,31.63,17.51,20.08,18.24,45.8,26.6,accept
6,31.63,17.0,20.45,18.55,46.0,26.6,accept
6,31.8,17.51,20.48,18.24,45.4,26.7,accept
6,30.8,16.93,20.42,18.61,46.0,26.7,accept
6,31.97,17.66,20.78,18.65,45.9,26.6,accept
6,32.14,18.11,20.93,18.76,46.2,26.6,accept
6,31.97,18.27,20.52,18.34,45.9,26.6,accept
6,32.14,18.27,21.05,18.66,45.9,26.7,accept
6,31.8,17.36,20.35,18.24,45.4,26.7,accept
6,31.46,17.21,20.69,18.71,46.2,26.6,accept
6,31.8,17.66,20.86,18.62,45.6,26.6,accept
6,31.8,17.43,20.45,18.21,45.3,26.6,accept
6,31.8,17.36,20.41,18.23,45.3,26.6,accept
6,31.63,17.58,20.81,18.51,45.5,26.7,accept
6,32.14,17.58,20.58,18.54,45.9,26.6,accept
6,31.8,17.0,20.49,18.53,45.7,26.6,accept
6,32.14,18.11,20.93,18.79,46.2,26.6,accept
6,31.12,17.14,20.81,18.63,45.9,26.6,accept
6,31.8,18.04,20.57,18.44,46.0,26.6,accept
6,31.8,17.43,20.46,18.24,45.3,26.6,accept
7,30.96,16.79,20.58,18.2,44.7,26.7,accept
7,31.97,16.93,20.69,18.44,45.3,26.6,accept
7,31.8,17.51,20.48,18.15,45.2,26.6,accept
7,31.63,17.43,20.69,18.14,44.6,26.7,accept
7,31.8,17.43,20.56,18.05,45.0,26.7,accept
7,31.46,17.0,20.69,18.33,44.9,26.7,accept
7,32.32,17.96,20.78,17.76,43.9,26.7,accept
7,32.32,17.14,21.3,18.24,44.1,26.7,accept
7,31.97,17.51,20.52,18.12,44.8,26.7,accept
7,32.49,18.04,20.81,17.77,43.9,26.7,accept
7,31.97,17.51,20.69,17.95,44.0,26.7,accept
7,31.8,17.51,20.57,18.09,45.1,26.7,accept
7,31.8,17.51,20.56,18.05,44.6,26.7,accept
7,32.14,17.36,20.46,17.68,44.0,26.7,accept
7,31.8,17.51,20.48,18.15,45.2,26.7,accept
7,31.12,16.72,20.54,18.12,44.9,26.7,accept
7,31.97,16.79,20.69,18.15,44.4,26.7,accept
7,31.8,17.51,20.57,18.05,44.8,26.7,accept
7,31.97,17.51,20.47,18.05,44.8,26.7,accept
7,31.8,17.14,20.46,18.02,44.3,26.7,accept
7,31.97,17.51,20.57,18.08,44.8,26.7,accept
7,31.97,17.73,21.64,18.34,44.0,26.7,accept
7,30.96,16.72,20.57,18.24,45.1,26.7,accept
7,32.49,18.04,20.81,17.68,43.9,26.7,accept
7,31.8,17.58,20.69,18.06,44.6,26.7,accept
7,31.97,17.43,20.45,18.05,44.8,26.7,accept
7,32.32,16.86,20.68,18.01,44.2,26.7,accept
7,32.49,18.35,21.17,17.85,43.9,26.7,accept
7,31.97,17.58,20.79,17.95,44.1,26.8,accept
7,31.8,17.51,20.93,18.48,45.1,26.7,accept
7,31.97,17.58,20.81,17.96,44.1,26.7,accept
7,32.49,18.11,21.01,17.76,43.9,26.7,accept
7,31.97,16.79,20.57,18.34,45.3,26.6,accept
7,31.8,17.58,20.57,18.14,45.3,26.7,accept
7,31.8,17.51,20.57,18.15,45.2,26.6,accept
7,31.8,16.93,20.69,18.43,45.3,26.6,accept
7,31.97,17.14,21.29,18.24,44.1,26.7,accept
7,31.63,17.51,20.69,18.13,44.6,26.7,accept
7,32.32,18.11,20.93,17.74,43.9,26.7,accept
7,31.97,17.36,20.35,18.06,45.0,26.7,accept
7,31.97,17.0,20.71,18.44,45.2,26.7,accept
7,30.8,16.58,20.57,18.15,44.6,26.7,accept
7,31.8,17.43,20.46,18.05,44.6,26.7,accept
7,31.63,17.29,21.09,18.25,44.1,26.7,accept
7,31.63,17.36,20.69,18.05,44.4,26.7,accept
7,31.8,17.51,20.56,18.15,45.3,26.7,accept
7,31.8,17.51,20.57,18.15,45.1,26.7,accept
7,31.8,16.65,20.58,18.24,44.8,26.8,accept
7,31.8,17.43,20.45,18.06,45.0,26.6,accept
7,32.32,17.14,21.29,18.24,44.1,26.7,accept
7,31.8,17.43,20.57,17.95,44.2,26.7,accept
7,31.63,16.86,20.79,18.35,44.7,26.7,accept
7,31.63,17.51,20.69,18.14,44.6,26.7,accept
7,30.96,16.72,20.81,18.28,44.6,26.7,accept
7,31.46,17.14,21.18,18.05,44.0,26.7,accept
7,31.12,17.0,20.94,18.24,44.3,26.7,accept
7,31.97,17.43,20.57,17.96,44.0,26.7,accept
7,32.14,16.93,20.75,18.13,44.3,26.7,accept
7,31.12,16.86,20.93,18.23,44.3,26.7,accept
7,31.97,17.36,20.57,17.96,44.0,26.7,accept
7,31.97,17.81,20.98,18.21,44.3,26.7,accept
7,31.8,17.51,20.69,18.05,44.4,26.7,accept
7,31.97,17.36,20.37,18.05,45.0,26.7,accept
7,31.8,17.14,20.45,18.04,44.4,26.7,accept
7,31.46,17.21,20.93,18.44,44.9,26.7,accept
7,31.97,17.58,20.81,17.96,44.0,26.7,accept
7,32.32,17.58,20.94,17.92,43.7,26.7,accept
7,31.46,17.36,20.92,18.44,45.1,26.7,accept
7,31.8,17.51,20.57,18.16,45.1,26.7,accept
7,31.8,17.51,20.57,17.97,44.6,26.7,accept
7,31.97,17.51,20.79,17.95,44.0,26.7,accept
7,31.8,17.58,20.71,17.99,44.3,26.7,accept
7,31.8,17.29,20.47,17.95,44.2,26.7,accept
7,31.8,17.43,20.61,17.96,44.2,26.7,accept
7,32.32,17.81,20.69,17.68,43.9,26.7,accept
7,31.63,17.58,20.93,18.34,44.6,26.7,accept
7,31.12,16.79,20.65,18.15,44.5,26.7,accept
7,31.8,17.51,20.49,18.14,45.2,26.6,accept
7,31.97,17.36,20.57,17.95,44.0,26.7,accept
7,31.63,17.43,20.94,18.43,44.9,26.7,accept
7,31.8,17.51,20.57,18.06,44.8,26.7,accept
7,31.97,17.51,20.48,18.05,44.8,26.7,accept
7,31.8,17.51,20.57,18.15,45.3,26.7,accept
7,32.49,18.19,20.94,17.75,43.9,26.7,accept
7,32.32,17.58,20.93,17.87,43.7,26.7,accept
7,31.63,16.86,20.81,18.4,44.6,26.7,accept
7,31.97,16.86,20.46,18.14,44.8,26.7,accept
7,31.8,17.14,20.35,18.11,44.9,26.7,accept
7,32.14,17.43,20.46,17.68,44.0,26.7,accept
7,31.46,17.29,21.05,18.33,44.3,26.7,accept
7,31.97,17.43,20.46,18.14,44.8,26.7,accept
7,31.8,17.21,20.46,17.96,44.2,26.7,accept
7,31.8,17.51,20.45,18.15,45.2,26.6,accept
7,31.46,17.0,20.71,18.34,45.0,26.7,accept
7,32.32,17.0,20.93,17.96,44.0,26.7,accept
7,30.96,16.72,20.57,18.2,45.1,26.7,accept
7,31.8,17.51,20.54,18.15,45.2,26.6,accept
7,30.96,16.72,20.57,18.15,44.9,26.7,accept
7,31.8,17.43,20.56,18.09,45.0,26.7,accept
7,32.32,18.04,20.91,17.69,43.9,26.7,accept
7,31.8,17.43,20.57,18.05,44.3,26.7,accept
7,31.46,17.36,20.99,18.35,44.4,26.7,accept
7,31.8,17.43,20.56,17.98,44.3,26.7,accept
7,32.32,17.96,20.81,17.68,43.9,26.7,accept
7,31.63,16.93,20.83,18.25,44.4,26.7,accept
7,31.97,17.36,20.57,17.94,44.0,26.7,accept
7,31.8,17.43,20.66,18.05,44.4,26.7,accept
7,31.8,17.51,20.56,18.15,45.2,26.6,accept
7,31.8,17.43,20.57,18.04,44.3,26.7,accept
7,31.8,17.51,20.49,18.14,45.2,26.7,accept
7,31.8,17.51,20.71,18.11,44.4,26.7,accept
7,31.8,17.58,20.69,18.14,44.6,26.7,accept
7,31.8,17.43,20.56,18.1,45.0,26.7,accept
7,31.97,17.73,20.94,18.34,44.9,26.7,accept
7,32.14,16.79,20.58,18.34,45.1,26.7,accept
7,31.8,17.43,20.57,17.98,44.2,26.7,accept
7,31.97,17.43,20.59,17.96,44.0,26.7,accept
7,31.8,17.51,20.57,18.05,44.6,26.7,accept
7,31.8,17.21,20.45,18.02,44.2,26.7,accept
7,32.14,17.29,20.45,17.74,44.1,26.7,accept
7,31.8,17.43,20.69,17.96,44.2,26.7,accept
7,32.14,17.81,20.95,18.06,44.1,26.7,accept
7,31.46,16.86,20.81,18.37,44.6,26.7,accept
7,31.97,17.81,20.86,18.25,44.9,26.7,accept
7,31.8,17.51,20.6,18.07,44.8,26.7,accept
7,31.97,17.29,20.34,18.07,45.0,26.7,accept
7,31.97,17.21,20.42,18.11,44.8,26.7,accept
7,32.67,18.59,21.42,18.05,43.9,26.7,accept
7,31.97,17.51,20.79,17.96,44.1,26.8,accept
7,31.63,17.43,20.93,18.52,45.3,26.6,accept
7,31.8,17.51,20.69,18.07,44.4,26.8,accept
7,32.49,18.11,21.03,17.76,43.9,26.7,accept
7,31.8,17.43,20.57,17.96,44.2,26.7,accept
7,32.32,17.58,20.94,17.88,43.7,26.7,accept
7,31.29,16.86,20.74,18.32,44.5,26.7,accept
7,31.63,17.51,20.93,18.49,45.1,26.7,accept
7,31.8,17.51,20.5,18.15,45.2,26.6,accept
7,31.97,17.0,20.46,17.96,44.2,26.7,accept
7,31.63,17.51,20.57,18.04,44.6,26.7,accept
7,31.63,16.93,20.82,18.24,44.4,26.7,accept
7,31.97,16.72,20.69,18.3,44.5,26.7,accept
7,32.14,17.21,20.91,17.96,43.9,26.7,accept
7,31.8,17.43,20.58,17.95,44.2,26.7,accept
7,31.8,17.51,20.71,18.1,44.4,26.8,accept
7,31.8,17.43,20.57,18.02,44.3,26.7,accept
7,31.8,17.43,20.53,17.99,44.3,26.7,accept
7,31.29,16.93,20.81,18.12,44.2,26.7,accept
7,32.32,18.04,20.82,17.73,43.9,26.7,accept
7,31.8,17.29,20.45,18.04,44.4,26.7,accept
7,32.14,17.14,20.92,17.95,44.0,26.7,accept
7,31.8,17.58,20.93,18.33,44.6,26.7,accept
7,31.97,16.79,20.78,18.21,44.4,26.7,accept
7,31.8,17.51,20.51,18.15,45.3,26.7,accept
7,31.12,16.86,20.69,18.26,44.7,26.7,accept
7,31.97,17.21,20.38,18.13,44.9,26.7,accept
7,31.8,17.66,20.92,18.31,44.6,26.7,accept
7,31.8,17.51,20.69,17.95,44.2,26.7,accept
7,30.96,16.72,20.46,18.21,45.1,26.7,accept
7,31.97,16.86,20.45,18.23,45.1,26.7,accept
7,31.46,16.86,20.77,18.34,44.7,26.7,accept
7,31.8,17.58,20.7,18.15,44.6,26.7,accept
7,32.32,18.04,20.87,17.7,43.9,26.7,accept
7,31.97,17.51,20.46,18.15,45.2,26.6,accept
7,31.29,17.0,20.68,18.27,44.9,26.7,accept
7,31.97,16.79,20.57,18.04,44.4,26.7,accept
7,31.97,17.07,20.39,18.12,44.9,26.7,accept
7,31.29,16.86,20.8,18.05,44.2,26.7,accept
7,31.8,17.14,20.45,18.06,44.6,26.7,accept
7,32.49,18.19,21.05,17.76,43.9,26.7,accept
7,31.8,16.93,20.8,18.36,45.0,26.7,accept
7,32.67,18.35,21.29,17.94,43.9,26.7,accept
7,32.32,17.81,20.69,17.77,43.9,26.7,accept
7,31.8,17.51,20.69,17.96,44.3,26.8,accept
7,31.46,17.21,21.02,18.4,44.4,26.7,accept
7,31.8,17.36,20.57,17.96,44.2,26.7,accept
7,31.97,17.73,20.69,18.28,45.1,26.7,accept
7,31.8,16.65,20.51,18.15,44.5,26.7,accept
7,32.32,17.21,20.91,17.92,43.9,26.7,accept
7,31.8,17.51,20.47,18.15,45.2,26.7,accept
7,32.14,17.0,20.69,18.44,45.2,26.7,accept
7,31.63,17.43,20.69,18.15,44.7,26.8,accept
7,32.14,17.81,21.05,18.23,44.1,26.7,accept
7,32.49,18.27,21.04,17.85,43.9,26.7,accept
7,31.8,16.93,20.79,18.36,45.0,26.7,accept
7,32.14,17.58,20.94,17.86,43.7,26.7,accept
7,31.12,16.72,20.58,18.33,45.3,26.6,accept
7,31.8,17.51,20.69,17.96,44.2,26.7,accept
7,31.8,16.72,20.66,18.24,44.8,26.8,accept
7,31.63,17.43,20.69,18.05,44.4,26.8,accept
7,32.14,17.0,20.81,18.15,44.3,26.7,accept
7,31.8,17.58,20.57,18.02,44.6,26.7,accept
7,31.97,16.79,20.76,18.05,44.3,26.7,accept
7,32.32,17.88,20.69,17.68,43.9,26.7,accept
7,31.8,17.58,20.7,18.08,44.6,26.7,accept
7,31.8,17.58,20.69,18.05,44.6,26.7,accept
7,32.14,17.58,20.95,17.86,43.8,26.8,accept
7,31.29,16.93,20.81,18.07,44.2,26.7,accept
7,31.97,17.51,20.57,18.14,44.8,26.7,accept
7,31.12,16.86,20.54,18.24,45.2,26.7,accept
7,31.46,16.93,20.81,18.24,44.4,26.7,accept
7,30.96,16.58,20.68,18.15,44.5,26.7,accept
7,31.97,17.43,20.57,17.94,44.0,26.7,accept
7,31.63,17.14,21.25,18.15,44.1,26.7,accept
7,32.14,17.66,20.57,17.71,44.0,26.7,accept
7,31.8,17.51,20.68,18.07,44.3,26.7,accept
7,31.63,16.93,20.45,18.1,44.8,26.7,accept
7,31.97,17.58,20.54,18.19,45.2,26.7,accept
7,32.49,18.11,20.91,17.68,43.9,26.7,accept
7,31.97,16.86,20.57,17.96,44.3,26.7,accept
7,30.96,16.72,20.81,18.24,44.5,26.7,accept
7,31.8,17.21,21.29,18.24,44.1,26.7,accept
7,32.49,18.43,21.58,18.24,43.9,26.7,accept
7,31.63,17.43,20.69,18.05,44.4,26.7,accept
7,31.97,16.79,20.57,18.34,45.1,26.7,accept
7,30.96,16.65,20.63,18.04,44.3,26.7,accept
7,31.97,17.58,20.57,18.15,44.8,26.7,accept
7,31.97,16.93,20.8,18.42,45.0,26.7,accept
7,31.8,17.51,20.61,18.05,44.4,26.8,accept
7,31.8,17.36,20.47,17.97,44.3,26.7,accept
7,32.14,18.04,21.66,18.31,43.9,26.7,accept
7,31.29,17.0,20.65,18.34,45.3,26.7,accept
7,31.97,17.14,20.48,17.95,44.1,26.7,accept
7,31.8,17.51,20.66,18.05,44.4,26.7,accept
7,31.97,17.58,20.67,18.05,44.8,26.7,accept
7,31.97,17.07,20.41,18.14,45.0,26.7,accept
7,32.14,16.86,20.69,18.05,44.3,26.7,accept
7,31.8,17.29,20.49,17.96,44.2,26.7,accept
7,32.49,18.11,21.04,17.72,43.9,26.7,accept
7,31.97,17.07,20.34,18.06,45.1,26.6,accept
7,31.8,17.51,20.58,18.05,44.8,26.7,accept
7,31.63,17.43,20.69,18.05,44.6,26.7,accept
7,31.8,17.58,20.59,18.19,45.3,26.7,accept
7,31.97,16.86,20.57,17.99,44.3,26.7,accept
7,32.32,17.43,20.93,17.86,43.8,26.7,accept
7,31.63,17.51,20.57,17.99,44.6,26.7,accept
7,32.32,17.73,20.68,17.71,43.9,26.7,accept
7,31.97,17.0,20.69,18.44,45.3,26.7,accept
7,31.8,17.58,20.58,18.17,45.3,26.6,accept
7,31.46,17.0,20.69,18.43,45.2,26.7,accept
7,31.8,17.51,20.52,18.14,45.3,26.7,accept
7,31.97,16.93,20.45,18.15,45.2,26.6,accept
7,31.97,17.51,20.65,17.93,44.0,26.7,accept
7,31.97,17.0,20.47,17.96,44.2,26.7,accept
7,31.97,17.43,20.47,18.14,44.8,26.7,accept
7,31.97,16.86,20.59,18.35,45.3,26.7,accept
7,31.63,17.36,20.91,18.44,45.3,26.6,accept
7,31.97,17.66,20.81,18.05,44.3,26.7,accept
7,31.97,17.73,21.08,18.23,44.1,26.7,accept
7,31.97,17.21,20.36,18.12,44.9,26.7,accept
7,31.97,17.81,20.81,18.39,45.3,26.6,accept
7,31.46,17.36,20.92,18.45,45.3,26.6,accept
7,31.46,17.21,20.9,18.44,45.1,26.7,accept
7,31.97,16.93,20.55,17.96,44.3,26.7,accept
7,30.96,16.72,20.5,18.24,45.1,26.7,accept
7,31.8,17.66,20.97,18.39,44.9,26.7,accept
7,31.8,17.51,20.57,18.13,45.0,26.7,accept
7,31.8,17.51,20.57,18.08,44.8,26.7,accept
7,31.63,17.0,20.69,18.43,45.2,26.7,accept
7,32.32,18.04,20.89,17.68,44.0,26.8,accept
7,31.8,17.58,20.57,18.15,45.3,26.7,accept
7,31.63,17.21,21.3,18.22,44.1,26.7,accept
7,31.8,17.36,20.52,17.98,44.3,26.7,accept
7,31.8,17.58,20.57,18.15,45.2,26.6,accept
7,31.97,17.21,20.48,17.94,44.1,26.7,accept
7,31.97,16.86,20.81,18.39,44.6,26.7,accept
7,31.97,16.93,20.51,17.96,44.3,26.7,accept
7,31.97,16.79,20.57,18.23,44.9,26.7,accept
7,31.12,16.72,20.46,18.15,45.3,26.6,accept
7,32.32,18.11,20.86,17.77,43.9,26.7,accept
7,31.97,17.0,20.42,18.15,45.0,26.7,accept
7,31.8,17.51,20.56,18.06,45.0,26.7,accept
7,31.29,16.93,20.93,18.15,44.1,26.7,accept
7,31.8,17.51,20.57,18.14,45.3,26.7,accept
7,32.14,17.07,20.46,17.77,44.1,26.7,accept
7,31.8,17.51,20.57,18.04,44.3,26.7,accept
7,31.8,17.21,20.45,18.0,44.4,26.7,accept
7,32.14,17.58,20.95,17.92,43.7,26.7,accept
7,31.97,17.73,20.96,18.43,44.9,26.7,accept
7,31.97,16.86,20.81,18.38,44.6,26.7,accept
7,31.97,16.93,20.83,18.26,44.5,26.7,accept
7,31.97,17.81,20.84,18.44,45.1,26.7,accept
7,32.14,17.51,20.93,17.91,43.7,26.7,accept
7,31.97,17.58,20.8,17.94,44.1,26.7,accept
7,31.97,17.51,20.55,18.14,44.8,26.7,accept
7,31.12,16.79,20.69,18.24,44.9,26.7,accept
7,31.8,17.0,20.79,18.36,45.0,26.7,accept
7,31.8,17.0,20.44,18.05,44.5,26.7,accept
7,31.8,17.51,20.57,17.96,44.2,26.7,accept
7,31.97,17.58,20.81,17.94,44.1,26.7,accept
7,31.12,16.86,20.68,18.27,44.5,26.7,accept
7,31.63,17.43,20.69,18.15,44.6,26.7,accept
7,31.8,17.66,20.92,18.44,45.3,26.6,accept
7,32.32,17.07,20.93,17.94,44.0,26.7,accept
7,31.8,17.43,20.58,17.99,44.2,26.7,accept
7,31.8,17.51,20.65,18.05,44.4,26.8,accept
7,31.97,17.43,20.58,17.96,44.0,26.7,accept
7,31.97,16.93,20.83,18.27,44.5,26.7,accept
7,31.97,17.36,20.45,18.05,44.7,26.7,accept
7,31.46,17.21,21.27,18.15,44.0,26.7,accept
7,30.8,16.58,20.57,18.08,44.5,26.8,accept
7,31.8,17.51,20.45,18.06,45.0,26.7,accept
7,31.8,17.51,20.57,18.06,45.0,26.6,accept
7,31.8,17.73,21.04,18.24,44.2,26.7,accept
7,31.63,17.58,20.96,18.43,44.9,26.7,accept
7,32.14,17.96,21.66,18.28,43.9,26.7,accept
7,31.8,17.14,20.45,18.08,44.7,26.7,accept
7,31.8,17.36,20.46,17.97,44.4,26.8,accept
7,31.63,16.93,20.69,18.43,45.2,26.7,accept
7,31.8,17.66,20.84,18.22,44.4,26.7,accept
7,31.8,17.51,20.55,18.08,45.0,26.7,accept
7,31.97,17.0,20.45,18.18,45.0,26.7,accept
7,32.49,18.11,21.05,17.68,43.9,26.7,accept
7,31.97,17.29,20.55,17.93,44.1,26.7,accept
7,31.63,17.58,20.93,18.44,45.1,26.6,accept
7,31.97,17.36,20.45,18.09,44.7,26.7,accept
7,31.97,16.93,20.82,18.27,44.5,26.7,accept
7,30.96,16.65,20.69,18.05,44.3,26.7,accept
7,31.12,16.72,20.69,18.03,44.2,26.7,accept
7,31.8,17.51,20.69,18.04,44.3,26.8,accept
7,31.97,17.51,20.46,18.15,45.2,26.7,accept
7,32.14,16.86,20.47,17.86,44.2,26.7,accept
7,32.49,18.19,21.01,17.72,43.9,26.7,accept
7,31.97,17.36,20.42,18.05,45.0,26.6,accept
7,32.49,18.11,20.9,17.69,43.9,26.7,accept
7,32.49,18.19,20.93,17.73,43.9,26.7,accept
7,30.8,16.58,20.53,18.12,44.6,26.7,accept
7,32.32,17.51,20.93,17.86,43.7,26.7,accept
7,31.8,17.66,20.93,18.29,44.5,26.8,accept
7,31.8,17.51,20.54,18.14,45.2,26.6,accept
7,32.49,18.27,21.13,17.85,43.9,26.7,accept
7,31.46,16.86,20.79,18.32,44.6,26.7,accept
7,31.46,17.36,21.04,18.44,44.6,26.7,accept
7,32.32,18.19,21.64,18.26,44.0,26.7,accept
7,32.14,17.51,20.93,17.86,43.7,26.7,accept
7,32.14,17.0,20.49,17.86,44.2,26.7,accept
7,31.8,17.58,20.92,18.44,45.3,26.6,accept
7,31.8,17.51,20.65,17.95,44.2,26.7,accept
7,31.97,17.51,20.67,17.94,44.0,26.7,accept
7,31.8,16.72,20.48,18.15,44.6,26.7,accept
7,31.8,17.43,20.59,17.95,44.2,26.7,accept
7,31.46,16.86,20.8,18.35,44.6,26.7,accept
7,31.8,17.73,21.05,18.24,44.2,26.7,accept
7,31.46,17.0,21.17,18.05,44.0,26.7,accept
7,31.63,17.51,20.93,18.51,45.3,26.6,accept
7,31.29,16.93,20.57,18.27,45.2,26.7,accept
7,31.12,16.86,20.78,18.32,44.9,26.7,accept
7,31.29,17.0,20.62,18.34,45.2,26.7,accept
7,31.12,16.79,20.77,18.04,44.2,26.7,accept
7,31.12,16.79,20.46,18.2,45.2,26.7,accept
7,31.8,17.51,20.57,18.1,44.8,26.7,accept
7,31.8,17.21,20.45,18.02,44.4,26.7,accept
7,30.96,16.86,20.52,18.24,45.3,26.6,accept
7,32.49,18.19,21.05,17.82,43.9,26.7,accept
7,32.67,18.59,21.44,18.13,43.9,26.7,accept
7,31.97,17.81,20.92,18.32,44.8,26.7,accept
7,31.46,17.29,20.93,18.44,44.9,26.7,accept
7,31.8,17.43,20.56,18.06,45.0,26.7,accept
7,31.97,17.58,20.81,17.93,44.1,26.7,accept
7,32.49,18.11,21.03,17.68,43.9,26.7,accept
7,32.32,17.88,20.71,17.69,43.9,26.7,accept
7,31.8,17.36,20.42,18.05,45.0,26.6,accept
7,32.32,18.27,21.64,18.25,43.9,26.7,accept
7,31.63,16.93,20.7,18.44,45.2,26.7,accept
7,31.8,17.51,20.57,18.12,44.8,26.7,accept
7,31.97,17.0,20.8,18.41,45.0,26.7,accept
7,31.8,16.79,20.69,18.34,44.7,26.7,accept
7,32.49,18.19,21.05,17.75,43.9,26.7,accept
7,31.97,17.36,20.45,18.09,44.8,26.7,accept
7,31.63,17.43,21.12,18.24,44.1,26.7,accept
7,31.97,17.51,20.69,17.96,44.0,26.7,accept
7,31.97,17.51,20.51,18.05,44.8,26.7,accept
7,32.32,18.04,20.81,17.68,44.0,26.8,accept
7,30.96,16.65,20.71,18.11,44.3,26.7,accept
7,31.97,17.14,20.46,17.95,44.1,26.7,accept
7,32.67,18.59,21.53,18.15,43.9,26.7,accept
7,31.8,17.36,20.5,17.98,44.4,26.8,accept
7,31.97,17.43,20.44,18.05,45.0,26.6,accept
7,32.14,17.58,20.99,17.86,43.7,26.7,accept
7,31.46,17.21,20.89,18.53,45.3,26.6,accept
7,31.8,17.58,20.6,18.05,44.6,26.7,accept
7,31.63,16.86,20.81,18.35,44.6,26.7,accept
7,32.14,17.81,21.05,18.19,44.1,26.7,accept
7,31.97,16.86,20.38,18.15,45.2,26.6,accept
7,31.8,17.51,20.55,18.2,45.2,26.6,accept
7,32.14,17.36,20.91,17.93,43.8,26.7,accept
7,31.8,17.51,20.57,18.01,44.6,26.7,accept
7,31.97,16.86,20.45,18.24,45.2,26.6,accept
7,32.14,16.93,20.69,18.43,45.2,26.7,accept
7,32.32,17.58,20.95,17.88,43.7,26.7,accept
7,31.97,17.43,20.62,17.91,44.0,26.7,accept
7,31.8,17.43,20.58,18.04,44.3,26.8,accept
7,31.63,17.51,20.95,18.43,44.9,26.7,accept
7,31.97,17.29,20.43,18.09,44.8,26.7,accept
7,31.97,16.79,20.46,18.24,45.1,26.7,accept
7,31.8,17.36,20.47,17.98,44.3,26.7,accept
7,30.96,16.65,20.56,18.09,44.5,26.8,accept
7,31.8,17.21,20.45,18.01,44.6,26.7,accept
7,32.49,18.19,21.05,17.85,43.9,26.7,accept
7,31.8,16.86,20.79,18.4,44.7,26.7,accept
7,31.12,16.86,20.71,18.15,44.4,26.7,accept
7,31.8,17.58,20.59,18.05,44.8,26.7,accept
7,30.96,16.65,20.61,18.02,44.4,26.7,accept
7,31.63,17.36,21.05,18.32,44.3,26.7,accept
7,31.46,17.29,21.02,18.44,44.6,26.7,accept
7,31.8,17.51,20.56,18.05,45.0,26.7,accept
7,32.14,17.07,20.53,17.86,44.2,26.7,accept
7,32.32,17.43,20.92,17.93,43.8,26.7,accept
7,31.8,17.29,20.45,17.97,44.4,26.8,accept
7,31.8,17.43,20.57,18.05,44.3,26.8,accept
7,31.97,17.81,20.93,18.16,44.3,26.7,accept
7,31.8,16.86,20.45,18.04,44.4,26.7,accept
7,31.97,16.93,20.83,18.28,44.5,26.7,accept
7,32.14,16.93,20.83,18.28,44.4,26.7,accept
7,32.14,17.58,20.97,17.86,43.7,26.7,accept
7,30.96,16.65,20.68,18.05,44.3,26.7,accept
7,31.8,16.93,20.4,18.05,44.5,26.7,accept
7,31.97,17.0,20.7,18.44,45.2,26.7,accept
7,31.63,17.36,20.46,18.05,44.6,26.7,accept
7,32.32,17.73,20.66,17.68,43.9,26.7,accept
7,31.97,17.51,20.79,17.95,44.1,26.7,accept
7,31.8,17.51,20.57,18.05,45.0,26.7,accept
7,31.97,17.36,20.45,18.14,44.8,26.7,accept
7,31.8,17.43,20.45,18.08,45.0,26.6,accept
7,31.97,17.81,20.83,18.35,45.3,26.7,accept
7,31.8,17.51,20.56,18.15,45.0,26.6,accept
7,31.63,16.72,20.81,18.13,44.3,26.7,accept
7,31.8,17.51,20.57,18.04,44.6,26.7,accept
7,32.32,18.04,20.83,17.7,43.9,26.7,accept
7,31.63,16.79,20.81,18.15,44.3,26.7,accept
7,31.12,16.93,20.56,18.25,45.3,26.6,accept
7,31.63,16.86,20.8,18.34,44.7,26.7,accept
7,31.12,16.93,20.93,18.43,44.6,26.7,accept
7,31.97,17.43,20.6,17.92,44.0,26.7,accept
7,31.63,17.51,20.97,18.34,44.4,26.7,accept
7,31.8,17.07,20.45,18.01,44.3,26.7,accept
7,31.46,17.0,20.69,18.38,45.2,26.7,accept
7,31.8,17.58,20.92,18.49,45.3,26.6,accept
7,31.97,17.58,20.81,17.95,44.1,26.7,accept
7,31.8,17.21,20.45,17.96,44.2,26.7,accept
7,31.8,17.43,20.45,18.05,45.0,26.6,accept
7,31.97,17.43,20.45,18.08,44.8,26.7,accept
7,31.8,17.51,20.6,18.05,44.8,26.7,accept
7,32.32,17.43,20.92,17.86,43.8,26.7,accept
7,31.8,17.43,20.57,18.05,44.4,26.8,accept
7,31.8,17.58,20.79,18.15,44.4,26.7,accept
7,31.8,17.58,20.81,18.2,44.6,26.7,accept
7,31.97,16.86,20.45,18.14,44.8,26.7,accept
7,32.14,16.93,20.82,18.25,44.4,26.7,accept
7,31.97,17.58,20.69,17.96,44.0,26.7,accept
7,32.67,18.43,21.3,17.96,43.9,26.7,accept
7,31.46,17.21,20.89,18.46,45.1,26.7,accept
7,31.97,16.93,20.81,18.43,44.6,26.7,accept
7,31.63,17.58,20.6,18.05,44.6,26.7,accept
7,31.97,16.93,20.71,18.46,45.2,26.7,accept
7,32.32,17.29,20.91,17.95,43.9,26.7,accept
7,32.14,17.43,20.49,17.68,44.0,26.7,accept
7,31.8,17.51,20.73,18.12,44.4,26.8,accept
7,31.46,16.93,20.81,18.23,44.4,26.7,accept
7,31.97,17.21,20.34,18.05,45.0,26.6,accept
7,31.46,17.29,20.9,18.49,45.3,26.6,accept
7,31.8,17.66,20.93,18.44,45.1,26.7,accept
7,31.97,16.79,20.57,18.05,44.4,26.7,accept
7,30.96,16.72,20.57,18.27,45.3,26.6,accept
7,31.8,16.86,20.43,18.05,44.6,26.7,accept
7,31.46,17.14,21.19,18.15,44.1,26.7,accept
7,31.97,16.86,20.45,18.24,45.3,26.7,accept
7,32.67,18.51,21.55,18.15,43.9,26.7,accept
7,32.32,17.58,20.93,17.88,43.7,26.7,accept
7,31.8,17.51,20.68,18.05,44.3,26.7,accept
7,31.8,17.43,20.57,18.04,44.4,26.8,accept
7,31.8,17.66,20.93,18.44,45.1,26.6,accept
7,31.8,17.51,20.73,18.12,44.4,26.7,accept
7,31.8,17.43,20.55,18.01,44.3,26.7,accept
7,31.63,17.0,20.75,18.34,44.9,26.7,accept
7,31.97,16.86,20.77,18.35,44.7,26.7,accept
7,31.97,16.93,20.45,18.21,45.0,26.7,accept
7,31.63,17.36,20.69,18.12,44.6,26.7,accept
7,31.8,16.79,20.81,18.11,44.3,26.7,accept
7,31.97,16.93,20.79,18.39,45.0,26.7,accept
7,31.63,17.36,20.45,18.05,44.6,26.7,accept
7,31.8,17.43,20.69,18.05,44.4,26.8,accept
7,32.49,18.43,21.56,18.23,43.9,26.7,accept
7,31.8,17.36,20.46,17.97,44.3,26.7,accept
7,31.8,17.51,20.67,18.05,44.4,26.7,accept
7,32.49,17.73,20.59,17.74,43.9,26.7,accept
7,32.14,17.14,20.46,17.74,44.1,26.7,accept
7,31.8,17.51,20.69,17.95,44.3,26.8,accept
7,31.97,16.79,20.65,18.07,44.4,26.7,accept
7,31.8,17.58,21.13,18.24,44.1,26.7,accept
7,31.63,17.36,20.94,18.44,44.9,26.7,accept
7,31.8,17.14,20.45,18.09,44.7,26.7,accept
7,32.32,17.88,20.69,17.76,43.9,26.7,accept
7,31.46,17.36,21.05,18.34,44.3,26.7,accept
7,31.8,17.36,20.49,17.96,44.2,26.7,accept
7,31.8,17.51,21.13,18.24,44.1,26.7,accept
7,32.49,18.19,21.04,17.74,44.0,26.8,accept
7,32.32,16.93,20.64,17.96,44.2,26.7,accept
7,31.46,17.0,20.69,18.35,45.3,26.6,accept
7,31.97,17.14,20.34,18.12,45.1,26.6,accept
7,31.12,16.72,20.56,18.14,44.9,26.7,accept
7,32.32,16.93,21.05,18.12,44.1,26.7,accept
7,32.14,17.14,21.3,18.24,44.1,26.7,accept
7,31.97,17.29,20.57,17.96,44.1,26.7,accept
7,31.8,17.14,20.45,18.05,44.4,26.7,accept
7,31.8,17.36,20.51,17.96,44.2,26.7,accept
7,31.46,17.21,21.07,18.25,44.1,26.7,accept
7,31.97,17.14,20.46,17.96,44.1,26.7,accept
7,30.96,16.72,20.57,18.16,44.7,26.7,accept
7,31.97,16.65,20.65,18.24,44.5,26.7,accept
7,31.29,16.93,20.59,18.23,44.9,26.7,accept
7,32.49,18.35,21.19,17.92,43.9,26.7,accept
7,30.8,16.51,20.56,18.14,44.6,26.7,accept
7,31.12,16.86,20.92,18.34,44.5,26.8,accept
7,31.8,17.66,20.91,18.24,44.4,26.7,accept
7,31.8,17.36,20.54,18.0,44.2,26.7,accept
7,31.29,16.93,20.64,18.24,44.9,26.7,accept
7,31.8,17.43,20.62,17.96,44.2,26.7,accept
7,31.8,17.51,20.65,18.05,44.4,26.7,accept
7,31.12,16.86,20.69,18.12,44.4,26.7,accept
7,30.96,16.79,20.81,18.34,44.6,26.7,accept
7,31.8,17.66,21.62,18.34,44.0,26.7,accept
7,31.63,17.51,20.57,18.05,44.6,26.7,accept
7,31.8,17.51,20.58,18.05,44.3,26.7,accept
7,32.14,17.43,20.49,17.74,44.0,26.7,accept
7,31.97,17.14,20.34,18.05,45.1,26.6,accept
7,31.97,17.36,20.38,18.09,45.0,26.7,accept
7,31.63,17.51,20.69,18.1,44.7,26.8,accept
7,31.12,16.93,20.57,18.29,45.3,26.6,accept
7,31.97,17.07,20.46,17.96,44.2,26.7,accept
7,31.97,16.93,20.48,17.98,44.2,26.7,accept
7,31.12,16.79,20.87,18.12,44.1,26.7,accept
7,32.32,17.0,21.18,18.24,44.1,26.7,accept
7,31.12,16.86,20.69,18.25,44.5,26.7,accept
7,31.46,16.93,20.87,18.23,44.3,26.7,accept
7,31.97,17.51,20.57,18.1,44.8,26.7,accept
7,31.97,17.73,20.69,18.23,45.3,26.6,accept
7,31.63,17.0,20.69,18.42,45.4,26.7,accept
7,31.29,16.86,20.7,18.34,44.7,26.7,accept
7,31.8,16.86,20.81,18.36,44.6,26.7,accept
7,31.8,17.51,20.57,18.11,44.8,26.7,accept
7,32.49,18.11,20.92,17.69,43.9,26.7,accept
7,31.12,16.79,20.63,18.24,44.7,26.7,accept
7,31.63,17.21,20.45,18.05,44.6,26.7,accept
7,32.14,17.51,20.93,17.88,43.7,26.7,accept
7,31.8,17.51,20.57,18.07,45.1,26.7,accept
7,31.97,16.93,20.81,18.1,44.3,26.7,accept
7,31.97,17.58,20.78,17.94,44.1,26.7,accept
7,31.97,17.36,20.58,17.96,44.0,26.7,accept
7,32.14,17.0,20.8,18.35,45.0,26.7,accept
7,31.8,16.72,20.46,18.1,44.5,26.7,accept
7,31.8,17.21,20.45,18.04,44.6,26.7,accept
7,31.63,16.86,20.77,18.34,44.7,26.7,accept
7,31.8,16.86,20.42,18.05,44.6,26.7,accept
7,31.8,17.51,20.46,18.05,45.0,26.6,accept
7,31.8,16.93,20.69,18.44,45.4,26.7,accept
7,31.63,17.43,20.93,18.43,45.1,26.7,accept
7,31.8,17.36,20.56,17.98,44.2,26.7,accept
7,31.63,17.51,20.95,18.39,44.6,26.7,accept
7,32.49,18.19,20.97,17.83,43.9,26.7,accept
7,32.32,17.96,20.8,17.68,43.9,26.7,accept
7,31.63,17.43,20.69,18.06,44.6,26.7,accept
7,31.97,17.29,20.45,18.06,44.8,26.7,accept
7,31.8,16.72,20.45,18.05,44.5,26.7,accept
7,31.63,17.29,20.45,18.05,44.6,26.7,accept
7,31.63,17.36,21.52,18.24,44.0,26.7,accept
7,31.8,17.43,20.54,17.98,44.6,26.7,accept
7,31.97,16.93,20.8,18.4,45.0,26.7,accept
7,31.46,17.0,21.22,18.05,44.0,26.7,accept
7,31.8,17.21,20.45,18.01,44.4,26.7,accept
7,31.97,17.51,20.57,18.15,44.8,26.7,accept
7,31.97,17.0,20.44,18.15,45.0,26.7,accept
7,31.97,17.81,20.93,18.04,44.1,26.7,accept
7,31.8,17.51,20.69,17.98,44.2,26.7,accept
7,32.32,17.96,20.79,17.69,43.9,26.7,accept
7,31.8,17.36,20.55,17.98,44.2,26.7,accept
7,31.8,17.07,20.34,18.15,45.1,26.6,accept
7,31.97,17.14,20.37,18.14,44.9,26.7,accept
7,31.97,17.36,20.45,18.08,44.8,26.7,accept
7,31.12,16.72,20.74,18.05,44.2,26.7,accept
7,31.12,16.79,20.81,18.16,44.3,26.7,accept
7,32.49,18.19,20.93,17.71,43.9,26.7,accept
7,30.96,16.72,20.52,18.24,45.3,26.6,accept
7,31.97,17.36,20.45,18.12,44.8,26.7,accept
7,32.32,17.29,20.89,17.9,43.9,26.7,accept
7,31.8,17.51,20.56,18.13,45.0,26.7,accept
7,31.8,17.51,20.55,18.14,45.0,26.7,accept
7,32.32,18.04,20.92,17.68,43.9,26.7,accept
7,31.8,17.51,20.57,18.05,45.0,26.6,accept
7,31.97,17.21,20.34,18.09,45.0,26.6,accept
7,31.12,16.72,20.6,18.19,44.9,26.7,accept
7,31.97,17.29,20.56,17.94,44.1,26.7,accept
7,32.49,18.19,21.05,17.8,43.9,26.7,accept
7,31.8,17.51,20.69,18.05,44.3,26.7,accept
7,32.49,18.19,21.05,17.77,43.9,26.7,accept
7,32.32,17.14,20.93,17.93,44.0,26.7,accept
7,31.63,17.43,20.7,18.15,44.6,26.7,accept
7,32.49,18.43,21.27,17.94,43.9,26.7,accept
7,32.49,18.04,20.82,17.68,43.9,26.7,accept
7,31.8,17.43,20.56,18.05,44.6,26.7,accept
7,31.8,17.66,20.87,18.28,44.6,26.7,accept
7,31.97,17.43,20.45,18.13,44.8,26.7,accept
7,31.46,17.43,21.02,18.4,44.6,26.7,accept
7,31.12,16.79,20.69,18.31,45.1,26.7,accept
7,31.97,17.73,21.09,18.21,44.1,26.7,accept
7,31.97,17.81,20.81,18.34,45.1,26.7,accept
7,31.8,17.0,20.45,18.01,44.3,26.7,accept
7,31.97,16.93,20.69,18.43,45.3,26.7,accept
7,32.14,17.73,20.67,17.68,43.9,26.7,accept
7,31.8,17.07,20.38,18.15,44.9,26.7,accept
7,32.32,17.73,20.65,17.7,43.9,26.7,accept
7,31.8,17.43,20.69,18.07,44.4,26.7,accept
7,31.8,17.14,20.45,18.05,44.5,26.7,accept
7,32.32,17.96,20.76,17.75,43.9,26.7,accept
7,31.97,17.88,20.81,18.34,45.3,26.6,accept
7,31.97,17.81,20.78,18.34,45.1,26.7,accept
7,31.63,17.43,20.98,18.35,44.4,26.7,accept
7,31.29,16.93,20.81,18.19,44.4,26.7,accept
7,31.12,16.86,20.69,18.14,44.4,26.7,accept
7,31.29,16.93,20.8,18.16,44.4,26.7,accept
7,32.32,18.11,21.66,18.26,44.0,26.7,accept
7,32.14,17.0,20.8,18.38,45.0,26.7,accept
7,31.46,17.07,21.3,18.13,44.0,26.7,accept
7,32.32,18.04,20.81,17.68,43.9,26.7,accept
7,31.63,17.51,20.69,18.09,44.4,26.7,accept
7,31.8,16.86,20.81,18.42,44.6,26.8,accept
7,31.46,17.29,20.92,18.44,45.1,26.7,accept
7,31.63,17.51,20.95,18.34,44.4,26.7,accept
7,30.96,16.79,20.62,18.18,44.5,26.7,accept
7,31.63,17.43,21.05,18.32,44.3,26.7,accept
7,31.97,17.43,20.58,17.95,44.0,26.7,accept
7,31.97,17.36,20.4,18.05,45.0,26.6,accept
7,31.8,17.51,20.57,18.13,44.8,26.7,accept
7,31.29,16.86,20.81,18.05,44.2,26.7,accept
7,30.96,16.79,20.64,18.15,44.5,26.7,accept
7,32.32,16.93,20.95,17.98,44.0,26.7,accept
7,31.8,17.14,21.29,18.24,44.1,26.7,accept
7,31.8,16.86,20.45,18.03,44.4,26.7,accept
7,32.14,17.14,21.31,18.24,44.1,26.7,accept
7,30.96,16.58,20.69,18.15,44.5,26.7,accept
7,31.97,17.43,20.45,18.14,44.8,26.7,accept
7,31.97,17.73,20.84,17.96,44.1,26.7,accept
7,31.63,17.36,21.12,18.24,44.1,26.7,accept
7,31.97,17.0,20.35,18.15,45.2,26.7,accept
7,31.8,17.43,20.45,18.07,45.0,26.6,accept
7,30.8,16.58,20.68,18.22,44.6,26.7,accept
7,31.8,17.51,20.69,17.97,44.2,26.7,accept
7,31.8,17.58,20.68,18.05,44.6,26.7,accept
7,31.97,17.51,20.52,18.15,45.2,26.6,accept
7,31.8,16.86,20.81,18.36,44.6,26.8,accept
7,31.8,17.07,20.45,17.98,44.3,26.7,accept
7,31.8,17.43,20.49,18.03,44.6,26.8,accept
7,32.14,17.58,20.93,17.86,43.7,26.7,accept
7,31.97,17.51,20.48,18.15,45.2,26.7,accept
7,31.8,17.29,20.45,17.98,44.4,26.7,accept
7,31.46,17.21,21.01,18.45,44.6,26.7,accept
7,31.8,17.73,20.86,18.44,45.3,26.7,accept
7,31.97,17.58,20.56,18.13,45.0,26.6,accept
7,31.29,17.0,20.81,18.44,45.3,26.6,accept
7,31.8,17.0,20.45,18.05,44.8,26.7,accept
7,32.32,16.93,21.05,18.06,44.1,26.7,accept
7,31.29,16.93,20.57,18.26,45.2,26.7,accept
7,31.97,17.36,20.45,18.13,44.8,26.7,accept
7,31.46,17.0,20.69,18.33,45.0,26.7,accept
7,32.14,17.88,21.03,18.15,44.1,26.7,accept
7,31.63,17.07,20.69,18.44,45.2,26.7,accept
7,31.8,17.14,20.45,18.05,44.6,26.7,accept
7,31.8,16.86,20.78,18.36,44.7,26.7,accept
7,31.29,17.07,20.95,18.44,44.7,26.8,accept
7,31.97,16.93,20.69,18.47,45.3,26.6,accept
7,31.29,17.0,20.6,18.34,45.3,26.7,accept
7,31.97,17.81,20.93,18.14,44.2,26.7,accept
7,31.97,17.73,20.69,18.16,44.8,26.7,accept
7,31.8,16.72,20.45,18.11,44.6,26.7,accept
7,31.29,17.14,21.02,18.36,44.4,26.7,accept
7,32.14,16.79,20.56,17.86,44.2,26.7,accept
7,31.97,16.93,20.45,18.19,45.0,26.7,accept
7,31.8,17.51,20.45,18.06,45.0,26.6,accept
7,31.12,16.72,20.6,18.24,45.1,26.7,accept
7,31.46,17.14,21.32,18.15,44.0,26.7,accept
7,31.8,17.43,20.46,18.03,44.6,26.7,accept
7,32.14,17.29,20.45,17.68,44.0,26.7,accept
7,31.8,17.51,20.57,18.15,44.8,26.7,accept
7,31.8,17.51,20.53,18.15,45.2,26.6,accept
7,31.97,17.21,20.34,18.09,45.0,26.7,accept
7,31.97,16.79,20.47,18.24,45.3,26.7,accept
7,31.97,17.51,20.48,18.16,45.2,26.6,accept
7,31.97,17.29,20.44,18.05,44.8,26.7,accept
7,30.96,16.72,20.45,18.24,45.3,26.6,accept
7,31.63,17.29,20.45,18.04,44.6,26.7,accept
7,31.97,17.81,20.9,18.44,45.1,26.7,accept
7,30.96,16.65,20.56,18.15,44.7,26.7,accept
7,30.96,16.72,20.56,18.24,45.3,26.6,accept
7,31.8,17.29,20.46,17.95,44.2,26.7,accept
7,31.97,17.51,20.54,18.21,45.2,26.7,accept
7,31.8,17.51,20.59,18.05,44.8,26.7,accept
7,31.8,17.51,20.57,17.98,44.6,26.7,accept
7,31.12,17.0,20.81,18.37,45.1,26.7,accept
7,31.8,17.36,20.45,18.04,44.6,26.7,accept
7,30.96,16.86,20.68,18.24,44.7,26.7,accept
7,31.8,17.29,20.45,17.95,44.2,26.7,accept
7,31.8,16.93,20.45,17.99,44.3,26.7,accept
7,31.8,17.66,20.69,18.05,44.6,26.7,accept
7,31.8,17.51,20.46,18.15,45.2,26.7,accept
7,31.97,17.51,20.5,18.05,44.8,26.7,accept
7,31.8,17.51,20.69,18.1,44.4,26.7,accept
7,32.32,17.51,20.94,17.86,43.8,26.8,accept
7,31.8,17.36,20.38,18.07,45.0,26.6,accept
7,31.8,17.58,20.69,18.1,44.6,26.7,accept
7,31.97,16.86,20.45,18.24,45.1,26.7,accept
7,31.97,16.86,20.77,18.4,44.7,26.7,accept
7,30.8,16.58,20.57,18.1,44.5,26.7,accept
7,31.63,17.51,20.69,18.09,44.6,26.7,accept
7,32.14,16.79,20.57,18.24,44.9,26.7,accept
7,31.12,16.72,20.81,18.11,44.2,26.7,accept
7,31.97,17.51,20.8,17.95,44.0,26.7,accept
7,31.12,16.93,20.58,18.18,44.9,26.7,accept
7,31.29,16.86,20.7,18.3,44.5,26.7,accept
7,31.97,17.51,20.78,17.92,44.0,26.7,accept
7,31.8,17.29,20.45,17.98,44.3,26.7,accept
7,31.8,16.79,20.45,18.05,44.6,26.7,accept
7,31.63,17.51,20.69,18.15,44.7,26.8,accept
7,32.32,17.36,20.91,17.94,43.9,26.7,accept
7,31.29,17.07,21.05,18.24,44.1,26.7,accept
7,31.8,17.51,20.69,18.09,44.4,26.7,accept
7,31.46,17.29,21.01,18.39,44.4,26.7,accept
7,32.14,17.07,20.46,17.84,44.1,26.7,accept
7,31.63,17.0,20.69,18.44,45.4,26.7,accept
7,31.8,16.65,20.57,18.24,44.5,26.7,accept
7,30.96,16.72,20.59,18.15,44.5,26.7,accept
7,31.8,17.43,20.48,18.05,44.6,26.8,accept
7,31.97,17.0,20.8,18.42,45.0,26.7,accept
7,31.29,17.14,21.01,18.42,44.4,26.7,accept
8,32.14,17.66,21.28,17.73,43.2,26.7,accept
8,32.32,16.86,20.93,17.7,43.5,26.7,accept
8,32.49,17.29,21.01,17.41,42.9,26.7,accept
8,32.14,17.51,21.05,17.68,43.1,26.7,accept
8,32.32,17.07,20.93,17.32,42.8,26.7,accept
8,31.63,17.07,21.31,17.86,43.0,26.7,accept
8,32.32,17.36,20.84,17.47,42.8,26.7,accept
8,32.32,16.79,21.05,17.86,43.6,26.7,accept
8,32.32,16.86,21.18,17.96,43.4,26.7,accept
8,32.67,18.19,21.2,17.68,43.2,26.7,accept
8,32.32,17.66,21.17,17.39,42.7,26.7,accept
8,32.32,16.79,21.16,17.83,43.3,26.7,accept
8,31.46,16.65,21.17,17.49,42.8,26.7,accept
8,32.14,17.58,20.94,17.77,43.6,26.7,accept
8,32.14,16.79,21.15,17.84,43.3,26.7,accept
8,32.14,17.51,20.93,17.71,43.5,26.7,accept
8,31.8,17.0,21.17,18.04,43.8,26.7,accept
8,32.14,17.43,21.36,17.89,43.1,26.7,accept
8,32.32,17.51,20.93,17.79,43.5,26.7,accept
8,31.46,16.72,21.17,17.7,43.0,26.7,accept
8,31.63,16.86,21.17,17.49,42.9,26.7,accept
8,32.14,17.51,21.18,17.76,43.2,26.7,accept
8,31.29,16.86,20.96,17.9,43.9,26.7,accept
8,32.32,17.43,20.93,17.57,42.9,26.7,accept
8,32.49,17.58,21.17,17.4,42.7,26.7,accept
8,32.14,17.66,21.05,17.7,43.6,26.7,accept
8,32.32,17.51,20.93,17.68,43.4,26.7,accept
8,32.49,17.66,21.17,17.36,42.7,26.7,accept
8,32.49,17.88,21.29,17.75,43.2,26.7,accept
8,31.63,17.14,21.3,18.15,43.8,26.7,accept
8,32.14,17.43,21.02,17.59,43.1,26.7,accept
8,32.49,16.93,21.29,17.65,43.0,26.6,accept
8,32.32,16.79,21.2,18.05,43.5,26.7,accept
8,32.32,17.36,20.92,17.47,42.8,26.7,accept
8,32.49,17.43,20.99,17.4,42.8,26.7,accept
8,32.32,17.58,21.04,17.68,43.4,26.7,accept
8,32.14,17.43,21.02,17.5,42.9,26.7,accept
8,31.63,16.72,21.17,18.01,43.4,26.7,accept
8,32.14,16.86,20.78,17.58,43.2,26.7,accept
8,32.32,17.51,20.94,17.49,42.8,26.7,accept
8,31.46,16.86,21.01,17.88,43.8,26.7,accept
8,32.14,17.66,21.41,18.15,43.8,26.7,accept
8,31.97,17.29,21.35,17.93,43.1,26.7,accept
8,31.63,16.79,21.1,17.76,43.3,26.7,accept
8,32.32,17.73,21.28,17.76,43.2,26.7,accept
8,32.14,17.66,21.06,17.86,43.8,26.8,accept
8,31.97,16.93,21.17,18.15,43.9,26.7,accept
8,31.29,16.58,21.05,17.68,43.1,26.7,accept
8,32.32,17.21,20.81,17.49,42.9,26.7,accept
8,32.14,16.93,20.81,17.86,43.9,26.7,accept
8,32.32,17.51,20.96,17.49,42.8,26.7,accept
8,32.32,17.58,21.17,17.32,42.6,26.6,accept
8,31.63,17.21,21.37,18.15,43.8,26.7,accept
8,32.32,17.66,21.3,17.84,43.1,26.7,accept
8,32.14,17.43,20.94,17.51,42.9,26.7,accept
8,32.32,17.73,21.09,17.68,43.4,26.7,accept
8,32.14,17.58,21.04,17.72,43.6,26.7,accept
8,32.32,17.58,21.16,17.68,43.1,26.7,accept
8,32.14,17.07,20.8,17.56,43.1,26.7,accept
8,32.14,17.0,20.81,17.64,43.2,26.7,accept
8,32.67,18.11,21.05,17.66,43.2,26.7,accept
8,32.32,17.58,21.17,17.36,42.7,26.6,accept
8,32.14,17.66,21.05,17.86,43.7,26.7,accept
8,32.32,17.51,21.05,17.59,42.9,26.7,accept
8,32.14,17.51,21.2,17.77,43.2,26.7,accept
8,32.32,16.79,20.93,17.87,43.8,26.7,accept
8,32.32,17.58,21.17,17.33,42.7,26.7,accept
8,32.14,17.51,21.21,17.58,42.8,26.7,accept
8,32.32,17.58,21.17,17.4,42.7,26.6,accept
8,32.14,17.51,20.95,17.47,42.8,26.7,accept
8,32.32,17.29,20.93,17.31,42.7,26.6,accept
8,32.32,17.66,21.06,17.68,43.4,26.7,accept
8,31.97,16.93,21.29,17.6,43.0,26.6,accept
8,32.14,17.0,20.81,17.66,43.2,26.7,accept
8,31.63,17.0,21.06,17.95,43.8,26.7,accept
8,31.46,16.93,21.42,18.05,43.3,26.7,accept
8,32.14,17.21,20.83,17.64,43.1,26.7,accept
8,32.14,17.36,20.93,17.68,43.0,26.7,accept
8,32.14,16.65,20.81,17.63,43.3,26.7,accept
8,32.32,17.51,21.04,17.42,42.8,26.7,accept
8,31.97,17.0,21.25,17.97,43.6,26.7,accept
8,32.32,17.51,20.93,17.79,43.6,26.7,accept
8,32.32,17.81,21.29,17.74,43.2,26.8,accept
8,32.14,17.51,20.93,17.77,43.5,26.7,accept
8,32.14,17.43,21.03,17.51,42.9,26.7,accept
8,32.32,17.58,21.17,17.35,42.7,26.6,accept
8,32.14,17.36,20.92,17.68,43.0,26.7,accept
8,32.14,16.72,20.81,17.59,43.2,26.7,accept
8,32.32,17.66,21.28,17.75,43.2,26.7,accept
8,32.49,17.81,21.16,17.5,42.8,26.7,accept
8,31.29,16.72,21.01,17.95,43.8,26.7,accept
8,32.32,17.43,20.83,17.76,43.6,26.7,accept
8,32.49,17.51,20.8,17.51,43.3,26.7,accept
8,31.46,16.72,21.07,17.94,43.4,26.7,accept
8,32.32,17.58,21.14,17.34,42.7,26.7,accept
8,31.46,16.79,21.03,17.77,43.5,26.7,accept
8,32.32,17.66,21.25,17.76,43.2,26.7,accept
8,32.32,17.07,20.8,17.48,42.9,26.7,accept
8,32.32,17.29,20.93,17.31,42.6,26.6,accept
8,32.32,17.58,20.95,17.38,42.8,26.7,accept
8,32.49,16.79,21.04,17.43,42.9,26.6,accept
8,31.46,16.79,21.05,17.68,43.2,26.7,accept
8,32.32,17.58,21.05,17.4,42.7,26.7,accept
8,32.32,16.86,20.81,17.78,43.7,26.7,accept
8,32.14,17.21,20.81,17.63,43.1,26.7,accept
8,31.63,17.07,21.17,18.07,44.0,26.7,accept
8,32.67,18.19,21.27,17.72,43.2,26.7,accept
8,32.14,17.58,21.37,17.83,42.9,26.7,accept
8,32.49,17.21,21.03,17.41,42.9,26.7,accept
8,32.32,17.66,21.04,17.68,43.4,26.7,accept
8,32.32,17.58,21.14,17.37,42.7,26.7,accept
8,31.29,16.72,21.11,17.95,43.7,26.8,accept
8,32.14,17.58,20.95,17.77,43.6,26.7,accept
8,32.32,17.58,21.17,17.31,42.5,26.6,accept
8,32.32,17.21,20.81,17.47,42.9,26.7,accept
8,31.97,16.93,21.17,18.14,44.0,26.7,accept
8,32.49,17.51,21.05,17.31,42.6,26.6,accept
8,32.32,17.58,21.02,17.68,43.4,26.7,accept
8,32.49,17.43,21.01,17.39,42.8,26.7,accept
8,32.14,17.43,21.03,17.59,43.0,26.7,accept
8,32.32,17.58,21.17,17.37,42.7,26.7,accept
8,32.14,17.36,20.82,17.68,43.4,26.7,accept
8,31.46,16.65,21.05,17.4,42.8,26.6,accept
8,32.14,17.36,20.93,17.52,42.9,26.7,accept
8,32.14,17.51,21.05,17.58,42.9,26.7,accept
8,32.32,17.07,20.93,17.31,42.8,26.7,accept
8,32.14,17.29,20.88,17.64,43.1,26.7,accept
8,32.32,17.58,20.93,17.72,43.4,26.7,accept
8,32.32,17.73,21.29,17.76,43.2,26.7,accept
8,32.14,17.43,20.93,17.58,42.9,26.7,accept
8,31.46,16.93,21.05,17.94,43.8,26.7,accept
8,32.14,17.58,21.01,17.69,43.5,26.7,accept
8,32.32,17.58,21.15,17.38,42.7,26.7,accept
8,32.14,17.81,21.41,18.14,43.8,26.7,accept
8,32.14,17.0,20.78,17.58,43.1,26.7,accept
8,31.97,17.36,21.49,18.05,43.2,26.7,accept
8,32.32,16.79,20.81,17.5,43.2,26.7,accept
8,31.46,16.86,21.07,17.83,43.4,26.7,accept
8,32.67,17.14,21.17,17.58,43.2,26.7,accept
8,32.49,17.14,21.18,17.59,43.2,26.7,accept
8,32.14,17.43,21.17,17.77,43.2,26.7,accept
8,32.32,17.43,20.85,17.77,43.6,26.7,accept
8,32.32,17.88,21.2,17.87,43.6,26.7,accept
8,32.14,17.43,21.04,17.59,43.1,26.7,accept
8,32.14,17.58,21.05,17.74,43.6,26.7,accept
8,32.32,17.58,21.17,17.36,42.7,26.7,accept
8,32.14,17.66,21.05,17.86,43.8,26.8,accept
8,31.97,16.79,21.18,18.04,43.5,26.7,accept
8,32.14,17.66,21.06,17.68,43.5,26.8,accept
8,32.14,17.51,21.19,17.72,43.2,26.7,accept
8,32.32,16.65,21.17,17.99,43.5,26.7,accept
8,32.14,17.36,20.93,17.5,42.9,26.7,accept
8,32.49,16.79,21.03,17.41,42.9,26.6,accept
8,31.46,17.0,21.07,17.86,43.6,26.7,accept
8,32.32,17.43,20.94,17.49,42.8,26.7,accept
8,32.32,17.14,20.69,17.49,43.4,26.7,accept
8,32.14,17.58,21.05,17.81,43.6,26.7,accept
8,32.14,17.29,20.81,17.76,43.7,26.7,accept
8,32.14,17.36,20.93,17.6,43.0,26.7,accept
8,32.32,17.58,21.05,17.68,43.4,26.7,accept
8,32.32,17.51,21.05,17.66,43.1,26.7,accept
8,32.49,17.73,20.9,17.49,43.2,26.7,accept
8,32.32,17.58,20.96,17.68,43.4,26.7,accept
8,32.32,17.66,21.05,17.68,43.4,26.7,accept
8,32.49,17.43,21.0,17.39,42.8,26.7,accept
8,31.8,16.93,21.26,17.59,43.0,26.6,accept
8,31.46,16.93,21.27,18.05,43.6,26.7,accept
8,32.85,17.29,21.29,17.68,43.2,26.7,accept
8,32.32,17.51,21.03,17.45,42.8,26.7,accept
8,32.32,17.43,20.95,17.45,42.8,26.7,accept
8,32.32,17.66,21.16,17.4,42.7,26.7,accept
8,32.14,17.43,20.95,17.45,42.8,26.7,accept
8,32.14,16.79,20.8,17.59,43.2,26.7,accept
8,31.63,16.86,21.15,17.48,42.9,26.7,accept
8,32.14,17.14,20.81,17.75,43.7,26.7,accept
8,32.32,17.43,20.94,17.47,42.8,26.7,accept
8,32.14,17.36,20.93,17.55,42.9,26.7,accept
8,31.46,16.86,20.99,17.86,43.7,26.7,accept
8,32.32,17.51,21.05,17.48,42.8,26.7,accept
8,32.14,17.36,20.93,17.62,43.0,26.7,accept
8,32.32,16.86,21.16,17.82,43.3,26.7,accept
8,32.14,17.36,20.93,17.59,43.0,26.7,accept
8,32.14,17.66,21.05,17.86,43.8,26.7,accept
8,32.14,17.43,20.95,17.52,42.9,26.7,accept
8,32.49,17.21,21.2,17.63,43.2,26.7,accept
8,32.14,17.21,20.81,17.56,42.9,26.7,accept
8,32.32,16.86,21.17,17.95,43.4,26.7,accept
8,32.14,17.51,20.93,17.74,43.5,26.7,accept
8,31.29,16.72,21.05,17.9,43.7,26.7,accept
8,32.32,17.29,20.81,17.68,43.5,26.7,accept
8,31.46,16.93,21.05,17.86,43.6,26.8,accept
8,32.32,17.29,20.81,17.47,42.8,26.7,accept
8,31.46,16.86,20.94,17.4,42.9,26.7,accept
8,32.32,16.79,21.17,17.96,43.4,26.7,accept
8,32.32,17.43,20.97,17.47,42.8,26.7,accept
8,32.14,17.51,21.54,17.68,42.7,26.7,accept
8,32.49,17.29,20.93,17.31,42.7,26.7,accept
8,32.14,17.29,20.81,17.77,43.6,26.7,accept
8,32.32,17.73,21.25,17.76,43.1,26.7,accept
8,32.14,17.07,20.81,17.64,43.1,26.7,accept
8,32.32,17.58,21.0,17.68,43.4,26.7,accept
8,32.14,17.07,21.28,18.0,43.7,26.7,accept
8,32.14,17.36,20.91,17.51,42.9,26.7,accept
8,32.32,17.58,21.17,17.34,42.7,26.7,accept
8,32.14,16.58,20.93,17.79,43.4,26.7,accept
8,32.14,17.58,21.05,17.77,43.6,26.7,accept
8,31.8,16.72,21.17,17.96,43.4,26.7,accept
8,32.14,17.66,21.06,17.78,43.6,26.7,accept
8,31.29,16.79,20.94,17.83,43.7,26.7,accept
8,32.32,16.65,21.05,17.86,43.4,26.7,accept
8,31.63,17.14,21.38,18.01,43.5,26.8,accept
8,31.29,16.65,21.08,17.68,43.0,26.7,accept
8,32.32,17.58,20.94,17.68,43.4,26.7,accept
8,32.14,17.21,21.17,17.59,43.2,26.7,accept
8,32.14,17.73,21.41,17.94,43.2,26.7,accept
8,32.14,17.07,20.8,17.49,43.0,26.7,accept
8,32.14,17.36,20.93,17.51,42.9,26.7,accept
8,31.29,16.51,20.89,17.56,43.1,26.7,accept
8,32.32,17.58,21.16,17.38,42.7,26.7,accept
8,32.14,16.79,21.21,18.05,43.5,26.7,accept
8,32.32,17.66,21.17,17.69,43.1,26.7,accept
8,31.97,17.29,21.36,17.86,43.0,26.7,accept
8,32.49,17.81,20.89,17.5,43.2,26.7,accept
8,32.14,17.51,21.18,17.74,43.2,26.7,accept
8,31.8,17.29,21.4,18.15,43.8,26.7,accept
8,32.14,16.86,21.29,17.62,43.0,26.6,accept
8,32.14,17.43,21.0,17.51,42.9,26.7,accept
8,32.32,17.73,21.29,17.68,42.9,26.7,accept
8,31.63,17.07,20.97,17.45,43.0,26.7,accept
8,31.46,16.86,21.29,17.59,42.8,26.7,accept
8,32.14,16.58,20.89,17.68,43.3,26.7,accept
8,32.49,17.51,21.05,17.38,42.8,26.7,accept
8,32.32,17.51,20.93,17.39,42.8,26.7,accept
8,32.14,17.51,21.05,17.63,43.1,26.7,accept
8,32.32,17.43,20.95,17.48,42.8,26.7,accept
8,31.8,16.79,21.16,17.89,43.4,26.7,accept
8,32.14,17.36,20.82,17.76,43.6,26.7,accept
8,32.14,16.86,20.69,17.55,43.4,26.7,accept
8,32.67,16.93,21.29,17.67,43.0,26.6,accept
8,32.49,17.51,21.05,17.31,42.6,26.7,accept
8,32.32,17.0,21.25,18.0,43.7,26.7,accept
8,32.32,16.58,21.05,17.85,43.4,26.7,accept
8,32.14,17.58,21.05,17.86,43.7,26.7,accept
8,31.46,16.65,21.17,17.46,42.8,26.7,accept
8,31.63,17.21,21.37,18.12,43.6,26.7,accept
8,32.32,17.51,21.04,17.44,42.8,26.7,accept
8,32.32,16.72,20.97,17.68,43.3,26.7,accept
8,32.32,17.66,21.28,17.69,43.2,26.8,accept
8,32.67,17.21,21.19,17.63,43.2,26.7,accept
8,31.8,16.93,21.21,17.59,43.0,26.7,accept
8,31.63,16.93,21.17,17.51,43.0,26.7,accept
8,32.14,17.58,21.47,18.05,43.2,26.7,accept
8,32.32,17.88,21.26,17.98,43.8,26.7,accept
8,32.32,17.81,21.29,17.76,43.2,26.7,accept
8,31.46,17.0,21.05,17.99,43.9,26.7,accept
8,32.14,17.21,20.81,17.48,42.9,26.7,accept
8,32.49,17.07,21.17,17.58,43.2,26.7,accept
8,32.14,17.36,20.93,17.63,43.0,26.7,accept
8,31.97,17.0,21.17,17.96,43.6,26.7,accept
8,32.32,17.43,20.98,17.47,42.8,26.7,accept
8,32.14,16.93,20.81,17.68,43.5,26.7,accept
8,31.8,17.36,21.41,18.04,43.4,26.7,accept
8,32.14,17.51,20.91,17.68,43.4,26.7,accept
8,31.12,16.44,21.05,17.81,43.4,26.7,accept
8,31.29,16.72,20.94,17.88,43.9,26.7,accept
8,32.14,17.43,20.98,17.51,42.9,26.7,accept
8,32.14,17.43,20.93,17.5,42.9,26.7,accept
8,31.29,16.72,21.04,17.95,43.8,26.7,accept
8,32.14,17.21,20.83,17.65,43.1,26.7,accept
8,32.32,17.43,20.99,17.46,42.8,26.7,accept
8,32.14,17.58,20.94,17.77,43.5,26.7,accept
8,32.32,17.66,21.28,17.69,43.2,26.7,accept
8,32.14,17.58,20.96,17.77,43.6,26.7,accept
8,32.32,17.36,20.91,17.51,42.9,26.7,accept
8,32.32,17.58,21.35,17.81,42.9,26.7,accept
8,32.14,17.58,21.04,17.75,43.6,26.7,accept
8,32.14,16.86,20.8,17.49,43.1,26.7,accept
8,32.32,17.51,21.02,17.48,42.8,26.7,accept
8,31.29,16.51,20.93,17.59,43.0,26.6,accept
8,31.97,16.79,21.17,17.92,43.4,26.7,accept
8,32.14,17.58,20.95,17.78,43.6,26.7,accept
8,32.14,17.58,21.04,17.77,43.7,26.8,accept
8,32.14,17.51,20.93,17.7,43.5,26.7,accept
8,32.67,17.21,21.2,17.61,43.2,26.7,accept
8,32.49,17.96,21.29,17.7,43.2,26.7,accept
8,32.49,17.58,21.08,17.31,42.6,26.7,accept
8,32.32,17.29,20.81,17.46,42.8,26.7,accept
8,31.29,16.86,21.17,17.86,43.5,26.8,accept
8,31.8,17.29,21.25,17.6,42.8,26.6,accept
8,31.97,16.79,21.15,17.79,43.3,26.7,accept
8,31.63,17.0,20.93,17.39,43.0,26.7,accept
8,32.14,17.21,20.81,17.54,42.9,26.7,accept
8,32.32,17.43,20.87,17.68,43.4,26.7,accept
8,32.32,17.58,21.17,17.31,42.6,26.6,accept
8,32.49,17.51,21.04,17.36,42.8,26.7,accept
8,32.32,17.58,20.95,17.68,43.4,26.7,accept
8,31.29,16.72,20.93,17.86,43.9,26.7,accept
8,32.32,17.36,20.93,17.68,43.0,26.7,accept
8,31.29,16.79,21.05,17.96,43.8,26.7,accept
8,32.14,17.58,21.05,17.68,43.5,26.8,accept
8,31.8,17.21,21.46,18.05,43.3,26.7,accept
8,32.14,17.07,20.81,17.64,43.2,26.7,accept
8,31.97,16.72,21.17,17.99,43.5,26.7,accept
8,32.32,17.0,21.28,18.03,43.7,26.7,accept
8,32.14,17.21,20.81,17.55,43.0,26.7,accept
8,32.14,16.79,21.24,18.05,43.5,26.7,accept
8,32.32,17.36,20.91,17.48,42.8,26.7,accept
8,32.67,17.14,21.11,17.53,43.1,26.7,accept
8,32.14,17.29,20.85,17.53,42.9,26.7,accept
8,32.32,17.51,21.03,17.49,42.8,26.7,accept
8,31.63,17.0,21.11,17.96,43.8,26.7,accept
8,32.49,16.93,20.96,17.4,42.9,26.7,accept
8,32.14,16.79,21.17,17.93,43.4,26.7,accept
8,32.32,17.73,21.29,17.68,43.2,26.7,accept
8,32.32,17.58,21.15,17.34,42.7,26.7,accept
8,32.32,16.58,20.93,17.68,43.4,26.7,accept
8,32.32,17.51,21.05,17.42,42.8,26.7,accept
8,32.14,17.36,20.95,17.61,43.1,26.7,accept
8,32.49,17.88,20.93,17.49,43.2,26.7,accept
8,32.32,16.58,20.93,17.76,43.4,26.7,accept
8,32.49,17.58,21.13,17.31,42.6,26.7,accept
8,32.14,17.66,21.42,18.15,43.6,26.7,accept
8,31.29,16.79,21.02,17.71,43.3,26.7,accept
8,32.14,17.36,20.94,17.64,43.1,26.7,accept
8,32.32,16.79,21.17,17.95,43.4,26.7,accept
8,32.32,16.79,21.05,17.96,43.8,26.7,accept
8,32.14,16.86,20.81,17.67,43.3,26.7,accept
8,32.32,17.66,21.17,17.63,42.9,26.7,accept
8,32.32,17.58,21.15,17.35,42.7,26.7,accept
8,32.49,17.0,21.22,17.99,43.7,26.8,accept
8,32.14,17.58,21.05,17.68,43.4,26.7,accept
8,32.14,17.58,21.03,17.86,43.7,26.7,accept
8,32.32,17.21,21.2,17.59,43.2,26.7,accept
8,31.46,16.65,21.05,17.88,43.4,26.7,accept
8,31.8,17.0,21.17,18.12,44.0,26.7,accept
8,32.14,17.43,20.97,17.52,42.9,26.7,accept
8,32.32,17.14,20.81,17.45,42.9,26.7,accept
8,32.32,17.36,20.94,17.3,42.6,26.6,accept
8,32.32,16.79,21.06,17.77,43.3,26.7,accept
8,32.32,17.58,20.93,17.68,43.4,26.7,accept
8,32.32,17.14,20.93,17.31,42.7,26.6,accept
8,32.32,17.36,20.93,17.46,42.8,26.7,accept
8,31.29,16.79,21.17,17.96,43.7,26.8,accept
8,32.32,17.73,21.13,17.88,43.8,26.7,accept
8,32.49,17.43,21.04,17.31,42.6,26.6,accept
8,32.14,17.66,21.05,17.68,43.4,26.7,accept
8,31.46,16.86,20.97,17.41,42.9,26.7,accept
8,32.49,16.86,21.0,17.4,43.0,26.7,accept
8,31.46,16.93,21.17,17.88,43.5,26.8,accept
8,32.32,16.79,20.95,17.94,43.8,26.7,accept
8,32.14,17.51,21.04,17.43,42.8,26.7,accept
8,31.8,17.0,21.17,17.96,43.6,26.7,accept
8,32.32,17.43,20.89,17.68,43.4,26.7,accept
8,32.14,17.36,20.85,17.47,42.8,26.7,accept
8,32.32,17.0,20.81,17.68,43.6,26.7,accept
8,31.29,16.65,20.95,17.86,43.7,26.8,accept
8,32.32,17.66,21.42,17.97,43.2,26.7,accept
8,32.49,17.73,21.17,17.53,42.8,26.7,accept
8,31.12,16.51,21.13,17.86,43.3,26.7,accept
8,32.49,17.36,20.99,17.4,42.9,26.7,accept
8,31.8,17.43,21.42,18.15,43.8,26.7,accept
8,31.46,16.93,21.05,17.83,43.5,26.7,accept
8,32.14,17.58,21.42,17.96,43.4,26.7,accept
8,31.29,16.65,21.26,17.95,43.3,26.7,accept
8,32.32,16.58,21.03,17.87,43.4,26.7,accept
8,32.14,17.43,20.99,17.6,43.1,26.7,accept
8,32.49,17.21,21.05,17.48,43.0,26.6,accept
8,32.14,17.14,20.81,17.64,43.1,26.7,accept
8,32.32,16.93,21.17,18.1,43.9,26.7,accept
8,32.49,17.29,21.02,17.4,42.8,26.6,accept
8,32.14,16.93,20.78,17.58,43.1,26.7,accept
8,32.14,16.51,20.94,17.85,43.4,26.7,accept
8,32.32,17.43,20.93,17.47,42.8,26.7,accept
8,32.14,17.0,20.81,17.68,43.6,26.7,accept
8,32.49,17.66,20.82,17.5,43.2,26.7,accept
8,32.32,17.58,21.16,17.37,42.7,26.7,accept
8,31.46,16.72,21.02,17.68,43.2,26.7,accept
8,32.49,17.58,21.16,17.4,42.7,26.7,accept
8,31.29,16.65,21.1,17.42,42.8,26.7,accept
8,32.14,16.93,21.18,18.15,44.0,26.7,accept
8,32.32,17.43,20.75,17.49,43.3,26.7,accept
8,32.14,17.51,21.05,17.65,43.1,26.7,accept
8,32.14,17.43,21.04,17.5,42.9,26.7,accept
8,32.32,17.14,20.81,17.48,42.9,26.7,accept
8,32.14,17.43,20.93,17.51,42.9,26.7,accept
8,32.32,16.86,21.29,17.65,43.1,26.7,accept
8,31.46,16.79,21.2,17.87,43.1,26.7,accept
8,32.14,16.79,20.92,17.86,43.8,26.7,accept
8,32.14,17.58,21.05,17.78,43.6,26.7,accept
8,32.14,16.58,20.81,17.68,43.3,26.7,accept
8,32.32,17.07,20.73,17.58,43.4,26.7,accept
8,31.63,17.0,21.16,18.03,43.8,26.7,accept
8,32.14,17.58,21.04,17.77,43.6,26.7,accept
8,32.49,17.66,20.81,17.49,43.3,26.8,accept
8,32.32,17.66,21.29,17.84,43.2,26.7,accept
8,32.14,17.43,21.0,17.45,42.8,26.7,accept
8,31.63,17.07,21.3,18.06,43.6,26.7,accept
8,32.14,17.58,20.98,17.71,43.6,26.7,accept
8,31.29,16.79,21.05,17.85,43.5,26.8,accept
8,31.97,16.79,21.14,17.78,43.3,26.7,accept
8,32.14,17.43,20.95,17.47,42.8,26.7,accept
8,32.32,17.0,21.17,18.14,44.0,26.7,accept
8,32.14,17.36,20.81,17.77,43.6,26.7,accept
8,31.8,17.36,21.42,18.12,43.6,26.7,accept
8,31.63,17.0,21.17,18.1,44.0,26.7,accept
8,32.49,17.58,20.81,17.49,43.3,26.7,accept
8,32.14,17.07,20.8,17.46,43.0,26.7,accept
8,32.32,17.0,21.24,18.01,43.7,26.7,accept
8,32.14,17.29,20.89,17.59,43.0,26.7,accept
8,32.14,17.36,20.93,17.58,42.9,26.7,accept
8,32.32,17.88,21.36,17.92,43.4,26.7,accept
8,31.63,17.07,21.42,18.05,43.3,26.7,accept
8,31.97,16.93,21.17,18.14,43.9,26.7,accept
8,32.14,17.29,20.93,17.35,42.8,26.7,accept
8,31.97,17.29,21.34,17.94,43.1,26.7,accept
8,32.32,17.51,21.04,17.45,42.8,26.7,accept
8,32.14,16.79,20.81,17.68,43.3,26.7,accept
8,32.49,17.43,20.97,17.3,42.6,26.6,accept
8,32.32,17.07,21.17,17.59,43.2,26.7,accept
8,32.14,17.21,20.81,17.57,42.9,26.7,accept
8,32.32,17.43,20.96,17.49,42.8,26.7,accept
8,32.32,17.73,21.28,17.59,42.8,26.7,accept
8,31.29,16.58,21.05,17.7,43.2,26.7,accept
8,32.14,17.43,20.95,17.59,43.1,26.7,accept
8,31.63,17.07,21.02,17.47,43.0,26.7,accept
8,32.49,17.73,21.26,17.68,42.9,26.7,accept
8,32.14,17.14,20.81,17.54,43.0,26.7,accept
8,32.32,17.81,21.54,17.65,42.7,26.6,accept
8,32.32,17.73,21.54,17.67,42.7,26.7,accept
8,31.97,17.14,21.14,17.56,43.1,26.7,accept
8,31.29,16.65,21.05,17.85,43.4,26.7,accept
8,32.32,17.58,21.03,17.68,43.4,26.7,accept
8,32.32,17.88,21.27,17.81,43.4,26.7,accept
8,32.49,17.0,21.21,18.03,43.7,26.8,accept
8,32.32,17.58,21.05,17.68,43.5,26.8,accept
8,32.49,17.58,21.05,17.4,42.7,26.6,accept
8,31.97,17.43,21.42,18.03,43.4,26.7,accept
8,31.8,17.29,21.41,18.04,43.5,26.8,accept
8,32.49,16.86,21.17,17.58,43.0,26.6,accept
8,32.14,16.93,21.17,18.14,43.9,26.7,accept
8,31.46,16.72,21.16,17.95,43.4,26.7,accept
8,32.49,17.51,21.05,17.37,42.7,26.6,accept
8,32.14,17.43,20.99,17.61,43.1,26.7,accept
8,32.14,17.36,20.93,17.64,43.0,26.7,accept
8,32.32,16.79,20.97,17.81,43.6,26.7,accept
8,32.32,17.58,21.17,17.4,42.7,26.7,accept
8,32.49,17.66,20.81,17.49,43.3,26.7,accept
8,31.29,16.79,21.13,17.98,43.8,26.7,accept
8,32.67,18.04,21.29,17.7,43.2,26.7,accept
8,32.32,17.58,21.14,17.39,42.7,26.7,accept
8,32.32,17.36,20.93,17.55,42.9,26.7,accept
8,32.14,17.43,21.01,17.59,43.1,26.7,accept
8,32.32,17.88,21.29,17.86,43.4,26.7,accept
8,32.14,17.07,20.81,17.76,43.8,26.7,accept
8,32.49,17.58,21.08,17.4,42.7,26.7,accept
8,32.49,17.0,20.96,17.4,42.9,26.7,accept
8,31.97,17.51,21.49,18.05,43.2,26.7,accept
8,32.14,17.66,21.05,17.78,43.6,26.7,accept
8,32.14,17.43,21.05,17.66,43.1,26.7,accept
8,31.63,16.93,21.08,17.52,42.9,26.7,accept
8,32.14,17.51,21.27,17.6,42.8,26.7,accept
8,32.32,16.86,21.1,18.06,44.0,26.7,accept
8,32.32,17.07,20.69,17.5,43.4,26.7,accept
8,32.32,17.36,20.98,17.4,42.8,26.7,accept
8,32.67,17.14,21.06,17.5,43.1,26.7,accept
8,32.49,17.21,21.05,17.46,43.0,26.7,accept
8,32.32,17.58,21.17,17.39,42.7,26.7,accept
8,32.32,17.58,21.15,17.4,42.7,26.7,accept
8,31.46,16.86,21.17,18.05,43.8,26.7,accept
8,32.67,18.11,21.17,17.68,43.2,26.7,accept
8,31.8,17.29,21.41,18.11,43.6,26.7,accept
8,32.14,16.93,20.78,17.58,43.2,26.7,accept
8,32.14,17.36,20.93,17.61,43.0,26.7,accept
8,32.14,17.51,21.05,17.56,42.9,26.7,accept
8,32.14,17.51,20.93,17.72,43.6,26.7,accept
8,31.63,16.86,20.86,17.32,43.0,26.7,accept
8,32.14,17.36,20.93,17.66,43.0,26.7,accept
8,32.14,17.51,21.01,17.52,42.9,26.7,accept
8,32.14,16.86,20.87,17.86,43.9,26.7,accept
8,31.46,16.79,21.04,17.72,43.3,26.7,accept
8,32.14,17.21,20.81,17.54,43.0,26.7,accept
8,31.97,17.58,21.41,18.15,43.8,26.7,accept
8,31.29,16.65,21.05,17.4,42.8,26.7,accept
8,32.14,16.79,21.16,17.83,43.4,26.7,accept
8,31.29,16.51,20.93,17.67,43.2,26.7,accept
8,32.14,17.29,20.81,17.77,43.7,26.7,accept
8,32.14,17.0,20.8,17.49,43.0,26.7,accept
8,31.46,16.79,21.05,17.77,43.3,26.7,accept
8,32.32,17.43,20.92,17.68,43.4,26.7,accept
8,32.32,17.36,20.9,17.47,42.8,26.7,accept
8,32.32,17.66,21.31,17.86,43.1,26.7,accept
8,31.8,17.0,21.17,18.05,43.8,26.7,accept
8,32.14,16.58,20.91,17.77,43.4,26.7,accept
8,32.32,17.43,20.93,17.58,42.9,26.7,accept
8,32.14,17.51,20.93,17.79,43.6,26.7,accept
8,32.14,17.51,21.19,17.77,43.2,26.7,accept
8,32.49,17.51,21.03,17.39,42.7,26.6,accept
8,32.67,18.04,21.29,17.68,43.2,26.7,accept
8,32.14,16.93,20.76,17.58,43.1,26.7,accept
8,32.32,17.51,20.97,17.49,42.8,26.7,accept
8,32.14,17.21,20.82,17.64,43.1,26.7,accept
8,32.32,17.58,21.17,17.35,42.7,26.7,accept
8,31.8,17.14,21.31,17.86,43.0,26.7,accept
8,32.14,17.43,21.05,17.54,42.9,26.7,accept
8,31.63,17.14,21.43,18.05,43.3,26.7,accept
8,32.32,16.79,20.93,17.96,43.9,26.7,accept
8,31.97,17.36,21.38,17.86,43.0,26.7,accept
8,32.32,17.29,20.81,17.68,43.4,26.7,accept
8,32.32,17.14,20.81,17.68,43.7,26.8,accept
8,31.29,16.72,21.05,17.77,43.5,26.8,accept
8,31.46,16.79,21.01,17.77,43.5,26.7,accept
8,31.63,17.07,21.16,18.05,43.9,26.7,accept
8,31.97,17.0,21.17,18.06,43.8,26.7,accept
8,32.49,17.29,21.03,17.41,42.8,26.6,accept
8,32.14,17.51,21.17,17.72,43.2,26.7,accept
8,32.14,17.51,21.36,17.86,43.1,26.7,accept
8,32.32,17.58,21.16,17.4,42.7,26.7,accept
8,32.14,17.36,20.93,17.64,43.1,26.7,accept
8,31.63,17.0,21.17,17.92,43.6,26.7,accept
8,31.46,17.0,21.1,18.05,43.9,26.7,accept
8,31.63,16.86,21.13,17.86,43.4,26.7,accept
8,32.14,16.93,20.81,17.64,43.2,26.7,accept
8,32.32,17.58,21.13,17.4,42.7,26.7,accept
8,32.14,17.51,20.93,17.78,43.5,26.7,accept
8,32.49,17.58,20.81,17.42,43.3,26.8,accept
8,32.14,17.07,20.81,17.66,43.2,26.7,accept
8,32.32,17.43,20.93,17.46,42.8,26.7,accept
8,31.63,17.0,20.94,17.41,43.1,26.7,accept
8,32.49,17.58,21.09,17.31,42.6,26.6,accept
8,32.14,16.93,21.17,18.13,43.9,26.7,accept
8,32.32,17.58,21.05,17.39,42.7,26.7,accept
8,32.14,16.79,21.22,18.04,43.5,26.7,accept
8,32.49,17.14,21.17,17.6,43.2,26.7,accept
8,32.32,17.21,20.69,17.49,43.4,26.7,accept
8,31.12,16.44,20.93,17.76,43.4,26.7,accept
8,32.32,16.86,20.81,17.5,43.1,26.7,accept
8,32.14,17.66,21.06,17.68,43.4,26.7,accept
8,31.46,16.79,21.04,17.68,43.2,26.7,accept
8,32.32,17.21,20.93,17.31,42.7,26.7,accept
8,32.32,16.93,21.17,17.96,43.6,26.7,accept
8,32.32,17.43,20.91,17.68,43.4,26.7,accept
8,31.97,17.58,21.42,17.99,43.4,26.7,accept
8,32.14,17.51,21.05,17.6,43.1,26.7,accept
8,32.14,17.43,20.94,17.59,43.0,26.7,accept
8,31.46,16.72,20.96,17.67,43.2,26.7,accept
8,32.14,17.66,21.04,17.86,43.7,26.7,accept
8,32.14,17.36,20.93,17.63,43.1,26.7,accept
8,32.14,17.36,20.94,17.68,43.0,26.7,accept
8,32.14,17.0,21.29,18.02,43.7,26.7,accept
8,32.14,17.36,20.93,17.56,42.9,26.7,accept
8,32.14,17.43,20.97,17.65,43.1,26.7,accept
8,32.14,16.93,20.79,17.49,43.1,26.7,accept
8,32.14,17.51,20.94,17.76,43.5,26.7,accept
8,32.32,17.66,21.09,17.68,43.4,26.7,accept
8,31.29,16.58,20.92,17.67,43.3,26.7,accept
8,32.14,17.14,20.81,17.62,43.1,26.7,accept
8,31.63,16.72,21.16,17.99,43.4,26.7,accept
8,32.14,16.72,20.81,17.66,43.3,26.7,accept
8,32.32,17.51,21.04,17.49,42.8,26.7,accept
8,31.97,16.72,21.17,17.97,43.5,26.7,accept
8,32.32,17.0,21.27,18.02,43.7,26.7,accept
8,32.49,17.51,21.05,17.37,42.8,26.7,accept
8,32.49,17.51,21.04,17.38,42.7,26.6,accept
8,32.32,17.88,21.29,17.95,43.6,26.7,accept
8,32.32,17.58,21.22,17.68,43.2,26.7,accept
8,32.32,16.72,21.18,18.05,43.5,26.7,accept
8,32.32,17.88,21.41,18.05,43.6,26.7,accept
8,32.49,17.58,21.06,17.4,42.7,26.7,accept
8,32.32,16.79,21.05,18.05,44.0,26.7,accept
8,32.14,17.66,21.05,17.87,43.7,26.7,accept
8,32.32,17.36,20.81,17.77,43.6,26.7,accept
8,32.32,17.21,20.93,17.31,42.8,26.7,accept
8,31.12,16.44,21.05,17.86,43.3,26.7,accept
8,32.32,17.58,21.24,17.74,43.2,26.7,accept
8,32.32,17.29,20.82,17.68,43.4,26.7,accept
8,32.14,17.29,20.9,17.52,42.9,26.7,accept
8,32.14,16.93,21.29,17.62,43.0,26.6,accept
8,31.46,16.72,21.06,17.41,42.8,26.6,accept
8,31.29,16.65,21.04,17.83,43.4,26.7,accept
8,31.97,16.93,21.18,18.1,43.9,26.7,accept
8,32.14,17.43,21.17,17.68,43.2,26.7,accept
8,31.97,17.07,21.03,17.47,43.1,26.7,accept
8,32.14,17.66,21.05,17.75,43.6,26.7,accept
8,31.8,16.79,21.17,17.86,43.4,26.7,accept
8,32.32,17.66,21.17,17.37,42.7,26.7,accept
8,31.46,17.0,21.06,17.86,43.6,26.8,accept
8,32.14,17.58,20.96,17.75,43.6,26.7,accept
8,32.14,17.14,20.81,17.63,43.1,26.7,accept
8,32.14,17.07,20.81,17.55,43.0,26.7,accept
8,32.14,16.86,20.83,17.86,43.9,26.7,accept
8,32.32,17.81,21.17,17.78,43.4,26.7,accept
8,32.32,17.36,20.81,17.68,43.4,26.7,accept
8,32.67,17.21,21.05,17.49,43.1,26.7,accept
8,31.97,16.93,21.28,17.59,43.0,26.6,accept
8,32.14,17.51,21.24,17.76,43.2,26.7,accept
8,32.32,17.43,21.04,17.46,42.8,26.7,accept
8,32.32,17.43,21.0,17.45,42.8,26.7,accept
8,32.49,17.58,21.07,17.4,42.7,26.7,accept
8,32.32,16.86,20.81,17.76,43.7,26.7,accept
8,32.32,17.29,20.85,17.54,42.9,26.7,accept
8,31.97,17.14,21.08,17.52,43.1,26.7,accept
8,31.8,16.79,21.12,17.77,43.3,26.7,accept
8,31.46,16.93,21.05,17.98,43.9,26.7,accept
8,32.32,17.21,20.81,17.68,43.7,26.8,accept
8,32.14,16.86,21.29,17.64,43.0,26.6,accept
8,32.32,17.07,20.81,17.68,43.6,26.7,accept
8,32.32,17.36,20.87,17.46,42.8,26.7,accept
8,32.49,17.43,21.01,17.3,42.6,26.7,accept
8,32.14,16.65,20.81,17.68,43.4,26.7,accept
8,31.46,16.72,21.12,17.95,43.4,26.7,accept
8,32.14,17.58,21.02,17.86,43.7,26.7,accept
8,31.29,16.51,20.93,17.59,43.1,26.7,accept
8,32.14,16.72,20.81,17.68,43.4,26.7,accept
8,32.14,17.43,20.95,17.59,43.0,26.7,accept
8,31.8,17.21,21.33,17.86,43.0,26.7,accept
8,32.49,17.88,21.44,17.58,42.7,26.7,accept
8,32.32,17.81,21.17,17.86,43.6,26.7,accept
8,32.49,17.66,21.17,17.39,42.7,26.7,accept
8,32.49,17.58,21.07,17.31,42.6,26.7,accept
8,32.14,17.43,21.22,17.57,42.8,26.7,accept
8,32.32,17.58,21.1,17.31,42.6,26.6,accept
8,31.8,17.21,21.12,17.55,43.1,26.7,accept
8,31.46,16.79,20.92,17.4,42.9,26.7,accept
8,31.8,17.14,21.47,17.68,42.8,26.7,accept
8,32.32,17.43,20.96,17.47,42.8,26.7,accept
8,32.14,17.58,21.01,17.86,43.7,26.7,accept
8,31.29,16.51,20.93,17.68,43.2,26.7,accept
8,32.14,16.79,20.79,17.59,43.2,26.7,accept
8,32.14,17.43,21.04,17.52,42.9,26.7,accept
8,32.14,17.58,21.24,17.72,43.2,26.7,accept
8,32.49,17.81,21.29,17.75,43.2,26.8,accept
8,32.32,17.58,21.2,17.68,43.2,26.7,accept
8,31.29,16.65,21.04,17.87,43.7,26.7,accept
8,32.32,17.58,21.21,17.68,43.2,26.7,accept
8,31.29,16.58,21.02,17.67,43.1,26.7,accept
8,32.14,17.0,20.81,17.83,43.8,26.7,accept
8,32.32,17.66,21.18,17.38,42.7,26.7,accept
8,32.32,17.43,20.95,17.47,42.8,26.7,accept
8,31.8,17.21,21.4,18.11,43.6,26.7,accept
8,32.14,17.0,20.81,17.84,43.8,26.7,accept
8,31.97,17.29,21.21,17.59,42.8,26.6,accept
8,32.14,17.51,21.05,17.43,42.8,26.7,accept
8,32.14,17.14,20.81,17.76,43.7,26.7,accept
8,32.32,17.88,21.3,18.05,43.8,26.7,accept
8,32.14,17.43,20.83,17.76,43.6,26.7,accept
8,32.14,16.93,20.81,17.62,43.2,26.7,accept
8,32.14,17.36,20.94,17.59,43.0,26.7,accept
8,32.32,17.51,21.07,17.31,42.6,26.7,accept
8,31.63,16.79,21.06,17.7,43.3,26.7,accept
8,31.97,17.51,21.29,17.63,42.8,26.7,accept
8,32.14,17.43,21.02,17.51,42.9,26.7,accept
8,32.14,17.07,20.8,17.54,43.0,26.7,accept
8,32.49,17.73,20.82,17.49,43.2,26.7,accept
8,32.14,17.51,20.93,17.76,43.5,26.7,accept
8,32.32,17.51,21.05,17.3,42.6,26.7,accept
8,32.32,17.66,21.29,17.59,42.8,26.7,accept
8,31.97,17.51,21.35,17.87,43.1,26.7,accept
8,32.32,16.93,21.29,17.65,43.1,26.7,accept
8,31.97,17.43,21.42,18.14,43.6,26.7,accept
8,32.14,17.43,21.17,17.71,43.2,26.7,accept
8,32.14,17.58,21.25,17.77,43.2,26.7,accept
8,32.32,16.79,20.87,17.84,43.8,26.7,accept
8,32.32,17.29,20.82,17.48,42.8,26.7,accept
8,32.32,17.73,21.3,17.79,43.1,26.7,accept
8,32.14,17.07,20.81,17.77,43.8,26.7,accept
8,32.49,17.36,20.93,17.3,42.7,26.7,accept
8,32.14,17.73,21.42,18.11,43.6,26.7,accept
8,32.14,17.29,20.87,17.63,43.1,26.7,accept
8,32.14,17.51,21.04,17.49,42.8,26.7,accept
8,32.85,17.29,21.27,17.66,43.1,26.6,accept
8,32.14,17.21,20.81,17.65,43.1,26.7,accept
8,32.32,17.66,21.42,17.96,43.2,26.7,accept
8,32.49,17.0,20.93,17.38,42.9,26.7,accept
8,32.67,17.14,21.05,17.5,43.1,26.7,accept
8,32.49,17.88,21.34,17.49,42.7,26.7,accept
8,32.14,17.66,21.06,17.86,43.7,26.7,accept
8,31.63,17.07,21.3,17.94,43.1,26.7,accept
8,32.32,16.86,21.29,17.66,43.1,26.7,accept
8,32.14,17.29,20.88,17.52,42.9,26.7,accept
8,31.46,16.72,21.27,17.5,42.8,26.7,accept
8,32.32,17.58,21.17,17.34,42.7,26.6,accept
8,32.32,16.72,20.85,17.59,43.2,26.7,accept
8,32.32,17.21,20.81,17.68,43.5,26.7,accept
8,32.14,16.93,21.17,18.15,44.0,26.7,accept
8,32.32,17.14,20.81,17.49,42.9,26.7,accept
8,31.46,16.86,20.94,17.41,42.9,26.7,accept
8,32.32,17.88,21.34,18.09,43.8,26.7,accept
8,31.29,16.65,20.93,17.81,43.7,26.7,accept
8,32.32,17.0,20.93,17.4,42.9,26.7,accept
8,32.32,17.51,21.05,17.47,42.8,26.7,accept
8,32.14,17.58,21.03,17.73,43.5,26.7,accept
8,32.14,17.43,20.85,17.76,43.6,26.7,accept
8,32.32,17.21,20.81,17.48,42.9,26.7,accept
8,32.32,17.0,20.81,17.7,43.7,26.7,accept
8,32.32,17.14,20.81,17.68,43.6,26.7,accept
8,32.85,17.29,21.29,17.68,43.1,26.6,accept
8,32.32,17.51,21.19,17.77,43.2,26.7,accept
8,32.32,17.58,21.2,17.7,43.2,26.7,accept
8,32.67,18.04,21.04,17.59,43.2,26.7,accept
8,32.49,16.79,21.07,17.5,43.0,26.7,accept
8,32.32,17.66,21.54,17.67,42.7,26.7,accept
8,32.14,17.29,20.9,17.6,43.0,26.7,accept
8,32.32,16.72,20.81,17.59,43.2,26.7,accept
8,31.29,16.58,21.17,17.93,43.3,26.7,accept
8,32.14,17.43,21.01,17.51,42.9,26.7,accept
8,32.14,17.43,21.05,17.52,42.9,26.7,accept
8,31.46,17.0,21.26,18.06,43.8,26.7,accept
8,32.14,17.81,21.38,18.13,43.8,26.7,accept
8,31.63,17.0,21.3,17.86,43.0,26.7,accept
8,31.8,17.0,21.17,18.14,44.0,26.7,accept
8,32.32,17.73,21.29,17.75,43.2,26.7,accept
8,32.14,17.51,21.37,17.84,43.0,26.7,accept
8,32.32,17.58,21.16,17.36,42.7,26.7,accept
8,32.49,16.93,20.98,17.4,43.0,26.7,accept
8,32.49,17.43,21.02,17.38,42.7,26.6,accept
8,32.32,17.43,21.02,17.51,42.9,26.7,accept
8,32.32,17.51,21.17,17.31,42.6,26.6,accept
8,32.14,17.29,20.82,17.54,43.0,26.7,accept
8,32.14,17.73,21.42,17.96,43.4,26.7,accept
8,32.49,17.36,21.02,17.4,42.9,26.7,accept
8,31.29,16.65,20.93,17.86,43.7,26.8,accept
8,32.32,17.58,21.14,17.31,42.6,26.7,accept
8,32.32,17.58,21.16,17.35,42.7,26.7,accept
8,32.14,17.73,21.42,18.15,43.8,26.7,accept
8,32.14,17.21,20.84,17.64,43.1,26.7,accept
8,32.14,17.29,20.91,17.61,43.0,26.7,accept
8,32.32,17.66,21.04,17.86,43.7,26.7,accept
8,32.32,17.66,21.28,17.68,43.2,26.8,accept
9,33.21,18.11,21.84,16.96,42.5,26.5,accept
9,32.32,17.43,21.05,17.12,42.7,26.6,accept
9,32.85,18.27,21.54,17.23,42.7,26.6,accept
9,32.32,17.29,22.03,17.04,42.6,26.5,accept
9,33.03,17.58,21.42,16.96,43.0,26.6,accept
9,33.21,18.27,21.83,16.95,42.6,26.5,accept
9,33.4,18.27,21.93,16.96,42.5,26.5,accept
9,33.21,18.19,21.88,16.95,42.6,26.6,accept
9,33.58,17.58,22.03,17.05,42.8,26.4,accept
9,33.58,18.35,22.15,16.91,42.2,26.4,accept
9,32.32,17.66,21.54,17.49,42.6,26.6,accept
9,32.85,17.96,22.47,17.27,42.3,26.4,accept
9,32.14,17.36,21.77,17.08,42.9,26.5,accept
9,33.03,17.43,21.54,17.05,43.1,26.6,accept
9,33.03,18.27,21.78,16.96,42.7,26.6,accept
9,32.32,17.58,21.17,17.22,42.7,26.7,accept
9,31.8,17.29,21.29,17.13,43.0,26.6,accept
9,32.32,16.72,21.04,17.35,43.0,26.7,accept
9,32.14,17.51,21.16,17.31,42.5,26.6,accept
9,32.85,18.27,21.54,16.96,42.7,26.6,accept
9,31.46,16.65,21.18,17.31,42.8,26.6,accept
9,32.85,18.19,21.47,16.97,42.7,26.6,accept
9,32.32,17.51,21.16,17.31,42.6,26.7,accept
9,32.32,17.51,21.04,16.99,42.7,26.6,accept
9,33.58,18.27,22.09,16.97,42.4,26.5,accept
9,33.58,18.19,22.01,16.96,42.4,26.5,accept
9,33.4,18.27,22.04,16.96,42.4,26.5,accept
9,33.03,18.19,21.56,16.88,42.7,26.6,accept
9,33.58,18.35,22.18,16.96,42.3,26.5,accept
9,33.4,17.51,22.06,17.2,43.1,26.5,accept
9,33.03,18.11,21.68,16.94,42.7,26.6,accept
9,32.32,17.58,21.12,17.23,42.7,26.7,accept
9,33.58,18.35,22.15,16.96,42.4,26.5,accept
9,32.32,17.21,20.94,17.23,42.7,26.7,accept
9,33.21,18.35,21.93,16.95,42.6,26.6,accept
9,33.03,18.19,21.64,16.92,42.7,26.6,accept
9,33.4,18.43,22.19,16.96,42.3,26.5,accept
9,32.49,17.43,21.51,17.31,43.1,26.6,accept
9,33.03,17.51,22.19,17.23,43.0,26.5,accept
9,32.49,17.58,22.05,17.08,42.7,26.5,accept
9,33.21,17.36,21.8,17.18,43.1,26.5,accept
9,32.49,17.66,21.05,16.97,42.7,26.6,accept
9,32.32,17.58,21.17,17.3,42.6,26.6,accept
9,33.21,18.19,21.8,16.88,42.5,26.5,accept
9,33.21,18.11,21.68,16.94,42.6,26.5,accept
9,32.49,17.43,21.69,17.16,43.1,26.6,accept
9,32.14,17.43,21.67,17.14,43.0,26.6,accept
9,33.21,17.88,21.55,16.96,42.8,26.6,accept
9,33.21,18.19,21.91,16.95,42.5,26.5,accept
9,33.03,18.35,21.88,16.97,42.7,26.6,accept
9,33.03,17.66,21.42,16.93,42.9,26.6,accept
9,32.32,17.43,21.05,17.23,42.6,26.6,accept
9,32.49,17.58,22.05,17.13,43.0,26.6,accept
9,33.21,17.58,21.75,16.96,43.0,26.6,accept
9,33.03,17.58,21.8,17.23,43.2,26.6,accept
9,33.03,18.11,21.54,16.9,42.7,26.6,accept
9,33.21,18.11,21.8,16.88,42.5,26.5,accept
9,32.49,17.43,22.07,17.09,42.6,26.4,accept
9,32.49,17.36,21.83,17.15,43.1,26.6,accept
9,32.32,17.36,21.04,17.13,42.7,26.6,accept
9,33.21,17.58,21.55,16.96,42.9,26.5,accept
9,33.4,18.35,21.97,16.94,42.5,26.5,accept
9,32.49,17.43,22.3,17.2,42.5,26.5,accept
9,32.49,17.43,21.98,17.12,43.0,26.5,accept
9,33.4,18.27,22.05,16.9,42.4,26.5,accept
9,32.85,18.19,21.54,16.96,42.8,26.6,accept
9,32.32,17.81,21.53,17.56,42.6,26.6,accept
9,32.32,17.43,21.01,16.97,42.7,26.6,accept
9,33.21,17.58,22.32,17.29,42.9,26.5,accept
9,33.4,18.19,21.95,16.91,42.4,26.5,accept
9,32.32,17.51,21.17,17.23,42.6,26.6,accept
9,32.49,17.88,21.17,16.96,42.7,26.6,accept
9,33.4,18.19,21.93,16.95,42.5,26.5,accept
9,33.21,18.19,21.79,16.95,42.7,26.6,accept
9,33.4,17.36,22.06,17.13,42.9,26.5,accept
9,33.21,18.27,22.06,16.96,42.5,26.5,accept
9,32.14,16.86,21.3,17.54,43.0,26.6,accept
9,33.58,18.51,22.18,16.98,42.4,26.5,accept
9,32.49,17.81,21.39,17.41,42.7,26.7,accept
9,33.4,18.43,22.36,17.15,42.5,26.5,accept
9,33.03,18.19,21.78,16.96,42.6,26.6,accept
9,32.32,17.51,21.84,17.13,43.0,26.5,accept
9,32.32,16.79,20.94,17.22,43.0,26.6,accept
9,33.03,17.73,21.42,16.95,42.9,26.6,accept
9,33.4,17.51,22.19,17.22,43.0,26.5,accept
9,32.67,17.51,22.17,17.18,42.9,26.5,accept
9,33.03,18.19,21.54,16.96,42.7,26.6,accept
9,33.21,17.51,21.54,17.05,43.1,26.6,accept
9,33.21,17.73,21.7,16.98,42.8,26.5,accept
9,33.03,18.19,21.54,16.98,42.8,26.6,accept
9,32.67,18.11,21.97,17.23,42.8,26.6,accept
9,33.4,18.19,21.94,16.93,42.4,26.5,accept
9,32.49,16.72,21.17,17.49,43.0,26.6,accept
9,33.4,18.43,22.19,17.04,42.4,26.5,accept
9,33.4,17.43,21.91,17.01,42.9,26.5,accept
9,33.03,17.96,21.45,16.87,42.7,26.6,accept
9,33.21,17.36,21.93,17.06,43.0,26.5,accept
9,33.03,18.51,21.78,17.05,42.8,26.6,accept
9,32.49,17.73,21.05,16.96,42.7,26.6,accept
9,33.21,18.19,21.87,16.9,42.5,26.5,accept
9,33.4,18.51,22.39,17.19,42.5,26.5,accept
9,33.21,18.27,22.57,17.28,42.4,26.5,accept
9,33.58,18.43,22.19,16.96,42.2,26.4,accept
9,32.85,18.11,22.19,17.24,42.7,26.6,accept
9,33.03,17.81,21.42,16.89,42.8,26.6,accept
9,33.03,17.58,22.2,17.23,42.9,26.5,accept
9,33.03,18.19,21.72,16.95,42.7,26.6,accept
9,32.49,17.73,21.08,16.97,42.7,26.6,accept
9,32.32,17.36,20.98,16.98,42.7,26.6,accept
9,32.85,17.66,22.29,17.23,42.8,26.5,accept
9,32.32,17.29,20.97,17.14,42.7,26.6,accept
9,32.32,16.86,21.29,17.48,43.1,26.6,accept
9,33.21,18.27,21.8,16.88,42.5,26.5,accept
9,32.85,18.27,21.54,16.97,42.8,26.6,accept
9,31.97,17.21,21.8,17.13,42.8,26.6,accept
9,32.85,17.43,22.06,17.18,43.1,26.5,accept
9,33.58,18.35,22.06,16.97,42.4,26.5,accept
9,31.97,17.36,21.29,17.1,42.9,26.6,accept
9,33.21,18.11,21.71,16.88,42.5,26.5,accept
9,32.85,17.58,22.06,17.18,43.0,26.5,accept
9,33.03,17.51,22.28,17.23,42.8,26.4,accept
9,32.32,17.43,21.0,16.97,42.7,26.6,accept
9,33.21,18.35,21.8,16.97,42.7,26.6,accept
9,33.03,17.96,21.49,16.95,42.8,26.6,accept
9,32.32,17.51,21.06,17.22,42.6,26.6,accept
9,33.58,18.43,22.19,16.95,42.3,26.5,accept
9,32.32,17.58,21.17,17.31,42.6,26.6,accept
9,33.03,18.35,21.67,16.98,42.8,26.6,accept
9,33.4,18.35,21.98,16.96,42.5,26.5,accept
9,33.03,18.11,21.54,16.88,42.7,26.6,accept
9,33.4,18.35,22.06,16.92,42.4,26.5,accept
9,33.4,18.11,21.93,16.96,42.5,26.5,accept
9,32.32,17.51,21.17,17.23,42.7,26.7,accept
9,32.49,17.51,21.06,17.12,42.7,26.7,accept
9,31.97,16.86,21.29,17.53,43.0,26.7,accept
9,33.58,18.51,22.19,16.97,42.4,26.5,accept
9,33.21,18.19,21.91,16.88,42.5,26.5,accept
9,32.32,17.29,20.97,17.13,42.7,26.6,accept
9,32.32,17.36,21.05,17.05,42.7,26.6,accept
9,33.03,18.11,21.56,16.88,42.7,26.6,accept
9,32.85,18.04,22.45,17.26,42.5,26.5,accept
9,33.4,18.27,21.93,16.89,42.5,26.5,accept
9,33.21,18.11,21.7,16.96,42.6,26.5,accept
9,33.4,18.35,22.05,16.96,42.4,26.5,accept
9,32.14,16.86,21.29,17.56,43.0,26.6,accept
9,33.4,18.19,21.93,16.94,42.4,26.5,accept
9,33.21,18.27,21.93,16.96,42.5,26.5,accept
9,32.67,18.19,21.4,17.08,42.7,26.6,accept
9,32.32,17.14,20.93,17.25,42.8,26.6,accept
9,32.85,18.11,21.41,16.96,42.7,26.6,accept
9,33.4,18.19,21.91,16.96,42.5,26.5,accept
9,32.85,18.11,21.53,16.96,42.8,26.6,accept
9,33.58,18.67,22.36,17.15,42.5,26.5,accept
9,33.4,17.96,21.82,16.91,42.6,26.5,accept
9,33.03,17.73,21.42,16.96,42.9,26.6,accept
9,33.21,18.27,21.83,16.95,42.5,26.5,accept
9,31.97,17.29,21.54,17.05,42.9,26.6,accept
9,33.21,17.51,22.06,17.23,43.1,26.5,accept
9,32.85,18.11,22.51,17.27,42.3,26.4,accept
9,32.85,17.36,21.46,17.27,43.2,26.6,accept
9,32.67,17.88,21.17,16.99,42.7,26.6,accept
9,33.21,17.73,21.54,16.88,42.8,26.6,accept
9,33.4,18.27,22.03,16.96,42.4,26.5,accept
9,33.21,18.27,21.88,16.96,42.7,26.6,accept
9,32.32,16.72,21.04,17.23,43.0,26.6,accept
9,32.49,17.51,21.08,17.11,42.6,26.6,accept
9,33.58,18.43,22.19,17.03,42.4,26.5,accept
9,32.85,17.43,21.45,17.26,43.2,26.6,accept
9,33.03,18.19,21.55,16.95,42.8,26.6,accept
9,33.21,18.27,21.92,16.93,42.5,26.5,accept
9,33.03,18.27,21.65,16.96,42.8,26.6,accept
9,32.32,17.43,21.05,17.13,42.7,26.6,accept
9,32.32,17.51,21.16,17.31,42.5,26.6,accept
9,33.4,17.88,21.92,16.96,42.5,26.4,accept
9,32.32,17.58,21.17,17.22,42.6,26.6,accept
9,31.97,17.36,21.52,17.23,42.8,26.6,accept
9,33.4,18.27,21.92,16.94,42.5,26.5,accept
9,33.77,18.67,22.45,17.22,42.4,26.5,accept
9,33.21,17.66,21.68,17.01,42.8,26.5,accept
9,32.32,16.86,20.93,17.16,42.9,26.6,accept
9,32.32,17.14,20.93,17.14,42.8,26.6,accept
9,32.14,17.58,21.54,17.49,42.6,26.6,accept
9,33.4,18.04,21.78,16.96,42.6,26.5,accept
9,33.21,18.11,21.7,16.97,42.6,26.5,accept
9,33.4,17.43,22.06,17.14,42.9,26.5,accept
9,33.4,18.11,21.98,16.96,42.4,26.5,accept
9,33.21,18.27,21.93,16.95,42.5,26.5,accept
9,32.85,18.11,21.42,16.96,42.8,26.6,accept
9,32.14,16.79,21.29,17.48,43.1,26.6,accept
9,32.85,18.19,21.54,16.95,42.8,26.6,accept
9,33.58,18.27,22.02,16.96,42.4,26.5,accept
9,31.46,16.79,21.38,17.49,42.7,26.6,accept
9,33.4,18.11,21.8,16.96,42.6,26.5,accept
9,33.21,18.27,21.93,16.9,42.6,26.6,accept
9,33.58,18.43,22.19,16.94,42.2,26.4,accept
9,32.85,18.19,21.43,16.96,42.7,26.6,accept
9,32.14,17.29,21.87,17.03,42.8,26.5,accept
9,32.32,16.86,20.93,17.14,42.9,26.7,accept
9,32.32,17.36,21.04,17.23,42.6,26.6,accept
9,33.58,18.27,22.02,16.94,42.4,26.5,accept
9,33.4,18.27,22.06,16.96,42.5,26.5,accept
9,32.32,17.81,21.54,17.23,42.7,26.6,accept
9,32.32,17.43,22.2,17.14,42.5,26.5,accept
9,33.4,18.35,21.93,16.96,42.5,26.5,accept
9,32.14,17.58,21.56,17.31,42.8,26.6,accept
9,33.21,17.36,21.79,16.98,43.0,26.5,accept
9,32.32,17.51,21.05,17.23,42.6,26.6,accept
9,33.21,18.27,22.58,17.31,42.4,26.5,accept
9,32.49,17.81,21.38,17.31,42.6,26.6,accept
9,33.21,18.27,22.05,16.94,42.5,26.5,accept
9,32.32,17.14,20.93,17.31,42.8,26.6,accept
9,32.49,17.43,22.28,17.16,42.5,26.5,accept
9,32.85,17.88,22.4,17.23,42.5,26.5,accept
9,32.32,17.43,22.01,17.15,42.8,26.6,accept
9,33.4,18.35,22.09,16.96,42.4,26.5,accept
9,32.32,16.86,21.29,17.58,43.0,26.6,accept
9,33.03,18.35,21.84,16.96,42.7,26.6,accept
9,31.46,16.72,21.08,17.32,42.8,26.6,accept
9,33.58,18.35,22.18,16.91,42.2,26.4,accept
9,32.14,17.43,21.8,17.14,42.9,26.5,accept
9,32.49,17.88,21.5,17.5,42.6,26.6,accept
9,33.03,18.19,21.67,16.88,42.7,26.6,accept
9,33.58,18.35,22.13,16.92,42.3,26.5,accept
9,33.4,18.19,22.06,16.95,42.2,26.4,accept
9,33.03,17.36,21.62,16.97,43.1,26.6,accept
9,33.4,18.27,21.95,16.94,42.5,26.5,accept
9,33.21,18.27,21.8,16.95,42.6,26.5,accept
9,33.4,18.51,22.58,17.31,42.4,26.5,accept
9,32.14,17.51,21.55,17.49,42.6,26.6,accept
9,33.03,18.19,21.67,16.89,42.7,26.6,accept
9,32.32,16.93,20.93,17.28,42.8,26.6,accept
9,33.4,18.35,22.06,16.9,42.4,26.5,accept
9,33.58,18.19,22.03,16.96,42.3,26.4,accept
9,33.03,17.88,21.48,16.91,42.8,26.6,accept
9,31.97,16.79,21.3,17.46,43.0,26.6,accept
9,33.03,18.04,21.51,16.87,42.7,26.6,accept
9,33.03,18.35,21.8,16.96,42.7,26.6,accept
9,33.58,18.43,22.19,16.96,42.3,26.5,accept
9,33.4,18.59,22.23,17.05,42.5,26.5,accept
9,32.49,17.29,21.42,17.23,43.2,26.6,accept
9,33.21,18.51,22.05,17.13,42.7,26.6,accept
9,33.58,18.35,22.17,16.96,42.3,26.5,accept
9,33.21,18.35,21.91,16.96,42.5,26.5,accept
9,33.03,18.19,21.7,16.95,42.7,26.6,accept
9,32.85,18.19,21.55,16.97,42.7,26.6,accept
9,32.49,17.58,21.01,16.96,42.7,26.6,accept
9,32.67,18.11,21.53,17.2,42.7,26.6,accept
9,33.21,18.19,21.8,16.88,42.7,26.6,accept
9,33.03,17.88,21.5,16.88,42.7,26.6,accept
9,33.4,18.43,22.19,17.05,42.4,26.5,accept
9,31.63,16.86,21.25,17.39,43.0,26.7,accept
9,33.4,17.81,21.8,16.88,42.7,26.5,accept
9,32.32,17.36,20.99,17.23,42.6,26.6,accept
9,33.4,17.43,21.9,17.12,43.0,26.5,accept
9,32.85,18.11,21.42,16.96,42.7,26.6,accept
9,32.67,17.88,21.17,17.02,42.7,26.6,accept
9,31.97,17.43,21.55,17.52,42.7,26.6,accept
9,33.21,18.11,21.74,16.87,42.7,26.6,accept
9,32.67,17.88,22.19,17.29,42.7,26.6,accept
9,33.21,18.35,22.06,16.89,42.5,26.5,accept
9,32.32,16.86,20.93,17.3,42.9,26.6,accept
9,32.32,17.58,21.17,17.23,42.6,26.6,accept
9,33.21,17.88,21.69,16.9,42.7,26.5,accept
9,31.46,16.72,21.29,17.4,42.7,26.6,accept
9,31.63,17.07,21.17,17.05,42.8,26.6,accept
9,32.85,17.81,21.17,16.96,42.9,26.6,accept
9,32.14,17.66,21.66,17.32,42.8,26.6,accept
9,33.21,18.27,21.93,16.96,42.6,26.5,accept
9,33.4,18.35,22.05,16.96,42.5,26.5,accept
9,32.49,17.58,21.17,17.23,42.6,26.6,accept
9,33.4,18.43,22.07,16.97,42.5,26.5,accept
9,32.85,17.21,21.29,17.13,43.1,26.6,accept
9,32.32,17.73,21.55,17.59,42.7,26.7,accept
9,33.4,18.35,22.08,16.93,42.4,26.5,accept
9,32.67,17.58,22.18,17.15,42.9,26.5,accept
9,33.21,17.58,22.19,17.22,43.0,26.5,accept
9,32.32,17.29,20.95,17.23,42.7,26.6,accept
9,31.46,16.65,21.09,17.23,42.8,26.6,accept
9,33.21,18.27,21.81,16.96,42.6,26.5,accept
9,32.49,16.86,21.29,17.58,43.0,26.6,accept
9,33.4,17.73,21.92,16.93,42.6,26.5,accept
9,33.03,18.19,21.54,16.98,42.7,26.6,accept
9,33.4,18.04,21.92,16.96,42.5,26.5,accept
9,33.03,18.27,21.75,16.95,42.7,26.6,accept
9,33.4,18.59,22.57,17.25,42.4,26.5,accept
9,33.03,18.27,21.61,16.96,42.8,26.6,accept
9,33.03,17.43,21.67,17.2,43.2,26.6,accept
9,32.32,17.43,21.81,17.13,42.9,26.5,accept
9,32.32,17.43,22.06,17.14,42.7,26.6,accept
9,32.49,17.43,21.05,17.12,42.7,26.6,accept
9,33.4,17.88,21.8,16.88,42.7,26.5,accept
9,32.49,17.88,21.42,17.33,42.7,26.6,accept
9,31.8,17.21,21.42,17.16,42.8,26.6,accept
9,32.32,17.36,21.0,17.22,42.7,26.7,accept
9,32.32,17.21,20.94,17.25,42.7,26.6,accept
9,33.03,18.43,21.89,17.14,42.8,26.6,accept
9,33.21,18.27,21.92,16.95,42.5,26.5,accept
9,31.63,16.86,21.16,17.4,42.8,26.6,accept
9,32.85,18.11,21.42,16.94,42.7,26.6,accept
9,32.49,17.66,22.13,17.13,42.8,26.5,accept
9,33.4,18.35,21.99,16.96,42.5,26.5,accept
9,32.49,17.0,20.93,17.29,42.8,26.6,accept
9,32.67,17.88,21.16,16.96,42.7,26.6,accept
9,33.21,18.51,22.3,17.15,42.6,26.5,accept
9,33.03,18.04,21.52,16.88,42.7,26.6,accept
9,33.4,18.35,22.03,16.95,42.5,26.5,accept
9,32.49,17.51,21.07,17.12,42.7,26.6,accept
9,33.21,18.27,21.69,16.96,42.7,26.6,accept
9,33.4,18.11,21.8,16.89,42.5,26.5,accept
9,32.49,17.58,22.41,17.23,42.5,26.5,accept
9,32.49,17.58,21.17,17.23,42.6,26.7,accept
9,32.32,17.51,21.06,17.06,42.7,26.6,accept
9,33.21,18.27,21.8,16.93,42.6,26.5,accept
9,32.32,17.36,21.01,17.13,42.7,26.6,accept
9,31.63,17.0,21.43,17.59,42.7,26.6,accept
9,33.4,18.27,21.93,16.94,42.5,26.5,accept
9,33.21,17.43,21.91,17.16,43.1,26.5,accept
9,33.21,17.81,21.54,16.95,42.7,26.5,accept
9,33.21,18.35,21.93,16.96,42.7,26.6,accept
9,33.4,18.43,22.04,16.96,42.5,26.5,accept
9,33.4,18.51,22.19,16.99,42.4,26.5,accept
9,32.49,17.58,22.19,17.14,42.7,26.5,accept
9,33.4,18.11,21.92,16.89,42.5,26.5,accept
9,32.85,18.11,21.31,16.96,42.8,26.6,accept
9,33.4,18.27,22.06,16.96,42.3,26.5,accept
9,33.4,18.35,22.18,16.96,42.4,26.5,accept
9,33.4,18.35,22.06,16.96,42.5,26.5,accept
9,33.21,17.43,21.7,17.05,43.1,26.5,accept
9,33.03,17.58,21.42,16.91,42.9,26.6,accept
9,33.58,18.19,22.05,16.96,42.4,26.5,accept
9,33.4,18.35,22.06,16.91,42.4,26.5,accept
9,33.03,18.27,21.8,16.96,42.7,26.6,accept
9,32.85,18.04,21.29,16.96,42.8,26.6,accept
9,32.32,17.29,20.94,17.23,42.7,26.6,accept
9,32.32,17.51,21.95,17.11,42.8,26.5,accept
9,32.32,17.81,21.54,17.58,42.6,26.6,accept
9,32.49,17.96,21.65,17.31,42.7,26.6,accept
9,33.4,17.58,22.07,17.17,43.1,26.6,accept
9,32.32,17.21,20.93,17.14,42.8,26.6,accept
9,32.32,17.36,21.42,17.23,43.1,26.6,accept
9,32.32,17.58,21.17,17.21,42.7,26.7,accept
9,33.03,18.04,21.54,16.88,42.7,26.6,accept
9,32.85,17.96,21.29,16.96,42.8,26.6,accept
9,33.03,18.27,21.67,16.92,42.7,26.6,accept
9,31.29,16.58,21.17,17.32,42.8,26.7,accept
9,33.4,18.43,22.06,16.91,42.5,26.5,accept
9,32.67,17.43,21.78,17.22,43.2,26.6,accept
9,33.03,18.27,21.54,17.05,42.7,26.6,accept
9,33.4,17.96,21.82,16.92,42.6,26.5,accept
9,31.97,16.79,21.29,17.47,43.1,26.6,accept
9,32.32,17.58,21.17,17.21,42.6,26.6,accept
9,33.21,17.73,21.54,16.94,42.8,26.6,accept
9,33.4,18.43,22.11,16.96,42.4,26.5,accept
9,32.85,18.19,21.44,16.96,42.7,26.6,accept
9,33.4,17.66,22.1,17.23,43.1,26.5,accept
9,33.4,18.35,22.05,16.95,42.5,26.5,accept
9,33.03,18.19,21.51,16.97,42.8,26.6,accept
9,33.21,18.19,21.79,16.87,42.5,26.5,accept
9,33.21,18.59,21.81,17.13,42.8,26.6,accept
9,32.32,17.43,21.05,17.23,42.7,26.7,accept
9,33.21,17.43,21.72,16.96,43.0,26.5,accept
9,33.4,18.27,22.04,16.88,42.4,26.5,accept
9,33.58,18.19,22.05,16.88,42.3,26.5,accept
9,32.49,17.58,21.02,16.96,42.7,26.6,accept
9,33.58,18.59,22.48,17.23,42.4,26.5,accept
9,32.49,16.79,21.25,17.53,43.1,26.7,accept
9,33.21,17.58,21.93,17.22,43.2,26.6,accept
9,33.03,17.58,22.07,17.19,43.1,26.5,accept
9,32.67,17.81,21.07,16.97,42.7,26.6,accept
9,32.49,17.81,21.52,17.41,42.6,26.6,accept
9,32.32,17.81,21.65,17.31,42.7,26.6,accept
9,32.85,18.19,21.3,17.05,42.7,26.6,accept
9,32.67,17.96,22.18,17.23,42.7,26.6,accept
9,33.21,18.35,21.93,16.97,42.6,26.6,accept
9,32.85,18.19,21.53,16.96,42.8,26.6,accept
9,33.4,18.43,22.06,16.96,42.5,26.5,accept
9,33.4,17.88,21.93,16.96,42.6,26.5,accept
9,31.63,16.86,21.22,17.49,42.9,26.6,accept
9,33.03,18.11,22.43,17.22,42.5,26.5,accept
9,33.4,18.04,21.76,16.96,42.6,26.5,accept
9,33.58,18.27,22.06,16.98,42.4,26.5,accept
9,33.03,18.27,21.54,17.0,42.8,26.6,accept
9,31.97,17.51,21.55,17.51,42.6,26.6,accept
9,32.67,17.73,21.06,16.95,42.7,26.6,accept
9,32.32,16.79,20.93,17.19,42.9,26.6,accept
9,32.32,17.14,20.94,17.14,42.8,26.6,accept
9,32.14,17.51,21.54,17.6,42.7,26.7,accept
9,32.32,17.58,21.17,17.2,42.7,26.7,accept
9,32.67,17.66,22.22,17.22,42.7,26.5,accept
9,33.4,18.35,22.07,16.96,42.5,26.5,accept
9,31.97,17.29,21.8,17.05,42.8,26.6,accept
9,32.85,18.19,21.42,16.97,42.8,26.6,accept
9,33.58,17.96,21.93,16.93,42.5,26.4,accept
9,33.21,18.04,21.67,16.88,42.6,26.5,accept
9,33.03,17.96,21.54,16.96,42.8,26.6,accept
9,33.21,18.19,21.8,16.96,42.7,26.6,accept
9,32.49,17.58,22.08,17.13,42.8,26.5,accept
9,33.03,18.19,21.67,16.96,42.7,26.6,accept
9,32.85,17.66,22.32,17.27,42.8,26.4,accept
9,33.21,18.27,21.79,16.96,42.7,26.6,accept
9,32.49,17.51,21.05,17.12,42.7,26.6,accept
9,32.14,16.86,21.29,17.57,43.0,26.6,accept
9,33.58,18.35,22.18,16.95,42.3,26.5,accept
9,33.58,17.66,22.19,17.23,43.0,26.5,accept
9,32.85,17.51,21.13,16.96,43.0,26.6,accept
9,33.21,18.19,21.79,16.93,42.7,26.6,accept
9,32.14,17.36,21.74,17.14,42.8,26.6,accept
9,33.21,18.04,21.67,16.95,42.7,26.6,accept
9,33.03,17.66,22.32,17.31,42.8,26.4,accept
9,33.4,18.35,22.06,16.96,42.4,26.5,accept
9,32.85,17.43,21.5,17.28,43.2,26.6,accept
9,32.49,16.93,21.29,17.58,43.1,26.7,accept
9,32.14,17.36,21.74,17.05,42.8,26.5,accept
9,33.21,17.51,21.92,17.22,43.1,26.5,accept
9,33.21,18.11,21.82,16.88,42.5,26.5,accept
9,33.4,17.88,21.84,16.96,42.7,26.5,accept
9,33.03,18.19,21.79,16.96,42.7,26.6,accept
9,33.21,18.43,21.92,16.98,42.6,26.5,accept
9,33.21,17.66,21.55,16.96,42.9,26.6,accept
9,32.49,17.51,21.05,17.23,42.6,26.6,accept
9,32.85,17.58,21.17,16.96,42.9,26.6,accept
9,33.03,18.43,21.93,17.2,42.8,26.6,accept
9,33.58,18.11,21.99,16.96,42.5,26.5,accept
9,32.32,17.51,21.95,17.1,42.9,26.5,accept
9,32.85,17.51,22.17,17.19,42.9,26.5,accept
9,32.32,17.29,20.98,17.23,42.6,26.6,accept
9,33.21,18.04,21.67,16.94,42.7,26.5,accept
9,32.49,17.07,20.93,17.3,42.8,26.7,accept
9,32.14,17.43,21.42,17.22,43.1,26.6,accept
9,32.32,17.51,21.17,17.22,42.6,26.6,accept
9,32.67,17.43,21.11,16.96,43.0,26.6,accept
9,33.21,17.81,21.68,16.96,42.7,26.5,accept
9,33.21,18.19,21.92,16.91,42.5,26.5,accept
9,32.32,17.29,21.0,17.14,42.7,26.6,accept
9,33.58,18.35,22.17,16.93,42.3,26.5,accept
9,33.21,18.19,21.74,16.88,42.5,26.5,accept
9,33.58,18.43,22.06,16.94,42.4,26.5,accept
9,32.85,17.58,21.16,16.96,42.9,26.6,accept
9,33.21,18.43,21.92,16.96,42.6,26.6,accept
9,32.85,18.19,21.54,16.96,42.7,26.6,accept
9,33.58,18.35,22.18,16.93,42.2,26.4,accept
9,33.58,18.59,22.31,17.06,42.4,26.5,accept
9,33.4,18.19,21.93,16.88,42.5,26.5,accept
9,33.4,18.43,22.18,16.98,42.4,26.5,accept
9,32.85,18.11,21.53,16.94,42.8,26.6,accept
9,32.67,17.36,21.48,17.26,43.2,26.6,accept
9,31.8,17.21,21.54,17.52,42.7,26.6,accept
9,33.58,18.35,22.17,16.96,42.2,26.4,accept
9,33.21,18.35,21.93,16.96,42.6,26.5,accept
9,33.21,18.27,21.8,16.88,42.6,26.5,accept
9,32.14,17.58,21.17,17.31,42.6,26.6,accept
9,33.21,17.58,21.63,16.97,42.9,26.5,accept
9,33.03,17.36,21.67,17.05,43.1,26.6,accept
9,32.85,17.36,21.77,17.22,43.2,26.6,accept
9,32.85,18.19,21.33,17.05,42.7,26.6,accept
9,33.4,18.35,21.99,16.97,42.5,26.5,accept
9,32.49,17.66,22.2,17.22,42.6,26.5,accept
9,33.58,18.35,22.17,16.98,42.4,26.5,accept
9,32.32,17.51,21.09,17.22,42.6,26.6,accept
9,32.49,17.36,21.69,17.18,43.1,26.6,accept
9,32.32,17.21,20.93,17.14,42.7,26.6,accept
9,33.58,17.58,22.25,17.25,42.8,26.4,accept
9,33.4,18.43,22.19,16.98,42.4,26.5,accept
9,32.32,17.81,21.98,17.31,42.8,26.6,accept
9,33.58,18.27,22.06,16.94,42.2,26.4,accept
9,32.32,17.29,21.93,16.98,42.6,26.5,accept
9,33.4,18.35,22.03,16.96,42.5,26.5,accept
9,33.4,17.66,21.8,16.88,42.7,26.5,accept
9,33.21,18.11,21.8,16.9,42.5,26.5,accept
9,32.32,17.51,21.07,17.23,42.6,26.6,accept
9,33.4,18.19,21.93,16.91,42.5,26.5,accept
9,33.03,18.04,21.67,16.88,42.6,26.5,accept
9,33.58,18.35,22.18,16.89,42.2,26.4,accept
9,33.21,18.11,21.68,16.96,42.7,26.5,accept
9,33.03,17.58,22.19,17.21,42.9,26.5,accept
9,33.21,18.27,21.67,16.96,42.7,26.6,accept
9,33.4,18.27,22.05,16.88,42.4,26.5,accept
9,32.85,18.11,22.3,17.22,42.6,26.5,accept
9,33.4,18.27,22.07,16.94,42.3,26.5,accept
9,32.49,17.51,21.07,17.22,42.6,26.7,accept
9,33.03,17.43,22.19,17.22,43.0,26.5,accept
9,32.67,17.96,22.18,17.22,42.7,26.6,accept
9,33.4,18.27,22.07,16.88,42.3,26.5,accept
9,32.85,17.36,21.42,17.24,43.2,26.6,accept
9,33.21,18.35,21.93,16.96,42.5,26.5,accept
9,33.21,17.43,21.7,17.21,43.2,26.6,accept
9,33.4,17.43,22.0,17.12,42.9,26.5,accept
9,33.21,18.27,21.8,16.96,42.7,26.6,accept
9,33.03,18.11,21.57,16.88,42.7,26.6,accept
9,32.85,17.96,22.54,17.31,42.4,26.5,accept
9,32.49,17.81,21.14,16.96,42.7,26.6,accept
9,32.32,17.43,21.95,17.14,42.8,26.6,accept
9,33.21,18.19,21.79,16.96,42.7,26.6,accept
9,31.63,16.79,21.13,17.38,42.8,26.6,accept
9,32.85,17.88,21.19,16.96,42.8,26.6,accept
9,33.4,18.35,22.06,16.89,42.4,26.5,accept
9,32.32,17.51,21.04,16.98,42.7,26.6,accept
9,32.32,17.36,22.19,17.14,42.5,26.5,accept
9,33.21,18.43,22.45,17.23,42.5,26.5,accept
9,33.21,18.11,21.8,16.93,42.6,26.5,accept
9,32.32,17.21,20.93,17.24,42.7,26.6,accept
9,32.85,17.96,21.29,16.98,42.8,26.6,accept
9,33.58,18.35,22.08,16.95,42.2,26.4,accept
9,33.4,18.43,22.12,16.96,42.4,26.5,accept
9,33.21,18.19,21.68,16.95,42.7,26.6,accept
9,31.97,17.36,21.56,17.05,43.0,26.6,accept
9,32.14,17.51,21.16,17.31,42.6,26.7,accept
9,32.32,17.36,22.06,17.05,42.6,26.5,accept
9,32.49,16.72,21.17,17.4,43.0,26.6,accept
9,32.32,17.43,21.05,17.12,42.6,26.6,accept
9,32.85,17.43,21.51,17.3,43.2,26.6,accept
9,33.4,18.04,21.87,16.9,42.5,26.5,accept
9,32.85,18.19,21.53,16.96,42.7,26.6,accept
9,33.4,18.51,22.06,17.04,42.6,26.5,accept
9,32.85,18.11,21.54,16.89,42.8,26.6,accept
9,33.21,17.51,21.61,16.98,43.0,26.5,accept
9,32.85,17.96,21.3,16.96,42.8,26.6,accept
9,33.03,18.43,21.92,17.14,42.8,26.6,accept
9,32.49,17.43,22.07,17.06,42.6,26.4,accept
9,33.4,17.58,21.81,16.96,42.8,26.5,accept
9,33.21,18.27,22.05,16.88,42.5,26.5,accept
9,33.21,18.35,21.9,16.96,42.6,26.5,accept
9,31.63,16.93,21.42,17.48,42.7,26.6,accept
9,33.21,18.67,22.31,17.19,42.5,26.5,accept
9,31.8,17.21,21.54,17.59,42.6,26.6,accept
9,33.4,17.43,21.92,17.14,43.0,26.5,accept
9,33.21,18.43,22.33,17.23,42.5,26.5,accept
9,33.03,18.27,21.68,16.89,42.7,26.6,accept
9,33.4,18.43,22.14,16.96,42.4,26.5,accept
9,32.85,18.04,21.35,16.95,42.7,26.6,accept
9,32.85,18.27,21.64,16.96,42.8,26.6,accept
9,31.8,16.86,21.29,17.5,43.0,26.7,accept
9,33.21,17.96,21.75,16.96,42.8,26.6,accept
9,32.85,17.88,21.24,16.92,42.8,26.6,accept
9,33.03,18.27,22.45,17.23,42.5,26.5,accept
9,33.21,18.19,21.83,16.89,42.5,26.5,accept
9,33.03,18.11,21.55,16.95,42.7,26.6,accept
9,31.97,16.86,21.29,17.52,43.0,26.7,accept
9,33.58,18.11,21.93,16.96,42.5,26.5,accept
9,31.46,16.72,21.17,17.31,42.8,26.6,accept
9,31.63,17.07,21.54,17.5,42.7,26.6,accept
9,33.4,17.66,21.8,16.96,42.8,26.5,accept
9,33.21,18.35,21.92,16.96,42.5,26.5,accept
9,32.14,17.21,21.8,16.96,42.8,26.5,accept
9,32.32,17.58,22.06,17.23,42.7,26.6,accept
9,33.4,18.19,21.94,16.95,42.4,26.5,accept
9,32.32,17.43,21.45,17.26,43.1,26.6,accept
9,33.03,18.04,21.54,16.96,42.7,26.6,accept
9,32.85,17.96,21.29,16.95,42.8,26.6,accept
9,33.03,17.51,22.29,17.23,42.8,26.4,accept
9,31.46,16.79,21.17,17.32,42.9,26.6,accept
9,33.4,17.58,21.92,16.99,42.8,26.5,accept
9,32.67,17.66,22.32,17.21,42.5,26.5,accept
9,32.32,17.36,21.04,17.14,42.7,26.6,accept
9,33.58,18.43,22.12,16.96,42.4,26.5,accept
9,33.21,17.36,21.77,17.09,43.1,26.5,accept
9,33.03,18.51,21.92,17.15,42.8,26.6,accept
9,33.4,18.04,21.82,16.88,42.5,26.5,accept
9,32.67,17.88,21.17,16.96,42.7,26.6,accept
9,33.21,18.43,22.45,17.21,42.5,26.5,accept
9,33.03,17.58,21.45,16.97,43.0,26.6,accept
9,32.49,17.81,21.93,17.23,42.8,26.6,accept
9,33.58,18.04,21.98,16.96,42.5,26.5,accept
9,32.85,17.66,21.17,16.96,42.9,26.6,accept
9,33.4,17.96,21.76,16.98,42.8,26.6,accept
9,33.03,18.04,21.54,16.92,42.7,26.6,accept
9,33.21,18.19,21.73,16.95,42.6,26.5,accept
9,32.14,17.29,21.93,17.0,42.7,26.5,accept
9,31.97,17.36,21.29,17.13,43.0,26.6,accept
9,33.21,17.66,22.32,17.31,42.9,26.5,accept
9,33.21,17.58,21.77,16.96,43.0,26.6,accept
9,33.03,18.19,21.76,16.91,42.7,26.6,accept
9,32.32,17.73,21.54,17.43,42.7,26.6,accept
9,33.03,18.19,21.52,16.97,42.8,26.6,accept
9,32.32,17.51,21.17,17.31,42.6,26.6,accept
9,32.85,17.88,21.2,16.96,42.8,26.6,accept
9,32.49,17.43,21.88,17.14,43.1,26.6,accept
9,33.21,18.04,21.68,16.92,42.6,26.5,accept
9,32.32,17.51,21.68,17.15,43.1,26.6,accept
9,33.4,17.58,21.94,17.26,43.2,26.6,accept
9,32.49,17.88,21.92,17.23,42.8,26.6,accept
9,32.32,17.29,22.05,17.04,42.6,26.5,accept
9,33.03,17.88,21.43,16.93,42.8,26.6,accept
9,32.49,17.51,21.74,17.2,43.1,26.6,accept
9,32.32,16.72,21.0,17.31,42.9,26.6,accept
9,33.21,18.35,21.93,16.96,42.6,26.6,accept
9,33.21,18.27,21.93,16.96,42.7,26.6,accept
9,32.32,17.51,21.17,17.22,42.7,26.7,accept
9,32.49,17.58,22.17,17.13,42.7,26.5,accept
9,33.58,18.27,22.09,16.88,42.2,26.4,accept
9,32.49,17.81,21.42,17.39,42.7,26.6,accept
9,33.21,18.27,21.93,16.93,42.6,26.5,accept
9,32.85,17.88,21.22,16.96,42.8,26.6,accept
9,33.03,17.51,21.78,17.23,43.2,26.6,accept
9,32.49,17.51,21.05,17.12,42.6,26.6,accept
9,33.4,18.19,22.01,16.91,42.3,26.4,accept
9,33.21,18.59,22.16,17.16,42.7,26.6,accept
9,32.14,17.36,21.79,17.18,42.8,26.6,accept
9,32.85,17.51,21.93,17.23,43.1,26.6,accept
9,32.85,17.43,21.17,17.0,43.0,26.6,accept
9,32.14,17.36,21.93,17.05,42.8,26.5,accept
9,33.21,18.35,21.92,16.97,42.7,26.6,accept
9,33.4,18.19,22.0,16.95,42.4,26.5,accept
9,33.21,18.35,21.8,16.98,42.6,26.6,accept
9,32.32,17.58,21.17,17.31,42.7,26.7,accept
9,31.63,17.07,21.33,17.14,42.8,26.6,accept
9,33.21,18.27,22.06,16.95,42.5,26.5,accept
9,32.32,17.0,20.93,17.14,42.8,26.6,accept
9,32.67,17.66,22.19,17.22,42.9,26.5,accept
9,32.49,17.88,21.42,17.47,42.7,26.7,accept
9,32.32,17.07,20.93,17.14,42.8,26.6,accept
9,32.32,17.58,21.16,17.23,42.7,26.7,accept
9,32.32,17.58,22.18,17.18,42.7,26.6,accept
9,33.21,18.27,21.8,16.91,42.5,26.5,accept
9,33.21,17.73,21.56,16.96,42.8,26.5,accept
9,32.32,17.21,20.94,17.13,42.7,26.6,accept
9,32.32,16.86,21.3,17.56,43.0,26.6,accept
9,33.03,18.19,21.67,16.92,42.7,26.6,accept
9,32.85,18.04,21.34,16.96,42.7,26.6,accept
9,32.67,17.96,21.18,16.97,42.7,26.6,accept
9,32.85,18.19,21.55,16.96,42.7,26.6,accept
9,33.58,18.04,21.92,16.96,42.6,26.5,accept
9,33.03,17.96,21.48,16.89,42.8,26.6,accept
9,32.32,16.79,21.29,17.46,43.1,26.6,accept
9,31.97,16.79,21.29,17.42,43.0,26.6,accept
9,33.58,18.04,21.94,16.96,42.5,26.5,accept
9,33.4,17.58,21.93,17.05,42.8,26.5,accept
9,32.85,17.88,21.28,16.96,42.8,26.6,accept
9,32.49,17.58,21.02,16.96,42.6,26.6,accept
9,33.03,18.27,21.61,16.96,42.7,26.6,accept
9,33.58,18.19,22.03,16.97,42.4,26.5,accept
9,33.4,17.73,21.92,16.96,42.7,26.5,accept
9,32.67,17.96,22.32,17.27,42.6,26.5,accept
9,33.21,18.19,21.66,16.96,42.7,26.6,accept
9,33.4,18.11,21.9,16.88,42.5,26.5,accept
9,33.21,18.19,21.92,16.94,42.5,26.5,accept
9,32.32,17.66,21.24,17.22,42.6,26.6,accept
9,32.85,18.11,22.32,17.21,42.6,26.5,accept
9,33.58,17.81,21.95,17.0,42.7,26.5,accept
9,32.49,17.43,21.05,17.11,42.7,26.6,accept
9,33.21,18.11,21.68,16.88,42.6,26.5,accept
9,33.21,17.36,21.71,17.13,43.1,26.5,accept
9,33.4,18.51,22.09,16.97,42.5,26.5,accept
9,32.32,17.51,21.15,17.31,42.6,26.7,accept
9,33.03,18.27,21.54,16.97,42.7,26.6,accept
9,33.58,18.59,22.45,17.2,42.4,26.5,accept
9,32.49,17.81,21.29,17.29,42.6,26.6,accept
9,32.49,17.73,21.05,16.96,42.6,26.6,accept
9,32.85,18.04,21.4,16.96,42.7,26.6,accept
9,32.85,17.81,21.18,16.98,42.8,26.6,accept
9,32.32,17.51,21.94,17.05,42.8,26.6,accept
9,31.97,17.21,21.67,17.14,42.8,26.6,accept
9,33.4,17.66,21.84,16.97,42.8,26.5,accept
9,31.63,17.07,21.17,17.01,42.9,26.6,accept
9,33.03,18.27,21.74,16.96,42.7,26.6,accept
9,32.85,18.19,21.42,17.14,42.7,26.6,accept
9,32.32,17.43,21.05,17.22,42.6,26.6,accept
9,31.8,17.29,21.43,17.22,42.8,26.6,accept
9,32.14,17.51,21.85,17.23,42.8,26.6,accept
9,33.4,18.19,21.92,16.96,42.6,26.6,accept
9,31.29,16.58,21.05,17.31,42.8,26.7,accept
9,33.4,18.67,22.19,17.09,42.5,26.5,accept
9,31.97,17.43,21.54,17.6,42.7,26.7,accept
9,32.85,18.11,21.45,16.96,42.7,26.6,accept
9,33.21,18.51,22.04,17.05,42.7,26.6,accept
9,33.03,17.51,21.94,17.27,43.2,26.6,accept
9,32.85,18.11,21.42,16.95,42.8,26.6,accept
9,32.32,17.36,21.0,17.13,42.7,26.6,accept
9,33.21,18.27,21.92,16.92,42.5,26.5,accept
9,33.58,18.27,22.07,16.96,42.4,26.5,accept
9,33.03,18.27,21.55,16.96,42.7,26.6,accept
9,33.4,18.43,22.07,16.96,42.5,26.5,accept
9,31.97,17.36,21.36,17.15,43.0,26.6,accept
9,32.49,17.96,21.17,16.96,42.7,26.6,accept
9,32.67,18.04,21.51,17.19,42.7,26.6,accept
9,32.32,16.79,20.95,17.31,42.9,26.6,accept
9,32.85,17.96,21.29,16.91,42.7,26.6,accept
9,33.4,18.51,22.25,17.15,42.6,26.5,accept
9,33.03,18.27,22.32,17.22,42.6,26.5,accept
9,32.67,18.11,21.93,17.22,42.8,26.6,accept
9,32.67,17.73,21.05,16.96,42.7,26.6,accept
9,32.67,17.51,22.05,17.14,43.0,26.5,accept
9,33.4,18.35,22.18,16.97,42.4,26.5,accept
9,33.21,18.59,22.08,17.15,42.7,26.6,accept
9,32.49,17.51,21.09,17.11,42.6,26.6,accept
9,32.32,16.93,20.93,17.14,42.9,26.7,accept
9,31.46,16.58,21.09,17.33,42.8,26.7,accept
9,33.4,18.35,22.06,16.88,42.4,26.5,accept
9,33.21,18.27,21.8,16.95,42.7,26.6,accept
9,33.4,18.04,21.83,16.88,42.5,26.5,accept
9,32.32,16.65,21.05,17.28,43.0,26.6,accept
9,33.21,18.19,21.67,16.96,42.7,26.6,accept
9,33.03,18.19,21.65,16.96,42.7,26.6,accept
9,32.32,17.51,21.06,17.08,42.7,26.6,accept
9,33.21,18.27,21.68,16.9,42.7,26.6,accept
9,33.4,18.27,22.02,16.96,42.4,26.5,accept
9,32.49,16.65,21.06,17.31,43.0,26.6,accept
9,32.85,17.66,21.16,16.94,42.9,26.6,accept
9,33.58,18.35,22.19,16.89,42.2,26.4,accept
9,33.58,18.27,22.07,16.88,42.3,26.5,accept
9,32.14,17.29,21.8,17.07,42.7,26.5,accept
9,33.4,18.27,21.93,16.88,42.6,26.6,accept
9,33.4,17.96,21.69,16.93,42.7,26.5,accept
9,33.21,18.35,21.94,16.95,42.6,26.6,accept
9,32.67,17.58,21.1,16.96,42.9,26.6,accept
9,33.4,18.43,22.19,16.97,42.4,26.5,accept
9,32.32,17.58,21.17,17.31,42.6,26.7,accept
9,33.21,18.04,21.8,16.96,42.6,26.5,accept
9,32.67,17.43,21.74,17.19,43.2,26.6,accept
9,32.85,18.04,21.42,16.92,42.7,26.6,accept
9,33.03,18.19,21.67,16.91,42.7,26.6,accept
9,32.67,17.88,21.17,16.97,42.7,26.6,accept
9,33.58,18.04,21.93,16.96,42.5,26.5,accept
9,32.14,17.66,21.54,17.59,42.7,26.7,accept
9,33.4,18.19,21.98,16.87,42.4,26.5,accept
9,33.4,18.59,22.19,16.98,42.5,26.5,accept
9,32.85,17.43,21.92,17.23,43.1,26.5,accept
9,32.85,17.29,21.27,17.09,43.1,26.6,accept
9,32.67,17.88,22.51,17.37,42.5,26.5,accept
9,33.58,18.27,22.06,16.96,42.4,26.5,accept
9,32.49,17.58,22.24,17.16,42.5,26.5,accept
9,32.49,17.81,21.3,17.4,42.6,26.6,accept
9,32.32,17.29,20.96,17.23,42.6,26.6,accept
9,32.85,17.43,21.92,17.2,43.1,26.6,accept
9,33.21,17.96,21.66,16.97,42.8,26.6,accept
9,33.4,17.58,22.19,17.22,43.0,26.5,accept
9,32.49,17.58,21.05,17.04,42.7,26.6,accept
9,32.85,17.51,21.92,17.21,43.1,26.6,accept
9,32.85,17.81,21.17,16.96,42.8,26.6,accept
9,33.21,17.43,21.84,17.08,43.0,26.5,accept
9,33.4,18.35,22.06,16.93,42.4,26.5,accept
9,32.32,17.51,21.17,17.31,42.5,26.6,accept
9,32.67,17.36,21.42,17.23,43.2,26.6,accept
9,33.03,18.19,21.55,16.96,42.7,26.6,accept
9,33.4,17.51,21.93,17.05,42.9,26.5,accept
9,33.4,18.51,22.21,17.05,42.4,26.5,accept
9,31.29,16.65,21.23,17.41,42.7,26.6,accept
9,32.32,17.81,21.58,17.28,42.7,26.6,accept
9,33.58,17.51,22.19,17.23,42.9,26.5,accept
9,32.32,17.51,20.97,16.96,42.6,26.6,accept
9,32.49,17.51,21.08,17.1,42.7,26.6,accept
9,33.21,18.35,21.88,16.96,42.6,26.5,accept
9,32.32,17.51,21.04,17.02,42.7,26.6,accept
9,33.21,18.04,21.54,16.96,42.8,26.6,accept
9,32.14,17.36,21.59,17.05,43.0,26.6,accept
9,33.21,18.35,22.51,17.24,42.4,26.5,accept
9,33.21,18.11,21.82,16.93,42.5,26.5,accept
9,32.49,17.14,20.93,17.14,42.8,26.6,accept
9,33.4,17.43,21.94,17.06,42.9,26.5,accept
9,33.4,18.27,22.06,16.96,42.4,26.5,accept
9,32.32,17.14,20.94,17.29,42.8,26.7,accept
9,32.32,17.43,21.92,16.99,42.8,26.6,accept
9,32.85,18.11,21.93,17.21,42.8,26.6,accept
9,32.85,18.11,22.45,17.23,42.5,26.5,accept
9,33.4,18.43,22.18,16.97,42.4,26.5,accept
9,32.32,16.65,21.15,17.32,43.0,26.6,accept
9,33.58,18.75,22.45,17.2,42.4,26.5,accept
9,33.21,17.51,22.05,17.19,43.1,26.6,accept
9,32.14,17.36,21.65,17.11,43.1,26.6,accept
9,32.85,17.96,21.28,16.96,42.8,26.6,accept
9,32.32,17.58,21.17,17.3,42.7,26.7,accept
9,32.32,17.36,21.03,17.13,42.7,26.6,accept
9,33.03,18.19,21.54,16.97,42.7,26.6,accept
9,33.21,18.27,21.8,16.9,42.6,26.5,accept
9,32.85,17.96,21.26,16.96,42.8,26.6,accept
9,32.85,17.73,21.17,16.96,42.8,26.6,accept
9,32.49,17.73,21.27,17.31,42.6,26.6,accept
9,33.03,18.19,21.59,16.88,42.7,26.6,accept
9,33.21,18.11,21.71,16.96,42.6,26.5,accept
9,33.4,18.35,22.06,16.95,42.4,26.5,accept
9,33.4,18.19,21.93,16.96,42.5,26.5,accept
9,32.67,17.51,21.92,17.15,43.1,26.6,accept
9,32.32,17.51,21.05,17.22,42.6,26.6,accept
9,33.21,18.51,22.33,17.19,42.5,26.5,accept
9,32.14,17.36,21.92,17.05,42.7,26.5,accept
9,33.58,18.35,22.18,16.97,42.2,26.4,accept
9,33.58,17.96,21.95,16.98,42.6,26.5,accept
9,33.58,18.11,21.93,16.92,42.4,26.5,accept
9,32.32,17.29,22.06,17.07,42.6,26.5,accept
9,31.29,16.58,21.07,17.23,42.8,26.6,accept
9,32.85,17.88,21.21,16.97,42.8,26.6,accept
9,33.4,17.66,21.93,16.96,42.7,26.5,accept
9,33.4,18.35,21.8,16.96,42.5,26.5,accept
9,33.4,18.19,21.83,16.88,42.5,26.5,accept
9,33.03,17.66,21.49,16.99,43.0,26.6,accept
9,33.21,17.96,21.67,16.89,42.7,26.6,accept
9,32.14,17.58,21.54,17.59,42.7,26.7,accept
9,32.32,16.93,20.92,17.28,42.8,26.6,accept
9,32.32,16.79,21.29,17.48,43.1,26.6,accept
9,33.21,17.96,21.69,16.88,42.6,26.5,accept
9,32.49,17.81,21.43,17.49,42.6,26.6,accept
9,32.85,17.81,21.17,16.95,42.8,26.6,accept
9,33.21,18.27,21.92,16.89,42.6,26.6,accept
9,32.14,16.79,21.29,17.47,43.1,26.6,accept
9,31.8,17.21,21.21,17.05,42.9,26.6,accept
9,31.97,17.29,21.54,17.59,42.6,26.6,accept
9,32.49,16.79,21.29,17.48,43.0,26.6,accept
9,31.97,17.21,21.8,17.05,42.7,26.5,accept
9,33.03,18.27,22.19,17.22,42.7,26.6,accept
9,32.49,17.81,21.48,17.41,42.6,26.6,accept
9,32.85,17.51,21.8,17.23,43.2,26.6,accept
9,31.97,17.29,21.54,17.03,42.9,26.6,accept
9,31.29,16.58,21.16,17.37,42.8,26.7,accept
10,33.58,18.35,22.32,16.79,42.1,26.4,reject
10,33.58,18.27,22.32,16.71,42.0,26.3,reject
10,33.77,18.35,22.32,16.79,42.1,26.4,reject
10,33.58,18.27,22.21,16.76,42.1,26.3,reject
10,33.96,18.59,22.59,16.5,41.8,26.3,reject
10,33.77,18.51,22.46,16.76,41.9,26.3,reject
10,33.77,18.51,22.44,16.71,41.9,26.3,reject
10,33.96,18.27,22.36,16.46,41.8,26.2,reject
10,33.77,18.19,22.22,16.58,42.0,26.3,reject
10,33.4,17.58,22.45,17.08,42.7,26.4,reject
10,34.15,18.51,22.56,16.47,41.7,26.2,reject
10,33.58,18.43,22.89,16.77,41.8,26.3,reject
10,33.96,17.73,22.46,16.62,42.3,26.2,reject
10,33.77,18.59,22.58,16.79,42.0,26.4,reject
10,33.96,18.35,22.43,16.51,41.8,26.3,reject
10,33.96,17.81,22.61,16.71,42.5,26.3,reject
10,32.49,17.51,22.45,17.05,42.2,26.4,reject
10,33.58,18.67,22.45,17.05,42.3,26.5,reject
10,33.96,18.19,22.32,16.45,41.9,26.3,reject
10,33.58,18.51,22.39,16.8,42.1,26.4,reject
10,33.96,18.35,22.34,16.41,41.9,26.3,reject
10,33.58,18.43,22.28,16.96,42.2,26.4,reject
10,32.49,17.36,22.19,16.96,42.4,26.4,reject
10,34.15,18.59,22.65,16.46,41.7,26.2,reject
10,33.77,18.35,22.47,16.53,41.8,26.3,reject
10,33.21,17.96,22.98,16.71,41.7,26.2,reject
10,32.67,17.43,22.42,16.46,42.1,26.3,reject
10,32.49,17.36,22.24,16.85,42.3,26.4,reject
10,34.15,18.67,22.73,16.46,41.7,26.2,reject
10,33.77,17.96,22.32,16.45,42.0,26.3,reject
10,33.96,18.43,22.47,16.54,41.8,26.2,reject
10,33.58,18.43,22.22,16.96,42.3,26.5,reject
10,33.96,18.67,22.6,16.44,41.8,26.3,reject
10,33.77,17.96,22.19,16.67,42.3,26.4,reject
10,33.03,18.11,22.6,17.22,42.2,26.4,reject
10,33.96,18.35,22.45,16.45,41.8,26.2,reject
10,33.77,17.96,22.19,16.63,42.2,26.3,reject
10,33.77,18.75,22.71,16.96,42.1,26.4,reject
10,33.96,18.83,22.96,16.62,41.8,26.3,reject
10,34.15,18.83,22.86,16.52,41.7,26.2,reject
10,34.15,18.99,22.88,16.69,41.8,26.3,reject
10,33.58,18.35,22.19,16.95,42.2,26.4,reject
10,33.96,17.58,22.45,16.62,42.4,26.3,reject
10,33.77,18.67,22.46,16.96,42.1,26.4,reject
10,33.96,18.43,22.45,16.3,41.8,26.3,reject
10,32.67,17.51,22.33,16.9,42.4,26.4,reject
10,33.58,17.66,22.02,16.96,42.6,26.4,reject
10,33.77,18.35,22.31,16.73,42.1,26.4,reject
10,33.4,18.27,22.77,17.14,42.0,26.3,reject
10,33.96,18.43,22.36,16.54,41.9,26.3,reject
10,33.77,18.35,22.32,16.53,41.9,26.3,reject
10,33.96,18.83,22.73,16.39,41.8,26.3,reject
10,33.77,18.19,22.14,16.88,42.3,26.4,reject
10,33.58,18.43,22.2,16.97,42.2,26.4,reject
10,33.4,18.35,22.19,16.96,42.3,26.5,reject
10,33.77,18.43,22.39,16.5,41.8,26.3,reject
10,33.77,18.43,22.43,16.54,41.9,26.3,reject
10,33.58,18.51,22.37,16.79,42.1,26.4,reject
10,33.58,18.43,22.19,16.96,42.3,26.5,reject
10,33.96,18.51,22.59,16.46,41.8,26.3,reject
10,33.77,18.35,22.32,16.58,41.9,26.3,reject
10,33.96,18.67,23.0,16.66,41.7,26.2,reject
10,33.77,17.73,22.59,16.7,42.5,26.3,reject
10,33.58,17.58,22.12,17.03,42.7,26.4,reject
10,33.96,18.43,22.45,16.46,41.8,26.2,reject
10,33.77,17.96,22.19,16.35,42.1,26.3,reject
10,33.77,18.27,22.32,16.42,41.9,26.3,reject
10,32.85,17.51,22.41,16.53,42.2,26.3,reject
10,34.15,18.59,22.59,16.56,41.7,26.2,reject
10,32.85,17.81,22.73,17.13,42.1,26.4,reject
10,33.77,18.04,22.19,16.8,42.2,26.3,reject
10,33.77,17.66,22.66,16.71,42.4,26.3,reject
10,33.96,18.51,22.59,16.45,41.7,26.2,reject
10,33.58,18.19,22.21,16.73,42.0,26.3,reject
10,33.4,18.19,23.0,16.79,41.7,26.2,reject
10,33.77,18.27,22.19,16.88,42.3,26.4,reject
10,33.77,18.43,22.51,16.46,41.8,26.3,reject
10,33.77,18.43,22.34,16.66,41.9,26.3,reject
10,33.58,18.51,22.67,17.03,42.2,26.4,reject
10,33.4,18.51,22.62,17.22,42.2,26.4,reject
10,33.96,18.35,22.45,16.54,41.9,26.3,reject
10,33.58,18.51,22.33,16.87,42.1,26.4,reject
10,33.96,18.43,22.45,16.45,41.8,26.2,reject
10,33.77,17.66,22.37,16.62,42.4,26.3,reject
10,33.58,17.43,22.21,17.02,42.7,26.4,reject
10,33.77,18.27,22.29,16.53,41.9,26.3,reject
10,33.58,18.27,22.31,16.7,42.1,26.4,reject
10,33.58,17.51,22.18,16.82,42.5,26.4,reject
10,33.96,18.11,22.4,16.52,42.0,26.2,reject
10,33.77,17.66,22.69,16.7,42.4,26.3,reject
10,33.77,17.43,22.34,16.99,42.6,26.4,reject
10,33.77,18.51,22.45,16.78,41.9,26.3,reject
10,33.96,18.51,22.46,16.32,41.8,26.3,reject
10,33.77,17.66,22.49,17.14,42.5,26.3,reject
10,32.49,17.43,22.46,16.79,42.0,26.3,reject
10,33.77,18.51,22.55,16.79,41.9,26.3,reject
10,32.85,17.73,22.73,16.71,41.9,26.3,reject
10,33.4,18.35,22.77,17.05,42.0,26.3,reject
10,33.96,18.67,22.72,16.47,41.7,26.2,reject
10,32.85,17.58,22.47,16.54,42.0,26.2,reject
10,33.77,18.11,22.21,16.6,42.0,26.3,reject
10,33.58,18.67,22.78,17.05,42.1,26.4,reject
10,33.96,18.75,23.0,16.63,41.7,26.2,reject
10,33.4,17.66,22.62,16.7,42.3,26.3,reject
10,33.96,18.51,22.59,16.52,41.7,26.2,reject
10,34.15,18.91,22.79,16.48,41.8,26.3,reject
10,32.85,17.73,22.4,17.22,42.6,26.4,reject
10,32.85,17.58,22.73,16.69,41.8,26.2,reject
10,33.58,18.43,22.8,16.88,42.0,26.4,reject
10,33.96,18.51,22.5,16.51,41.8,26.3,reject
10,33.77,18.04,22.19,16.6,42.0,26.3,reject
10,33.21,17.58,22.5,16.87,42.4,26.3,reject
10,34.15,18.35,22.46,16.52,41.8,26.2,reject
10,33.77,18.51,22.44,16.67,41.9,26.3,reject
10,33.58,18.27,23.0,16.7,41.7,26.2,reject
10,33.58,18.43,22.33,16.85,42.1,26.4,reject
10,33.77,18.43,22.42,16.55,41.9,26.3,reject
10,33.58,18.51,22.44,16.82,42.1,26.4,reject
10,33.21,18.27,22.86,16.96,41.9,26.3,reject
10,33.77,18.43,22.36,16.49,41.8,26.3,reject
10,32.67,17.36,22.45,16.62,42.0,26.3,reject
10,33.58,18.35,23.0,16.7,41.7,26.2,reject
10,33.96,18.59,22.62,16.45,41.7,26.2,reject
10,33.96,18.43,22.45,16.46,41.8,26.3,reject
10,34.15,18.59,22.64,16.52,41.7,26.2,reject
10,33.77,18.43,22.29,16.79,42.1,26.4,reject
10,33.58,18.35,22.32,16.77,42.0,26.3,reject
10,33.77,18.19,22.23,16.54,41.9,26.3,reject
10,34.15,18.67,22.71,16.54,41.7,26.2,reject
10,33.77,18.43,22.32,16.79,42.1,26.4,reject
10,33.21,18.11,22.86,16.78,41.9,26.3,reject
10,33.77,18.43,22.39,16.79,42.0,26.3,reject
10,33.96,18.51,22.57,16.54,41.8,26.3,reject
10,33.77,18.27,22.32,16.39,42.0,26.3,reject
10,33.96,18.43,22.59,16.45,41.8,26.3,reject
10,33.96,18.35,22.38,16.45,41.9,26.3,reject
10,33.77,17.58,22.3,16.96,42.6,26.4,reject
10,33.77,18.43,22.22,16.79,42.1,26.4,reject
10,33.58,17.73,22.72,16.79,42.3,26.3,reject
10,33.58,18.27,22.19,16.81,42.1,26.4,reject
10,33.77,18.51,22.45,16.79,42.1,26.4,reject
10,33.77,17.58,22.32,16.46,42.3,26.3,reject
10,33.96,17.66,22.72,16.87,42.4,26.2,reject
10,33.96,18.67,22.59,16.45,41.8,26.3,reject
10,33.77,17.88,22.19,16.6,42.3,26.4,reject
10,33.96,18.59,22.6,16.54,41.8,26.3,reject
10,33.77,17.96,22.15,16.79,42.3,26.3,reject
10,33.77,17.96,22.31,16.45,42.2,26.3,reject
10,33.58,18.11,22.06,16.88,42.3,26.4,reject
10,33.96,18.51,22.49,16.53,41.8,26.3,reject
10,33.96,18.83,23.0,16.73,41.7,26.2,reject
10,33.77,18.51,22.45,16.5,41.8,26.3,reject
10,33.77,17.66,22.33,17.22,42.8,26.4,reject
10,33.77,17.73,22.68,16.79,42.5,26.3,reject
10,33.58,18.43,22.32,16.97,42.2,26.4,reject
10,33.96,18.11,22.32,16.46,41.9,26.2,reject
10,33.96,18.51,22.58,16.57,41.8,26.3,reject
10,33.58,18.35,22.32,16.86,42.1,26.4,reject
10,33.77,17.81,22.73,16.78,42.4,26.2,reject
10,32.67,17.36,22.34,16.54,42.1,26.3,reject
10,33.77,18.43,22.43,16.53,41.8,26.3,reject
10,33.96,17.81,22.72,16.73,42.4,26.3,reject
10,34.15,18.27,22.45,16.51,41.8,26.2,reject
10,33.77,18.51,22.57,16.46,41.8,26.3,reject
10,33.77,17.66,22.1,16.79,42.4,26.3,reject
10,33.96,17.58,22.46,16.61,42.3,26.2,reject
10,33.58,18.43,23.0,16.77,41.7,26.2,reject
10,33.58,18.35,22.32,16.8,42.1,26.4,reject
10,33.03,17.66,22.59,16.7,42.4,26.3,reject
10,33.21,18.11,22.87,16.78,41.9,26.3,reject
10,33.77,18.43,22.3,16.79,42.1,26.4,reject
10,33.77,18.59,22.42,16.88,42.1,26.4,reject
10,33.58,18.51,22.42,16.88,42.1,26.4,reject
10,33.58,17.51,22.05,16.81,42.6,26.4,reject
10,33.58,18.51,22.32,16.97,42.2,26.4,reject
10,33.77,18.19,22.19,16.8,42.1,26.3,reject
10,33.21,18.19,22.98,16.7,41.8,26.3,reject
10,33.96,18.35,22.45,16.49,41.8,26.2,reject
10,33.58,18.43,22.33,16.82,42.1,26.4,reject
10,33.77,18.43,22.44,16.54,41.9,26.3,reject
10,32.49,17.43,22.32,16.87,42.3,26.4,reject
10,32.85,17.58,22.55,16.61,42.1,26.3,reject
10,33.77,17.81,22.28,16.41,42.2,26.3,reject
10,33.77,18.27,22.25,16.71,42.0,26.3,reject
10,33.96,18.59,22.6,16.48,41.7,26.2,reject
10,33.77,18.75,22.88,16.79,41.8,26.3,reject
10,33.77,18.67,22.59,16.53,41.8,26.3,reject
10,33.77,18.43,22.37,16.38,41.8,26.3,reject
10,33.77,18.51,22.46,16.82,42.1,26.4,reject
10,33.4,18.43,22.73,17.13,42.2,26.4,reject
10,32.67,17.58,22.21,17.06,42.5,26.4,reject
10,33.77,18.43,22.47,16.46,41.8,26.3,reject
10,33.96,18.27,22.31,16.37,41.9,26.3,reject
10,33.58,18.51,22.3,16.98,42.3,26.5,reject
10,33.96,18.27,22.32,16.38,42.0,26.3,reject
10,33.96,18.19,22.4,16.5,41.9,26.2,reject
10,32.32,17.29,22.19,16.96,42.3,26.4,reject
10,33.96,17.58,22.48,16.62,42.4,26.3,reject
10,33.58,18.43,22.45,16.7,41.9,26.3,reject
10,33.96,18.51,22.45,16.37,41.8,26.3,reject
10,33.96,18.19,22.32,16.46,41.9,26.2,reject
10,33.96,17.96,22.33,16.53,42.0,26.2,reject
10,33.03,17.73,22.69,16.97,42.1,26.2,reject
10,33.77,18.11,22.25,16.64,42.1,26.3,reject
10,33.96,18.51,22.58,16.46,41.8,26.3,reject
10,33.77,18.43,22.35,16.79,42.1,26.4,reject
10,33.77,17.66,22.59,16.91,42.6,26.4,reject
10,33.96,18.83,22.73,16.88,42.0,26.4,reject
10,33.58,18.35,22.19,16.97,42.2,26.4,reject
10,33.96,17.81,22.68,16.72,42.5,26.3,reject
10,33.58,17.66,22.47,17.14,42.7,26.4,reject
10,32.49,17.43,22.27,16.96,42.3,26.4,reject
10,33.96,18.59,22.59,16.45,41.7,26.2,reject
10,33.77,18.51,22.57,16.53,41.8,26.3,reject
10,33.58,17.66,22.59,16.94,42.5,26.3,reject
10,33.77,17.66,22.43,16.6,42.2,26.2,reject
10,33.58,18.27,22.21,16.77,42.0,26.3,reject
10,33.4,18.35,22.19,16.96,42.2,26.4,reject
10,33.77,18.04,22.15,16.71,42.2,26.3,reject
10,32.85,17.66,22.73,16.62,41.9,26.3,reject
10,33.4,18.43,22.73,16.98,42.0,26.3,reject
10,33.03,18.04,22.79,16.96,41.9,26.3,reject
10,32.67,17.66,22.56,17.05,42.2,26.4,reject
10,33.58,18.35,22.23,16.81,42.1,26.4,reject
10,33.58,17.66,22.19,16.83,42.4,26.3,reject
10,33.4,18.35,22.85,16.93,41.9,26.3,reject
10,33.77,18.43,22.41,16.65,41.9,26.3,reject
10,33.96,18.59,22.51,16.37,41.8,26.3,reject
10,33.21,18.11,22.82,16.94,41.9,26.3,reject
10,33.96,18.59,22.59,16.52,41.8,26.3,reject
10,32.85,17.73,22.42,17.06,42.6,26.4,reject
10,33.77,18.75,22.73,16.87,41.9,26.3,reject
10,33.96,18.59,22.47,16.37,41.8,26.3,reject
10,33.96,18.75,22.65,16.53,41.8,26.3,reject
10,33.58,18.43,22.26,16.8,42.1,26.4,reject
10,33.96,18.51,22.54,16.51,41.8,26.3,reject
10,33.96,17.88,22.36,16.53,42.1,26.2,reject
10,32.85,17.66,22.57,16.54,42.2,26.3,reject
10,33.58,18.43,22.32,16.79,42.1,26.4,reject
10,32.49,17.36,22.32,16.96,42.3,26.4,reject
10,33.77,18.43,22.59,16.62,41.7,26.2,reject
10,33.96,18.43,22.47,16.53,41.8,26.3,reject
10,33.58,18.27,22.19,16.79,42.1,26.4,reject
10,34.15,18.59,22.64,16.46,41.7,26.2,reject
10,33.77,17.88,22.06,16.83,42.4,26.4,reject
10,33.03,17.81,22.69,16.62,42.3,26.3,reject
10,33.58,17.88,22.06,16.79,42.4,26.4,reject
10,33.21,18.04,23.0,16.79,41.8,26.2,reject
10,33.77,18.43,22.45,16.56,41.8,26.3,reject
10,33.96,18.59,22.58,16.37,41.8,26.3,reject
10,33.03,17.66,22.46,16.97,42.5,26.3,reject
10,33.77,18.43,22.33,16.79,42.0,26.3,reject
10,33.58,18.51,22.31,16.85,42.1,26.4,reject
10,32.85,17.66,22.45,16.96,42.4,26.3,reject
10,33.96,18.51,22.6,16.46,41.7,26.2,reject
10,33.77,18.35,22.19,16.83,42.2,26.4,reject
10,33.77,18.43,22.45,16.62,41.9,26.3,reject
10,33.58,18.51,22.61,17.03,42.2,26.4,reject
10,33.96,18.11,22.32,16.45,42.0,26.3,reject
10,33.58,18.35,22.19,16.96,42.2,26.4,reject
10,33.58,18.19,22.14,16.88,42.3,26.4,reject
10,32.85,17.73,22.46,16.98,42.4,26.3,reject
10,33.96,18.27,22.35,16.44,41.8,26.2,reject
10,33.58,18.43,22.36,16.79,42.0,26.3,reject
10,33.58,17.66,22.71,16.82,42.3,26.2,reject
10,32.67,17.43,22.32,16.69,42.1,26.3,reject
10,33.58,17.96,22.06,16.88,42.4,26.4,reject
10,33.96,18.43,22.56,16.54,41.8,26.3,reject
10,33.77,18.04,22.2,16.67,42.2,26.3,reject
10,33.58,18.27,22.19,16.89,42.2,26.4,reject
10,33.96,18.59,22.58,16.48,41.8,26.3,reject
10,33.77,18.19,22.32,16.96,42.0,26.3,reject
10,33.03,17.81,22.87,16.71,41.8,26.2,reject
10,33.77,17.51,22.32,16.94,42.6,26.4,reject
10,33.96,18.59,22.7,16.54,41.8,26.3,reject
10,32.67,17.66,22.28,17.03,42.6,26.4,reject
10,32.85,17.66,22.56,16.62,42.0,26.2,reject
10,32.67,17.58,22.56,16.96,42.1,26.4,reject
10,33.96,18.43,22.45,16.43,41.9,26.3,reject
10,32.49,17.29,22.32,16.71,42.2,26.4,reject
10,34.15,18.75,22.76,16.57,41.7,26.2,reject
10,33.96,18.04,22.33,16.51,42.0,26.2,reject
10,32.67,17.51,22.45,17.13,42.3,26.4,reject
10,33.77,18.35,22.32,16.78,42.1,26.4,reject
10,33.77,18.67,22.73,16.98,42.1,26.4,reject
10,34.15,18.91,23.01,16.71,41.7,26.2,reject
10,33.77,18.51,22.45,16.54,41.9,26.3,reject
10,33.96,18.59,22.6,16.54,41.7,26.2,reject
10,33.58,18.27,22.19,16.95,42.2,26.4,reject
10,33.77,18.35,22.32,16.81,42.1,26.4,reject
10,32.85,17.58,22.57,16.72,42.1,26.2,reject
10,33.96,18.67,22.59,16.54,41.8,26.3,reject
10,33.77,18.43,22.45,16.66,41.9,26.3,reject
10,33.77,18.43,22.44,16.52,41.9,26.3,reject
10,33.96,18.35,22.45,16.5,41.8,26.2,reject
10,33.77,18.59,22.51,16.71,41.9,26.3,reject
10,33.96,18.59,22.59,16.65,41.8,26.3,reject
10,33.96,18.51,22.59,16.54,41.8,26.3,reject
10,34.15,18.43,22.48,16.45,41.7,26.2,reject
10,33.77,18.43,22.39,16.78,42.1,26.4,reject
10,33.96,18.51,22.59,16.45,41.8,26.3,reject
10,33.58,17.43,22.18,17.05,42.8,26.4,reject
10,32.85,17.66,22.38,17.2,42.7,26.4,reject
10,33.96,18.67,22.73,16.46,41.7,26.2,reject
10,33.4,17.73,22.73,16.68,42.3,26.3,reject
10,33.77,17.73,22.64,16.71,42.5,26.3,reject
10,33.77,17.88,22.25,16.4,42.1,26.3,reject
10,33.77,17.73,22.59,16.91,42.5,26.3,reject
10,33.77,17.58,22.32,16.54,42.4,26.3,reject
10,33.77,17.88,22.19,16.79,42.3,26.3,reject
10,33.77,18.59,22.54,16.47,41.8,26.3,reject
10,33.77,18.43,22.45,16.37,41.8,26.3,reject
10,33.96,18.51,22.58,16.5,41.7,26.2,reject
10,34.15,17.73,22.72,16.79,42.4,26.3,reject
10,32.67,17.43,22.46,16.54,42.0,26.3,reject
10,33.58,18.43,22.43,16.47,41.8,26.3,reject
10,33.77,17.66,22.33,16.54,42.2,26.2,reject
10,33.96,18.19,22.32,16.4,41.8,26.2,reject
10,33.77,18.04,22.29,16.44,42.0,26.3,reject
10,33.77,18.51,22.45,16.68,41.9,26.3,reject
10,33.58,18.43,22.44,16.79,42.1,26.4,reject
10,33.58,17.66,22.59,16.68,42.5,26.3,reject
10,33.77,17.58,22.14,17.01,42.7,26.4,reject
10,33.96,18.11,22.25,16.37,42.0,26.3,reject
10,33.96,18.75,22.71,16.45,41.8,26.3,reject
10,33.96,17.66,22.58,16.7,42.5,26.3,reject
10,33.21,18.11,22.86,16.73,41.8,26.3,reject
10,33.03,18.04,22.74,17.06,42.0,26.3,reject
10,33.96,18.51,22.57,16.46,41.8,26.3,reject
10,32.67,17.51,22.72,16.66,41.9,26.3,reject
10,32.85,17.96,22.59,17.23,42.2,26.4,reject
10,33.77,18.27,22.19,16.8,42.2,26.4,reject
10,33.96,18.59,22.6,16.57,41.7,26.2,reject
10,34.15,18.51,22.57,16.5,41.8,26.2,reject
10,33.58,18.27,22.19,16.93,42.3,26.4,reject
10,33.77,18.51,22.54,16.45,41.8,26.3,reject
10,33.58,17.66,22.45,17.08,42.7,26.4,reject
10,33.58,18.35,22.19,16.88,42.1,26.4,reject
10,33.96,18.59,22.62,16.46,41.7,26.2,reject
10,33.21,17.58,22.38,17.21,42.8,26.5,reject
10,33.96,18.59,22.7,16.55,41.8,26.3,reject
10,33.96,18.67,22.61,16.54,41.8,26.3,reject
10,33.03,17.73,22.57,16.54,42.1,26.3,reject
10,33.96,18.59,22.59,16.37,41.8,26.3,reject
10,33.58,17.96,22.06,16.79,42.3,26.4,reject
10,33.58,17.73,22.58,17.08,42.6,26.4,reject
10,33.58,18.35,22.99,16.71,41.8,26.3,reject
10,33.77,17.66,22.29,16.46,42.3,26.3,reject
10,33.77,17.73,22.29,16.44,42.2,26.3,reject
10,33.58,18.19,22.19,16.86,42.2,26.4,reject
10,33.96,18.59,22.7,16.45,41.7,26.2,reject
10,33.77,18.51,22.59,16.54,41.8,26.3,reject
10,34.15,18.59,22.59,16.48,41.7,26.2,reject
10,32.67,17.43,22.6,16.54,41.8,26.2,reject
10,33.77,17.58,22.19,16.7,42.4,26.3,reject
10,33.96,18.19,22.33,16.45,41.9,26.3,reject
10,33.58,18.51,22.32,17.04,42.2,26.4,reject
10,33.58,17.51,22.25,17.15,42.8,26.4,reject
10,33.77,18.11,22.06,16.88,42.5,26.5,reject
10,33.58,18.27,22.19,16.96,42.2,26.4,reject
10,33.96,18.51,22.49,16.29,41.8,26.3,reject
10,33.77,17.73,22.73,16.79,42.5,26.3,reject
10,33.96,18.35,22.45,16.48,41.8,26.2,reject
10,33.96,18.35,22.32,16.45,42.0,26.3,reject
10,32.32,17.29,22.17,16.88,42.4,26.4,reject
10,33.77,17.88,22.32,16.49,42.1,26.3,reject
10,33.58,17.66,22.06,16.83,42.6,26.4,reject
10,33.4,18.27,22.99,16.79,41.7,26.2,reject
10,33.21,17.66,22.57,16.66,42.4,26.3,reject
10,32.67,17.66,22.46,17.14,42.3,26.5,reject
10,33.58,18.51,22.86,16.96,42.0,26.4,reject
10,33.58,17.96,22.12,16.78,42.2,26.3,reject
10,33.96,18.51,22.59,16.46,41.7,26.2,reject
10,33.77,17.81,22.29,16.46,42.1,26.3,reject
10,33.4,18.19,22.86,16.76,41.8,26.3,reject
10,33.77,17.81,22.2,16.4,42.2,26.3,reject
10,33.77,18.51,22.45,16.47,41.8,26.3,reject
10,33.77,18.75,22.63,17.23,42.2,26.4,reject
10,33.58,18.43,22.32,16.75,42.1,26.4,reject
10,33.4,18.35,22.87,16.79,41.8,26.3,reject
10,33.96,18.51,22.53,16.46,41.8,26.3,reject
10,33.77,18.67,22.72,16.97,42.1,26.4,reject
10,33.96,18.04,22.3,16.46,42.1,26.3,reject
10,33.58,18.67,22.99,16.66,41.8,26.3,reject
10,33.58,17.66,22.57,17.13,42.6,26.3,reject
10,33.96,18.67,22.69,16.45,41.8,26.3,reject
10,33.77,18.51,22.48,16.47,41.8,26.3,reject
10,33.58,18.43,22.32,16.84,42.1,26.4,reject
10,33.96,18.19,22.4,16.45,41.8,26.2,reject
10,34.15,17.73,22.45,16.54,42.2,26.2,reject
10,33.58,18.51,23.0,16.72,41.7,26.2,reject
10,33.58,17.73,22.05,16.93,42.6,26.4,reject
10,33.77,18.59,22.58,16.6,41.9,26.3,reject
10,33.58,18.35,22.32,16.71,42.1,26.4,reject
10,33.4,18.35,22.86,16.93,41.9,26.3,reject
10,33.77,17.66,22.19,16.8,42.4,26.3,reject
10,33.58,18.19,22.18,16.88,42.3,26.4,reject
10,32.67,17.51,22.61,16.73,41.9,26.3,reject
10,32.67,17.51,22.6,16.9,41.9,26.3,reject
10,32.85,17.58,22.45,16.56,42.3,26.3,reject
10,33.58,18.27,22.19,16.86,42.2,26.4,reject
10,33.96,17.81,22.72,16.79,42.4,26.3,reject
10,33.58,17.96,22.04,16.9,42.5,26.4,reject
10,33.77,18.04,22.18,16.79,42.2,26.3,reject
10,33.77,18.51,22.45,16.53,41.8,26.3,reject
10,33.96,17.73,22.73,16.79,42.4,26.2,reject
10,33.58,17.51,22.16,17.0,42.7,26.4,reject
10,33.21,17.96,22.94,16.7,41.7,26.2,reject
10,33.58,18.51,22.74,17.04,42.1,26.4,reject
10,33.58,17.66,22.46,17.13,42.7,26.4,reject
10,32.85,17.73,22.32,17.15,42.6,26.4,reject
10,33.58,17.88,22.06,16.8,42.3,26.3,reject
10,33.58,17.73,21.93,16.87,42.5,26.4,reject
10,33.77,17.66,22.46,16.7,42.3,26.3,reject
10,33.96,17.88,22.72,16.79,42.5,26.3,reject
10,32.67,17.36,22.32,16.87,42.2,26.3,reject
10,33.77,18.51,22.45,16.46,41.8,26.3,reject
10,32.67,17.43,22.46,16.56,42.0,26.3,reject
10,33.21,17.73,22.48,17.16,42.7,26.4,reject
10,32.67,17.66,22.6,16.69,41.9,26.3,reject
10,33.96,18.51,22.55,16.53,41.8,26.3,reject
10,33.77,18.43,22.41,16.63,41.9,26.3,reject
10,33.58,18.51,22.32,16.98,42.2,26.4,reject
10,33.4,17.66,22.72,16.79,42.4,26.3,reject
10,33.96,18.59,22.56,16.34,41.8,26.3,reject
10,33.77,18.43,22.33,16.54,41.9,26.3,reject
10,33.96,18.11,22.32,16.54,41.9,26.2,reject
10,33.77,18.04,22.06,16.79,42.3,26.4,reject
10,33.77,18.51,22.46,16.71,41.9,26.3,reject
10,33.96,18.59,22.59,16.46,41.7,26.2,reject
10,32.67,17.58,22.38,16.96,42.3,26.3,reject
10,33.77,17.81,22.74,16.72,42.3,26.2,reject
10,33.58,18.27,22.19,16.88,42.2,26.4,reject
10,33.58,18.19,22.18,16.88,42.2,26.4,reject
10,32.67,17.51,22.58,16.71,42.0,26.3,reject
10,33.58,17.96,22.05,16.88,42.4,26.4,reject
10,33.96,17.73,22.64,16.78,42.4,26.3,reject
10,33.77,18.67,22.46,17.05,42.3,26.5,reject
10,33.96,18.75,23.01,16.79,41.7,26.2,reject
10,33.96,17.66,22.46,16.62,42.3,26.2,reject
10,33.96,17.58,22.47,16.62,42.4,26.3,reject
10,32.49,17.43,22.2,16.88,42.4,26.4,reject
10,33.77,18.27,22.32,16.44,41.9,26.3,reject
10,33.58,17.66,22.57,16.94,42.5,26.3,reject
10,33.58,18.27,22.2,16.91,42.2,26.4,reject
10,33.77,18.51,22.46,16.7,41.9,26.3,reject
10,33.77,18.43,22.36,16.71,42.0,26.3,reject
10,33.58,18.11,22.19,16.62,42.0,26.3,reject
10,33.96,18.59,22.59,16.36,41.8,26.3,reject
10,33.96,18.43,22.46,16.46,41.8,26.2,reject
10,33.96,18.51,22.46,16.54,41.8,26.3,reject
10,33.77,18.59,22.54,16.52,41.8,26.3,reject
10,33.96,18.35,22.45,16.51,41.8,26.3,reject
10,33.96,18.59,22.59,16.34,41.8,26.3,reject
10,34.15,18.59,22.63,16.52,41.7,26.2,reject
10,33.58,18.35,22.19,16.9,42.2,26.4,reject
10,33.96,18.43,22.53,16.45,41.7,26.2,reject
10,33.77,18.51,22.49,16.33,41.8,26.3,reject
10,33.96,18.27,22.38,16.46,41.8,26.3,reject
10,33.58,18.04,22.07,16.82,42.3,26.4,reject
10,33.96,18.51,22.6,16.45,41.7,26.2,reject
10,33.77,18.35,22.32,16.73,42.0,26.3,reject
10,33.4,18.27,22.19,16.87,42.1,26.4,reject
10,33.77,18.43,22.41,16.78,42.1,26.4,reject
10,33.03,17.73,22.51,16.59,42.3,26.3,reject
10,33.77,18.11,22.25,16.37,42.0,26.3,reject
10,33.77,18.27,22.3,16.61,42.0,26.3,reject
10,33.96,17.66,22.57,16.62,42.3,26.2,reject
10,33.58,17.73,22.07,16.85,42.5,26.4,reject
10,33.58,18.35,22.26,16.87,42.1,26.4,reject
10,33.58,18.35,22.23,16.86,42.1,26.4,reject
10,33.77,17.73,22.6,16.71,42.5,26.3,reject
10,33.96,18.19,22.3,16.42,42.0,26.3,reject
10,33.77,18.59,22.45,16.8,42.1,26.4,reject
10,33.96,18.59,22.59,16.51,41.7,26.2,reject
10,33.58,18.43,22.43,16.7,42.0,26.4,reject
10,32.67,17.66,22.32,16.97,42.5,26.4,reject
10,34.15,18.59,22.6,16.62,41.7,26.2,reject
10,33.58,17.51,22.19,16.88,42.5,26.4,reject
10,33.96,18.43,22.52,16.47,41.8,26.3,reject
10,33.77,18.43,22.45,16.53,41.8,26.3,reject
10,33.77,17.73,22.45,17.14,42.7,26.4,reject
10,33.96,18.59,22.56,16.29,41.8,26.3,reject
10,33.77,18.04,22.19,16.37,42.1,26.3,reject
10,33.58,18.35,22.19,16.79,42.1,26.4,reject
10,33.77,18.19,22.3,16.62,42.0,26.3,reject
10,33.58,18.19,22.15,16.78,42.2,26.4,reject
10,33.03,17.96,22.74,16.95,41.9,26.3,reject
10,33.96,18.59,22.53,16.45,41.8,26.3,reject
10,34.15,18.59,22.7,16.54,41.7,26.2,reject
10,33.77,17.51,22.46,16.64,42.5,26.3,reject
10,33.03,17.58,22.56,16.57,42.2,26.2,reject
10,33.96,18.59,22.56,16.37,41.8,26.3,reject
10,33.03,17.66,22.45,17.1,42.6,26.4,reject
10,32.67,17.58,22.26,16.9,42.4,26.4,reject
10,33.58,18.27,22.19,16.86,42.1,26.4,reject
10,33.77,18.27,22.19,16.83,42.2,26.4,reject
10,33.96,18.51,22.58,16.46,41.7,26.2,reject
10,33.96,18.04,22.32,16.5,41.9,26.2,reject
10,33.77,18.51,22.46,16.83,42.1,26.4,reject
10,33.21,17.66,22.64,16.96,42.2,26.2,reject
10,33.4,17.73,22.55,17.04,42.5,26.3,reject
10,33.96,18.35,22.46,16.5,41.8,26.2,reject
10,33.96,18.35,22.45,16.42,41.8,26.3,reject
10,33.77,18.51,22.47,16.29,41.8,26.3,reject
10,32.85,17.58,22.54,16.54,42.2,26.3,reject
10,32.85,17.81,22.59,17.05,42.2,26.4,reject
10,33.77,18.43,22.32,16.82,42.1,26.4,reject
10,33.58,18.35,22.28,16.79,42.1,26.4,reject
10,33.96,18.59,22.49,16.54,41.8,26.3,reject
10,33.77,18.43,22.45,16.49,41.8,26.3,reject
10,33.58,18.43,22.33,16.79,42.1,26.4,reject
10,33.58,18.19,22.19,16.72,42.1,26.3,reject
10,33.77,18.35,22.46,16.45,41.8,26.3,reject
10,33.77,17.81,22.31,16.51,42.3,26.3,reject
10,32.67,17.36,22.32,16.69,42.1,26.3,reject
10,33.77,18.27,22.19,16.79,42.2,26.4,reject
10,33.21,17.66,22.44,17.23,42.7,26.4,reject
10,33.58,18.43,22.29,16.85,42.1,26.4,reject
10,33.77,18.75,22.59,16.96,42.1,26.4,reject
10,33.96,17.73,22.32,16.5,42.2,26.2,reject
10,33.58,18.35,22.2,16.88,42.2,26.4,reject
10,32.49,17.29,22.32,16.88,42.1,26.3,reject
10,32.49,17.36,22.28,16.93,42.3,26.4,reject
10,32.67,17.51,22.19,17.04,42.6,26.4,reject
10,33.77,18.35,22.4,16.51,41.8,26.3,reject
10,33.96,18.43,22.5,16.68,41.8,26.3,reject
10,33.96,18.35,22.45,16.43,41.8,26.3,reject
10,33.58,18.75,22.68,17.01,42.2,26.4,reject
10,33.58,18.19,22.16,16.78,42.2,26.4,reject
10,33.77,18.43,22.38,16.66,41.9,26.3,reject
10,33.58,18.51,22.32,17.05,42.2,26.4,reject
10,33.77,18.35,22.34,16.58,42.0,26.4,reject
10,33.77,18.67,22.73,16.87,41.9,26.3,reject
10,33.77,18.43,22.46,16.71,41.9,26.3,reject
10,33.96,18.51,22.59,16.53,41.7,26.2,reject
10,32.85,17.58,22.45,16.54,42.3,26.3,reject
10,33.77,18.19,22.19,16.79,42.2,26.3,reject
10,33.03,17.88,22.85,16.78,41.9,26.3,reject
10,33.96,18.51,22.56,16.45,41.8,26.3,reject
10,33.96,18.43,22.53,16.46,41.8,26.3,reject
10,33.96,18.59,22.47,16.75,42.0,26.4,reject
10,33.58,17.81,22.17,16.79,42.4,26.3,reject
10,33.58,18.43,22.27,16.98,42.2,26.4,reject
10,33.96,18.83,22.86,16.7,41.8,26.3,reject
10,33.96,18.51,22.59,16.47,41.8,26.3,reject
10,33.77,18.51,22.45,16.85,42.1,26.4,reject
10,33.77,18.43,22.45,16.47,41.9,26.3,reject
10,33.77,18.59,22.57,16.43,41.8,26.3,reject
10,33.77,18.51,22.59,16.45,41.7,26.2,reject
10,33.96,18.43,22.46,16.49,41.8,26.3,reject
10,33.96,18.67,22.59,16.62,41.8,26.3,reject
10,33.96,18.11,22.32,16.45,41.9,26.2,reject
10,33.58,17.73,21.97,16.87,42.5,26.4,reject
10,33.58,18.04,22.06,16.79,42.3,26.4,reject
10,32.67,17.51,22.28,16.96,42.5,26.4,reject
10,33.96,18.67,22.6,16.46,41.8,26.3,reject
10,33.58,18.35,22.31,16.79,42.1,26.4,reject
10,33.96,18.51,22.59,16.48,41.7,26.2,reject
10,33.77,18.11,22.19,16.77,42.2,26.3,reject
10,33.96,18.59,22.59,16.45,41.8,26.3,reject
10,33.96,18.27,22.43,16.44,41.8,26.2,reject
10,33.77,18.43,22.32,16.74,42.1,26.4,reject
10,33.77,18.51,22.45,16.71,42.0,26.4,reject
10,33.77,17.66,22.67,16.71,42.3,26.2,reject
10,33.77,17.73,22.32,16.48,42.3,26.3,reject
10,33.03,17.73,22.6,16.65,42.3,26.3,reject
10,32.67,17.36,22.49,16.54,41.9,26.2,reject
10,33.58,17.96,22.06,16.86,42.4,26.4,reject
10,33.77,18.51,22.32,16.8,42.1,26.4,reject
10,33.58,18.51,22.25,16.98,42.2,26.4,reject
10,33.21,17.66,22.58,16.68,42.4,26.3,reject
10,33.58,18.43,22.32,16.86,42.1,26.4,reject
10,33.77,17.73,22.71,16.7,42.4,26.2,reject
10,33.77,18.27,22.18,16.79,42.2,26.4,reject
10,33.77,18.43,22.53,16.45,41.8,26.3,reject
10,33.77,18.59,22.57,16.79,41.9,26.3,reject
10,33.96,18.43,22.46,16.45,41.8,26.3,reject
10,33.58,18.11,22.19,16.78,42.1,26.3,reject
10,33.96,18.35,22.33,16.38,41.9,26.3,reject
10,33.96,18.19,22.45,16.54,41.9,26.2,reject
10,32.49,17.51,22.38,17.14,42.3,26.4,reject
10,33.77,17.81,22.31,16.48,42.3,26.3,reject
10,33.4,17.73,22.63,16.76,42.4,26.3,reject
10,33.96,18.43,22.36,16.37,41.9,26.3,reject
10,33.96,18.43,22.44,16.35,41.8,26.3,reject
10,33.96,18.59,22.67,16.46,41.7,26.2,reject
10,33.58,17.51,22.06,16.97,42.7,26.4,reject
10,33.77,18.11,22.24,16.62,42.1,26.3,reject
10,33.77,17.43,22.32,16.97,42.6,26.4,reject
10,33.77,17.58,22.18,16.62,42.4,26.3,reject
10,33.58,18.35,22.26,16.8,42.1,26.4,reject
10,33.58,17.66,22.72,16.79,42.3,26.2,reject
10,33.21,18.04,23.0,16.71,41.7,26.2,reject
10,33.77,17.73,22.3,16.45,42.3,26.3,reject
10,32.67,17.36,22.46,16.54,41.9,26.2,reject
10,33.58,17.66,22.45,17.25,42.8,26.4,reject
10,32.85,17.66,22.46,16.57,42.2,26.3,reject
10,33.77,18.59,22.94,16.77,41.8,26.3,reject
10,33.58,18.11,22.05,16.88,42.3,26.4,reject
10,33.58,18.35,22.29,16.88,42.2,26.4,reject
10,33.77,17.96,22.32,16.45,42.1,26.3,reject
10,32.67,17.51,22.59,16.54,41.8,26.2,reject
10,33.58,18.19,22.19,16.79,42.1,26.3,reject
10,33.21,18.11,22.93,16.78,41.8,26.3,reject
10,33.96,18.51,22.56,16.31,41.8,26.3,reject
10,33.77,18.04,22.19,16.62,42.1,26.3,reject
10,33.21,18.19,22.64,17.11,42.1,26.4,reject
10,33.96,17.66,22.53,16.65,42.3,26.2,reject
10,33.77,18.27,22.31,16.61,41.9,26.3,reject
10,33.58,18.27,22.32,16.71,41.9,26.3,reject
10,33.77,18.51,22.46,16.5,41.8,26.3,reject
10,33.21,17.73,22.45,17.14,42.7,26.4,reject
10,33.58,18.59,22.32,16.98,42.3,26.5,reject
10,33.96,18.43,22.53,16.54,41.8,26.2,reject
10,33.96,18.51,22.54,16.35,41.8,26.3,reject
10,33.58,17.73,22.1,16.78,42.4,26.3,reject
10,34.15,18.91,22.82,16.69,41.8,26.3,reject
10,33.58,17.66,22.59,16.7,42.4,26.3,reject
10,33.77,18.43,22.36,16.7,41.9,26.3,reject
10,33.77,18.43,22.33,16.79,42.1,26.4,reject
10,33.4,17.66,22.39,17.18,42.8,26.4,reject
10,33.4,17.66,22.57,16.88,42.5,26.3,reject
10,33.77,18.51,22.99,16.71,41.7,26.2,reject
10,33.77,17.73,22.32,16.47,42.3,26.3,reject
10,33.21,17.73,22.58,16.89,42.4,26.3,reject
10,33.96,17.58,22.47,16.88,42.5,26.3,reject
10,33.21,18.04,22.73,17.05,42.0,26.3,reject
10,33.77,18.35,22.23,16.77,42.1,26.4,reject
10,33.77,18.51,22.98,16.79,41.7,26.2,reject
10,32.85,17.81,22.59,16.7,42.1,26.3,reject
10,33.77,18.51,22.45,16.71,41.9,26.3,reject
10,33.58,17.73,22.72,16.72,42.3,26.3,reject
10,33.77,18.43,22.48,16.45,41.8,26.3,reject
10,32.85,17.43,22.72,16.61,41.8,26.2,reject
10,33.96,18.43,22.55,16.49,41.7,26.2,reject
10,33.77,18.35,22.32,16.7,41.9,26.3,reject
10,33.77,18.43,22.45,16.45,41.9,26.3,reject
10,33.77,17.73,22.33,16.54,42.1,26.2,reject
10,33.77,18.43,22.36,16.7,42.0,26.4,reject
10,33.77,18.04,22.32,16.44,42.1,26.3,reject
10,33.96,18.51,22.47,16.46,41.8,26.2,reject
10,33.77,18.59,22.86,16.71,41.8,26.3,reject
10,33.58,18.51,22.3,16.99,42.2,26.4,reject
10,33.96,18.43,22.49,16.53,41.8,26.2,reject
10,33.58,18.11,22.06,16.79,42.2,26.4,reject
10,33.77,18.27,22.25,16.79,42.0,26.3,reject
10,33.58,18.19,22.18,16.87,42.2,26.4,reject
10,33.77,18.27,22.39,16.54,41.9,26.3,reject
10,33.77,18.59,22.57,16.29,41.8,26.3,reject
10,33.58,17.58,22.47,17.06,42.7,26.4,reject
10,33.77,18.67,23.05,16.69,41.7,26.2,reject
10,33.77,18.27,22.19,16.76,42.1,26.4,reject
10,33.96,18.51,22.6,16.53,41.7,26.2,reject
10,33.58,18.43,22.29,16.96,42.2,26.4,reject
10,33.58,18.04,22.05,16.83,42.4,26.4,reject
10,33.03,17.81,22.87,16.79,41.8,26.2,reject
10,33.77,17.81,22.32,16.51,42.1,26.2,reject
10,33.77,17.58,22.42,16.54,42.3,26.3,reject
10,33.77,18.43,22.45,16.54,41.8,26.3,reject
10,33.77,18.43,22.39,16.79,42.1,26.4,reject
10,33.77,17.73,22.58,17.13,42.5,26.3,reject
10,33.77,18.35,22.31,16.79,42.1,26.4,reject
10,33.58,18.43,22.26,16.87,42.1,26.4,reject
10,33.77,18.35,22.32,16.8,42.1,26.4,reject
10,33.21,18.11,22.73,17.05,42.1,26.4,reject
10,33.77,17.73,22.2,16.45,42.2,26.3,reject
10,33.58,18.11,22.06,16.84,42.3,26.4,reject
10,33.96,18.43,22.53,16.53,41.8,26.3,reject
10,33.96,18.27,22.35,16.45,41.8,26.2,reject
10,33.77,18.51,22.45,16.76,42.1,26.4,reject
10,33.96,18.43,22.38,16.39,41.9,26.3,reject
10,33.58,17.73,22.59,16.88,42.5,26.3,reject
10,33.96,18.59,22.71,16.45,41.7,26.2,reject
10,33.77,17.66,22.55,17.06,42.7,26.4,reject
10,33.96,18.35,22.34,16.45,41.9,26.3,reject
10,33.77,18.35,22.32,16.7,42.0,26.4,reject
10,33.58,17.66,22.45,17.22,42.8,26.4,reject
10,33.77,18.67,23.02,16.65,41.7,26.2,reject
10,33.77,18.51,22.43,16.79,42.1,26.4,reject
10,33.58,18.35,22.21,16.87,42.1,26.4,reject
10,33.58,18.43,22.25,16.96,42.2,26.4,reject
10,33.77,18.51,22.45,16.52,41.9,26.3,reject
10,33.58,17.66,22.73,16.93,42.3,26.2,reject
10,33.58,18.27,22.21,16.9,42.2,26.4,reject
10,33.96,17.73,22.72,16.78,42.4,26.2,reject
10,33.58,18.43,22.32,16.74,42.0,26.3,reject
10,33.96,18.35,22.45,16.46,41.9,26.3,reject
10,33.96,18.75,23.0,16.7,41.8,26.3,reject
10,32.85,17.58,22.56,16.61,41.9,26.2,reject
10,33.77,17.66,22.32,16.45,42.3,26.3,reject
10,32.67,17.66,22.25,17.05,42.5,26.4,reject
10,33.77,17.73,22.73,16.74,42.3,26.2,reject
10,33.4,18.35,22.19,16.79,42.1,26.4,reject
10,33.77,18.35,22.33,16.79,42.0,26.3,reject
10,33.77,18.43,22.32,16.8,42.1,26.4,reject
10,33.58,18.35,22.25,16.95,42.2,26.4,reject
10,33.03,18.11,22.72,17.07,42.2,26.4,reject
10,32.67,17.43,22.45,16.62,42.0,26.2,reject
10,33.4,18.19,22.93,16.77,41.7,26.2,reject
10,33.96,17.81,22.45,16.62,42.2,26.2,reject
10,33.4,17.73,22.72,17.05,42.2,26.2,reject
10,33.77,18.43,22.34,16.54,41.9,26.3,reject
10,33.58,18.51,22.32,16.88,42.2,26.4,reject
10,33.77,18.59,22.47,16.71,41.9,26.3,reject
10,33.96,18.43,22.45,16.48,41.8,26.3,reject
10,33.77,18.67,22.57,16.82,42.1,26.4,reject
10,33.21,17.66,22.45,17.31,42.8,26.5,reject
10,33.96,18.51,22.58,16.4,41.8,26.3,reject
10,33.96,18.27,22.31,16.37,42.0,26.3,reject
10,33.77,18.59,22.54,16.71,41.9,26.3,reject
10,33.21,17.66,22.48,16.99,42.5,26.3,reject
10,33.77,18.11,22.28,16.37,42.1,26.3,reject
10,33.96,18.59,22.68,16.46,41.7,26.2,reject
10,33.96,18.51,22.62,16.53,41.7,26.2,reject
10,33.96,17.73,22.71,16.76,42.4,26.3,reject
10,33.77,17.96,22.3,16.37,42.1,26.3,reject
10,33.96,18.51,22.6,16.47,41.8,26.3,reject
10,33.96,18.75,22.73,16.6,41.8,26.3,reject
10,33.96,18.51,22.54,16.45,41.8,26.3,reject
10,33.77,18.19,22.13,16.79,42.2,26.4,reject
10,33.58,18.04,22.16,16.71,42.1,26.3,reject
10,32.67,17.43,22.56,16.55,41.9,26.3,reject
10,34.15,18.43,22.51,16.46,41.7,26.2,reject
10,33.77,18.11,22.09,16.8,42.2,26.4,reject
10,33.58,18.51,22.71,17.09,42.2,26.4,reject
10,33.58,17.88,21.96,16.88,42.4,26.4,reject
10,33.96,18.59,22.61,16.44,41.7,26.2,reject
10,34.15,18.59,22.62,16.46,41.7,26.2,reject
10,33.21,17.66,22.63,16.62,42.3,26.3,reject
10,32.85,17.66,22.84,16.7,41.8,26.2,reject
10,33.77,17.66,22.18,16.8,42.4,26.3,reject
10,34.15,18.59,22.57,16.46,41.7,26.2,reject
10,32.67,17.36,22.52,16.62,41.9,26.2,reject
10,33.4,17.66,22.53,17.05,42.5,26.3,reject
10,33.77,18.51,22.45,16.71,42.0,26.3,reject
10,33.96,18.67,22.71,16.47,41.7,26.2,reject
10,33.77,18.35,22.49,16.52,41.8,26.3,reject
10,33.03,18.19,22.6,17.2,42.2,26.4,reject
10,33.77,17.81,22.19,16.64,42.3,26.3,reject
10,33.96,17.66,22.65,16.72,42.4,26.3,reject
10,33.03,17.73,22.69,16.67,42.3,26.3,reject
10,33.96,18.51,22.57,16.45,41.8,26.3,reject
10,33.58,17.73,22.72,17.04,42.2,26.2,reject
10,33.77,18.04,22.22,16.38,42.1,26.3,reject
10,33.77,18.35,22.27,16.79,42.0,26.3,reject
10,33.96,18.51,22.61,16.53,41.7,26.2,reject
10,33.77,17.88,22.3,16.37,42.1,26.3,reject
10,33.58,17.81,22.06,16.96,42.6,26.4,reject
10,32.67,17.51,22.58,16.86,42.1,26.4,reject
10,33.96,17.66,22.6,16.73,42.4,26.3,reject
10,33.58,18.35,22.24,16.84,42.1,26.4,reject
10,33.96,17.58,22.59,16.68,42.4,26.2,reject
10,33.58,18.27,22.29,16.79,42.0,26.3,reject
10,33.96,18.51,22.45,16.37,41.9,26.3,reject
10,33.77,18.59,22.45,16.71,42.0,26.4,reject
10,33.77,18.11,22.32,16.42,42.0,26.3,reject
10,33.58,18.43,22.32,16.88,42.1,26.4,reject
10,32.67,17.43,22.49,16.59,41.9,26.3,reject
10,33.77,18.43,22.47,16.45,41.8,26.3,reject
10,33.77,18.27,22.23,16.71,42.0,26.3,reject
10,33.4,17.58,22.5,16.85,42.4,26.3,reject
10,33.77,18.35,22.32,16.77,42.1,26.4,reject
10,32.67,17.51,22.31,16.87,42.3,26.4,reject
10,32.85,17.58,22.59,16.59,42.0,26.2,reject
10,33.96,18.43,22.56,16.48,41.7,26.2,reject
10,34.15,18.83,22.83,16.54,41.8,26.3,reject
10,33.77,18.11,22.28,16.38,42.0,26.3,reject
10,33.77,18.51,22.45,16.54,41.8,26.3,reject
10,33.77,18.51,22.51,16.29,41.8,26.3,reject
10,33.77,18.27,22.3,16.62,42.0,26.3,reject
10,33.96,17.81,22.33,16.51,42.2,26.2,reject
10,33.77,17.66,22.57,16.91,42.6,26.4,reject
10,32.85,17.51,22.54,16.54,42.1,26.2,reject
10,33.77,18.19,22.2,16.79,42.1,26.3,reject
10,33.77,18.35,22.19,16.79,42.1,26.4,reject
10,33.58,17.96,22.0,16.84,42.4,26.4,reject
10,33.96,18.35,22.44,16.45,41.9,26.3,reject
10,33.96,18.83,22.73,16.8,42.0,26.4,reject
10,33.03,17.81,22.85,16.62,41.8,26.3,reject
10,33.96,18.43,22.59,16.55,41.7,26.2,reject
10,33.21,17.73,22.71,16.62,42.3,26.3,reject
10,33.4,17.66,22.57,17.13,42.5,26.3,reject
10,34.15,18.43,22.51,16.62,41.8,26.2,reject
10,32.49,17.36,22.37,16.78,42.2,26.4,reject
10,33.58,18.35,22.23,16.79,42.1,26.4,reject
10,33.77,18.04,22.31,16.45,42.0,26.3,reject
10,33.77,18.35,22.32,16.54,41.9,26.3,reject
10,33.58,18.27,22.19,16.87,42.2,26.4,reject
10,33.03,17.73,22.45,17.09,42.6,26.4,reject
10,33.21,17.66,22.41,17.18,42.7,26.4,reject
10,32.85,17.58,22.7,16.69,41.9,26.3,reject
10,33.96,17.88,22.45,16.55,42.2,26.2,reject
10,33.96,18.75,22.61,16.89,42.1,26.4,reject
10,33.58,18.35,22.33,16.72,42.0,26.3,reject
10,33.77,18.51,22.42,16.79,42.1,26.4,reject
10,33.77,18.51,22.45,16.53,41.9,26.3,reject
10,33.77,17.96,22.19,16.45,42.1,26.3,reject
10,33.96,18.35,22.32,16.53,41.9,26.3,reject
10,33.96,18.51,22.54,16.46,41.8,26.3,reject
10,33.03,17.58,22.45,16.96,42.5,26.3,reject
10,32.85,17.58,22.45,16.79,42.3,26.3,reject
10,33.77,17.73,22.72,16.71,42.3,26.2,reject
10,33.77,17.51,22.32,16.71,42.5,26.3,reject
10,33.77,17.66,22.3,16.71,42.4,26.3,reject
10,33.58,18.67,22.69,17.05,42.2,26.4,reject
10,32.67,17.51,22.47,16.54,42.0,26.3,reject
10,33.77,18.75,22.59,16.77,42.0,26.4,reject
10,33.77,18.35,22.32,16.75,42.1,26.4,reject
10,33.58,18.43,22.35,16.88,42.1,26.4,reject
10,32.49,17.36,22.19,17.04,42.5,26.5,reject
10,33.58,18.19,22.19,16.71,42.0,26.3,reject
10,32.67,17.43,22.45,16.54,42.1,26.3,reject
10,33.96,18.59,22.59,16.49,41.8,26.3,reject
10,33.4,17.73,22.73,16.78,42.4,26.3,reject
10,33.77,18.43,22.49,16.47,41.8,26.3,reject
10,33.21,17.73,22.65,16.71,42.3,26.3,reject
10,32.85,17.58,22.45,16.79,42.4,26.4,reject
10,33.96,18.59,22.56,16.52,41.8,26.3,reject
10,33.77,18.51,22.48,16.54,41.8,26.3,reject
10,33.77,17.81,22.59,16.95,42.5,26.3,reject
10,33.96,18.59,22.6,16.45,41.7,26.2,reject
10,33.77,18.43,22.33,16.76,42.0,26.3,reject
10,33.96,18.67,22.72,16.45,41.8,26.3,reject
10,33.58,18.43,22.32,16.87,42.1,26.4,reject
10,33.58,18.51,22.46,16.79,42.1,26.4,reject
10,33.4,18.43,22.74,17.05,42.0,26.3,reject
10,33.58,18.43,22.4,16.88,42.1,26.4,reject
10,34.15,18.67,22.72,16.53,41.7,26.2,reject
10,33.77,18.67,22.9,16.63,41.8,26.3,reject
10,33.21,17.73,22.72,16.78,42.3,26.3,reject
10,33.77,18.67,22.8,16.88,41.9,26.3,reject
10,33.77,17.81,22.19,16.7,42.3,26.3,reject
10,33.96,18.83,22.84,16.53,41.8,26.3,reject
10,33.77,17.66,22.45,17.14,42.7,26.4,reject
10,33.58,18.43,22.32,16.85,42.1,26.4,reject
10,33.58,18.51,22.3,16.98,42.2,26.4,reject
10,33.77,18.11,22.31,16.45,41.9,26.3,reject
10,33.77,18.51,22.45,16.68,42.0,26.4,reject
10,33.96,18.27,22.34,16.46,41.9,26.3,reject
10,33.58,18.59,22.59,17.22,42.2,26.4,reject
10,33.96,18.11,22.43,16.54,41.9,26.2,reject
10,32.67,17.51,22.4,16.72,42.2,26.3,reject
10,33.77,17.73,22.59,17.14,42.6,26.3,reject
10,33.03,18.11,22.7,17.05,42.2,26.4,reject
10,32.85,17.51,22.47,16.46,41.9,26.2,reject
10,33.96,18.59,22.63,16.61,41.8,26.3,reject
10,32.49,17.36,22.19,16.98,42.5,26.5,reject
10,33.77,18.43,22.46,16.35,41.8,26.3,reject
10,34.15,17.81,22.73,16.76,42.3,26.2,reject
10,32.67,17.43,22.47,16.54,41.9,26.3,reject
10,33.96,18.67,22.66,16.54,41.8,26.3,reject
10,33.58,18.43,22.3,16.97,42.2,26.4,reject
10,33.77,18.51,22.44,16.79,42.1,26.4,reject
11,32.67,16.72,22.32,17.19,42.1,26.1,reject
11,32.85,16.51,21.56,18.15,42.0,26.1,reject
11,33.96,18.35,22.6,17.38,41.5,26.2,reject
11,33.96,17.81,22.45,17.06,41.9,26.2,reject
11,33.21,17.73,22.73,16.7,42.2,26.2,reject
11,33.21,17.36,21.93,16.45,41.6,26.2,reject
11,34.15,18.51,22.73,17.16,41.5,26.2,reject
11,33.21,16.79,22.29,17.27,42.1,26.1,reject
11,33.96,18.43,22.73,17.22,41.4,26.1,reject
11,33.4,17.66,22.32,17.41,41.5,26.1,reject
11,33.4,17.51,22.32,17.31,41.6,26.1,reject
11,33.4,17.36,22.86,17.68,42.1,26.1,reject
11,33.96,18.35,22.58,17.14,41.6,26.2,reject
11,33.21,17.36,21.93,16.41,41.5,26.1,reject
11,33.21,17.66,22.32,17.19,41.4,26.1,reject
11,33.96,18.04,22.44,16.45,41.9,26.2,reject
11,33.77,18.04,22.44,17.31,41.5,26.1,reject
11,33.96,17.66,22.46,16.68,42.1,26.2,reject
11,32.85,17.14,21.49,17.96,41.6,26.2,reject
11,32.67,16.72,22.32,17.23,42.1,26.2,reject
11,33.96,18.43,22.61,17.14,41.6,26.2,reject
11,33.96,18.43,23.0,17.63,41.4,26.1,reject
11,33.03,17.51,21.92,17.95,41.4,26.1,reject
11,33.96,18.27,22.52,16.96,41.6,26.2,reject
11,33.96,18.35,22.51,16.62,41.7,26.2,reject
11,33.96,18.51,22.75,17.23,41.5,26.2,reject
11,32.85,16.72,22.06,17.77,42.1,26.1,reject
11,33.21,17.21,21.92,16.62,41.6,26.1,reject
11,32.49,17.14,22.46,17.41,41.7,26.2,reject
11,32.85,17.51,22.73,16.63,41.8,26.2,reject
11,33.96,18.04,22.47,17.05,41.8,26.2,reject
11,33.4,17.36,22.86,17.68,42.1,26.2,reject
11,33.77,17.36,22.81,17.68,42.1,26.1,reject
11,31.97,16.58,21.8,18.22,41.9,26.1,reject
11,32.85,17.0,21.53,18.02,41.7,26.1,reject
11,33.96,18.35,22.58,16.64,41.6,26.2,reject
11,33.03,17.51,22.75,17.68,41.9,26.1,reject
11,33.21,17.96,23.12,16.79,41.6,26.2,reject
11,33.4,17.88,22.3,16.29,41.4,26.1,reject
11,33.58,17.36,22.85,17.68,42.1,26.2,reject
11,34.15,18.59,22.73,16.45,41.6,26.2,reject
11,32.49,16.58,21.92,18.34,42.1,26.1,reject
11,33.4,17.51,22.32,17.32,41.6,26.1,reject
11,33.21,17.58,22.06,16.16,41.5,26.2,reject
11,32.85,17.14,21.42,17.96,41.6,26.1,reject
11,33.96,18.35,22.59,17.13,41.6,26.2,reject
11,33.03,17.51,21.54,17.96,41.6,26.2,reject
11,33.03,17.81,22.14,18.21,41.4,26.1,reject
11,33.21,18.11,23.06,16.71,41.6,26.2,reject
11,33.03,17.58,21.57,17.99,41.5,26.1,reject
11,31.8,16.44,21.7,18.08,41.7,26.1,reject
11,32.85,17.51,22.59,17.22,41.9,26.2,reject
11,34.15,18.67,22.89,17.56,41.5,26.2,reject
11,32.67,17.36,22.45,18.14,41.4,26.1,reject
11,34.15,18.51,22.59,16.46,41.6,26.2,reject
11,33.4,17.36,22.32,17.32,41.8,26.1,reject
11,33.96,18.59,22.72,16.46,41.6,26.2,reject
11,33.03,17.51,21.92,17.91,41.4,26.1,reject
11,34.15,18.99,23.0,16.62,41.6,26.2,reject
11,33.21,17.58,22.06,16.41,41.4,26.1,reject
11,32.85,17.43,22.59,16.54,41.8,26.2,reject
11,33.21,17.66,22.32,17.23,41.5,26.1,reject
11,32.85,17.58,22.45,18.17,41.4,26.1,reject
11,34.15,18.51,22.6,16.5,41.7,26.2,reject
11,33.77,18.27,22.59,17.32,41.4,26.1,reject
11,33.77,18.43,23.01,17.67,41.4,26.1,reject
11,32.49,17.14,22.19,18.35,41.4,26.1,reject
11,33.96,18.27,22.54,16.55,41.7,26.2,reject
11,33.96,18.43,22.73,17.24,41.5,26.2,reject
11,33.96,18.75,22.77,16.46,41.6,26.2,reject
11,33.96,17.73,22.73,16.71,42.3,26.2,reject
11,33.96,18.27,22.49,16.59,41.8,26.2,reject
11,33.21,17.51,22.01,16.29,41.5,26.1,reject
11,33.21,17.66,22.06,17.32,41.4,26.1,reject
11,32.32,16.72,22.06,17.85,41.9,26.1,reject
11,34.15,18.67,22.76,16.87,41.6,26.2,reject
11,32.85,17.58,22.8,16.62,41.7,26.2,reject
11,32.85,17.07,21.54,18.04,41.7,26.1,reject
11,33.96,18.19,22.46,16.97,41.7,26.2,reject
11,33.96,18.35,22.63,17.38,41.5,26.2,reject
11,33.03,17.58,22.2,18.33,41.4,26.1,reject
11,33.03,17.0,21.54,18.04,41.7,26.1,reject
11,33.96,18.83,23.15,16.75,41.6,26.2,reject
11,33.96,18.51,22.73,16.49,41.6,26.2,reject
11,33.21,17.66,22.32,17.4,41.5,26.1,reject
11,33.96,18.43,22.58,16.46,41.6,26.2,reject
11,33.77,18.11,22.46,17.31,41.6,26.2,reject
11,33.96,18.59,22.71,16.54,41.6,26.2,reject
11,32.67,16.65,21.93,18.34,42.1,26.1,reject
11,33.4,17.66,22.32,17.24,41.5,26.1,reject
11,33.03,17.43,21.86,17.86,41.5,26.1,reject
11,33.96,18.51,22.72,16.53,41.6,26.2,reject
11,33.03,17.29,21.78,17.84,41.5,26.1,reject
11,33.4,17.58,22.32,17.36,41.6,26.1,reject
11,33.96,17.58,22.59,16.62,42.2,26.2,reject
11,33.21,17.73,22.73,16.68,42.1,26.2,reject
11,31.8,16.44,21.83,18.15,41.6,26.2,reject
11,32.85,17.58,22.65,17.04,41.8,26.2,reject
11,32.49,17.07,22.59,17.49,41.5,26.1,reject
11,33.96,18.35,22.58,17.07,41.6,26.2,reject
11,34.15,18.43,22.59,16.52,41.6,26.2,reject
11,33.77,17.96,22.43,17.31,41.7,26.2,reject
11,33.96,18.27,22.46,16.5,41.7,26.2,reject
11,33.4,17.66,22.32,17.39,41.5,26.1,reject
11,33.21,17.81,22.19,16.03,41.4,26.1,reject
11,33.03,17.36,21.8,17.86,41.5,26.1,reject
11,33.77,18.27,22.59,17.39,41.5,26.1,reject
11,32.85,16.72,22.32,17.14,42.1,26.1,reject
11,33.96,18.59,22.72,17.2,41.5,26.2,reject
11,33.03,17.51,21.91,17.93,41.5,26.2,reject
11,34.15,18.11,22.47,16.62,41.9,26.2,reject
11,33.96,18.43,22.59,16.38,41.6,26.2,reject
11,33.03,16.65,22.0,17.63,42.1,26.1,reject
11,32.14,16.65,21.97,17.78,41.8,26.2,reject
11,33.4,18.11,22.97,17.61,41.4,26.1,reject
11,33.21,17.58,22.06,16.21,41.5,26.1,reject
11,33.03,17.51,22.72,17.54,41.9,26.2,reject
11,33.96,18.51,22.59,16.45,41.6,26.2,reject
11,31.8,16.51,21.93,17.77,41.6,26.1,reject
11,33.03,16.72,22.06,17.59,42.1,26.1,reject
11,34.15,18.51,22.66,16.53,41.6,26.2,reject
11,33.96,18.51,22.59,16.53,41.7,26.2,reject
11,33.4,17.29,22.32,17.35,41.8,26.1,reject
11,33.21,17.58,21.54,17.96,41.5,26.1,reject
11,33.21,17.66,22.06,17.08,41.4,26.1,reject
11,33.03,17.29,21.42,17.96,41.6,26.2,reject
11,33.21,17.51,22.03,16.29,41.5,26.1,reject
11,33.03,17.29,21.79,17.83,41.5,26.1,reject
11,32.67,17.51,22.73,16.68,41.7,26.2,reject
11,33.4,17.96,23.08,17.59,41.5,26.2,reject
11,32.85,17.21,22.68,17.5,41.6,26.2,reject
11,33.96,18.59,22.73,16.79,41.6,26.2,reject
11,33.96,17.66,22.45,16.51,42.2,26.2,reject
11,32.85,16.65,22.06,17.86,42.1,26.1,reject
11,33.77,18.19,22.56,17.31,41.5,26.1,reject
11,31.97,16.58,21.92,17.72,41.8,26.2,reject
11,33.03,17.58,22.65,17.44,41.4,26.1,reject
11,33.4,17.66,22.32,17.4,41.5,26.1,reject
11,33.03,16.86,21.89,16.77,41.9,26.1,reject
11,33.03,17.51,21.54,17.96,41.5,26.1,reject
11,33.96,18.19,22.5,17.02,41.7,26.2,reject
11,33.4,17.14,22.41,17.4,41.9,26.1,reject
11,32.85,17.51,22.6,16.54,41.8,26.2,reject
11,33.77,17.88,22.35,17.31,41.7,26.2,reject
11,33.77,18.19,22.56,17.31,41.4,26.1,reject
11,33.03,17.43,21.81,17.86,41.5,26.1,reject
11,33.03,16.51,21.8,18.27,42.1,26.1,reject
11,33.96,18.04,22.45,16.57,41.9,26.2,reject
11,34.15,18.27,22.57,17.05,41.6,26.2,reject
11,33.96,18.51,22.59,16.54,41.7,26.2,reject
11,32.85,16.65,21.53,18.05,42.0,26.2,reject
11,32.85,17.14,21.54,18.05,41.6,26.1,reject
11,33.58,17.66,22.8,17.32,42.1,26.2,reject
11,32.49,17.07,22.38,18.05,41.4,26.1,reject
11,33.03,17.07,21.67,17.67,41.7,26.1,reject
11,33.21,16.65,22.06,17.12,42.1,26.2,reject
11,33.77,17.58,22.34,17.37,41.9,26.2,reject
11,33.21,17.66,22.06,17.22,41.4,26.1,reject
11,33.03,17.51,21.93,17.95,41.4,26.1,reject
11,33.21,17.73,22.65,17.43,41.4,26.1,reject
11,33.4,17.58,22.32,17.4,41.5,26.1,reject
11,33.77,17.29,22.45,17.4,42.0,26.1,reject
11,33.96,18.35,22.6,17.35,41.5,26.2,reject
11,33.21,17.51,22.05,16.21,41.4,26.1,reject
11,33.03,17.43,21.87,17.86,41.5,26.1,reject
11,33.96,18.43,22.74,17.24,41.5,26.2,reject
11,33.77,17.66,22.76,17.31,42.2,26.2,reject
11,33.77,17.58,22.46,17.07,42.0,26.2,reject
11,33.96,18.59,22.71,16.48,41.6,26.2,reject
11,34.15,18.75,23.14,16.87,41.6,26.2,reject
11,32.85,17.21,21.55,18.05,41.6,26.1,reject
11,33.96,18.67,22.73,16.49,41.6,26.2,reject
11,31.97,16.44,21.92,17.72,41.6,26.1,reject
11,33.03,17.43,21.88,17.86,41.5,26.1,reject
11,33.77,18.19,22.59,17.33,41.5,26.2,reject
11,34.15,17.66,22.58,16.65,42.2,26.2,reject
11,34.15,18.91,23.11,16.64,41.6,26.2,reject
11,33.96,17.96,22.45,16.62,41.9,26.2,reject
11,32.67,17.29,22.73,17.49,41.6,26.2,reject
11,33.21,17.66,22.73,16.67,42.1,26.2,reject
11,33.21,17.66,22.07,17.24,41.4,26.1,reject
11,33.96,17.73,22.73,16.74,42.3,26.2,reject
11,33.03,17.51,22.8,17.68,41.9,26.1,reject
11,33.96,18.35,22.48,16.5,41.7,26.2,reject
11,33.03,16.79,21.92,16.86,41.9,26.1,reject
11,33.96,18.43,22.73,17.22,41.5,26.2,reject
11,33.4,18.04,23.02,17.55,41.4,26.1,reject
11,34.15,18.91,22.88,16.62,41.6,26.2,reject
11,34.15,18.59,22.73,16.46,41.6,26.2,reject
11,33.03,16.72,21.68,17.5,41.9,26.1,reject
11,33.03,17.43,21.9,17.88,41.5,26.1,reject
11,33.96,18.04,22.46,17.02,41.8,26.2,reject
11,33.21,17.66,22.33,17.31,41.5,26.1,reject
11,33.96,18.19,22.45,16.46,41.8,26.2,reject
11,32.14,16.72,22.19,17.96,41.5,26.1,reject
11,32.85,17.0,21.52,18.02,41.8,26.1,reject
11,33.96,18.51,22.77,17.31,41.5,26.2,reject
11,33.77,18.19,22.46,17.31,41.5,26.1,reject
11,33.96,18.27,22.59,17.33,41.4,26.1,reject
11,33.4,17.66,22.32,17.31,41.5,26.1,reject
11,33.4,17.58,22.73,17.31,42.1,26.2,reject
11,33.96,18.59,22.71,16.45,41.6,26.2,reject
11,33.4,18.27,23.14,16.79,41.6,26.2,reject
11,33.96,18.43,22.73,17.23,41.5,26.2,reject
11,34.15,18.51,22.73,17.22,41.5,26.2,reject
11,33.03,16.44,21.67,18.18,42.1,26.1,reject
11,32.67,17.21,22.6,17.4,41.6,26.2,reject
11,33.96,18.04,22.49,16.65,42.0,26.2,reject
11,33.03,16.79,22.31,17.26,42.1,26.1,reject
11,33.03,16.72,22.31,17.11,42.1,26.1,reject
11,33.21,17.58,22.06,16.54,41.4,26.1,reject
11,32.85,17.07,21.44,17.96,41.6,26.2,reject
11,33.96,18.35,22.59,17.05,41.6,26.2,reject
11,32.14,16.72,22.05,17.79,41.9,26.1,reject
11,31.97,16.58,22.19,17.23,41.5,26.1,reject
11,33.96,17.66,22.84,17.32,42.2,26.2,reject
11,33.03,17.43,22.72,17.54,42.0,26.2,reject
11,33.21,17.73,21.67,18.05,41.5,26.1,reject
11,33.4,17.43,22.73,17.59,42.1,26.2,reject
11,33.96,18.59,22.73,16.86,41.6,26.2,reject
11,33.4,17.29,22.33,17.4,41.9,26.1,reject
11,33.21,17.58,22.72,17.26,42.0,26.2,reject
11,31.97,16.51,22.19,17.22,41.7,26.2,reject
11,32.85,17.21,21.42,17.96,41.5,26.1,reject
11,33.03,17.21,21.7,17.77,41.6,26.1,reject
11,33.03,17.43,21.8,17.86,41.5,26.1,reject
11,33.77,17.51,22.45,17.41,41.9,26.1,reject
11,33.4,17.51,22.73,17.59,42.0,26.2,reject
11,33.58,17.66,22.86,17.34,42.2,26.2,reject
11,33.03,17.66,22.72,16.63,42.0,26.2,reject
11,34.15,18.67,22.73,16.47,41.6,26.2,reject
11,33.96,18.43,22.58,16.46,41.7,26.2,reject
11,33.58,18.43,23.14,16.73,41.6,26.2,reject
11,33.96,18.51,22.76,17.23,41.5,26.2,reject
11,33.03,16.65,21.93,17.04,42.0,26.1,reject
11,34.15,17.81,22.85,16.98,42.3,26.2,reject
11,32.85,17.43,22.63,17.46,41.8,26.2,reject
11,33.4,17.58,22.33,17.41,41.5,26.1,reject
11,32.85,17.36,22.59,17.42,41.8,26.2,reject
11,34.15,18.67,22.72,16.52,41.6,26.2,reject
11,33.4,17.66,22.33,17.32,41.5,26.1,reject
11,33.96,18.11,22.44,16.44,41.9,26.2,reject
11,33.03,17.07,21.67,17.68,41.7,26.1,reject
11,33.96,18.67,22.8,16.31,41.6,26.2,reject
11,33.77,18.27,22.59,17.32,41.5,26.2,reject
11,33.03,17.21,21.76,17.81,41.5,26.1,reject
11,33.96,18.35,22.58,17.05,41.6,26.2,reject
11,33.77,17.81,22.37,17.32,41.8,26.2,reject
11,33.21,17.51,21.98,16.29,41.5,26.2,reject
11,33.03,16.72,21.93,16.88,42.0,26.1,reject
11,33.96,18.51,22.67,16.45,41.6,26.2,reject
11,33.96,18.35,22.6,17.37,41.5,26.2,reject
11,33.03,17.73,22.72,16.71,42.0,26.2,reject
11,33.21,17.43,21.95,16.32,41.5,26.1,reject
11,33.96,17.81,22.8,16.7,42.3,26.2,reject
11,34.15,18.59,22.73,16.56,41.6,26.2,reject
11,34.15,18.91,23.03,16.67,41.6,26.2,reject
11,33.21,17.36,21.93,16.53,41.6,26.2,reject
11,33.77,18.19,22.57,17.31,41.4,26.1,reject
11,33.96,18.43,22.61,17.17,41.6,26.2,reject
11,33.03,16.58,21.93,17.63,42.1,26.1,reject
11,33.03,17.29,21.79,17.85,41.5,26.1,reject
11,32.67,17.14,22.56,17.33,41.7,26.2,reject
11,33.96,17.88,22.45,17.05,41.9,26.2,reject
11,34.15,18.04,22.52,17.12,41.8,26.2,reject
11,33.03,16.58,21.79,16.97,42.0,26.1,reject
11,33.96,17.58,22.72,17.31,42.2,26.2,reject
11,33.96,17.43,22.71,17.6,42.1,26.2,reject
11,33.96,18.19,22.53,17.31,41.5,26.1,reject
11,33.96,18.59,22.73,16.57,41.6,26.2,reject
11,33.96,18.35,22.73,17.2,41.5,26.2,reject
11,33.21,17.66,22.32,17.23,41.4,26.1,reject
11,33.21,17.58,22.06,16.21,41.4,26.1,reject
11,33.21,16.65,22.16,17.2,42.1,26.1,reject
11,33.96,18.43,22.71,17.4,41.4,26.1,reject
11,33.96,18.43,22.76,17.25,41.5,26.2,reject
11,32.14,16.65,22.32,17.23,41.6,26.2,reject
11,33.21,17.81,22.98,17.68,41.4,26.1,reject
11,33.96,18.11,22.45,17.31,41.6,26.2,reject
11,33.96,17.81,22.47,16.54,42.2,26.2,reject
11,33.21,17.43,22.73,17.58,42.0,26.2,reject
11,32.67,17.14,22.45,17.38,41.6,26.1,reject
11,34.15,18.83,22.86,16.46,41.6,26.2,reject
11,34.15,18.67,22.73,16.52,41.7,26.2,reject
11,34.15,18.67,23.05,17.49,41.5,26.2,reject
11,33.77,18.59,23.15,16.71,41.6,26.2,reject
11,33.58,17.29,22.82,17.68,42.1,26.1,reject
11,33.21,17.66,22.06,17.4,41.4,26.1,reject
11,34.15,18.75,22.74,16.47,41.6,26.2,reject
11,32.85,16.72,22.32,17.15,42.1,26.1,reject
11,33.77,17.43,22.73,17.65,42.1,26.1,reject
11,33.96,18.67,22.92,17.4,41.5,26.2,reject
11,33.4,18.19,23.14,16.7,41.6,26.2,reject
11,32.67,17.21,22.2,18.34,41.4,26.1,reject
11,32.32,16.72,22.21,17.4,41.9,26.1,reject
11,31.97,16.51,22.07,17.33,41.6,26.1,reject
11,32.67,16.58,21.92,18.34,42.1,26.1,reject
11,33.21,17.58,22.06,16.29,41.4,26.1,reject
11,32.85,17.21,21.54,18.05,41.6,26.1,reject
11,33.96,18.59,22.73,16.36,41.6,26.2,reject
11,34.15,18.67,22.73,16.46,41.6,26.2,reject
11,33.96,18.11,22.45,17.32,41.6,26.2,reject
11,33.21,17.0,21.86,16.62,41.8,26.1,reject
11,33.03,17.29,21.8,17.85,41.5,26.1,reject
11,33.21,17.58,21.57,18.01,41.5,26.1,reject
11,32.85,17.07,21.54,18.04,41.7,26.2,reject
11,33.4,17.66,22.33,17.4,41.5,26.1,reject
11,33.03,17.14,21.9,16.77,41.7,26.1,reject
11,33.96,18.51,22.79,17.31,41.5,26.2,reject
11,34.15,18.51,22.66,17.14,41.6,26.2,reject
11,32.14,16.72,22.02,17.8,41.8,26.2,reject
11,33.03,17.58,22.72,17.24,42.0,26.2,reject
11,33.03,17.51,21.92,17.93,41.5,26.1,reject
11,33.21,16.72,22.19,17.23,42.1,26.1,reject
11,31.97,16.51,21.78,18.15,41.7,26.1,reject
11,32.67,17.36,22.59,16.71,41.8,26.2,reject
11,33.96,17.66,22.73,16.65,42.3,26.2,reject
11,33.96,18.59,22.85,17.49,41.5,26.2,reject
11,33.96,18.04,22.45,17.03,41.8,26.2,reject
11,33.96,18.51,22.59,16.45,41.7,26.2,reject
11,33.21,17.51,21.96,16.29,41.5,26.1,reject
11,33.96,18.51,22.58,16.54,41.7,26.2,reject
11,33.21,17.29,21.93,16.54,41.6,26.1,reject
11,33.96,18.59,22.66,16.62,41.7,26.2,reject
11,33.03,17.58,22.87,17.31,41.6,26.2,reject
11,33.96,18.27,22.57,16.97,41.6,26.2,reject
11,32.85,17.43,22.65,17.49,41.8,26.2,reject
11,32.85,17.43,22.59,17.5,41.7,26.1,reject
11,33.4,17.51,22.32,17.31,41.7,26.2,reject
11,33.96,18.51,22.73,17.44,41.5,26.2,reject
11,33.21,17.51,22.05,16.2,41.5,26.1,reject
11,32.67,17.29,22.59,17.41,41.8,26.2,reject
11,33.96,18.35,22.59,17.14,41.5,26.2,reject
11,33.03,17.43,21.89,17.86,41.5,26.1,reject
11,33.96,18.19,22.48,17.31,41.6,26.2,reject
11,32.14,16.72,22.19,17.37,41.8,26.1,reject
11,34.15,18.59,22.7,16.46,41.7,26.2,reject
11,33.03,17.51,22.89,17.53,41.5,26.2,reject
11,33.03,17.66,22.19,18.3,41.4,26.1,reject
11,33.4,17.58,22.32,17.41,41.6,26.2,reject
11,33.03,17.43,21.89,17.89,41.5,26.2,reject
11,33.03,17.66,22.68,16.62,42.0,26.2,reject
11,33.96,18.27,22.57,17.32,41.5,26.1,reject
11,33.96,17.96,22.45,16.54,41.9,26.2,reject
11,32.32,16.72,22.23,17.41,41.9,26.1,reject
11,33.96,18.51,22.74,17.23,41.5,26.2,reject
11,33.96,17.66,22.37,17.38,41.8,26.2,reject
11,33.96,18.51,22.64,16.45,41.6,26.2,reject
11,33.21,17.43,21.93,16.37,41.5,26.1,reject
11,34.15,18.59,22.73,16.52,41.6,26.2,reject
11,33.77,18.43,23.11,16.74,41.6,26.2,reject
11,33.58,17.73,22.81,16.79,42.2,26.2,reject
11,33.96,18.51,22.73,16.45,41.6,26.2,reject
11,33.96,17.66,22.81,17.31,42.2,26.2,reject
11,33.21,17.36,21.93,16.43,41.6,26.2,reject
11,33.77,17.29,22.73,17.68,42.1,26.2,reject
11,33.4,17.51,22.32,17.34,41.6,26.1,reject
11,33.21,17.66,22.32,17.21,41.4,26.1,reject
11,33.21,17.66,22.74,17.31,42.1,26.2,reject
11,33.4,17.88,22.56,17.31,41.5,26.2,reject
11,33.77,18.51,23.06,16.75,41.6,26.2,reject
11,34.15,18.59,22.72,16.46,41.6,26.2,reject
11,32.32,16.72,22.06,17.86,42.0,26.1,reject
11,33.21,17.66,22.06,16.28,41.4,26.1,reject
11,33.77,18.19,22.59,17.31,41.4,26.1,reject
11,34.15,18.59,22.73,16.53,41.6,26.2,reject
11,33.77,18.11,22.45,17.31,41.5,26.1,reject
11,33.58,17.73,22.86,16.79,42.2,26.2,reject
11,33.96,18.19,22.46,16.54,41.8,26.2,reject
11,32.14,16.58,22.06,17.33,41.6,26.1,reject
11,33.21,17.58,22.06,16.35,41.4,26.1,reject
11,33.96,17.66,22.73,17.31,42.2,26.2,reject
11,34.15,18.43,22.57,16.6,41.7,26.2,reject
11,33.4,17.14,22.45,17.4,41.9,26.1,reject
11,33.96,18.43,22.66,17.39,41.4,26.1,reject
11,33.03,17.43,21.82,17.86,41.6,26.2,reject
11,33.96,18.43,22.75,17.31,41.5,26.2,reject
11,33.96,18.27,22.58,17.33,41.5,26.2,reject
11,33.96,18.67,22.73,16.53,41.6,26.2,reject
11,33.77,17.51,22.73,17.66,42.1,26.1,reject
11,32.49,16.58,21.92,18.33,42.1,26.1,reject
11,33.21,17.51,22.03,16.28,41.5,26.2,reject
11,33.21,17.58,22.06,16.49,41.4,26.1,reject
11,32.85,17.36,22.61,17.45,41.5,26.2,reject
11,34.15,18.43,22.59,16.46,41.6,26.2,reject
11,33.96,17.73,22.46,16.62,42.1,26.2,reject
11,33.96,18.43,22.59,16.62,41.7,26.2,reject
11,33.21,17.43,22.86,17.68,42.0,26.1,reject
11,33.96,17.96,22.46,16.61,42.0,26.2,reject
11,33.77,18.27,22.59,17.34,41.4,26.1,reject
11,33.03,17.58,22.87,17.64,41.5,26.2,reject
11,33.21,17.51,22.04,16.31,41.5,26.1,reject
11,33.03,17.14,21.67,17.7,41.6,26.1,reject
11,33.96,18.43,22.72,17.18,41.5,26.2,reject
11,33.96,18.35,22.73,17.23,41.5,26.2,reject
11,34.15,18.19,22.46,16.54,41.8,26.2,reject
11,33.96,18.11,22.51,17.06,41.8,26.2,reject
11,33.03,17.14,21.69,17.73,41.6,26.1,reject
11,33.58,17.07,22.58,17.51,42.0,26.1,reject
11,33.03,17.73,22.93,17.68,41.5,26.1,reject
11,33.96,18.43,22.72,16.46,41.6,26.2,reject
11,32.85,17.36,22.2,18.34,41.4,26.1,reject
11,33.03,17.51,21.92,17.92,41.5,26.1,reject
11,33.96,18.11,22.45,16.54,41.8,26.2,reject
11,33.96,18.35,22.51,16.46,41.7,26.2,reject
11,33.96,18.35,22.48,16.51,41.8,26.2,reject
11,33.96,18.51,22.73,16.46,41.6,26.2,reject
11,33.96,18.59,22.72,16.51,41.6,26.2,reject
11,33.4,18.04,23.11,16.71,41.6,26.2,reject
11,33.77,17.66,22.73,16.71,42.3,26.2,reject
11,33.77,18.43,23.11,17.55,41.4,26.2,reject
11,34.15,18.75,22.73,16.54,41.6,26.2,reject
11,33.58,18.35,23.14,17.58,41.5,26.2,reject
11,33.96,18.19,22.52,17.31,41.6,26.2,reject
11,33.58,17.66,22.77,16.88,42.2,26.2,reject
11,33.21,17.73,22.06,18.09,41.4,26.1,reject
11,33.96,18.51,22.69,16.45,41.6,26.2,reject
11,33.96,18.83,23.14,16.76,41.6,26.2,reject
11,33.03,17.43,21.8,17.86,41.6,26.2,reject
11,34.15,18.75,22.73,16.47,41.7,26.2,reject
11,33.4,17.43,22.32,17.4,41.8,26.1,reject
11,32.67,16.72,22.3,17.28,42.1,26.2,reject
11,33.03,17.58,22.68,17.23,41.9,26.2,reject
11,33.21,17.43,21.94,16.29,41.5,26.1,reject
11,34.15,17.66,22.59,16.66,42.2,26.2,reject
11,32.85,16.58,21.54,18.09,42.0,26.1,reject
11,33.21,17.58,22.06,16.1,41.4,26.1,reject
11,33.96,17.73,22.8,16.8,42.3,26.2,reject
11,32.67,17.43,22.73,16.45,41.6,26.2,reject
11,33.21,17.73,22.82,16.78,42.1,26.2,reject
11,33.4,17.43,22.32,17.34,41.7,26.1,reject
11,33.77,18.27,22.59,17.31,41.5,26.2,reject
11,33.96,18.35,22.6,17.36,41.4,26.1,reject
11,34.15,18.35,22.57,16.54,41.7,26.2,reject
11,33.03,17.14,21.91,16.7,41.6,26.1,reject
11,33.96,18.51,22.65,16.46,41.6,26.2,reject
11,34.15,18.91,23.14,16.71,41.6,26.2,reject
11,31.8,16.37,21.8,18.15,41.6,26.2,reject
11,33.21,17.96,23.11,17.6,41.5,26.2,reject
11,33.03,17.36,21.8,17.86,41.6,26.2,reject
11,33.96,18.35,22.45,16.53,41.8,26.2,reject
11,33.77,17.43,22.45,17.41,42.0,26.2,reject
11,33.58,18.43,23.15,16.72,41.6,26.2,reject
11,33.21,16.79,22.29,17.31,42.1,26.1,reject
11,33.21,17.58,22.06,16.29,41.5,26.2,reject
11,33.96,18.59,22.62,16.45,41.6,26.2,reject
11,34.15,18.51,22.72,16.45,41.6,26.2,reject
11,32.67,17.21,22.5,17.32,41.7,26.2,reject
11,33.21,17.58,22.06,16.22,41.5,26.1,reject
11,34.15,18.67,22.72,16.46,41.6,26.2,reject
11,32.14,16.65,22.16,17.34,41.7,26.1,reject
11,34.15,17.73,22.46,16.52,42.2,26.2,reject
11,33.58,17.66,22.85,17.32,42.1,26.2,reject
11,33.58,17.14,22.7,17.59,42.1,26.1,reject
11,32.85,16.51,21.55,18.14,42.0,26.1,reject
11,34.15,18.51,22.73,17.19,41.5,26.2,reject
11,32.14,16.72,22.19,17.39,41.8,26.1,reject
11,34.15,18.35,22.59,17.14,41.6,26.2,reject
11,33.96,18.59,22.72,16.45,41.6,26.2,reject
11,33.21,17.66,22.32,17.29,41.5,26.1,reject
11,33.21,17.81,22.61,17.41,41.4,26.1,reject
11,33.96,18.35,22.6,17.39,41.5,26.1,reject
11,33.96,18.51,22.62,16.53,41.6,26.2,reject
11,33.96,18.27,22.45,16.54,41.8,26.2,reject
11,33.21,17.29,21.93,16.51,41.6,26.2,reject
11,33.03,16.79,21.67,17.51,41.9,26.2,reject
11,34.15,18.67,22.87,17.37,41.5,26.2,reject
11,34.15,17.66,22.73,16.79,42.2,26.2,reject
11,32.85,16.86,21.5,18.03,41.8,26.1,reject
11,33.96,18.59,22.73,16.66,41.6,26.2,reject
11,33.96,18.51,22.72,16.48,41.6,26.2,reject
11,33.03,16.86,21.67,17.72,41.8,26.1,reject
11,33.96,18.27,22.47,16.49,41.7,26.2,reject
11,33.96,18.51,22.59,16.5,41.7,26.2,reject
11,32.85,17.21,21.43,17.96,41.5,26.1,reject
11,33.4,17.36,22.72,17.58,42.1,26.2,reject
11,33.77,17.96,22.36,17.31,41.7,26.2,reject
11,33.21,16.72,22.06,17.62,42.1,26.1,reject
11,33.96,18.04,22.37,16.44,41.9,26.2,reject
11,34.15,18.99,23.0,16.7,41.6,26.2,reject
11,33.96,18.04,22.45,16.99,41.8,26.2,reject
11,33.77,17.88,22.43,17.31,41.7,26.2,reject
11,33.21,17.66,22.32,17.22,41.5,26.2,reject
11,33.4,17.81,22.45,17.23,41.5,26.2,reject
11,33.96,17.66,22.59,16.62,42.3,26.2,reject
11,33.96,18.43,22.72,17.23,41.5,26.2,reject
11,33.21,18.11,23.09,16.75,41.6,26.2,reject
11,34.15,18.67,22.73,16.38,41.6,26.2,reject
11,33.58,17.36,22.86,17.68,42.1,26.1,reject
11,33.21,17.29,21.93,16.46,41.5,26.1,reject
11,33.21,16.79,22.3,17.25,42.2,26.2,reject
11,33.77,17.96,22.41,17.31,41.6,26.1,reject
11,33.03,16.72,22.06,17.58,42.1,26.1,reject
11,33.96,18.51,22.72,16.54,41.6,26.2,reject
11,32.85,17.29,22.49,17.42,41.6,26.1,reject
11,31.97,16.72,22.19,17.38,41.7,26.1,reject
11,33.77,18.35,22.59,17.34,41.5,26.1,reject
11,33.4,17.66,22.32,17.31,41.5,26.2,reject
11,33.21,17.51,22.03,16.29,41.5,26.2,reject
11,33.21,17.96,23.08,16.78,41.6,26.2,reject
11,33.96,18.43,22.59,17.1,41.6,26.2,reject
11,33.96,17.51,22.51,16.54,42.2,26.2,reject
11,33.03,16.65,21.91,18.34,42.2,26.2,reject
11,33.21,17.66,22.06,17.31,41.4,26.1,reject
11,33.96,18.19,22.5,16.96,41.7,26.2,reject
11,33.96,18.59,22.68,16.45,41.6,26.2,reject
11,33.58,17.07,22.59,17.58,42.1,26.1,reject
11,33.03,16.72,22.06,17.68,42.1,26.1,reject
11,33.96,17.96,22.45,17.01,41.8,26.2,reject
11,33.96,17.66,22.74,16.89,42.3,26.2,reject
11,33.96,18.04,22.45,16.6,41.8,26.2,reject
11,33.96,18.19,22.45,16.61,41.8,26.2,reject
11,33.96,17.81,22.47,17.1,41.9,26.2,reject
11,33.03,16.58,21.8,17.14,42.0,26.1,reject
11,33.77,18.67,23.14,16.79,41.6,26.2,reject
11,33.96,18.04,22.45,17.31,41.6,26.1,reject
11,32.85,17.43,22.86,17.5,41.5,26.2,reject
11,33.96,17.88,22.44,17.34,41.8,26.2,reject
11,33.21,17.81,22.63,17.43,41.4,26.1,reject
11,33.4,17.51,22.32,17.34,41.7,26.1,reject
11,33.77,17.73,22.32,17.32,41.8,26.1,reject
11,33.21,17.66,22.32,17.23,41.5,26.2,reject
11,32.85,17.43,22.75,16.79,41.6,26.2,reject
11,33.77,18.11,22.46,17.31,41.5,26.1,reject
11,33.21,17.73,22.18,18.24,41.4,26.1,reject
11,33.96,18.43,22.72,17.2,41.5,26.2,reject
11,33.21,16.79,21.92,16.87,41.9,26.1,reject
11,33.58,18.11,23.0,17.67,41.4,26.1,reject
11,33.96,18.59,22.94,17.4,41.5,26.2,reject
11,34.15,18.59,22.72,16.45,41.6,26.2,reject
11,33.96,18.19,22.45,16.45,41.9,26.2,reject
11,33.96,18.19,22.46,16.54,41.7,26.2,reject
11,33.03,17.51,22.73,17.65,41.9,26.1,reject
11,33.96,18.67,22.77,16.37,41.6,26.2,reject
11,33.77,18.19,22.59,17.31,41.5,26.1,reject
11,33.03,17.73,23.01,17.58,41.5,26.2,reject
11,33.96,18.59,22.64,16.45,41.7,26.2,reject
11,32.67,17.21,22.6,17.5,41.5,26.1,reject
11,34.15,18.43,22.49,16.59,41.8,26.2,reject
11,33.21,17.51,22.04,16.32,41.5,26.1,reject
11,32.85,17.36,22.45,18.15,41.4,26.1,reject
11,32.67,17.21,22.6,17.49,41.6,26.2,reject
11,32.85,17.58,22.2,18.34,41.4,26.1,reject
11,34.15,18.91,23.01,16.64,41.6,26.2,reject
11,33.77,18.43,23.15,16.66,41.6,26.2,reject
11,33.77,18.27,22.58,17.31,41.4,26.1,reject
11,34.15,18.99,22.94,16.54,41.6,26.2,reject
11,33.77,18.27,22.59,17.31,41.5,26.1,reject
11,33.58,18.43,23.14,16.79,41.6,26.2,reject
11,33.96,18.51,22.71,16.62,41.6,26.2,reject
11,33.96,18.35,22.59,17.36,41.5,26.1,reject
11,33.58,18.19,22.98,17.64,41.4,26.1,reject
11,33.96,17.51,22.46,16.52,42.2,26.2,reject
11,33.4,17.66,22.33,17.4,41.6,26.2,reject
11,33.21,17.66,21.66,18.05,41.5,26.1,reject
11,34.15,18.59,22.73,16.54,41.6,26.2,reject
11,33.21,17.36,21.93,16.45,41.5,26.1,reject
11,33.4,18.04,23.09,16.63,41.6,26.2,reject
11,32.85,17.51,22.72,17.58,41.8,26.1,reject
11,33.03,17.43,21.89,17.89,41.5,26.1,reject
11,33.03,16.93,21.67,17.66,41.8,26.1,reject
11,33.77,17.58,22.77,17.33,42.2,26.2,reject
11,33.03,17.51,21.55,18.0,41.6,26.2,reject
11,34.15,18.67,22.86,16.44,41.6,26.2,reject
11,33.96,18.19,22.45,16.53,41.8,26.2,reject
11,31.97,16.58,21.8,18.16,41.7,26.1,reject
11,32.85,16.51,21.72,18.24,42.1,26.1,reject
11,33.96,18.43,22.59,16.46,41.6,26.2,reject
11,33.03,17.73,22.72,16.69,42.1,26.2,reject
11,33.4,17.66,22.74,16.79,42.2,26.2,reject
11,33.77,17.66,22.32,17.31,41.8,26.1,reject
11,33.03,17.43,21.54,18.0,41.5,26.1,reject
11,33.96,17.96,22.47,17.08,41.9,26.2,reject
11,32.85,17.43,22.63,17.41,41.5,26.1,reject
11,32.85,17.07,21.43,17.96,41.6,26.2,reject
11,32.85,16.44,21.67,18.15,42.1,26.1,reject
11,33.96,17.81,22.87,16.83,42.3,26.2,reject
11,33.96,18.59,23.13,17.53,41.5,26.2,reject
11,33.03,16.58,21.89,17.61,42.1,26.1,reject
11,33.21,17.66,22.07,16.24,41.4,26.1,reject
11,33.77,18.04,22.45,17.27,41.6,26.2,reject
11,33.96,18.11,22.45,16.96,41.7,26.2,reject
11,33.4,17.43,22.86,17.68,42.0,26.1,reject
11,33.96,17.73,22.45,16.52,42.2,26.2,reject
11,34.15,18.51,22.69,16.44,41.6,26.2,reject
11,33.96,17.58,22.45,17.13,42.0,26.2,reject
11,33.77,18.11,22.45,17.31,41.6,26.2,reject
11,33.77,18.59,23.14,16.62,41.6,26.2,reject
11,33.03,17.36,21.53,17.96,41.5,26.1,reject
11,33.77,17.88,22.33,17.31,41.7,26.2,reject
11,33.96,17.58,22.74,17.67,42.1,26.1,reject
11,33.96,18.19,22.46,16.93,41.7,26.2,reject
11,32.85,17.58,22.59,16.62,41.9,26.2,reject
11,33.96,18.35,22.6,17.36,41.5,26.2,reject
11,34.15,18.35,22.49,16.48,41.8,26.2,reject
11,34.15,18.43,22.71,16.47,41.6,26.2,reject
11,34.15,18.91,23.13,16.71,41.6,26.2,reject
11,32.14,16.72,22.44,17.31,41.6,26.2,reject
11,34.15,18.67,22.73,16.71,41.6,26.2,reject
11,33.77,18.43,23.13,16.78,41.6,26.2,reject
11,32.67,17.21,22.71,17.41,41.6,26.2,reject
11,34.15,18.59,22.72,16.52,41.6,26.2,reject
11,33.77,18.27,22.58,17.32,41.5,26.2,reject
11,33.03,17.43,22.84,17.68,42.0,26.1,reject
11,31.97,16.58,21.8,18.21,41.8,26.1,reject
11,33.58,18.43,23.14,16.7,41.6,26.2,reject
11,33.96,18.59,22.73,16.56,41.6,26.2,reject
11,33.77,17.51,22.32,17.35,41.9,26.2,reject
11,32.32,16.58,21.89,18.3,42.0,26.1,reject
11,33.96,17.73,22.86,17.36,42.2,26.2,reject
11,33.77,18.27,22.58,17.32,41.4,26.1,reject
11,33.96,18.27,22.52,16.96,41.7,26.2,reject
11,33.21,17.51,22.01,16.28,41.5,26.1,reject
11,32.32,16.72,22.19,17.38,41.8,26.1,reject
11,34.15,18.59,22.66,16.52,41.6,26.2,reject
11,32.14,16.65,21.99,17.7,41.8,26.1,reject
11,32.85,16.58,21.54,18.06,42.0,26.1,reject
11,34.15,18.75,22.87,16.48,41.6,26.2,reject
11,33.4,17.43,22.32,17.39,41.7,26.1,reject
11,33.4,17.73,22.76,16.76,42.2,26.2,reject
11,33.03,17.29,21.78,17.84,41.6,26.2,reject
11,33.21,17.43,22.69,17.53,42.0,26.2,reject
11,32.67,17.43,22.58,16.54,41.8,26.2,reject
11,32.67,17.07,22.45,17.36,41.7,26.2,reject
11,33.96,17.51,22.58,17.18,42.1,26.2,reject
11,33.77,17.51,22.34,17.4,41.9,26.1,reject
11,34.15,18.67,22.73,16.46,41.7,26.2,reject
11,31.97,16.51,22.16,17.3,41.7,26.2,reject
11,32.85,16.65,21.54,18.05,42.0,26.2,reject
11,33.03,17.0,21.67,17.68,41.7,26.1,reject
11,33.96,18.27,22.47,16.54,41.7,26.2,reject
11,33.77,17.66,22.74,16.71,42.3,26.2,reject
11,32.85,17.51,22.72,16.62,41.8,26.2,reject
11,32.32,17.0,22.19,18.34,41.5,26.1,reject
11,33.4,18.11,23.01,17.68,41.4,26.1,reject
11,33.21,17.73,22.91,17.67,41.5,26.1,reject
11,32.85,17.51,22.45,18.25,41.4,26.1,reject
11,32.85,16.72,21.52,18.05,41.9,26.1,reject
11,33.96,18.35,22.47,16.53,41.7,26.2,reject
11,33.96,18.43,22.73,17.26,41.5,26.2,reject
11,33.03,17.29,21.8,17.84,41.5,26.1,reject
11,33.96,18.27,22.56,17.32,41.5,26.2,reject
11,33.96,17.73,22.74,16.7,42.3,26.2,reject
11,33.4,17.58,22.73,16.71,42.2,26.2,reject
11,32.14,16.79,22.28,17.96,41.5,26.1,reject
11,34.15,18.59,22.73,17.22,41.5,26.2,reject
11,33.96,18.43,22.62,16.62,41.6,26.2,reject
11,31.8,16.44,21.93,18.15,41.5,26.1,reject
11,33.96,18.59,22.73,16.49,41.7,26.2,reject
11,33.77,18.19,22.54,17.31,41.5,26.1,reject
11,33.96,17.96,22.39,16.45,42.0,26.2,reject
11,34.15,18.51,22.59,16.45,41.6,26.2,reject
11,32.14,16.72,22.06,17.81,41.9,26.1,reject
11,32.14,16.65,22.05,18.25,41.5,26.1,reject
11,33.21,17.58,22.06,16.13,41.5,26.1,reject
11,33.96,17.66,22.57,17.14,42.1,26.2,reject
11,32.14,16.79,22.08,18.34,41.5,26.1,reject
11,33.4,18.19,23.04,16.73,41.7,26.2,reject
11,33.03,16.79,22.3,17.31,42.2,26.2,reject
11,33.96,18.59,22.73,16.62,41.6,26.2,reject
11,33.03,17.81,23.0,16.79,41.7,26.2,reject
11,33.03,16.65,22.05,17.13,42.1,26.2,reject
11,33.96,18.51,22.71,17.21,41.5,26.2,reject
11,33.03,16.72,21.68,17.41,41.9,26.1,reject
11,32.14,16.58,21.87,18.28,41.9,26.1,reject
11,33.96,18.43,22.59,16.53,41.7,26.2,reject
11,33.77,18.04,22.45,17.31,41.6,26.2,reject
11,32.85,17.51,22.58,16.52,41.9,26.2,reject
11,33.21,17.51,22.05,16.28,41.5,26.1,reject
11,33.58,18.35,23.16,16.7,41.6,26.2,reject
11,33.21,17.51,21.98,16.29,41.5,26.1,reject
11,33.96,18.04,22.45,16.56,41.8,26.2,reject
11,33.03,17.43,21.85,17.86,41.5,26.1,reject
11,33.4,17.43,22.32,17.36,41.7,26.1,reject
11,33.96,18.59,22.69,16.45,41.6,26.2,reject
11,33.96,18.59,22.67,16.61,41.6,26.2,reject
11,33.03,17.58,22.69,16.62,42.1,26.2,reject
11,33.4,17.66,22.32,17.23,41.5,26.1,reject
11,33.96,18.35,22.59,17.12,41.6,26.2,reject
11,33.96,18.19,22.52,17.31,41.5,26.2,reject
11,33.96,18.43,22.73,17.41,41.4,26.1,reject
11,31.8,16.37,21.71,18.06,41.6,26.1,reject
11,32.67,16.65,22.07,17.79,42.0,26.1,reject
11,33.96,18.11,22.45,16.46,42.0,26.2,reject
11,33.4,18.19,23.08,16.72,41.6,26.2,reject
11,34.15,18.51,22.72,17.19,41.6,26.2,reject
11,34.15,18.67,22.73,16.62,41.6,26.2,reject
11,33.96,18.43,22.54,16.5,41.7,26.2,reject
11,34.15,18.59,22.72,16.53,41.6,26.2,reject
11,33.96,18.43,22.59,16.54,41.6,26.2,reject
11,34.15,18.83,23.01,16.62,41.6,26.2,reject
11,32.85,17.58,22.6,16.55,41.9,26.2,reject
11,33.96,18.43,22.94,17.59,41.4,26.1,reject
11,33.03,16.65,21.91,18.34,42.1,26.1,reject
11,33.96,17.88,22.48,16.62,42.1,26.2,reject
11,33.21,17.36,21.93,16.54,41.6,26.2,reject
11,32.67,17.21,22.59,17.49,41.6,26.2,reject
11,33.4,17.58,22.32,17.39,41.5,26.1,reject
11,33.77,18.51,23.02,17.49,41.5,26.2,reject
11,33.96,18.35,22.59,17.14,41.6,26.2,reject
11,32.85,17.21,21.5,18.02,41.6,26.2,reject
11,33.21,17.29,21.93,16.5,41.5,26.1,reject
11,33.96,18.43,22.6,17.14,41.5,26.2,reject
11,33.96,17.66,22.64,16.7,42.3,26.2,reject
11,34.15,17.73,22.79,17.34,42.2,26.2,reject
11,33.21,17.66,22.07,16.45,41.4,26.1,reject
11,33.77,17.81,22.32,17.3,41.8,26.2,reject
11,32.85,17.43,22.82,16.71,41.6,26.2,reject
11,33.4,17.66,22.74,16.73,42.1,26.2,reject
11,33.4,17.29,22.32,17.38,41.9,26.1,reject
11,33.96,18.35,22.6,17.38,41.4,26.1,reject
11,33.03,17.29,21.78,17.82,41.6,26.2,reject
11,33.96,18.51,22.73,17.2,41.5,26.2,reject
11,34.15,18.67,22.77,16.38,41.6,26.2,reject
11,33.03,17.66,23.0,17.59,41.5,26.2,reject
11,33.77,17.96,22.45,17.29,41.6,26.2,reject
11,33.4,17.14,22.45,17.41,42.0,26.2,reject
11,33.4,17.66,22.32,17.23,41.4,26.1,reject
11,33.96,18.19,22.46,17.31,41.6,26.2,reject
11,33.21,17.58,21.93,18.04,41.4,26.1,reject
11,33.96,17.66,22.74,17.32,42.2,26.2,reject
11,31.97,16.65,21.93,17.77,41.8,26.2,reject
11,33.03,17.43,21.83,17.86,41.5,26.1,reject
11,32.85,17.21,21.54,18.04,41.7,26.2,reject
11,33.96,18.43,22.72,17.14,41.5,26.2,reject
11,33.03,17.43,22.68,17.5,41.9,26.2,reject
11,33.77,17.43,22.44,17.41,42.0,26.2,reject
11,33.03,17.21,21.7,17.78,41.6,26.1,reject
11,33.4,17.58,22.32,17.4,41.6,26.2,reject
11,34.15,18.67,22.74,16.45,41.6,26.2,reject
11,33.21,18.04,23.04,16.77,41.7,26.2,reject
11,33.77,18.19,22.56,17.31,41.5,26.2,reject
11,32.85,17.51,22.65,17.54,41.7,26.1,reject
11,32.49,16.72,22.26,17.4,42.0,26.2,reject
11,33.58,17.73,22.86,16.85,42.2,26.2,reject
11,33.03,17.66,22.72,16.63,42.1,26.2,reject
11,34.15,18.59,22.73,16.7,41.6,26.2,reject
11,33.77,18.35,22.68,17.4,41.5,26.2,reject
11,33.96,18.35,22.58,16.55,41.7,26.2,reject
11,33.03,17.66,22.68,16.96,42.1,26.2,reject
11,32.85,17.14,21.54,18.04,41.6,26.1,reject
11,32.85,16.86,21.5,18.02,41.8,26.1,reject
11,34.15,18.51,22.73,16.53,41.6,26.2,reject
11,33.4,17.58,22.73,16.68,42.2,26.2,reject
11,33.03,17.14,21.68,17.73,41.6,26.1,reject
11,33.58,17.66,22.73,16.75,42.3,26.2,reject
11,33.96,18.51,22.63,16.45,41.6,26.2,reject
11,33.21,17.07,21.89,16.79,41.7,26.1,reject
11,34.15,18.43,22.59,16.54,41.6,26.2,reject
11,34.15,18.43,22.72,16.45,41.6,26.2,reject
11,34.15,18.59,22.73,16.5,41.6,26.2,reject
11,34.15,17.66,22.73,16.7,42.3,26.2,reject
11,33.77,17.29,22.8,17.68,42.1,26.2,reject
11,33.96,18.43,22.6,17.14,41.6,26.2,reject
11,34.15,18.75,23.02,16.71,41.6,26.2,reject
11,33.03,17.29,21.77,17.82,41.5,26.1,reject
11,32.85,16.65,21.92,18.34,42.2,26.2,reject
11,33.4,17.66,22.32,17.37,41.5,26.1,reject
11,34.15,18.51,22.66,16.45,41.6,26.2,reject
11,33.4,17.73,22.81,17.32,42.1,26.2,reject
11,33.96,18.27,22.57,17.31,41.5,26.2,reject
11,33.4,17.21,22.35,17.4,41.9,26.1,reject
11,33.03,17.51,22.64,17.43,41.5,26.1,reject
11,33.03,17.51,21.91,17.91,41.5,26.1,reject
11,33.77,17.73,22.77,16.69,42.3,26.2,reject
11,32.67,17.36,22.59,16.37,41.8,26.2,reject
11,32.85,17.51,22.73,16.69,41.7,26.2,reject
11,33.96,17.58,22.75,17.67,42.1,26.1,reject
11,33.77,17.36,22.45,17.44,42.0,26.1,reject
11,33.03,17.29,21.79,17.84,41.5,26.1,reject
11,33.96,18.35,22.72,17.22,41.5,26.2,reject
11,33.96,17.58,22.6,16.88,42.2,26.2,reject
11,33.21,17.66,22.06,17.14,41.4,26.1,reject
11,33.96,18.67,22.73,16.45,41.6,26.2,reject
11,33.21,17.66,22.32,17.24,41.4,26.1,reject
11,32.85,17.43,22.57,16.59,41.8,26.2,reject
11,34.15,18.91,23.0,16.54,41.6,26.2,reject
11,33.77,18.27,22.59,17.33,41.5,26.2,reject
11,33.21,16.86,21.9,16.79,41.9,26.1,reject
11,33.21,17.29,21.92,16.54,41.6,26.2,reject
11,33.96,18.59,22.73,16.54,41.6,26.2,reject
11,33.96,18.11,22.41,16.46,41.8,26.2,reject
11,33.58,17.43,22.73,17.59,42.1,26.1,reject
11,33.21,17.58,22.32,17.4,41.6,26.2,reject
11,32.85,16.79,21.51,18.04,41.9,26.2,reject
11,33.96,18.59,22.73,16.53,41.6,26.2,reject
11,34.15,18.59,22.61,16.51,41.7,26.2,reject
11,33.03,17.58,21.54,17.96,41.5,26.1,reject
11,33.96,18.35,22.46,16.59,41.8,26.2,reject
11,32.67,17.36,22.72,16.96,41.7,26.2,reject
11,33.03,16.79,21.67,17.68,41.9,26.2,reject
11,33.21,17.73,22.17,16.07,41.4,26.1,reject
11,33.03,17.51,21.54,18.01,41.5,26.1,reject
11,33.21,17.07,21.88,16.7,41.7,26.1,reject
11,33.4,17.88,22.36,16.54,41.4,26.1,reject
11,33.96,18.35,22.6,17.13,41.5,26.2,reject
11,32.85,17.43,22.19,18.34,41.4,26.1,reject
11,33.03,17.73,22.99,16.71,41.6,26.2,reject
12,33.03,17.29,21.67,17.31,42.1,26.1,reject
12,33.77,18.04,22.06,17.86,41.8,26.1,reject
12,33.21,17.07,21.93,18.44,42.2,26.1,reject
12,33.03,16.93,21.67,17.56,42.2,26.1,reject
12,33.03,16.51,22.05,17.87,42.5,26.1,reject
12,33.03,17.36,21.67,17.31,42.1,26.1,reject
12,32.14,16.93,21.93,18.28,41.8,26.2,reject
12,32.67,17.29,22.21,18.54,42.1,26.1,reject
12,32.32,16.93,22.09,18.34,41.7,26.1,reject
12,32.85,17.51,22.4,18.61,41.6,26.2,reject
12,33.77,18.04,22.13,17.86,41.8,26.1,reject
12,32.32,17.0,22.06,18.34,41.7,26.1,reject
12,33.58,18.19,22.19,18.28,41.5,26.1,reject
12,33.03,17.0,21.67,17.58,42.1,26.1,reject
12,31.97,16.51,21.78,17.5,42.1,26.1,reject
12,33.58,17.14,22.19,17.95,42.4,26.1,reject
12,33.58,17.88,21.93,18.24,41.8,26.2,reject
12,33.77,18.19,22.34,17.68,41.7,26.1,reject
12,33.21,17.81,21.99,17.64,42.0,26.1,reject
12,33.03,17.43,22.21,17.68,41.8,26.1,reject
12,31.97,16.3,21.93,17.69,42.0,26.1,reject
12,33.03,17.51,21.92,17.4,41.9,26.1,reject
12,33.4,17.81,22.45,18.05,41.8,26.1,reject
12,33.58,18.04,22.19,17.71,41.7,26.1,reject
12,33.58,18.04,22.17,18.15,41.6,26.1,reject
12,32.14,16.58,21.8,17.58,42.2,26.1,reject
12,33.58,17.73,21.95,18.27,41.8,26.1,reject
12,33.21,17.81,22.51,17.91,41.8,26.1,reject
12,33.21,17.88,21.8,18.05,41.5,26.1,reject
12,33.58,17.66,21.92,18.28,41.9,26.1,reject
12,32.67,16.58,21.8,17.59,42.7,26.1,reject
12,32.49,17.21,22.32,18.53,41.6,26.2,reject
12,32.85,17.14,22.16,18.54,42.2,26.2,reject
12,33.77,18.43,22.61,18.12,41.5,26.1,reject
12,32.32,17.07,21.98,18.34,41.8,26.2,reject
12,33.4,17.07,21.93,18.35,42.2,26.2,reject
12,33.03,17.14,21.55,17.31,42.1,26.1,reject
12,32.49,17.14,22.05,18.43,41.9,26.2,reject
12,33.58,17.96,22.04,18.24,41.6,26.2,reject
12,31.97,16.58,21.69,17.59,42.5,26.1,reject
12,33.03,16.93,21.53,17.39,42.3,26.1,reject
12,33.4,18.11,22.06,18.24,41.5,26.1,reject
12,33.77,18.27,22.46,17.9,41.9,26.1,reject
12,33.4,17.29,21.67,18.2,42.0,26.1,reject
12,33.03,17.81,22.62,18.15,41.5,26.1,reject
12,33.03,17.21,21.8,17.51,42.0,26.1,reject
12,33.58,18.04,22.06,18.24,41.6,26.1,reject
12,33.03,17.51,21.8,17.38,42.0,26.1,reject
12,33.58,17.96,22.19,17.68,41.9,26.1,reject
12,33.03,17.21,21.8,17.58,42.0,26.1,reject
12,33.58,18.11,22.05,18.24,41.6,26.2,reject
12,33.21,17.81,21.78,18.06,41.6,26.2,reject
12,33.4,17.96,21.92,18.15,41.6,26.2,reject
12,33.21,17.73,21.67,18.03,41.5,26.1,reject
12,33.21,17.73,22.07,17.59,41.8,26.1,reject
12,33.21,17.58,22.32,17.81,41.8,26.1,reject
12,33.58,18.04,22.13,18.25,41.5,26.1,reject
12,33.77,18.11,22.19,17.78,41.7,26.1,reject
12,32.14,16.93,22.04,18.34,41.8,26.2,reject
12,33.03,17.66,22.59,18.13,41.5,26.1,reject
12,33.58,17.58,22.06,17.71,42.1,26.1,reject
12,33.77,18.19,22.31,17.86,41.6,26.2,reject
12,33.77,18.04,22.19,17.83,41.7,26.1,reject
12,31.97,16.37,22.15,17.82,41.9,26.1,reject
12,33.03,17.36,21.81,17.49,41.9,26.1,reject
12,33.58,18.11,22.19,17.95,41.5,26.1,reject
12,33.58,17.73,22.04,17.59,42.1,26.1,reject
12,33.58,17.96,22.04,18.25,41.7,26.1,reject
12,32.49,17.14,22.19,18.05,42.0,26.1,reject
12,33.03,16.79,21.53,17.4,42.4,26.1,reject
12,33.21,17.43,21.92,17.47,41.9,26.1,reject
12,33.03,17.36,21.8,17.49,41.9,26.1,reject
12,33.58,18.19,22.26,17.86,41.5,26.1,reject
12,32.67,17.14,22.26,17.86,42.1,26.1,reject
12,32.32,16.93,21.93,18.26,41.8,26.2,reject
12,32.49,17.0,22.07,17.9,42.0,26.1,reject
12,33.58,18.19,22.1,18.25,41.6,26.2,reject
12,32.32,17.14,22.06,18.43,41.9,26.2,reject
12,33.03,17.73,22.57,18.64,41.6,26.2,reject
12,33.4,17.88,22.45,17.96,41.8,26.1,reject
12,33.77,18.51,22.47,18.54,41.6,26.2,reject
12,33.03,16.72,21.67,17.58,42.3,26.1,reject
12,33.58,17.88,22.04,18.24,41.7,26.1,reject
12,32.14,16.58,21.78,17.59,42.5,26.1,reject
12,33.21,17.66,22.34,17.86,41.8,26.1,reject
12,33.21,17.66,21.65,17.97,41.6,26.2,reject
12,33.4,17.81,21.79,18.14,41.6,26.1,reject
12,33.58,18.19,22.06,18.24,41.6,26.2,reject
12,33.03,17.36,21.67,17.33,42.1,26.1,reject
12,33.4,17.66,21.8,18.2,41.8,26.2,reject
12,33.58,18.19,22.23,17.86,41.5,26.1,reject
12,33.21,18.04,22.1,18.34,41.5,26.1,reject
12,33.77,18.04,22.18,17.77,41.7,26.1,reject
12,33.77,18.04,22.19,17.68,41.9,26.1,reject
12,33.77,17.73,22.03,17.86,42.0,26.1,reject
12,33.03,17.21,21.56,17.38,42.1,26.1,reject
12,33.03,17.43,21.67,17.4,42.0,26.1,reject
12,33.21,18.04,22.66,18.13,41.5,26.1,reject
12,31.97,16.44,21.7,17.54,42.1,26.1,reject
12,33.03,17.21,22.32,18.15,42.2,26.1,reject
12,33.4,18.04,22.02,18.23,41.5,26.1,reject
12,33.4,18.04,22.04,18.2,41.6,26.2,reject
12,32.67,17.21,22.28,18.05,42.1,26.1,reject
12,33.03,17.21,22.43,18.05,42.3,26.1,reject
12,33.58,18.04,22.15,17.73,41.8,26.1,reject
12,33.03,17.14,21.98,18.48,42.2,26.1,reject
12,32.49,17.07,22.29,18.47,41.6,26.1,reject
12,33.58,18.11,22.53,17.95,41.9,26.1,reject
12,32.67,16.58,22.17,17.98,42.5,26.1,reject
12,32.67,17.21,22.36,18.54,41.6,26.2,reject
12,33.4,17.58,21.65,18.13,41.8,26.2,reject
12,33.03,17.51,21.92,17.4,41.9,26.2,reject
12,32.14,16.51,22.05,17.81,42.1,26.1,reject
12,33.58,18.19,22.19,18.32,41.5,26.1,reject
12,33.03,16.65,21.67,17.6,42.4,26.1,reject
12,33.77,18.19,22.26,17.68,41.7,26.1,reject
12,31.97,16.44,21.65,17.59,42.3,26.1,reject
12,33.58,18.11,22.19,17.86,41.7,26.2,reject
12,33.4,17.96,22.73,17.96,41.7,26.1,reject
12,33.58,18.04,22.08,18.24,41.7,26.2,reject
12,33.4,17.73,22.44,18.03,41.8,26.1,reject
12,33.21,18.04,22.19,18.42,41.5,26.1,reject
12,33.58,17.58,21.81,18.24,41.9,26.2,reject
12,32.32,17.07,22.19,18.44,41.5,26.1,reject
12,33.58,17.88,22.11,17.67,41.9,26.1,reject
12,33.58,18.11,22.07,18.26,41.6,26.2,reject
12,33.03,16.65,21.8,17.68,42.8,26.1,reject
12,33.58,18.19,22.19,18.33,41.5,26.1,reject
12,33.4,18.04,21.92,18.19,41.6,26.2,reject
12,33.58,18.11,22.02,18.24,41.6,26.2,reject
12,33.4,17.73,21.71,18.15,41.8,26.2,reject
12,33.21,16.65,21.92,17.67,42.6,26.1,reject
12,33.58,17.73,22.06,17.67,42.0,26.1,reject
12,33.58,18.04,22.06,18.24,41.6,26.2,reject
12,32.49,17.07,22.51,18.04,41.8,26.1,reject
12,33.21,17.58,22.33,17.85,41.8,26.1,reject
12,33.03,17.51,21.77,17.31,42.0,26.1,reject
12,33.58,18.27,22.7,18.15,41.5,26.1,reject
12,33.77,18.27,22.33,17.73,41.7,26.1,reject
12,32.32,16.58,22.15,17.96,42.4,26.1,reject
12,33.03,17.51,21.76,17.39,42.0,26.1,reject
12,33.03,16.93,21.67,17.5,42.2,26.1,reject
12,33.58,17.29,22.04,17.68,42.3,26.1,reject
12,31.97,16.44,21.93,17.58,41.9,26.1,reject
12,33.4,18.19,22.04,18.25,41.6,26.2,reject
12,33.21,17.43,21.9,17.41,41.9,26.1,reject
12,33.58,18.11,22.19,18.19,41.6,26.1,reject
12,32.85,17.43,22.22,17.68,41.8,26.1,reject
12,33.58,18.04,22.19,18.05,41.5,26.1,reject
12,33.03,17.43,21.74,17.31,42.0,26.1,reject
12,33.4,17.81,21.93,18.24,41.7,26.2,reject
12,33.58,18.04,22.19,18.23,41.6,26.1,reject
12,33.21,17.96,21.8,18.08,41.5,26.1,reject
12,32.49,17.07,22.12,17.88,41.8,26.1,reject
12,33.03,17.14,21.75,17.58,42.1,26.1,reject
12,32.49,17.14,22.13,18.44,42.0,26.1,reject
12,33.58,17.81,22.05,17.87,41.9,26.1,reject
12,31.8,16.37,21.57,17.58,42.2,26.1,reject
12,33.03,17.29,21.64,17.52,42.1,26.1,reject
12,33.77,18.43,22.73,18.05,41.7,26.1,reject
12,33.21,17.51,21.93,17.4,41.9,26.1,reject
12,32.49,17.14,22.05,18.44,42.0,26.2,reject
12,33.58,18.11,22.19,18.24,41.7,26.2,reject
12,32.32,17.0,22.07,18.34,41.7,26.1,reject
12,33.58,18.19,22.2,18.14,41.6,26.1,reject
12,33.03,17.66,22.15,17.8,42.0,26.1,reject
12,33.58,18.11,22.19,18.24,41.6,26.2,reject
12,33.58,17.96,21.93,18.24,41.7,26.2,reject
12,33.77,17.96,22.11,17.77,41.8,26.1,reject
12,33.58,17.88,22.06,17.86,41.9,26.1,reject
12,33.58,17.29,21.99,17.86,42.1,26.1,reject
12,33.58,18.11,22.07,18.29,41.6,26.2,reject
12,33.4,17.96,21.95,18.24,41.6,26.1,reject
12,33.21,17.73,22.06,17.49,41.8,26.1,reject
12,33.4,18.04,22.03,18.24,41.6,26.2,reject
12,33.4,17.88,21.81,18.14,41.6,26.2,reject
12,32.67,16.58,21.81,17.67,42.7,26.1,reject
12,33.03,17.43,21.92,17.4,41.9,26.1,reject
12,33.77,18.27,22.32,17.73,41.7,26.1,reject
12,33.77,17.96,22.18,17.68,41.9,26.1,reject
12,33.58,17.21,22.08,18.46,42.2,26.1,reject
12,32.32,17.07,22.26,17.86,41.9,26.1,reject
12,33.4,17.73,21.7,18.15,41.7,26.1,reject
12,33.4,17.96,21.8,18.15,41.7,26.2,reject
12,33.03,17.21,21.8,17.59,42.0,26.1,reject
12,33.58,18.19,22.19,18.33,41.6,26.2,reject
12,33.03,17.36,21.8,17.49,42.0,26.1,reject
12,33.58,17.29,21.93,18.34,42.2,26.2,reject
12,32.49,17.07,22.09,17.89,42.0,26.1,reject
12,32.85,17.21,22.19,18.52,42.1,26.1,reject
12,32.85,16.58,22.15,17.94,42.5,26.1,reject
12,33.03,16.51,21.54,17.4,42.7,26.1,reject
12,33.21,17.73,21.7,18.04,41.5,26.1,reject
12,33.4,17.14,21.93,18.46,42.2,26.1,reject
12,33.58,18.04,22.18,17.96,41.5,26.1,reject
12,33.58,18.19,22.19,18.27,41.6,26.2,reject
12,33.4,17.07,21.93,18.46,42.2,26.1,reject
12,32.67,17.21,22.19,17.98,41.9,26.1,reject
12,32.32,17.07,22.06,18.34,41.8,26.1,reject
12,31.97,16.3,21.99,17.77,42.0,26.1,reject
12,32.32,17.0,22.06,18.35,41.5,26.1,reject
12,33.4,17.96,21.93,18.16,41.5,26.1,reject
12,32.67,16.58,21.92,17.78,42.5,26.1,reject
12,33.58,17.81,22.06,17.58,42.0,26.1,reject
12,33.58,18.11,22.18,18.24,41.7,26.2,reject
12,33.03,17.36,22.45,18.06,42.3,26.1,reject
12,33.03,17.21,21.57,17.33,42.1,26.1,reject
12,32.85,17.51,22.47,18.64,41.5,26.1,reject
12,33.77,18.19,22.27,17.69,41.7,26.1,reject
12,33.21,17.29,21.8,17.5,42.0,26.1,reject
12,33.4,18.27,22.46,18.56,41.6,26.2,reject
12,33.77,18.43,22.41,18.44,41.6,26.2,reject
12,33.03,17.21,21.56,17.32,42.1,26.1,reject
12,32.67,17.21,22.26,17.88,42.1,26.1,reject
12,32.32,17.0,21.83,18.34,42.0,26.1,reject
12,33.58,18.11,22.07,18.28,41.6,26.2,reject
12,33.03,16.93,21.54,17.38,42.3,26.1,reject
12,33.77,18.11,22.19,18.14,41.6,26.1,reject
12,33.21,17.43,21.88,17.49,41.9,26.1,reject
12,33.4,17.21,22.3,18.63,42.3,26.1,reject
12,32.67,17.14,21.94,18.46,42.2,26.2,reject
12,33.4,18.04,21.91,18.15,41.5,26.1,reject
12,32.32,16.79,22.05,17.86,42.0,26.1,reject
12,32.67,17.29,22.25,18.05,41.9,26.1,reject
12,32.49,17.21,22.12,18.44,41.6,26.2,reject
12,33.58,17.73,21.93,18.24,41.9,26.2,reject
12,32.67,17.43,22.18,18.44,41.6,26.2,reject
12,33.77,18.27,22.32,17.9,41.6,26.2,reject
12,33.58,17.81,22.06,17.6,42.0,26.1,reject
12,32.49,17.29,22.19,18.46,41.9,26.2,reject
12,33.58,18.04,22.11,18.24,41.6,26.2,reject
12,32.67,17.21,22.32,17.96,42.2,26.1,reject
12,33.77,17.96,22.06,17.78,41.8,26.1,reject
12,33.21,17.43,21.93,17.4,41.9,26.1,reject
12,33.4,18.11,22.59,18.63,41.5,26.1,reject
12,33.4,17.96,21.83,18.19,41.7,26.2,reject
12,33.4,17.0,21.68,18.24,42.1,26.1,reject
12,33.03,17.21,21.77,17.58,42.1,26.1,reject
12,33.21,17.43,21.89,17.4,41.9,26.1,reject
12,33.03,17.36,21.83,17.47,41.9,26.1,reject
12,33.03,17.51,21.78,17.32,42.0,26.1,reject
12,33.58,18.04,22.06,18.24,41.7,26.2,reject
12,33.4,18.04,22.03,18.22,41.5,26.1,reject
12,33.58,18.04,22.18,17.79,41.8,26.1,reject
12,33.58,17.21,22.14,18.54,42.2,26.1,reject
12,32.32,17.07,21.81,18.29,41.8,26.1,reject
12,32.49,17.14,22.28,17.96,41.7,26.1,reject
12,33.4,17.14,21.93,18.34,42.2,26.2,reject
12,33.58,17.96,22.49,18.05,41.8,26.1,reject
12,33.58,18.11,22.19,18.25,41.6,26.2,reject
12,33.58,18.04,22.06,18.25,41.5,26.1,reject
12,33.03,16.65,21.68,17.62,42.4,26.1,reject
12,33.58,17.66,22.04,17.87,42.0,26.1,reject
12,31.97,16.58,21.79,17.54,42.1,26.1,reject
12,33.21,17.0,21.68,18.24,42.1,26.1,reject
12,32.49,17.07,22.36,17.93,41.8,26.1,reject
12,33.4,18.19,22.73,17.99,41.7,26.1,reject
12,33.21,17.36,21.84,17.44,41.9,26.1,reject
12,33.77,18.27,22.32,17.69,41.7,26.1,reject
12,33.4,18.19,22.17,18.34,41.5,26.1,reject
12,32.32,16.93,21.8,18.24,41.8,26.1,reject
12,33.21,17.07,21.65,18.15,42.1,26.2,reject
12,33.21,17.88,21.8,18.07,41.5,26.1,reject
12,33.4,18.27,22.45,18.54,41.6,26.2,reject
12,33.03,16.79,21.67,17.58,42.3,26.1,reject
12,33.58,18.04,22.09,18.22,41.7,26.2,reject
12,33.03,17.29,21.8,17.5,42.0,26.1,reject
12,33.58,18.19,22.19,18.31,41.6,26.2,reject
12,33.77,18.11,22.19,17.86,41.7,26.1,reject
12,33.77,18.11,22.24,17.68,41.7,26.1,reject
12,33.03,17.51,21.77,17.32,42.0,26.1,reject
12,33.77,18.51,22.65,17.88,41.6,26.1,reject
12,31.8,16.37,21.8,17.49,42.0,26.1,reject
12,33.03,16.65,21.54,17.4,42.4,26.1,reject
12,33.03,16.51,21.59,17.4,42.5,26.1,reject
12,33.58,17.96,22.06,18.24,41.6,26.2,reject
12,33.96,18.51,22.57,17.83,41.6,26.1,reject
12,33.4,17.88,21.8,18.15,41.6,26.1,reject
12,33.58,18.04,22.05,18.24,41.6,26.2,reject
12,33.4,17.43,21.59,18.13,41.8,26.1,reject
12,33.03,17.07,21.68,17.57,42.1,26.1,reject
12,33.4,17.73,21.72,18.16,41.8,26.2,reject
12,33.03,17.43,21.88,17.41,41.9,26.1,reject
12,33.58,18.11,22.18,18.25,41.5,26.1,reject
12,33.4,18.04,21.93,18.17,41.5,26.1,reject
12,32.32,17.07,21.82,18.33,42.0,26.1,reject
12,32.14,16.65,21.8,17.59,42.6,26.1,reject
12,32.49,17.29,22.32,18.54,41.6,26.2,reject
12,33.21,17.43,21.91,17.44,41.9,26.1,reject
12,33.4,17.81,21.79,18.15,41.6,26.1,reject
12,33.03,17.0,21.67,17.5,42.1,26.1,reject
12,32.85,16.51,21.54,17.41,42.7,26.1,reject
12,33.77,18.27,22.32,17.77,41.7,26.1,reject
12,33.58,17.73,21.83,18.2,41.8,26.2,reject
12,33.21,17.81,21.69,18.05,41.5,26.1,reject
12,33.58,17.88,21.8,18.18,41.6,26.1,reject
12,33.21,17.14,21.77,17.59,42.1,26.1,reject
12,33.77,18.43,22.27,18.4,41.6,26.2,reject
12,33.58,17.73,21.94,18.29,41.9,26.1,reject
12,33.58,18.35,22.58,18.62,41.6,26.2,reject
12,33.58,17.29,22.06,17.93,42.2,26.1,reject
12,33.4,17.66,21.68,18.14,41.8,26.2,reject
12,32.85,17.21,22.23,18.54,42.1,26.1,reject
12,33.4,17.81,22.15,17.59,41.9,26.2,reject
12,33.77,18.11,22.27,17.68,41.7,26.1,reject
12,33.58,18.35,22.38,18.53,41.6,26.2,reject
12,33.21,17.81,21.71,18.05,41.5,26.1,reject
12,33.4,17.96,21.87,18.16,41.6,26.1,reject
12,33.4,18.04,21.95,18.19,41.6,26.2,reject
12,33.03,16.58,21.8,17.59,42.6,26.1,reject
12,33.96,18.59,22.54,18.03,41.6,26.2,reject
12,33.4,17.29,22.3,18.63,42.3,26.2,reject
12,33.58,17.29,22.2,18.63,42.3,26.2,reject
12,33.03,17.88,22.46,18.6,41.5,26.1,reject
12,33.77,18.19,22.32,17.68,41.7,26.1,reject
12,32.49,17.14,22.31,17.96,41.7,26.1,reject
12,33.03,16.58,21.69,17.61,42.4,26.1,reject
12,33.77,18.27,22.44,17.77,41.6,26.1,reject
12,33.58,17.81,22.04,17.83,41.9,26.1,reject
12,33.21,17.43,21.92,17.48,41.9,26.1,reject
12,32.14,16.58,21.8,17.5,42.4,26.2,reject
12,33.4,18.11,22.06,18.24,41.6,26.2,reject
12,33.58,17.88,22.01,18.27,41.7,26.1,reject
12,33.58,18.19,22.06,18.25,41.6,26.2,reject
12,32.85,17.66,22.19,18.46,41.5,26.1,reject
12,33.77,18.19,22.19,17.96,41.5,26.1,reject
12,33.58,17.21,22.1,17.85,42.4,26.1,reject
12,33.03,17.51,21.8,17.35,42.0,26.1,reject
12,32.49,17.36,22.18,18.45,41.6,26.2,reject
12,33.58,17.36,21.98,17.85,42.1,26.1,reject
12,33.03,17.81,22.45,18.63,41.5,26.1,reject
12,33.4,17.96,22.6,18.1,41.5,26.1,reject
12,33.03,17.73,22.13,17.79,42.0,26.1,reject
12,32.14,16.58,22.07,17.95,42.3,26.1,reject
12,33.03,17.07,21.54,17.38,42.2,26.1,reject
12,32.32,16.65,21.92,17.59,42.4,26.1,reject
12,33.21,17.58,22.32,17.86,41.8,26.1,reject
12,32.14,16.51,22.06,17.86,42.2,26.1,reject
12,33.58,17.96,22.07,17.77,41.8,26.1,reject
12,32.67,17.07,21.93,18.43,42.2,26.2,reject
12,31.97,16.44,22.19,17.85,41.9,26.1,reject
12,33.58,17.14,22.12,17.86,42.4,26.1,reject
12,33.77,18.19,22.33,17.68,41.7,26.1,reject
12,33.21,17.96,22.45,18.54,41.6,26.2,reject
12,33.58,18.43,22.32,18.45,41.6,26.2,reject
12,33.21,17.51,21.8,17.37,42.0,26.1,reject
12,33.58,17.81,21.99,18.24,41.7,26.1,reject
12,33.77,18.27,22.32,17.93,41.6,26.2,reject
12,33.21,17.51,21.92,17.47,41.9,26.1,reject
12,33.77,17.88,22.06,17.59,42.0,26.1,reject
12,32.32,17.0,22.06,18.34,41.6,26.1,reject
12,32.49,17.0,22.3,17.86,41.8,26.1,reject
12,33.03,17.21,21.8,17.65,42.1,26.1,reject
12,33.21,17.14,22.21,18.55,42.2,26.1,reject
12,33.4,17.29,21.8,18.25,42.1,26.2,reject
12,33.77,18.19,22.31,17.86,41.9,26.1,reject
12,33.21,17.73,21.67,18.04,41.5,26.1,reject
12,33.77,18.19,22.23,17.77,41.7,26.1,reject
12,33.58,17.96,22.0,18.24,41.7,26.2,reject
12,33.58,17.43,22.06,17.77,42.2,26.1,reject
12,33.21,17.51,21.93,17.41,41.9,26.2,reject
12,33.21,17.73,22.19,17.66,41.9,26.1,reject
12,33.77,18.43,22.59,17.86,41.6,26.1,reject
12,32.67,17.14,22.07,18.48,42.0,26.1,reject
12,32.85,16.65,21.8,17.66,42.8,26.1,reject
12,33.03,17.07,21.69,17.49,42.1,26.1,reject
12,33.58,17.21,22.31,17.96,42.4,26.1,reject
12,33.58,17.96,22.01,18.24,41.5,26.1,reject
12,31.97,16.37,21.93,17.72,42.1,26.1,reject
12,33.03,16.58,22.11,17.96,42.5,26.1,reject
12,33.58,17.36,22.06,17.9,42.2,26.1,reject
12,33.03,16.72,21.67,17.59,42.3,26.1,reject
12,33.03,17.14,21.54,17.32,42.1,26.1,reject
12,33.58,18.19,22.19,18.23,41.6,26.1,reject
12,33.58,17.66,21.94,17.86,42.0,26.2,reject
12,33.77,17.96,22.18,17.64,42.0,26.1,reject
12,33.58,18.04,22.03,18.27,41.6,26.1,reject
12,33.03,16.93,21.54,17.4,42.3,26.1,reject
12,33.77,18.35,22.58,18.05,41.5,26.1,reject
12,33.58,17.96,22.47,17.96,41.8,26.1,reject
12,32.85,16.65,21.54,17.41,42.5,26.1,reject
12,33.4,18.04,21.95,18.2,41.6,26.2,reject
12,33.58,18.19,22.19,18.3,41.5,26.1,reject
12,33.21,17.81,21.75,18.05,41.5,26.1,reject
12,33.03,17.43,21.7,17.32,42.0,26.1,reject
12,32.14,16.86,21.86,18.24,41.7,26.2,reject
12,32.14,16.65,21.87,17.58,42.4,26.1,reject
12,33.77,18.11,22.19,17.76,41.7,26.1,reject
12,32.85,17.36,22.58,17.96,41.8,26.1,reject
12,33.4,17.96,21.93,18.21,41.6,26.2,reject
12,33.58,17.29,22.34,17.99,42.4,26.1,reject
12,33.58,17.96,22.06,18.17,41.7,26.2,reject
12,33.4,17.21,22.25,18.6,42.3,26.1,reject
12,33.03,17.43,21.67,17.31,42.0,26.1,reject
12,32.14,16.65,22.32,18.0,41.8,26.1,reject
12,33.58,17.73,22.06,17.68,42.1,26.1,reject
12,33.4,18.11,22.46,18.61,41.6,26.2,reject
12,33.4,17.14,22.02,18.44,42.2,26.2,reject
12,33.03,16.51,21.67,17.49,42.6,26.1,reject
12,32.85,16.58,22.13,17.95,42.5,26.1,reject
12,32.32,17.07,22.03,18.37,41.9,26.2,reject
12,33.58,18.27,22.72,17.96,41.6,26.1,reject
12,33.21,17.81,21.67,18.05,41.5,26.1,reject
12,33.03,17.21,21.56,17.31,42.1,26.1,reject
12,33.58,17.58,22.04,17.95,42.1,26.1,reject
12,32.85,16.65,21.8,17.65,42.8,26.1,reject
12,33.03,16.58,21.54,17.44,42.5,26.1,reject
12,33.58,17.21,22.06,17.71,42.3,26.1,reject
12,33.4,18.04,21.98,18.24,41.6,26.2,reject
12,33.58,17.66,22.03,17.92,42.0,26.1,reject
12,33.77,18.19,22.32,17.67,41.7,26.1,reject
12,33.4,17.43,21.82,18.27,42.0,26.2,reject
12,33.58,17.81,22.0,18.25,41.7,26.1,reject
12,33.58,18.04,22.19,17.68,41.7,26.1,reject
12,32.32,17.0,21.81,18.32,42.0,26.1,reject
12,32.14,16.86,21.93,18.29,41.5,26.1,reject
12,33.03,17.58,22.17,17.84,42.0,26.1,reject
12,33.21,17.66,22.58,17.96,41.8,26.1,reject
12,32.32,16.93,22.06,17.87,42.0,26.1,reject
12,33.03,16.44,21.93,17.68,42.5,26.1,reject
12,33.21,17.51,21.8,17.4,42.0,26.1,reject
12,31.97,16.58,21.68,17.61,42.5,26.1,reject
12,33.58,18.11,22.22,17.86,41.5,26.1,reject
12,33.58,18.19,22.21,17.94,41.5,26.1,reject
12,33.4,17.96,21.88,18.15,41.6,26.2,reject
12,33.03,16.86,21.54,17.35,42.3,26.1,reject
12,33.21,17.81,22.72,18.04,41.7,26.1,reject
12,32.67,17.29,22.56,17.96,41.7,26.1,reject
12,33.58,18.11,22.24,17.87,41.5,26.1,reject
12,33.58,18.11,22.18,18.25,41.6,26.1,reject
12,33.58,18.04,22.1,18.24,41.6,26.2,reject
12,33.58,17.81,21.92,18.23,41.7,26.2,reject
12,33.4,17.96,21.93,18.15,41.6,26.2,reject
12,33.58,17.88,22.13,17.64,42.0,26.1,reject
12,33.58,18.19,22.21,17.86,41.5,26.1,reject
12,33.58,17.73,22.0,17.86,41.9,26.1,reject
12,33.4,17.88,21.93,18.23,41.7,26.2,reject
12,33.77,18.04,22.19,17.71,41.9,26.1,reject
12,33.77,18.27,22.28,17.88,41.5,26.1,reject
12,33.03,17.36,21.83,17.49,41.9,26.1,reject
12,32.14,16.65,21.71,17.65,42.4,26.1,reject
12,33.4,17.29,22.19,18.63,42.3,26.2,reject
12,33.77,18.27,22.3,17.68,41.7,26.1,reject
12,32.49,17.0,22.47,18.02,41.8,26.1,reject
12,33.77,18.19,22.32,17.88,41.5,26.1,reject
12,31.97,16.72,21.69,18.15,41.7,26.1,reject
12,33.21,17.73,22.44,17.98,41.8,26.1,reject
12,33.58,17.81,21.92,18.24,41.8,26.2,reject
12,33.4,18.11,22.05,18.24,41.6,26.2,reject
12,33.77,18.19,22.24,17.88,41.5,26.1,reject
12,33.21,17.21,21.8,17.52,42.0,26.1,reject
12,33.77,17.81,22.05,17.86,42.0,26.1,reject
12,32.32,16.58,21.8,17.62,42.6,26.1,reject
12,32.49,17.14,22.15,18.44,42.0,26.2,reject
12,33.58,17.96,22.07,17.83,41.8,26.1,reject
12,33.58,18.11,22.03,18.24,41.6,26.2,reject
12,33.77,18.27,22.42,17.72,41.7,26.1,reject
12,32.49,17.21,22.08,18.48,42.0,26.2,reject
12,33.58,17.43,22.05,17.7,42.2,26.1,reject
12,32.85,17.43,22.18,17.85,42.0,26.1,reject
12,33.4,17.36,21.8,18.24,42.0,26.2,reject
12,33.03,17.21,22.36,18.02,42.4,26.1,reject
12,33.58,17.21,22.03,17.69,42.3,26.1,reject
12,33.21,17.43,21.88,17.48,41.9,26.1,reject
12,33.4,17.81,22.45,17.96,41.8,26.1,reject
12,33.4,18.11,22.6,18.09,41.5,26.1,reject
12,33.58,18.11,22.19,18.27,41.5,26.1,reject
12,31.97,16.44,21.83,17.49,42.0,26.1,reject
12,33.4,17.51,21.67,18.16,41.9,26.2,reject
12,31.97,16.51,21.87,17.73,42.1,26.1,reject
12,33.4,18.04,21.93,18.17,41.6,26.2,reject
12,33.77,17.81,22.07,17.68,42.0,26.1,reject
12,33.21,17.81,21.77,18.05,41.5,26.1,reject
12,33.4,17.21,21.84,18.31,42.1,26.1,reject
12,32.67,17.21,22.15,18.54,42.1,26.2,reject
12,33.03,17.29,21.8,17.56,42.0,26.1,reject
12,33.77,18.35,22.3,18.34,41.5,26.1,reject
12,33.58,18.11,22.2,17.84,41.5,26.1,reject
12,33.58,18.35,22.67,18.15,41.5,26.1,reject
12,33.21,17.81,22.71,17.96,41.7,26.1,reject
12,33.03,17.43,21.86,17.4,41.9,26.1,reject
12,33.58,18.04,22.07,18.18,41.7,26.2,reject
12,33.03,16.44,21.66,17.49,42.7,26.1,reject
12,33.58,18.04,22.53,18.0,41.8,26.1,reject
12,33.21,17.73,22.39,17.86,41.8,26.1,reject
12,32.32,16.58,22.12,17.96,42.3,26.1,reject
12,33.58,17.58,22.05,17.68,42.1,26.1,reject
12,33.21,17.21,22.19,18.61,42.3,26.2,reject
12,33.03,17.29,21.8,17.54,42.0,26.1,reject
12,33.03,16.44,21.8,17.62,42.5,26.1,reject
12,33.21,17.29,21.56,18.14,42.0,26.1,reject
12,33.77,17.88,22.06,17.86,41.9,26.1,reject
12,33.03,16.58,21.56,17.4,42.5,26.1,reject
12,32.85,16.58,21.81,17.68,42.8,26.1,reject
12,33.58,17.21,22.19,18.05,42.3,26.1,reject
12,33.58,18.04,22.19,17.87,41.5,26.1,reject
12,33.21,17.66,22.33,17.86,41.8,26.1,reject
12,33.58,18.27,22.54,18.56,41.6,26.2,reject
12,33.21,17.96,21.8,18.11,41.6,26.2,reject
12,33.4,18.11,21.97,18.24,41.6,26.2,reject
12,32.85,16.58,22.16,17.95,42.5,26.1,reject
12,33.58,17.58,22.0,17.66,42.1,26.1,reject
12,33.58,17.73,21.93,18.24,41.8,26.1,reject
12,31.97,16.44,22.01,17.78,42.1,26.1,reject
12,33.21,17.73,22.41,17.95,41.8,26.1,reject
12,32.67,17.58,22.36,18.55,41.6,26.2,reject
12,33.03,17.29,21.67,17.34,42.1,26.1,reject
12,33.4,17.51,21.94,17.87,42.1,26.1,reject
12,31.97,16.58,21.8,17.58,42.2,26.1,reject
12,33.4,17.66,21.69,18.15,41.8,26.2,reject
12,33.4,17.58,21.66,18.14,41.8,26.2,reject
12,33.03,17.07,21.93,18.44,42.2,26.1,reject
12,33.77,18.27,22.33,17.68,41.7,26.1,reject
12,32.67,17.29,22.32,17.95,42.1,26.1,reject
12,33.21,17.36,21.81,17.49,41.9,26.1,reject
12,33.77,18.11,22.23,17.68,41.7,26.1,reject
12,33.77,18.19,22.24,17.86,41.5,26.1,reject
12,32.67,17.29,22.32,17.9,42.1,26.1,reject
12,32.32,17.21,22.43,18.03,41.6,26.1,reject
12,32.14,16.93,21.8,18.25,41.9,26.1,reject
12,33.77,18.27,22.31,17.94,41.5,26.1,reject
12,31.8,16.37,21.67,17.67,42.1,26.1,reject
12,33.21,17.58,21.67,18.15,41.8,26.1,reject
12,33.58,17.14,22.06,18.5,42.2,26.2,reject
12,32.85,16.65,21.92,17.76,42.6,26.1,reject
12,33.58,18.27,22.72,17.97,41.6,26.1,reject
12,33.4,17.88,21.8,18.15,41.7,26.2,reject
12,33.21,17.36,21.8,17.48,42.0,26.1,reject
12,33.03,17.43,21.69,17.31,42.0,26.1,reject
12,33.21,17.14,21.61,18.15,42.1,26.2,reject
12,33.03,17.29,21.65,17.6,42.1,26.1,reject
12,33.03,17.66,22.59,18.12,41.5,26.1,reject
12,33.4,18.04,21.93,18.22,41.6,26.2,reject
12,32.85,16.58,21.93,17.77,42.6,26.1,reject
12,32.85,17.66,22.45,18.63,41.5,26.1,reject
12,33.4,17.73,22.45,18.04,41.8,26.1,reject
12,33.58,17.58,21.92,18.24,42.0,26.2,reject
12,33.58,18.19,22.19,18.26,41.6,26.2,reject
12,33.58,18.04,22.17,18.14,41.7,26.2,reject
12,33.4,17.73,21.69,18.14,41.8,26.2,reject
12,33.58,18.04,22.09,18.24,41.6,26.2,reject
12,33.58,18.19,22.18,18.32,41.5,26.1,reject
12,33.77,18.19,22.51,17.96,41.9,26.1,reject
12,32.49,17.0,22.07,17.86,41.8,26.1,reject
12,33.03,17.51,21.79,17.31,42.0,26.1,reject
12,33.21,17.58,22.32,17.78,41.8,26.1,reject
12,33.58,17.88,22.06,18.24,41.8,26.2,reject
12,33.4,17.21,22.01,18.53,42.2,26.1,reject
12,33.03,17.21,22.19,18.58,42.2,26.2,reject
12,33.58,17.96,22.07,18.24,41.7,26.2,reject
12,33.58,18.04,22.05,18.25,41.5,26.1,reject
12,33.4,17.21,21.92,18.34,42.1,26.1,reject
12,33.58,17.51,21.9,18.25,42.0,26.2,reject
12,32.49,17.14,21.93,18.43,42.1,26.1,reject
12,33.21,17.51,21.92,17.41,41.9,26.2,reject
12,33.21,16.65,22.09,17.96,42.5,26.1,reject
12,33.4,17.21,22.18,18.58,42.2,26.1,reject
12,32.32,17.07,22.19,17.88,41.8,26.1,reject
12,33.58,17.81,21.92,18.25,41.8,26.2,reject
12,32.85,17.73,22.19,18.43,41.5,26.1,reject
12,33.03,16.65,21.8,17.6,42.8,26.1,reject
12,33.58,17.36,22.45,18.07,42.4,26.1,reject
12,33.03,16.65,21.92,17.68,42.6,26.1,reject
12,33.03,16.79,21.53,17.34,42.3,26.1,reject
12,33.03,17.51,21.92,17.41,41.9,26.2,reject
12,33.4,17.29,21.92,18.26,42.1,26.1,reject
12,33.58,18.27,22.31,17.93,41.6,26.2,reject
12,33.77,18.19,22.5,17.96,41.9,26.1,reject
12,33.77,18.27,22.35,17.87,41.9,26.1,reject
12,33.58,18.11,22.06,18.28,41.7,26.1,reject
12,33.96,18.43,22.46,17.74,41.6,26.1,reject
12,33.21,17.29,21.8,17.58,42.0,26.1,reject
12,33.58,17.43,22.01,17.87,42.1,26.1,reject
12,33.77,18.27,22.31,17.89,41.5,26.1,reject
12,32.85,17.07,21.93,18.44,42.2,26.2,reject
12,32.85,17.29,22.32,18.14,42.1,26.1,reject
12,33.03,17.73,21.67,18.05,41.5,26.1,reject
12,33.58,18.11,21.95,18.24,41.5,26.1,reject
12,33.58,17.96,21.94,18.24,41.7,26.2,reject
12,33.77,18.43,22.58,17.85,41.6,26.1,reject
12,33.21,17.66,21.66,17.99,41.5,26.1,reject
12,32.67,16.58,22.17,17.95,42.5,26.1,reject
12,33.03,17.29,21.66,17.5,42.1,26.1,reject
12,32.14,16.58,22.06,17.81,42.1,26.1,reject
12,32.67,17.29,22.2,17.68,41.8,26.1,reject
12,33.4,18.04,21.93,18.22,41.5,26.1,reject
12,33.03,17.88,22.45,18.55,41.5,26.1,reject
12,33.03,16.72,21.54,17.39,42.4,26.1,reject
12,33.4,17.81,21.74,18.15,41.7,26.1,reject
12,33.58,17.81,21.94,18.24,41.8,26.1,reject
12,33.58,17.29,22.44,18.05,42.4,26.1,reject
12,31.8,16.37,21.67,17.66,42.1,26.1,reject
12,33.58,18.11,22.06,18.25,41.6,26.2,reject
12,33.21,17.73,22.55,17.94,41.8,26.1,reject
12,32.49,17.07,22.07,18.43,42.0,26.2,reject
12,32.67,17.29,22.23,18.05,42.0,26.1,reject
12,33.03,16.58,22.14,17.96,42.5,26.1,reject
12,33.77,18.11,22.2,18.3,41.6,26.2,reject
12,33.21,17.73,22.41,17.96,41.8,26.1,reject
12,33.77,18.27,22.34,17.71,41.7,26.1,reject
12,33.58,18.04,21.93,18.21,41.5,26.1,reject
12,33.58,18.27,22.36,18.5,41.6,26.2,reject
12,33.77,18.04,22.18,17.74,41.7,26.1,reject
12,33.77,18.19,22.32,17.95,41.5,26.1,reject
12,32.14,16.93,21.81,18.24,41.6,26.1,reject
12,33.21,17.73,22.08,17.75,42.0,26.1,reject
12,33.21,17.51,21.93,17.41,41.9,26.1,reject
12,33.77,18.19,22.26,17.88,41.5,26.1,reject
12,32.85,17.51,22.57,18.13,41.7,26.2,reject
12,33.03,17.0,21.54,17.32,42.2,26.1,reject
12,31.97,16.3,22.05,17.77,42.0,26.1,reject
12,33.21,17.88,21.8,18.08,41.5,26.1,reject
12,32.32,16.79,22.14,17.68,41.9,26.1,reject
12,33.58,17.14,22.06,17.96,42.2,26.1,reject
12,33.03,16.51,21.76,17.53,42.6,26.1,reject
12,33.4,17.29,22.31,18.63,42.3,26.2,reject
12,33.21,17.66,22.34,17.84,41.8,26.1,reject
12,33.4,17.58,21.92,18.24,41.9,26.2,reject
12,32.67,17.14,22.19,17.78,41.9,26.1,reject
12,32.85,17.21,22.19,18.57,42.2,26.2,reject
12,33.58,17.14,22.06,18.44,42.3,26.2,reject
12,33.21,17.14,21.95,18.5,42.2,26.1,reject
12,33.58,18.04,22.05,18.24,41.5,26.1,reject
12,33.58,18.04,22.06,18.25,41.6,26.2,reject
12,33.21,17.58,22.32,17.8,41.8,26.1,reject
12,33.03,16.65,21.92,17.63,42.6,26.1,reject
12,33.58,18.11,22.27,17.68,41.7,26.1,reject
12,33.03,17.29,22.3,18.6,42.2,26.1,reject
12,33.58,17.66,21.8,18.24,41.8,26.1,reject
12,33.21,17.81,21.8,18.05,41.5,26.1,reject
12,33.03,17.29,21.6,17.37,42.1,26.1,reject
12,33.21,17.29,22.36,18.15,42.3,26.1,reject
12,33.77,17.88,22.05,17.84,41.8,26.1,reject
12,33.21,17.14,21.71,17.58,42.1,26.1,reject
12,33.03,16.51,21.55,17.44,42.7,26.1,reject
12,33.03,16.58,21.49,17.37,42.6,26.1,reject
12,33.4,18.04,22.06,18.24,41.6,26.2,reject
12,33.4,18.04,22.13,18.24,41.6,26.2,reject
12,33.03,17.29,21.8,17.59,42.0,26.1,reject
12,33.58,18.11,22.06,18.29,41.6,26.2,reject
12,33.77,18.19,22.31,17.68,41.8,26.2,reject
12,33.21,17.81,21.79,18.05,41.5,26.1,reject
12,33.4,17.21,21.79,18.24,42.1,26.2,reject
12,33.4,17.81,21.8,18.16,41.7,26.2,reject
12,33.58,18.04,22.08,18.25,41.7,26.2,reject
12,33.03,17.36,21.67,17.31,42.0,26.1,reject
12,33.4,17.21,22.41,18.05,42.4,26.1,reject
12,33.03,16.93,21.67,17.5,42.1,26.1,reject
12,32.85,17.29,22.34,17.98,42.3,26.1,reject
12,33.77,18.11,22.31,17.68,41.7,26.1,reject
12,33.4,17.29,22.45,18.08,42.4,26.1,reject
12,33.03,17.07,21.69,17.52,42.1,26.1,reject
12,33.58,18.11,22.19,17.86,41.6,26.2,reject
12,33.21,17.66,21.88,17.5,42.0,26.1,reject
12,33.77,18.11,22.19,17.86,41.6,26.2,reject
12,33.58,18.19,22.18,18.28,41.6,26.2,reject
12,32.67,17.43,22.59,18.04,41.7,26.1,reject
12,33.4,17.21,22.19,18.57,42.3,26.2,reject
12,33.4,17.81,21.79,18.15,41.7,26.2,reject
12,33.58,18.04,22.07,18.24,41.6,26.2,reject
12,33.4,17.58,21.8,18.23,41.8,26.1,reject
12,32.67,17.21,22.19,18.49,42.0,26.1,reject
12,33.4,18.04,21.93,18.18,41.6,26.2,reject
12,33.03,17.29,21.8,17.53,42.0,26.1,reject
12,33.4,17.96,21.91,18.16,41.6,26.2,reject
12,33.21,17.14,21.68,18.24,42.2,26.2,reject
12,33.03,17.21,22.31,18.62,42.2,26.1,reject
12,33.77,18.27,22.24,18.34,41.6,26.2,reject
12,33.58,18.11,21.98,18.24,41.6,26.2,reject
12,33.21,17.51,21.8,17.35,42.0,26.1,reject
12,33.58,17.73,21.93,18.26,41.9,26.2,reject
12,33.77,18.43,22.38,18.44,41.5,26.1,reject
12,33.21,17.21,21.8,17.59,42.1,26.1,reject
12,32.67,17.36,22.2,17.68,41.8,26.1,reject
12,33.03,17.43,21.68,17.33,42.0,26.1,reject
12,33.21,17.96,22.7,18.15,41.5,26.1,reject
12,33.21,17.81,22.05,17.68,42.0,26.1,reject
12,33.21,17.73,22.19,17.61,41.9,26.2,reject
12,33.4,17.36,21.79,18.23,42.0,26.2,reject
12,32.49,17.0,22.19,17.68,41.9,26.1,reject
12,33.21,17.29,21.8,17.49,42.0,26.1,reject
12,33.03,17.21,22.17,18.54,42.2,26.2,reject
12,33.03,17.07,21.67,17.57,42.1,26.1,reject
12,33.77,18.19,22.25,17.71,41.7,26.1,reject
12,33.58,17.88,22.1,17.61,42.0,26.1,reject
12,33.21,17.81,22.54,18.63,41.5,26.1,reject
12,33.03,17.0,21.54,17.4,42.2,26.1,reject
12,32.32,16.93,22.03,18.32,41.8,26.1,reject
12,33.58,17.96,22.01,18.25,41.6,26.2,reject
12,33.58,18.11,22.04,18.24,41.6,26.2,reject
12,33.03,17.29,21.6,17.4,42.1,26.1,reject
12,33.77,17.96,22.16,17.68,41.9,26.1,reject
12,33.77,18.43,22.43,18.53,41.6,26.2,reject
12,33.21,18.04,22.16,18.35,41.5,26.1,reject
12,33.58,17.88,21.93,18.24,41.7,26.2,reject
12,32.32,16.58,22.15,18.01,42.3,26.1,reject
12,33.03,17.66,22.72,18.05,41.7,26.1,reject
12,33.4,17.51,21.8,18.24,41.9,26.2,reject
12,33.58,17.36,22.34,18.15,42.3,26.1,reject
12,33.77,18.27,22.34,17.68,41.7,26.1,reject
12,33.58,18.27,22.18,18.32,41.6,26.2,reject
12,33.77,18.27,22.46,17.86,41.9,26.1,reject
12,33.58,17.96,22.05,18.21,41.7,26.2,reject
12,32.67,17.14,22.54,17.96,41.8,26.1,reject
12,33.58,17.88,22.06,17.83,41.9,26.1,reject
12,33.58,18.04,22.05,18.29,41.5,26.1,reject
12,33.77,18.43,22.43,18.44,41.6,26.2,reject
12,31.8,16.3,21.65,17.59,42.2,26.1,reject
12,33.03,17.43,21.73,17.32,42.0,26.1,reject
12,33.58,18.04,22.19,17.68,41.9,26.1,reject
12,33.4,17.21,22.39,18.04,42.4,26.1,reject
12,33.58,17.36,22.32,18.64,42.2,26.1,reject
12,33.77,18.04,22.18,17.86,41.8,26.1,reject
12,32.67,16.58,21.8,17.68,42.7,26.1,reject
12,33.58,18.11,22.2,17.86,41.7,26.2,reject
12,33.4,17.14,21.91,18.34,42.2,26.2,reject
12,33.21,17.36,21.81,17.52,42.0,26.1,reject
12,33.03,17.29,21.64,17.51,42.1,26.1,reject
12,33.03,17.51,21.8,17.32,42.0,26.1,reject
12,33.77,18.11,22.21,17.68,41.7,26.1,reject
12,33.03,17.51,21.8,17.31,42.0,26.1,reject
12,33.58,17.36,21.93,18.34,42.2,26.2,reject
12,33.4,17.81,22.46,17.89,41.8,26.1,reject
12,33.58,17.21,22.32,17.96,42.4,26.1,reject
12,33.21,17.58,22.32,17.79,41.8,26.1,reject
12,32.49,16.58,21.92,17.77,42.5,26.1,reject
12,33.21,17.81,21.78,18.05,41.5,26.1,reject
12,33.21,17.66,22.19,17.67,41.9,26.1,reject
12,33.21,17.29,22.44,18.06,42.4,26.1,reject
12,33.58,17.96,22.03,18.24,41.6,26.2,reject
12,33.58,17.96,22.05,18.24,41.8,26.2,reject
12,33.58,17.81,21.83,18.24,41.8,26.1,reject
12,33.03,17.51,21.8,17.33,42.0,26.1,reject
12,33.21,17.43,21.7,17.4,42.0,26.1,reject
12,33.4,17.88,21.81,18.15,41.6,26.1,reject
12,33.58,17.21,22.23,18.58,42.2,26.1,reject
12,32.32,17.0,22.19,18.43,41.6,26.1,reject
12,33.58,17.29,22.42,18.05,42.4,26.1,reject
12,32.85,17.73,22.18,18.42,41.5,26.1,reject
12,33.58,18.11,22.05,18.24,41.5,26.1,reject
12,33.77,17.36,22.39,18.24,42.3,26.1,reject
12,33.77,18.43,22.59,18.05,41.5,26.1,reject
12,33.58,18.04,22.05,18.26,41.5,26.1,reject
12,33.4,18.04,22.03,18.23,41.5,26.1,reject
12,33.21,17.66,22.38,17.87,41.8,26.1,reject
12,33.03,17.36,21.67,17.32,42.1,26.1,reject
12,33.77,17.96,22.18,17.64,41.9,26.1,reject
12,33.77,18.51,22.56,18.56,41.6,26.2,reject
12,33.58,18.04,22.18,18.14,41.7,26.2,reject
12,33.21,17.58,22.21,17.67,41.8,26.1,reject
12,33.58,18.11,22.17,18.23,41.6,26.1,reject
12,33.58,18.04,22.14,18.15,41.6,26.1,reject
12,33.03,17.43,21.87,17.41,42.0,26.2,reject
12,33.58,17.58,21.81,18.24,42.0,26.2,reject
12,33.77,18.04,22.17,17.86,41.8,26.1,reject
12,33.58,17.96,22.06,18.23,41.6,26.1,reject
12,33.03,17.07,21.54,17.32,42.2,26.1,reject
12,32.85,17.43,22.57,17.96,41.8,26.1,reject
12,32.14,16.65,22.06,17.63,41.9,26.1,reject
12,33.58,18.11,22.19,17.87,41.6,26.2,reject
12,33.58,17.96,21.99,18.26,41.7,26.2,reject
12,33.4,17.29,21.66,18.17,42.0,26.1,reject
12,33.58,17.14,21.93,18.33,42.2,26.2,reject
12,32.32,17.0,22.18,17.83,42.0,26.1,reject
12,33.58,17.88,21.93,18.25,41.6,26.1,reject
12,33.21,17.43,21.92,17.43,41.9,26.1,reject
12,32.85,17.29,22.17,17.86,42.0,26.1,reject
12,33.03,17.88,22.19,18.44,41.5,26.1,reject
12,33.77,17.29,22.32,18.15,42.3,26.1,reject
12,33.77,18.04,22.19,17.79,41.7,26.1,reject
12,33.21,17.36,22.43,18.23,42.3,26.1,reject
12,33.21,17.29,22.19,18.63,42.3,26.2,reject
12,32.32,17.0,22.05,18.34,41.6,26.1,reject
12,33.77,18.11,22.19,17.77,41.7,26.1,reject
12,33.58,17.29,22.1,17.84,42.3,26.1,reject
12,32.49,17.14,22.06,18.46,42.0,26.1,reject
12,33.4,17.66,22.43,17.96,41.8,26.1,reject
12,32.49,16.58,21.8,17.59,42.7,26.1,reject
12,33.4,17.07,21.91,18.34,42.2,26.2,reject
12,33.58,17.58,22.04,17.73,42.1,26.1,reject
12,33.58,17.96,21.98,18.24,41.5,26.1,reject
12,33.21,17.73,21.67,18.02,41.5,26.1,reject
12,33.21,17.96,22.2,18.44,41.5,26.1,reject
12,33.58,17.88,22.06,18.22,41.7,26.2,reject
12,33.58,17.81,21.93,18.24,41.8,26.2,reject
13,33.4,18.11,21.93,17.04,42.1,26.1,reject
13,33.03,17.66,22.62,17.68,42.1,26.1,reject
13,33.58,18.27,22.44,17.4,42.1,26.1,reject
13,32.32,16.86,21.65,17.05,42.6,26.2,reject
13,32.85,17.51,22.19,17.14,42.0,26.2,reject
13,33.03,17.36,21.54,17.22,42.2,26.1,reject
13,32.85,17.58,22.61,17.68,42.1,26.1,reject
13,32.67,16.86,21.83,17.09,42.8,26.2,reject
13,32.14,16.58,22.06,17.66,42.5,26.1,reject
13,32.85,17.14,21.67,17.17,42.2,26.1,reject
13,32.67,17.51,22.25,17.32,42.1,26.1,reject
13,32.85,17.29,21.82,17.32,42.1,26.2,reject
13,33.03,17.36,21.55,17.23,42.1,26.1,reject
13,33.4,16.79,21.54,17.22,42.8,26.1,reject
13,33.03,17.43,21.3,16.9,42.2,26.3,reject
13,32.85,17.14,21.67,17.16,42.3,26.2,reject
13,32.85,17.51,21.94,17.22,42.0,26.2,reject
13,33.03,17.66,21.49,16.86,42.0,26.2,reject
13,32.67,16.58,20.93,16.88,42.5,26.2,reject
13,32.67,17.07,21.3,16.96,42.1,26.2,reject
13,33.21,17.21,21.42,17.13,42.6,26.1,reject
13,31.97,16.51,21.8,17.32,42.1,26.2,reject
13,33.4,17.88,21.8,16.8,42.1,26.2,reject
13,32.32,16.24,21.54,17.32,42.9,26.2,reject
13,33.21,17.66,21.55,16.79,42.2,26.2,reject
13,32.14,16.24,21.68,17.43,42.8,26.1,reject
13,32.67,16.44,21.29,17.14,42.7,26.2,reject
13,32.85,17.07,21.42,17.05,42.2,26.2,reject
13,33.21,17.07,21.39,17.04,42.6,26.1,reject
13,32.67,17.14,21.47,17.05,42.2,26.2,reject
13,32.14,16.72,22.34,17.68,42.2,26.1,reject
13,32.85,17.14,21.68,17.13,42.2,26.1,reject
13,33.4,17.88,21.8,16.85,42.1,26.2,reject
13,33.4,18.11,21.8,16.99,42.0,26.2,reject
13,32.32,16.93,21.93,17.16,42.1,26.2,reject
13,32.85,17.21,21.68,17.14,42.2,26.2,reject
13,32.32,16.93,21.75,17.35,42.0,26.2,reject
13,32.67,16.24,21.16,17.23,42.8,26.2,reject
13,33.4,18.19,21.96,17.05,42.1,26.1,reject
13,33.4,17.81,21.7,16.83,42.1,26.2,reject
13,32.14,16.72,21.81,17.0,42.2,26.2,reject
13,32.67,17.21,21.93,17.47,42.1,26.1,reject
13,33.58,18.04,21.8,17.13,42.2,26.1,reject
13,32.85,17.21,22.06,17.32,42.8,26.1,reject
13,33.03,17.58,21.74,17.23,42.1,26.1,reject
13,32.67,16.58,21.16,17.05,42.5,26.2,reject
13,32.85,17.36,21.54,17.05,42.1,26.2,reject
13,33.4,18.04,21.88,17.04,42.2,26.1,reject
13,32.32,16.79,21.74,17.03,42.6,26.2,reject
13,33.21,16.93,21.92,17.14,42.9,26.2,reject
13,32.67,17.07,21.43,17.05,42.2,26.2,reject
13,32.85,17.21,21.69,17.13,42.2,26.2,reject
13,33.58,18.19,21.97,17.06,42.1,26.1,reject
13,32.85,17.14,21.09,16.92,42.3,26.2,reject
13,31.8,16.3,21.65,17.25,42.5,26.1,reject
13,33.77,18.35,22.38,17.31,42.1,26.1,reject
13,32.32,16.58,22.15,17.78,42.8,26.1,reject
13,33.21,17.66,21.43,16.85,42.1,26.2,reject
13,33.21,17.14,22.05,17.31,42.9,26.1,reject
13,33.58,17.81,21.8,17.04,42.4,26.1,reject
13,32.67,17.43,22.29,17.38,42.2,26.1,reject
13,32.49,16.93,21.92,17.19,42.7,26.2,reject
13,32.85,17.14,21.51,17.05,42.2,26.2,reject
13,32.85,16.58,22.11,17.78,42.9,26.1,reject
13,32.67,17.07,21.31,16.96,42.1,26.2,reject
13,32.14,16.79,21.54,16.96,42.5,26.2,reject
13,31.63,16.1,21.54,17.14,42.5,26.2,reject
13,33.03,17.51,21.67,17.23,42.1,26.1,reject
13,32.67,17.21,22.58,17.68,42.1,26.1,reject
13,31.63,16.17,21.42,17.23,42.6,26.2,reject
13,33.21,17.81,21.92,17.31,42.1,26.1,reject
13,32.14,16.65,21.67,16.89,42.3,26.2,reject
13,32.67,16.86,21.17,16.99,42.3,26.2,reject
13,33.03,17.0,21.36,16.88,42.6,26.2,reject
13,33.4,17.73,21.64,16.79,42.1,26.2,reject
13,33.03,17.81,21.94,17.14,42.0,26.2,reject
13,33.4,17.36,21.72,17.13,42.7,26.1,reject
13,32.85,17.14,21.67,17.15,42.2,26.1,reject
13,33.4,17.14,21.42,17.14,42.7,26.1,reject
13,32.49,16.79,21.66,17.31,42.7,26.1,reject
13,32.85,17.07,21.67,17.22,42.3,26.1,reject
13,33.21,17.81,21.69,16.88,42.1,26.2,reject
13,33.21,17.66,21.54,16.79,42.2,26.2,reject
13,32.85,16.86,21.64,17.24,42.5,26.1,reject
13,32.67,16.86,21.84,17.14,42.7,26.2,reject
13,32.85,17.21,21.69,17.14,42.2,26.2,reject
13,32.32,16.17,21.31,17.4,42.8,26.2,reject
13,32.14,16.1,21.29,17.36,42.8,26.2,reject
13,33.21,17.14,21.41,17.05,42.6,26.1,reject
13,32.67,17.0,21.42,17.05,42.3,26.2,reject
13,32.67,17.0,21.29,16.96,42.2,26.2,reject
13,32.67,17.14,21.47,17.04,42.2,26.2,reject
13,31.97,16.65,21.67,17.33,42.0,26.2,reject
13,33.4,17.73,21.8,17.0,42.4,26.1,reject
13,32.67,17.0,21.29,16.99,42.2,26.2,reject
13,33.4,17.88,21.67,17.05,42.2,26.1,reject
13,31.63,16.24,21.33,17.33,42.5,26.2,reject
13,33.4,17.0,21.42,17.17,42.7,26.1,reject
13,32.85,17.36,21.67,17.21,42.0,26.2,reject
13,32.85,17.0,21.66,17.14,42.5,26.2,reject
13,33.4,17.58,21.71,17.03,42.6,26.1,reject
13,33.21,17.73,21.66,16.8,42.1,26.2,reject
13,33.21,17.73,21.54,17.03,42.3,26.1,reject
13,32.85,17.0,21.67,17.15,42.4,26.1,reject
13,33.58,17.96,21.93,17.17,42.3,26.1,reject
13,33.58,18.27,22.06,17.1,42.1,26.1,reject
13,33.77,18.43,22.32,17.31,42.2,26.1,reject
13,33.4,17.73,21.54,17.05,42.3,26.1,reject
13,32.49,17.21,21.9,17.17,42.0,26.2,reject
13,32.67,17.14,21.39,17.18,42.1,26.2,reject
13,33.4,18.19,22.59,17.6,42.1,26.1,reject
13,31.63,16.1,21.65,17.24,42.4,26.2,reject
13,33.4,17.66,21.54,17.05,42.3,26.1,reject
13,33.03,17.0,21.42,17.31,42.4,26.1,reject
13,32.32,16.86,21.8,17.05,42.7,26.2,reject
13,33.58,18.11,22.0,17.05,42.2,26.1,reject
13,32.85,17.73,22.33,17.41,42.1,26.1,reject
13,31.97,16.65,21.44,16.87,42.4,26.2,reject
13,33.21,17.36,21.41,16.79,42.4,26.2,reject
13,33.4,17.73,21.54,17.03,42.3,26.1,reject
13,32.32,16.93,21.94,17.14,42.3,26.1,reject
13,32.67,16.3,21.68,17.41,43.0,26.2,reject
13,33.03,17.73,22.18,17.14,42.0,26.2,reject
13,31.8,16.37,22.03,17.66,42.4,26.1,reject
13,32.14,16.65,21.79,17.49,42.1,26.1,reject
13,32.67,17.14,21.41,16.96,42.1,26.2,reject
13,32.67,16.24,21.29,17.31,42.8,26.2,reject
13,32.67,16.24,21.42,17.17,42.8,26.1,reject
13,33.21,17.36,21.4,16.78,42.3,26.2,reject
13,32.85,16.72,21.63,17.22,42.6,26.1,reject
13,32.67,17.0,21.29,17.01,42.2,26.2,reject
13,33.4,17.43,21.42,16.79,42.4,26.2,reject
13,33.21,17.58,21.73,17.23,42.1,26.1,reject
13,33.21,17.51,21.67,17.28,42.1,26.1,reject
13,31.97,16.37,21.44,17.14,42.2,26.1,reject
13,32.32,16.86,22.45,17.68,42.2,26.1,reject
13,32.85,17.14,21.67,17.14,42.2,26.1,reject
13,33.03,17.58,21.39,16.82,42.1,26.2,reject
13,32.67,16.3,21.68,17.4,42.8,26.1,reject
13,31.63,16.24,21.31,17.36,42.4,26.2,reject
13,32.67,16.86,21.66,17.05,42.7,26.2,reject
13,32.32,17.07,21.92,17.19,42.0,26.2,reject
13,33.58,17.07,21.92,17.29,42.9,26.1,reject
13,31.63,16.03,21.55,17.22,42.4,26.2,reject
13,33.4,18.19,22.37,17.32,42.1,26.1,reject
13,32.85,16.51,21.67,17.31,42.8,26.1,reject
13,32.14,16.24,21.54,17.3,42.8,26.2,reject
13,33.58,17.96,21.93,16.97,42.3,26.1,reject
13,33.4,17.88,21.73,17.03,42.2,26.1,reject
13,33.21,17.29,21.31,16.79,42.5,26.2,reject
13,32.67,16.44,20.92,16.96,42.6,26.2,reject
13,33.58,17.96,21.93,17.22,42.3,26.1,reject
13,32.85,17.14,21.53,17.0,42.1,26.2,reject
13,33.21,17.73,21.55,16.79,42.2,26.2,reject
13,31.8,16.24,21.54,17.23,42.1,26.2,reject
13,32.67,16.3,21.54,17.31,42.9,26.2,reject
13,31.97,16.65,21.55,16.97,42.1,26.2,reject
13,32.85,16.44,21.93,17.64,43.0,26.2,reject
13,33.4,17.21,22.05,17.32,42.9,26.1,reject
13,33.58,17.88,21.83,17.05,42.4,26.1,reject
13,33.58,18.27,22.41,17.4,42.1,26.1,reject
13,32.67,16.3,21.3,17.14,42.8,26.2,reject
13,32.85,16.93,21.66,17.18,42.4,26.1,reject
13,33.4,17.14,21.8,17.15,42.9,26.1,reject
13,33.21,16.86,21.42,17.11,42.8,26.1,reject
13,31.97,16.44,21.42,17.13,42.3,26.1,reject
13,33.21,17.88,21.86,17.04,42.0,26.2,reject
13,33.4,17.29,22.1,17.4,42.9,26.1,reject
13,32.49,16.93,21.88,17.56,42.1,26.1,reject
13,33.03,17.36,21.18,16.92,42.2,26.2,reject
13,32.14,16.58,21.43,17.22,42.4,26.1,reject
13,32.67,16.79,21.3,17.05,42.4,26.2,reject
13,31.97,16.58,22.08,17.67,42.6,26.1,reject
13,32.85,17.21,21.7,17.13,42.1,26.1,reject
13,32.49,16.93,22.06,17.4,42.2,26.2,reject
13,33.4,17.96,21.8,17.04,42.1,26.1,reject
13,32.67,17.14,21.53,17.02,42.2,26.2,reject
13,31.63,16.03,21.54,17.14,42.3,26.1,reject
13,32.14,16.79,21.69,16.97,42.5,26.2,reject
13,33.03,17.36,21.55,17.23,42.2,26.1,reject
13,32.67,16.3,21.69,17.4,43.0,26.2,reject
13,33.4,18.04,22.61,17.68,42.1,26.1,reject
13,33.03,17.43,22.04,17.32,42.2,26.2,reject
13,33.03,17.66,21.42,16.86,42.1,26.2,reject
13,32.85,17.0,21.42,17.14,42.3,26.2,reject
13,32.85,17.14,21.67,17.14,42.3,26.2,reject
13,33.4,17.81,21.66,17.02,42.2,26.1,reject
13,33.58,17.21,22.02,17.4,42.9,26.1,reject
13,33.4,17.81,21.79,16.83,42.1,26.2,reject
13,31.97,16.65,22.09,17.68,42.6,26.1,reject
13,33.21,17.14,22.07,17.31,42.9,26.1,reject
13,33.4,17.96,21.8,16.85,42.0,26.2,reject
13,33.21,17.88,21.67,16.9,42.0,26.2,reject
13,32.14,16.58,22.12,17.7,42.7,26.1,reject
13,33.58,17.96,21.92,17.03,42.3,26.1,reject
13,33.21,17.73,21.49,16.86,42.0,26.2,reject
13,32.67,16.24,21.17,17.05,42.7,26.2,reject
13,32.49,16.93,21.84,17.12,42.7,26.2,reject
13,32.49,16.86,22.06,17.4,42.2,26.2,reject
13,33.03,17.51,21.3,16.96,42.1,26.2,reject
13,33.4,17.96,21.92,17.02,42.3,26.1,reject
13,31.63,16.17,21.44,17.2,42.1,26.2,reject
13,32.67,17.29,21.92,17.2,42.0,26.2,reject
13,33.58,18.11,22.06,17.26,42.2,26.1,reject
13,33.77,18.35,22.33,17.31,42.2,26.1,reject
13,33.58,18.43,22.25,17.29,42.1,26.1,reject
13,31.97,16.86,21.83,17.37,42.4,26.1,reject
13,32.85,17.43,22.05,17.34,42.1,26.1,reject
13,33.21,17.51,21.67,17.22,42.1,26.1,reject
13,33.03,17.43,21.6,17.21,42.1,26.1,reject
13,33.03,17.51,21.71,17.22,42.1,26.1,reject
13,33.03,17.51,21.94,17.25,42.1,26.1,reject
13,32.49,16.24,21.53,17.3,42.9,26.2,reject
13,33.4,17.73,21.79,17.05,42.5,26.1,reject
13,32.49,17.07,21.93,17.23,42.6,26.1,reject
13,32.14,16.86,21.8,17.23,42.4,26.1,reject
13,33.21,17.73,21.8,17.25,42.1,26.1,reject
13,32.14,16.65,22.03,17.41,42.1,26.1,reject
13,31.46,16.03,21.19,17.3,42.3,26.2,reject
13,33.03,17.43,21.67,17.23,42.1,26.1,reject
13,33.4,17.96,21.83,17.05,42.3,26.1,reject
13,33.4,18.04,21.8,17.05,42.2,26.1,reject
13,32.32,16.93,21.79,17.04,42.5,26.2,reject
13,31.97,16.24,21.51,17.25,42.7,26.2,reject
13,32.32,16.24,21.54,17.31,42.9,26.2,reject
13,33.21,16.86,21.43,17.14,42.8,26.1,reject
13,33.03,17.07,21.42,17.23,42.4,26.1,reject
13,33.21,17.66,21.42,16.95,42.1,26.2,reject
13,32.67,16.79,21.17,17.14,42.4,26.2,reject
13,32.67,16.72,21.17,16.97,42.4,26.2,reject
13,32.67,16.58,21.13,16.98,42.5,26.2,reject
13,32.32,16.24,21.69,17.35,42.8,26.1,reject
13,33.4,17.88,21.71,17.12,42.2,26.1,reject
13,33.03,17.51,21.67,17.27,42.1,26.1,reject
13,32.67,16.37,21.29,17.13,42.7,26.2,reject
13,32.49,17.07,21.86,17.3,42.1,26.2,reject
13,33.21,17.81,21.54,16.86,42.0,26.2,reject
13,33.03,16.86,21.68,17.31,42.8,26.1,reject
13,33.58,18.11,22.06,17.01,42.0,26.2,reject
13,32.32,16.93,21.8,17.06,42.5,26.2,reject
13,33.58,18.04,22.03,17.23,42.2,26.1,reject
13,33.03,16.86,21.42,17.25,42.5,26.1,reject
13,32.85,16.86,21.71,17.13,42.8,26.2,reject
13,32.14,16.79,21.54,17.0,42.6,26.2,reject
13,31.97,16.51,22.19,17.68,42.2,26.1,reject
13,33.03,17.58,21.42,16.88,42.1,26.2,reject
13,33.4,18.27,22.31,17.37,42.1,26.1,reject
13,31.63,16.24,21.35,17.33,42.5,26.2,reject
13,31.97,16.51,21.42,16.87,42.3,26.2,reject
13,33.4,18.11,21.92,17.1,42.2,26.1,reject
13,33.4,17.88,21.73,17.05,42.2,26.1,reject
13,33.21,17.81,22.04,17.4,42.1,26.1,reject
13,31.8,16.24,21.39,17.35,42.6,26.2,reject
13,32.32,16.93,21.9,17.67,42.1,26.1,reject
13,31.97,16.17,21.41,17.41,42.7,26.2,reject
13,33.4,18.04,21.92,17.1,42.2,26.1,reject
13,31.63,16.24,21.34,17.31,42.5,26.2,reject
13,33.03,17.21,21.52,17.24,42.2,26.1,reject
13,32.67,16.86,21.19,16.96,42.3,26.2,reject
13,32.67,17.14,21.54,17.05,42.1,26.2,reject
13,32.67,16.86,21.29,17.05,42.3,26.1,reject
13,32.67,16.65,21.29,17.06,42.5,26.2,reject
13,33.58,18.11,22.44,17.4,42.1,26.1,reject
13,32.85,17.21,21.69,17.14,42.1,26.1,reject
13,33.4,17.88,21.76,16.84,42.1,26.2,reject
13,32.67,16.93,21.37,17.05,42.4,26.2,reject
13,31.63,16.1,21.42,17.18,42.1,26.2,reject
13,32.85,17.36,21.8,17.31,42.1,26.2,reject
13,32.67,17.14,21.4,16.96,42.1,26.2,reject
13,32.32,16.58,22.12,17.7,42.8,26.1,reject
13,32.14,16.79,21.8,16.97,42.2,26.2,reject
13,32.85,17.14,21.5,17.05,42.2,26.2,reject
13,32.67,16.17,21.35,17.23,42.8,26.2,reject
13,33.4,18.04,21.92,17.05,42.1,26.1,reject
13,32.85,17.0,21.67,17.15,42.4,26.2,reject
13,31.63,16.03,21.48,17.22,42.3,26.2,reject
13,33.21,17.51,21.42,16.79,42.3,26.2,reject
13,33.58,18.19,22.06,17.18,42.2,26.1,reject
13,33.03,17.21,21.52,17.23,42.2,26.1,reject
13,33.03,17.58,21.71,17.23,42.1,26.1,reject
13,33.4,17.81,21.67,16.83,42.1,26.2,reject
13,33.21,17.73,21.54,16.87,42.0,26.2,reject
13,33.58,17.58,21.74,17.05,42.6,26.1,reject
13,32.67,17.14,21.42,17.15,42.1,26.2,reject
13,33.4,17.88,21.91,17.02,42.3,26.1,reject
13,33.58,18.11,22.05,17.12,42.2,26.1,reject
13,33.4,17.81,21.62,17.05,42.3,26.1,reject
13,33.03,17.36,21.58,17.22,42.1,26.1,reject
13,31.63,16.24,21.42,17.16,42.5,26.2,reject
13,32.85,17.14,21.48,17.04,42.2,26.2,reject
13,32.67,17.14,21.42,16.97,42.1,26.2,reject
13,32.67,16.24,20.96,17.05,42.7,26.2,reject
13,33.58,17.96,21.92,17.0,42.3,26.1,reject
13,33.03,17.51,21.38,16.82,42.1,26.2,reject
13,32.67,16.3,21.29,17.31,42.8,26.2,reject
13,32.67,16.86,21.68,17.31,42.8,26.1,reject
13,33.21,16.93,21.68,17.14,42.8,26.2,reject
13,33.77,18.35,22.29,17.25,42.2,26.1,reject
13,32.32,16.93,21.8,17.14,42.1,26.2,reject
13,32.85,17.07,21.67,17.16,42.3,26.1,reject
13,32.67,16.24,21.17,17.06,42.8,26.2,reject
13,31.97,16.3,21.67,17.32,42.8,26.2,reject
13,32.67,16.17,21.04,17.14,42.7,26.2,reject
13,32.85,16.24,21.17,17.23,42.8,26.2,reject
13,33.21,16.86,21.31,16.87,42.7,26.2,reject
13,33.4,17.43,21.42,17.05,42.5,26.1,reject
13,33.21,17.58,21.52,16.8,42.2,26.2,reject
13,33.4,17.73,21.54,17.1,42.3,26.1,reject
13,33.21,16.93,21.7,17.39,42.8,26.1,reject
13,31.8,16.37,21.62,17.31,42.1,26.2,reject
13,32.85,16.79,21.63,17.23,42.5,26.1,reject
13,31.8,16.44,22.07,17.68,42.3,26.1,reject
13,33.03,17.29,21.54,17.23,42.2,26.1,reject
13,33.4,17.81,21.67,17.04,42.2,26.1,reject
13,32.67,17.07,21.3,16.97,42.1,26.2,reject
13,33.58,18.04,22.03,17.19,42.2,26.1,reject
13,31.63,16.17,21.41,17.14,42.5,26.2,reject
13,33.58,18.19,22.03,17.05,42.1,26.1,reject
13,33.4,17.81,21.75,16.8,42.1,26.2,reject
13,32.85,16.79,20.93,16.88,42.4,26.2,reject
13,32.67,17.07,21.36,16.97,42.1,26.2,reject
13,33.4,17.66,21.54,17.13,42.4,26.1,reject
13,32.67,16.93,21.39,17.05,42.3,26.2,reject
13,32.49,17.0,21.91,17.4,42.1,26.1,reject
13,33.03,17.14,22.06,17.31,42.9,26.1,reject
13,32.14,16.72,21.68,17.36,42.0,26.2,reject
13,33.58,18.27,22.07,17.13,42.1,26.1,reject
13,33.4,17.81,21.68,16.76,42.1,26.2,reject
13,33.4,17.96,21.8,16.87,42.0,26.2,reject
13,32.85,17.07,21.67,17.17,42.4,26.2,reject
13,33.03,17.36,21.23,16.85,42.2,26.2,reject
13,33.58,18.04,21.83,17.05,42.2,26.1,reject
13,33.03,17.36,21.56,17.2,42.1,26.1,reject
13,33.4,17.96,21.8,17.05,42.2,26.1,reject
13,32.67,17.07,21.45,17.04,42.2,26.2,reject
13,33.58,18.04,21.93,17.0,42.3,26.1,reject
13,33.4,17.88,21.68,17.14,42.2,26.1,reject
13,33.4,18.04,22.4,17.41,42.1,26.1,reject
13,33.03,17.58,21.69,17.22,42.1,26.1,reject
13,32.67,17.14,21.4,17.14,42.1,26.2,reject
13,33.03,17.51,21.3,16.86,42.1,26.2,reject
13,33.03,17.43,21.3,16.87,42.2,26.3,reject
13,32.85,17.14,21.67,17.23,42.4,26.2,reject
13,33.21,17.81,21.93,17.35,42.1,26.1,reject
13,32.85,17.21,21.7,17.14,42.2,26.2,reject
13,33.21,16.93,21.87,17.15,42.9,26.2,reject
13,32.67,16.17,21.17,17.13,42.8,26.2,reject
13,32.85,16.93,21.04,16.96,42.4,26.2,reject
13,32.67,16.86,21.17,16.96,42.3,26.2,reject
13,32.49,16.93,21.67,17.06,42.7,26.2,reject
13,32.14,16.03,21.29,17.37,42.8,26.2,reject
13,33.77,18.35,22.35,17.31,42.2,26.1,reject
13,33.21,17.73,21.62,16.79,42.1,26.2,reject
13,33.21,17.58,21.5,16.79,42.2,26.2,reject
13,32.67,16.65,21.29,17.13,42.5,26.2,reject
13,32.32,16.93,21.81,17.15,42.4,26.1,reject
13,33.03,16.79,21.42,17.3,42.5,26.1,reject
13,33.21,17.81,21.59,16.87,42.0,26.2,reject
13,32.85,16.93,21.75,17.4,42.8,26.1,reject
13,33.03,17.81,22.32,17.39,42.1,26.1,reject
13,33.58,17.96,21.93,17.01,42.3,26.1,reject
13,33.21,16.86,21.42,16.9,42.7,26.2,reject
13,32.67,16.51,21.13,17.0,42.5,26.2,reject
13,33.4,17.36,21.42,17.05,42.5,26.1,reject
13,33.21,17.36,21.4,16.79,42.4,26.2,reject
13,32.85,17.21,21.68,17.13,42.2,26.1,reject
13,33.03,16.79,21.42,17.31,42.5,26.1,reject
13,32.14,16.58,21.44,17.17,42.3,26.1,reject
13,33.21,17.73,21.52,16.86,42.0,26.2,reject
13,32.14,16.72,21.9,17.02,42.1,26.2,reject
13,32.85,16.93,21.38,17.05,42.4,26.2,reject
13,32.85,16.79,21.63,17.39,42.6,26.1,reject
13,32.85,17.21,21.67,17.13,42.1,26.1,reject
13,32.67,17.14,21.36,16.96,42.1,26.2,reject
13,32.49,17.07,21.76,17.37,42.0,26.2,reject
13,31.46,15.97,21.35,17.12,42.3,26.2,reject
13,32.85,16.93,21.39,17.05,42.3,26.2,reject
13,33.4,17.96,21.79,17.0,42.2,26.1,reject
13,33.4,18.19,22.32,17.32,42.1,26.1,reject
13,32.85,16.86,21.69,17.09,42.8,26.2,reject
13,33.21,16.93,21.76,17.37,42.8,26.1,reject
13,33.21,17.73,21.54,16.85,42.0,26.2,reject
13,31.97,16.51,22.02,17.59,42.4,26.1,reject
13,32.67,17.07,21.42,17.09,42.2,26.2,reject
13,32.49,16.93,21.84,17.31,42.1,26.2,reject
13,33.4,17.66,21.71,16.97,42.5,26.1,reject
13,32.67,16.79,21.3,17.05,42.5,26.2,reject
13,33.4,17.81,21.62,17.04,42.3,26.1,reject
13,32.85,16.86,20.97,16.93,42.4,26.2,reject
13,33.21,17.51,21.42,16.79,42.2,26.2,reject
13,33.03,17.36,21.55,17.22,42.1,26.1,reject
13,33.03,17.43,21.63,17.23,42.1,26.1,reject
13,32.85,17.51,22.6,17.68,42.1,26.1,reject
13,32.67,17.07,21.32,16.96,42.1,26.2,reject
13,32.85,17.14,22.05,17.31,42.8,26.1,reject
13,32.85,17.21,21.73,17.13,42.1,26.1,reject
13,32.85,17.0,21.0,16.88,42.3,26.2,reject
13,32.67,17.14,21.38,16.96,42.1,26.2,reject
13,33.4,17.29,21.7,17.05,42.8,26.1,reject
13,32.85,17.14,21.67,17.2,42.4,26.2,reject
13,32.85,16.58,22.14,17.82,42.9,26.1,reject
13,33.21,16.72,21.46,16.96,42.7,26.2,reject
13,33.03,17.58,21.4,16.91,42.1,26.2,reject
13,33.58,18.04,22.05,17.13,42.2,26.1,reject
13,31.97,16.37,21.96,17.59,42.4,26.1,reject
13,32.85,17.21,21.69,17.13,42.1,26.1,reject
13,32.85,16.37,21.8,17.51,42.8,26.1,reject
13,33.21,17.58,21.69,17.28,42.1,26.1,reject
13,33.58,18.43,22.31,17.32,42.1,26.1,reject
13,33.4,18.04,22.4,17.4,42.1,26.1,reject
13,32.85,17.07,21.67,17.21,42.3,26.1,reject
13,33.03,17.14,21.47,17.23,42.3,26.1,reject
13,33.03,16.93,21.42,17.28,42.4,26.1,reject
13,32.67,16.17,21.29,17.14,42.8,26.2,reject
13,33.03,17.58,22.05,17.42,42.1,26.1,reject
13,32.85,16.65,21.63,17.23,42.6,26.1,reject
13,33.03,17.66,22.05,17.48,42.1,26.1,reject
13,32.67,17.07,21.3,16.96,42.2,26.2,reject
13,32.85,16.37,21.67,17.41,42.9,26.2,reject
13,33.4,17.81,21.71,16.83,42.1,26.2,reject
13,33.4,16.93,21.69,17.31,42.8,26.1,reject
13,32.85,16.3,21.51,17.38,42.9,26.2,reject
13,33.03,16.51,22.04,17.68,43.0,26.2,reject
13,33.58,18.27,22.32,17.31,42.1,26.1,reject
13,33.21,17.66,21.55,16.77,42.1,26.2,reject
13,33.21,17.14,21.31,16.79,42.5,26.2,reject
13,33.03,17.36,21.17,16.88,42.2,26.2,reject
13,33.03,17.43,21.67,17.22,42.1,26.1,reject
13,32.49,17.07,22.55,17.76,42.1,26.1,reject
13,32.85,17.36,21.65,17.09,42.1,26.2,reject
13,33.58,18.11,21.93,17.12,42.1,26.1,reject
13,32.85,17.43,21.66,17.14,42.0,26.2,reject
13,32.85,16.3,21.67,17.4,42.9,26.2,reject
13,33.03,17.51,21.67,17.24,42.1,26.1,reject
13,33.58,18.04,22.03,17.14,42.2,26.1,reject
13,32.14,16.79,21.68,16.98,42.5,26.2,reject
13,33.4,17.88,21.68,17.03,42.2,26.1,reject
13,32.85,16.79,21.3,17.04,42.5,26.2,reject
13,33.03,17.51,21.69,17.22,42.1,26.1,reject
13,33.21,16.79,21.54,17.05,42.8,26.2,reject
13,32.85,17.0,21.29,16.96,42.2,26.2,reject
13,31.97,16.24,21.41,17.39,42.7,26.2,reject
13,33.03,16.58,22.06,17.68,42.9,26.1,reject
13,33.58,18.04,22.03,17.22,42.2,26.1,reject
13,32.67,17.29,21.72,17.31,42.0,26.2,reject
13,33.4,18.11,21.92,17.05,42.2,26.1,reject
13,33.03,17.58,21.42,16.85,42.1,26.2,reject
13,33.4,17.07,21.8,17.17,42.9,26.1,reject
13,33.03,17.14,21.43,17.27,42.3,26.1,reject
13,31.8,16.24,21.6,17.22,42.5,26.1,reject
13,33.03,17.51,21.3,16.9,42.2,26.2,reject
13,32.67,16.37,20.93,16.96,42.6,26.2,reject
13,33.4,17.81,21.67,16.8,42.1,26.2,reject
13,32.49,16.93,21.86,17.48,42.1,26.1,reject
13,33.4,17.88,21.76,16.79,42.1,26.2,reject
13,32.85,17.21,21.7,17.12,42.1,26.1,reject
13,32.67,16.86,21.17,17.05,42.3,26.2,reject
13,33.03,17.73,22.05,17.41,42.1,26.1,reject
13,32.32,16.79,21.76,17.05,42.6,26.2,reject
13,33.4,18.11,21.94,17.04,42.1,26.1,reject
13,33.4,17.81,21.67,17.12,42.3,26.1,reject
13,33.4,18.04,21.93,17.01,42.1,26.1,reject
13,33.21,17.73,21.54,16.83,42.0,26.2,reject
13,32.67,16.93,21.41,17.05,42.3,26.2,reject
13,33.4,17.58,21.54,17.05,42.4,26.1,reject
13,33.58,17.96,21.78,17.04,42.2,26.1,reject
13,33.4,17.73,21.54,16.85,42.2,26.2,reject
13,33.4,17.81,21.67,17.0,42.2,26.1,reject
13,33.21,17.96,22.19,17.14,42.0,26.2,reject
13,33.03,17.51,22.0,17.31,42.2,26.2,reject
13,32.85,17.0,21.42,17.05,42.3,26.2,reject
13,32.49,16.58,22.15,17.85,42.8,26.1,reject
13,32.67,17.0,21.29,16.89,42.2,26.2,reject
13,33.58,18.04,21.93,17.04,42.3,26.1,reject
13,33.21,16.86,21.54,17.22,42.8,26.1,reject
13,33.58,18.04,21.93,17.01,42.3,26.1,reject
13,33.21,17.58,21.54,16.79,42.2,26.2,reject
13,33.03,17.36,21.18,16.87,42.2,26.2,reject
13,33.21,16.93,21.83,17.15,42.9,26.2,reject
13,33.21,17.58,21.33,16.88,42.1,26.2,reject
13,32.67,16.86,21.32,17.05,42.4,26.2,reject
13,32.67,17.07,21.42,17.03,42.2,26.2,reject
13,32.67,16.17,21.43,17.28,42.9,26.2,reject
13,33.03,17.73,21.53,16.86,42.0,26.2,reject
13,31.46,15.97,21.29,17.36,42.3,26.2,reject
13,33.03,16.93,21.42,17.24,42.4,26.1,reject
13,33.58,17.96,21.94,17.05,42.2,26.1,reject
13,32.85,17.14,21.67,17.16,42.2,26.1,reject
13,32.67,16.51,21.14,16.99,42.5,26.2,reject
13,32.85,17.14,21.05,16.87,42.3,26.2,reject
13,31.46,15.97,21.25,17.31,42.3,26.2,reject
13,32.85,17.07,21.47,17.05,42.2,26.2,reject
13,32.85,17.58,21.92,17.08,42.0,26.2,reject
13,33.4,18.11,22.6,17.67,42.1,26.1,reject
13,33.4,18.11,21.93,17.13,42.1,26.1,reject
13,32.85,16.93,20.96,16.89,42.3,26.2,reject
13,32.85,17.21,21.72,17.14,42.1,26.1,reject
13,31.63,16.17,21.71,17.23,42.3,26.2,reject
13,32.85,17.14,21.42,17.0,42.1,26.2,reject
13,32.67,17.29,22.14,17.13,42.1,26.2,reject
13,32.67,17.29,22.59,17.68,42.1,26.1,reject
13,32.49,17.14,21.93,17.23,42.7,26.1,reject
13,33.4,17.96,21.8,17.12,42.2,26.1,reject
13,32.49,16.1,21.29,17.4,42.8,26.2,reject
13,33.4,18.11,22.59,17.65,42.1,26.1,reject
13,33.03,17.43,21.72,17.16,42.1,26.2,reject
13,33.21,17.0,21.68,17.12,42.8,26.2,reject
13,32.14,16.1,21.32,17.36,42.7,26.2,reject
13,32.85,17.14,21.68,17.14,42.3,26.2,reject
13,33.03,17.51,21.67,17.31,42.1,26.1,reject
13,31.46,16.03,21.29,17.41,42.2,26.2,reject
13,33.4,17.66,21.54,16.79,42.2,26.2,reject
13,31.8,16.3,21.67,17.31,42.6,26.1,reject
13,33.58,17.96,21.92,17.05,42.3,26.1,reject
13,32.67,16.79,21.17,17.05,42.4,26.2,reject
13,32.85,17.07,21.45,17.05,42.2,26.2,reject
13,32.85,17.14,21.54,17.0,42.1,26.2,reject
13,32.85,17.29,21.17,16.93,42.2,26.2,reject
13,33.21,18.11,21.92,17.07,42.0,26.2,reject
13,33.03,17.36,21.54,17.3,42.2,26.1,reject
13,32.85,17.07,21.67,17.31,42.3,26.1,reject
13,33.4,18.04,22.42,17.41,42.1,26.1,reject
13,33.03,16.93,21.42,17.31,42.4,26.1,reject
13,32.85,16.37,21.54,17.35,42.9,26.2,reject
13,33.4,18.04,22.15,17.05,42.0,26.2,reject
13,33.4,17.88,21.67,17.03,42.2,26.1,reject
13,33.4,17.96,22.38,17.4,42.1,26.1,reject
13,32.67,16.58,22.16,17.86,42.9,26.1,reject
13,31.97,16.58,22.06,17.66,42.7,26.1,reject
13,32.49,16.79,21.67,17.31,42.7,26.1,reject
13,33.21,17.51,21.67,17.23,42.1,26.1,reject
13,32.67,16.93,21.18,16.96,42.3,26.2,reject
13,31.97,16.72,21.49,16.96,42.5,26.2,reject
13,32.85,17.14,21.67,17.19,42.4,26.2,reject
13,33.03,17.43,21.65,17.23,42.1,26.1,reject
13,33.21,17.81,21.67,16.85,42.1,26.2,reject
13,32.67,16.58,21.29,17.07,42.5,26.2,reject
13,32.67,17.21,21.73,17.32,42.0,26.2,reject
13,33.03,17.0,21.42,17.24,42.4,26.1,reject
13,33.4,18.19,21.99,17.22,42.1,26.1,reject
13,33.21,17.73,21.64,16.79,42.1,26.2,reject
13,33.21,17.43,21.42,16.75,42.3,26.2,reject
13,33.4,18.04,21.82,17.03,42.2,26.1,reject
13,31.46,16.03,21.31,17.05,42.4,26.2,reject
13,32.32,16.1,21.3,17.34,42.8,26.2,reject
13,32.14,16.24,21.54,17.31,42.8,26.2,reject
13,32.67,16.72,21.17,16.99,42.4,26.2,reject
13,33.4,17.58,21.47,17.01,42.4,26.1,reject
13,32.67,16.58,21.14,16.96,42.5,26.2,reject
13,32.67,16.58,21.13,16.97,42.5,26.2,reject
13,33.21,17.21,22.06,17.35,42.9,26.1,reject
13,32.67,16.79,21.17,16.98,42.4,26.2,reject
13,33.21,17.73,21.55,16.94,42.2,26.2,reject
13,32.85,17.14,21.52,17.02,42.1,26.2,reject
13,31.97,16.3,21.89,17.4,42.1,26.1,reject
13,33.58,18.11,22.05,17.22,42.2,26.1,reject
13,33.03,17.43,21.59,17.22,42.1,26.1,reject
13,32.67,16.79,21.3,17.05,42.3,26.1,reject
13,33.21,17.0,21.39,16.86,42.6,26.2,reject
13,32.67,16.58,20.92,16.94,42.5,26.2,reject
13,33.21,17.73,21.66,16.79,42.1,26.2,reject
13,32.32,16.79,21.81,17.31,42.1,26.2,reject
13,32.67,16.17,20.94,17.05,42.7,26.2,reject
13,32.85,16.79,20.93,16.94,42.5,26.2,reject
13,32.85,17.0,21.42,17.09,42.3,26.2,reject
13,33.21,17.58,21.68,17.29,42.1,26.1,reject
13,32.32,16.79,22.05,17.41,42.1,26.1,reject
13,33.4,17.88,21.79,16.79,42.1,26.2,reject
13,32.67,17.0,21.29,17.18,42.2,26.2,reject
13,32.85,16.79,20.99,16.99,42.5,26.2,reject
13,32.67,17.07,21.38,16.97,42.1,26.2,reject
13,33.21,17.36,21.42,17.0,42.5,26.1,reject
13,32.85,16.17,21.54,17.31,42.9,26.2,reject
13,31.97,16.58,22.05,17.62,42.5,26.1,reject
13,33.4,18.04,21.86,17.03,42.1,26.1,reject
13,31.8,16.17,21.55,17.22,42.5,26.2,reject
13,33.03,16.72,21.42,17.31,42.6,26.1,reject
13,33.03,17.36,21.8,17.13,42.1,26.1,reject
13,33.4,17.88,21.69,16.84,42.1,26.2,reject
13,33.58,18.11,22.06,17.13,42.2,26.1,reject
13,32.49,17.29,22.21,17.38,42.2,26.1,reject
13,33.03,17.43,21.28,16.87,42.2,26.2,reject
13,31.63,16.03,21.54,17.16,42.3,26.1,reject
13,32.14,16.79,21.7,17.4,42.0,26.2,reject
13,33.21,16.93,21.53,17.2,42.8,26.1,reject
13,33.03,17.14,21.44,17.23,42.3,26.1,reject
13,33.21,17.29,21.32,16.79,42.4,26.2,reject
13,33.4,17.51,21.67,16.97,42.6,26.1,reject
13,32.85,17.43,21.67,17.14,42.1,26.2,reject
13,33.58,17.88,21.8,17.04,42.4,26.1,reject
13,33.03,17.43,21.27,16.86,42.1,26.2,reject
13,33.4,17.88,21.8,17.02,42.4,26.1,reject
13,32.85,17.21,21.67,17.13,42.2,26.1,reject
13,33.58,17.81,21.8,17.01,42.4,26.1,reject
13,33.03,17.29,21.17,16.87,42.2,26.2,reject
13,33.03,17.51,21.68,17.31,42.1,26.1,reject
13,32.49,17.14,22.07,17.14,42.1,26.2,reject
13,33.21,17.81,21.55,16.88,42.0,26.2,reject
13,32.67,16.24,21.37,17.14,42.8,26.1,reject
13,33.03,17.51,21.92,17.23,42.1,26.1,reject
13,33.4,17.51,21.42,17.05,42.4,26.1,reject
13,33.4,18.11,22.44,17.42,42.1,26.1,reject
13,33.77,18.35,22.19,17.23,42.2,26.1,reject
13,33.58,18.04,21.94,17.19,42.3,26.1,reject
13,32.67,17.07,21.42,17.04,42.2,26.2,reject
13,32.85,16.86,21.63,17.23,42.5,26.1,reject
13,33.4,17.81,21.8,17.05,42.4,26.1,reject
13,32.85,17.14,21.67,17.2,42.3,26.1,reject
13,33.4,17.96,21.81,17.06,42.2,26.1,reject
13,32.67,16.93,21.2,17.04,42.3,26.2,reject
13,32.85,17.14,21.67,17.18,42.2,26.1,reject
13,32.14,16.72,21.8,17.31,42.1,26.2,reject
13,32.85,16.93,21.65,17.16,42.4,26.1,reject
13,32.14,16.58,21.44,17.14,42.3,26.1,reject
13,32.85,17.07,21.43,17.04,42.2,26.2,reject
13,33.03,17.43,21.64,17.22,42.1,26.1,reject
13,33.21,17.81,22.18,17.13,42.0,26.2,reject
13,33.21,17.66,21.59,16.78,42.1,26.2,reject
13,32.67,17.0,21.42,17.04,42.3,26.2,reject
13,33.21,16.93,21.42,17.06,42.7,26.1,reject
13,33.58,17.96,21.69,17.05,42.2,26.1,reject
13,33.03,17.58,21.42,16.87,42.1,26.2,reject
13,33.03,17.29,21.54,17.22,42.2,26.1,reject
13,32.67,17.0,21.29,17.0,42.2,26.2,reject
13,32.85,17.07,21.05,16.88,42.3,26.2,reject
13,33.03,17.36,21.56,17.23,42.1,26.1,reject
13,33.21,17.73,21.67,16.79,42.1,26.2,reject
13,33.58,18.11,22.53,17.56,42.1,26.1,reject
13,31.97,16.51,21.63,17.31,42.1,26.1,reject
13,32.67,17.14,21.42,16.93,42.1,26.2,reject
13,32.67,16.86,21.17,17.03,42.3,26.2,reject
13,31.97,16.3,21.66,17.31,42.6,26.1,reject
13,33.03,16.72,21.42,17.32,42.6,26.1,reject
13,33.21,17.51,21.7,17.21,42.1,26.1,reject
13,33.4,17.88,21.79,16.82,42.1,26.2,reject
13,33.4,17.66,21.79,17.06,42.5,26.1,reject
13,31.97,16.58,21.67,17.31,42.0,26.2,reject
13,31.63,16.17,21.31,17.31,42.5,26.2,reject
13,33.03,17.14,21.46,17.23,42.3,26.1,reject
13,32.85,17.21,21.54,17.05,42.1,26.2,reject
13,32.49,17.0,21.83,17.31,42.1,26.2,reject
13,33.4,17.81,21.67,16.79,42.1,26.2,reject
13,33.03,17.58,21.72,17.23,42.1,26.1,reject
13,33.03,17.29,21.16,16.88,42.2,26.2,reject
13,31.63,16.1,21.54,17.23,42.2,26.2,reject
13,32.85,16.37,21.79,17.48,42.8,26.1,reject
13,33.58,18.11,22.06,17.14,42.2,26.1,reject
13,32.67,16.72,21.16,16.98,42.4,26.2,reject
13,31.8,16.24,21.65,17.32,42.6,26.1,reject
13,32.49,16.24,21.54,17.31,42.9,26.2,reject
13,33.21,17.81,21.98,17.39,42.1,26.1,reject
13,32.67,16.65,21.13,16.98,42.5,26.2,reject
13,33.03,17.43,21.27,16.87,42.2,26.2,reject
13,31.97,16.51,21.43,16.89,42.3,26.2,reject
13,33.21,17.73,21.54,16.79,42.1,26.2,reject
13,33.4,17.88,21.71,17.05,42.2,26.1,reject
13,33.03,17.14,21.43,17.23,42.3,26.1,reject
13,32.85,16.44,21.69,17.38,42.9,26.2,reject
13,32.85,16.86,21.67,17.13,42.8,26.2,reject
13,32.32,16.86,21.74,17.37,42.0,26.2,reject
13,32.67,16.65,21.16,16.97,42.4,26.2,reject
13,33.4,17.51,21.44,17.05,42.4,26.1,reject
13,31.8,16.24,21.43,17.28,42.7,26.2,reject
13,33.03,17.21,21.53,17.29,42.2,26.1,reject
13,32.67,17.29,21.93,17.38,42.1,26.1,reject
13,32.85,17.07,21.67,17.17,42.3,26.1,reject
13,33.21,17.73,21.57,16.79,42.1,26.2,reject
13,33.21,17.36,21.41,16.84,42.4,26.2,reject
13,33.58,18.19,22.02,16.96,42.0,26.2,reject
13,33.4,17.73,21.55,17.05,42.3,26.1,reject
13,32.85,17.43,21.57,17.07,42.1,26.2,reject
13,32.67,16.3,21.69,17.4,42.8,26.1,reject
13,32.67,16.58,22.14,17.85,42.9,26.1,reject
13,33.03,17.0,21.42,17.26,42.4,26.1,reject
13,32.67,17.07,21.31,17.05,42.2,26.2,reject
13,32.67,17.14,21.35,17.05,42.1,26.2,reject
13,32.67,17.43,21.93,17.23,42.0,26.2,reject
13,32.14,16.65,21.67,16.96,42.3,26.2,reject
13,32.67,16.44,21.15,17.1,42.6,26.2,reject
13,32.67,16.44,21.29,17.09,42.6,26.2,reject
13,31.97,16.58,21.54,16.96,42.2,26.2,reject
13,31.46,15.97,21.29,17.1,42.4,26.2,reject
13,32.67,16.86,21.31,17.05,42.4,26.2,reject
13,33.58,17.88,21.84,17.02,42.4,26.1,reject
13,32.67,16.93,21.4,17.04,42.3,26.2,reject
13,33.58,17.96,21.93,17.05,42.3,26.1,reject
13,33.4,17.29,21.42,17.05,42.6,26.1,reject
13,33.03,17.51,21.3,16.8,42.1,26.2,reject
13,31.63,16.17,21.3,17.31,42.4,26.2,reject
13,31.97,16.51,21.94,17.43,42.1,26.1,reject
13,32.32,17.14,21.93,17.24,42.5,26.1,reject
13,33.4,17.96,21.8,17.11,42.2,26.1,reject
13,31.8,16.24,21.65,17.31,42.6,26.1,reject
13,33.4,17.29,22.07,17.35,42.9,26.1,reject
13,32.14,16.72,21.52,17.21,42.4,26.1,reject
13,33.21,17.81,21.67,16.79,42.1,26.2,reject
13,33.21,17.66,21.43,16.87,42.1,26.2,reject
13,33.58,18.04,21.81,17.06,42.2,26.1,reject
13,33.4,18.11,21.93,17.1,42.2,26.1,reject
13,33.21,17.0,21.41,17.05,42.7,26.1,reject
13,33.58,18.11,22.05,17.14,42.2,26.1,reject
13,32.67,17.21,21.54,17.05,42.1,26.2,reject
13,32.85,17.43,21.67,17.2,42.0,26.2,reject
13,32.32,17.0,22.04,17.22,42.2,26.1,reject
13,33.03,17.21,21.54,17.23,42.2,26.1,reject
13,32.67,16.44,21.13,17.06,42.6,26.2,reject
13,32.85,17.21,21.75,17.14,42.2,26.2,reject
13,33.4,18.11,21.93,16.88,42.0,26.2,reject
13,31.46,16.03,21.33,17.49,42.2,26.2,reject
13,31.63,16.1,21.27,17.31,42.3,26.2,reject
13,32.32,16.79,21.78,17.06,42.4,26.2,reject
13,32.49,17.14,21.9,17.16,42.0,26.2,reject
13,33.21,17.58,21.42,16.88,42.1,26.2,reject
13,32.85,16.93,21.93,17.21,42.8,26.2,reject
13,32.67,16.3,21.16,17.05,42.6,26.2,reject
13,32.85,17.58,22.32,17.36,42.1,26.1,reject
13,33.03,17.51,21.67,17.22,42.1,26.1,reject
13,33.58,18.27,22.06,17.0,42.0,26.2,reject
13,33.03,17.43,21.66,17.22,42.1,26.1,reject
13,33.4,17.96,21.76,17.05,42.2,26.1,reject
13,33.21,17.0,21.34,16.87,42.6,26.2,reject
13,32.67,17.0,21.29,17.05,42.2,26.2,reject
13,32.32,17.07,21.92,17.2,42.5,26.1,reject
13,33.4,17.88,21.68,17.05,42.2,26.1,reject
13,32.67,16.72,21.29,17.05,42.5,26.2,reject
13,33.58,17.96,21.93,16.98,42.3,26.1,reject
13,32.67,16.86,21.3,17.12,42.4,26.2,reject
13,33.03,17.43,21.22,16.95,42.2,26.2,reject
13,33.03,17.36,21.54,17.23,42.2,26.1,reject
13,33.4,18.04,22.18,17.06,42.0,26.2,reject
13,33.03,16.86,21.85,17.13,42.9,26.2,reject
13,33.03,17.21,22.06,17.31,42.9,26.1,reject
13,33.58,17.81,21.8,17.03,42.4,26.1,reject
13,32.49,16.17,21.24,17.33,42.8,26.2,reject
13,33.4,18.11,21.92,17.04,42.1,26.1,reject
13,32.67,16.58,21.29,17.05,42.6,26.2,reject
13,32.67,17.0,21.29,16.97,42.2,26.2,reject
13,33.21,17.14,21.3,16.76,42.5,26.2,reject
13,32.49,17.14,21.93,17.3,42.7,26.1,reject
13,33.4,17.51,21.47,17.05,42.4,26.1,reject
13,33.58,17.81,21.6,17.14,42.3,26.1,reject
13,32.67,17.07,21.29,16.96,42.2,26.2,reject
13,32.67,17.07,21.42,17.03,42.3,26.2,reject
13,32.67,16.3,21.17,17.05,42.7,26.2,reject
13,33.4,17.96,21.81,16.86,42.0,26.2,reject
13,32.67,17.14,21.42,16.96,42.1,26.2,reject
13,33.21,17.43,21.42,16.79,42.3,26.2,reject
13,32.85,17.07,21.42,17.04,42.2,26.2,reject
13,33.21,17.0,21.92,17.17,42.9,26.2,reject
13,32.67,17.14,21.39,16.96,42.1,26.2,reject
13,32.85,16.79,21.63,17.25,42.5,26.1,reject
13,33.4,17.73,21.54,16.87,42.2,26.2,reject
13,33.4,18.11,21.92,17.06,42.1,26.1,reject
13,33.4,16.86,21.43,16.96,42.7,26.2,reject
13,32.32,16.72,21.55,17.23,42.6,26.1,reject
13,33.21,17.81,21.67,16.8,42.1,26.2,reject
13,33.4,18.04,22.43,17.41,42.1,26.1,reject
13,31.8,16.24,21.47,17.23,42.7,26.2,reject
13,32.67,16.17,21.23,17.14,42.8,26.2,reject
13,33.4,18.04,22.46,17.49,42.1,26.1,reject
13,33.03,16.79,21.67,17.05,42.8,26.2,reject
13,33.4,17.0,21.74,17.4,42.8,26.1,reject
13,32.85,17.43,21.8,17.23,42.1,26.2,reject
13,33.4,17.14,21.76,17.14,42.8,26.1,reject
13,31.8,16.17,21.63,17.23,42.2,26.2,reject
13,33.03,17.43,21.84,17.21,42.1,26.1,reject
13,33.4,17.88,21.66,17.09,42.3,26.1,reject
13,33.03,16.93,21.69,17.32,42.8,26.1,reject
13,32.67,17.29,21.69,17.31,42.0,26.2,reject
13,33.03,16.86,21.87,17.14,42.9,26.2,reject
13,31.97,16.51,21.67,17.4,42.1,26.1,reject
13,31.97,16.58,22.3,17.68,42.2,26.1,reject
13,33.03,17.43,21.26,16.88,42.2,26.2,reject
13,33.03,16.58,22.1,17.71,42.9,26.1,reject
13,33.4,17.29,21.42,17.04,42.5,26.1,reject
13,33.4,17.58,21.53,17.05,42.4,26.1,reject
13,33.21,16.93,21.67,17.18,42.8,26.2,reject
13,33.4,17.51,21.68,17.05,42.6,26.1,reject
13,32.32,16.86,21.65,17.23,42.7,26.1,reject
13,32.14,16.3,21.67,17.49,42.8,26.1,reject
13,32.14,16.86,21.55,17.03,42.5,26.2,reject
13,33.03,17.66,22.16,17.05,42.0,26.2,reject
13,33.58,17.81,21.8,17.05,42.5,26.1,reject
13,32.67,17.14,22.06,17.42,42.1,26.1,reject
13,32.32,16.79,21.56,16.99,42.6,26.2,reject
13,31.46,16.03,21.41,17.14,42.3,26.2,reject
13,33.03,16.86,21.67,17.08,42.8,26.2,reject
13,32.85,16.58,22.12,17.81,42.9,26.1,reject
13,33.4,18.04,22.41,17.42,42.1,26.1,reject
13,32.85,17.21,21.73,17.14,42.2,26.2,reject
13,32.85,17.14,21.52,17.0,42.2,26.2,reject
13,33.21,16.93,21.69,17.13,42.8,26.2,reject
13,32.85,17.21,21.71,17.11,42.1,26.1,reject
13,33.58,18.04,21.95,17.14,42.3,26.1,reject
13,33.03,17.0,21.67,17.21,42.5,26.2,reject
13,33.21,17.88,22.64,17.68,42.1,26.1,reject
13,33.21,16.86,21.68,17.34,42.8,26.1,reject
13,33.03,16.86,21.4,16.88,42.7,26.2,reject
13,33.03,17.07,21.42,17.24,42.3,26.1,reject
13,33.21,17.66,21.42,16.86,42.1,26.2,reject
13,32.85,16.93,21.65,17.22,42.4,26.1,reject
13,32.14,16.79,21.54,17.23,42.5,26.1,reject
13,32.85,16.58,21.67,17.29,42.7,26.1,reject
13,32.67,16.79,21.67,17.07,42.7,26.2,reject
13,33.03,17.14,21.06,16.88,42.3,26.2,reject
13,32.49,17.07,21.93,17.28,42.7,26.1,reject
13,31.97,16.58,22.06,17.68,42.7,26.1,reject
13,31.97,16.51,21.55,17.23,42.1,26.1,reject
13,33.4,17.0,21.81,17.19,42.9,26.1,reject
13,33.21,17.29,21.31,16.78,42.4,26.2,reject
13,32.85,17.07,21.42,17.03,42.3,26.2,reject
13,33.4,17.88,21.8,16.79,42.0,26.2,reject
13,33.4,17.73,21.67,16.87,42.1,26.2,reject
13,32.85,16.93,21.93,17.15,42.8,26.2,reject
13,33.21,17.43,21.42,16.82,42.3,26.2,reject
13,32.49,16.86,21.67,17.13,42.7,26.2,reject
13,32.85,17.0,21.67,17.25,42.4,26.1,reject
13,32.67,17.0,21.28,16.97,42.2,26.2,reject
13,33.4,17.66,21.53,16.84,42.2,26.2,reject
13,33.58,18.11,22.02,17.22,42.2,26.1,reject
13,33.21,18.04,22.33,17.32,42.1,26.1,reject
14,32.85,16.58,21.42,17.59,42.8,26.3,reject
14,33.21,17.73,21.95,18.13,41.9,26.3,reject
14,32.32,16.72,21.8,18.08,42.1,26.4,reject
14,32.67,16.93,21.2,16.85,42.1,26.3,reject
14,33.4,17.51,21.55,16.86,42.4,26.2,reject
14,33.4,17.73,21.76,16.82,42.2,26.2,reject
14,32.14,16.58,21.74,17.2,42.0,26.3,reject
14,33.21,17.14,21.42,18.13,42.4,26.4,reject
14,33.21,16.72,21.69,18.42,42.8,26.4,reject
14,32.85,17.07,21.53,16.96,42.2,26.2,reject
14,32.32,16.72,21.71,18.32,42.4,26.4,reject
14,32.67,16.17,21.31,17.05,42.8,26.3,reject
14,33.4,17.58,21.67,16.79,42.3,26.2,reject
14,33.21,17.43,21.9,16.96,42.2,26.2,reject
14,32.85,17.29,21.24,17.22,42.0,26.3,reject
14,32.85,17.14,21.55,16.96,42.1,26.3,reject
14,33.03,16.79,21.68,18.24,42.8,26.4,reject
14,32.85,17.07,21.54,16.96,42.1,26.2,reject
14,33.21,17.58,21.68,18.16,42.1,26.4,reject
14,32.85,17.14,21.54,16.96,42.2,26.3,reject
14,32.14,16.58,21.8,18.29,42.1,26.4,reject
14,32.14,16.58,21.67,18.25,42.6,26.4,reject
14,33.21,17.66,21.55,17.73,42.0,26.3,reject
14,33.21,17.51,21.42,17.59,42.1,26.3,reject
14,33.21,17.73,21.66,17.82,42.0,26.4,reject
14,33.4,17.73,21.68,16.85,42.2,26.2,reject
14,33.21,17.51,21.67,18.15,42.2,26.4,reject
14,33.21,17.58,21.63,16.83,42.3,26.2,reject
14,33.21,17.58,21.96,17.01,42.1,26.2,reject
14,32.85,17.14,21.54,16.95,42.1,26.3,reject
14,33.21,17.66,21.56,17.76,42.1,26.4,reject
14,33.03,17.36,21.29,17.23,42.0,26.3,reject
14,32.67,16.24,21.26,16.97,42.8,26.3,reject
14,32.14,16.65,21.68,18.28,42.6,26.4,reject
14,33.21,17.66,21.67,18.05,42.1,26.4,reject
14,33.21,17.58,21.42,17.58,42.1,26.4,reject
14,32.67,17.0,21.28,16.9,42.1,26.3,reject
14,32.67,16.93,21.17,17.2,42.0,26.3,reject
14,32.85,17.07,21.41,16.88,42.1,26.3,reject
14,33.03,17.66,22.29,17.13,42.1,26.2,reject
14,32.32,16.86,21.66,17.6,42.0,26.3,reject
14,33.4,16.86,21.74,18.24,42.8,26.4,reject
14,33.4,17.96,21.92,18.24,42.0,26.4,reject
14,32.67,16.72,21.8,18.43,42.8,26.4,reject
14,32.14,16.65,21.67,18.26,42.4,26.4,reject
14,33.4,17.73,21.8,16.84,42.1,26.2,reject
14,32.67,16.24,21.16,16.95,42.7,26.3,reject
14,33.21,17.14,21.42,18.14,42.4,26.4,reject
14,31.97,16.44,21.67,18.24,42.1,26.4,reject
14,33.21,17.58,21.5,17.68,42.1,26.4,reject
14,31.97,16.51,21.29,17.49,42.5,26.3,reject
14,33.4,17.58,21.67,18.16,42.1,26.4,reject
14,32.85,16.93,21.42,16.96,42.3,26.2,reject
14,32.49,16.93,21.92,17.0,42.8,26.2,reject
14,32.67,16.86,21.17,17.15,42.1,26.3,reject
14,32.85,17.14,21.54,16.96,42.1,26.2,reject
14,33.21,16.86,21.67,18.24,42.8,26.4,reject
14,31.63,15.97,21.29,16.96,42.2,26.3,reject
14,31.63,16.3,21.29,17.41,42.2,26.3,reject
14,32.32,16.79,21.67,18.15,42.7,26.4,reject
14,33.21,17.73,21.57,17.7,42.1,26.4,reject
14,32.32,16.79,22.17,17.28,42.1,26.2,reject
14,32.85,17.0,21.43,16.96,42.3,26.2,reject
14,32.67,16.86,21.24,16.88,42.3,26.3,reject
14,31.97,16.58,21.59,18.19,42.4,26.4,reject
14,31.97,16.37,21.66,18.16,42.2,26.4,reject
14,33.21,17.43,21.92,16.96,42.2,26.2,reject
14,33.03,17.43,21.91,16.96,42.2,26.2,reject
14,32.67,17.07,21.93,17.22,42.0,26.2,reject
14,32.67,16.86,21.17,16.85,42.2,26.3,reject
14,33.21,16.86,21.68,16.96,42.8,26.2,reject
14,32.85,16.65,21.37,16.89,42.5,26.3,reject
14,33.4,17.66,21.8,16.89,42.5,26.2,reject
14,33.4,17.81,21.8,16.88,42.2,26.2,reject
14,32.67,16.37,21.17,16.96,42.7,26.3,reject
14,33.4,17.58,21.68,18.22,42.1,26.4,reject
14,32.67,16.79,21.19,16.96,42.3,26.3,reject
14,32.67,17.0,22.19,17.3,42.1,26.2,reject
14,32.67,16.79,21.16,16.86,42.3,26.3,reject
14,33.4,17.73,21.72,16.79,42.2,26.2,reject
14,33.03,16.65,21.47,17.66,42.8,26.3,reject
14,31.8,16.24,21.5,17.1,42.6,26.3,reject
14,32.14,16.72,21.62,17.63,42.0,26.3,reject
14,33.03,17.36,21.89,16.96,42.2,26.2,reject
14,33.58,17.88,21.92,16.88,42.1,26.2,reject
14,32.85,17.14,21.42,16.88,42.0,26.3,reject
14,32.14,16.58,21.4,17.58,42.7,26.3,reject
14,33.03,17.58,21.58,17.53,42.0,26.3,reject
14,32.67,16.79,21.7,18.23,42.8,26.4,reject
14,32.85,17.29,21.92,17.19,42.0,26.2,reject
14,32.49,17.0,22.14,17.14,42.2,26.2,reject
14,32.85,17.21,21.55,16.89,42.1,26.3,reject
14,33.21,17.43,21.47,17.95,42.3,26.4,reject
14,32.85,17.14,21.42,16.99,42.1,26.3,reject
14,33.21,17.29,21.54,18.15,42.3,26.4,reject
14,33.4,17.81,21.8,16.79,42.1,26.2,reject
14,33.21,17.36,21.54,18.13,42.2,26.4,reject
14,32.49,16.93,21.8,17.21,42.0,26.3,reject
14,33.4,17.73,21.69,16.88,42.2,26.2,reject
14,33.4,17.81,21.84,16.85,42.1,26.2,reject
14,33.21,17.58,21.58,16.79,42.3,26.2,reject
14,33.4,17.88,21.93,16.87,42.1,26.2,reject
14,33.21,17.51,21.92,16.96,42.3,26.2,reject
14,33.4,18.04,22.19,17.05,42.1,26.2,reject
14,32.49,17.14,22.08,18.46,42.0,26.4,reject
14,31.97,16.17,21.54,17.14,42.7,26.3,reject
14,33.21,17.0,21.54,16.88,42.7,26.2,reject
14,32.85,17.58,22.31,17.16,42.1,26.2,reject
14,32.85,16.65,21.37,16.9,42.5,26.2,reject
14,31.97,16.37,21.8,17.22,42.1,26.3,reject
14,33.21,17.07,21.44,18.15,42.6,26.4,reject
14,31.63,15.97,21.42,16.97,42.3,26.3,reject
14,33.4,17.81,21.81,16.81,42.1,26.2,reject
14,32.85,16.58,21.35,16.91,42.6,26.2,reject
14,32.67,16.58,21.06,16.87,42.4,26.3,reject
14,32.67,17.0,21.29,17.24,42.1,26.3,reject
14,33.21,17.58,21.67,16.79,42.2,26.2,reject
14,32.85,17.0,21.31,16.88,42.2,26.3,reject
14,33.03,17.43,21.7,17.03,42.1,26.3,reject
14,32.49,16.3,21.8,17.22,42.8,26.2,reject
14,32.67,17.0,21.29,16.88,42.2,26.3,reject
14,33.21,17.66,21.69,18.05,42.0,26.4,reject
14,31.97,16.51,21.54,17.95,42.2,26.4,reject
14,33.21,17.58,21.92,16.96,42.3,26.2,reject
14,32.85,16.3,21.43,17.14,42.8,26.3,reject
14,33.4,17.96,22.24,17.07,42.1,26.2,reject
14,32.85,17.0,21.3,16.88,42.2,26.3,reject
14,33.21,17.07,21.42,17.96,42.5,26.4,reject
14,31.97,16.51,21.3,17.51,42.6,26.3,reject
14,33.4,17.81,21.88,16.87,42.1,26.2,reject
14,33.21,17.66,21.66,18.04,42.1,26.4,reject
14,31.97,16.44,21.67,17.23,42.0,26.3,reject
14,31.63,16.03,21.29,16.96,42.3,26.3,reject
14,32.14,16.58,21.54,17.96,42.4,26.4,reject
14,33.4,17.73,21.79,16.79,42.2,26.2,reject
14,32.14,16.58,21.54,17.59,42.0,26.3,reject
14,33.21,17.51,21.54,17.97,42.1,26.4,reject
14,32.67,16.86,21.17,16.84,42.2,26.3,reject
14,31.97,16.3,21.77,17.2,42.7,26.2,reject
14,32.85,17.29,21.29,17.23,42.0,26.3,reject
14,33.21,17.81,22.0,18.15,41.9,26.3,reject
14,33.03,17.29,21.22,17.4,42.2,26.3,reject
14,33.21,17.66,21.68,18.05,42.1,26.4,reject
14,32.14,16.44,21.56,18.15,42.4,26.4,reject
14,33.03,16.86,21.94,17.1,42.9,26.2,reject
14,32.14,16.24,21.55,17.16,42.8,26.3,reject
14,33.03,16.86,21.4,17.93,42.6,26.4,reject
14,33.03,17.21,21.19,17.38,42.3,26.3,reject
14,33.4,17.58,21.91,16.96,42.4,26.2,reject
14,32.32,16.93,21.92,17.01,42.7,26.2,reject
14,32.67,16.79,21.16,16.85,42.2,26.3,reject
14,32.32,16.79,21.93,18.38,42.1,26.4,reject
14,33.4,18.04,22.02,18.32,42.0,26.4,reject
14,32.67,16.86,21.93,17.09,42.9,26.2,reject
14,32.67,17.29,22.19,17.13,42.1,26.2,reject
14,33.03,17.21,21.17,17.4,42.3,26.3,reject
14,32.85,16.44,21.39,16.96,42.6,26.2,reject
14,32.14,16.72,21.61,18.05,42.5,26.3,reject
14,33.4,17.66,21.77,16.88,42.5,26.2,reject
14,33.4,17.36,21.54,18.15,42.3,26.4,reject
14,32.32,16.72,21.65,18.11,42.6,26.4,reject
14,33.21,16.93,21.43,17.98,42.7,26.4,reject
14,32.49,17.0,22.06,18.45,42.1,26.4,reject
14,33.4,17.81,21.8,16.82,42.2,26.2,reject
14,33.21,17.43,21.92,16.97,42.2,26.2,reject
14,33.4,17.58,21.92,16.96,42.3,26.2,reject
14,33.4,17.88,21.92,16.81,42.1,26.2,reject
14,33.21,17.58,21.43,17.64,42.0,26.3,reject
14,32.67,16.51,21.05,16.88,42.5,26.3,reject
14,33.4,16.93,21.92,17.12,42.9,26.2,reject
14,32.67,16.93,21.29,16.88,42.2,26.3,reject
14,32.67,17.0,21.29,17.02,42.1,26.3,reject
14,33.03,17.36,21.88,16.96,42.1,26.2,reject
14,32.67,16.79,21.13,16.87,42.3,26.3,reject
14,31.8,16.17,21.41,17.06,42.6,26.3,reject
14,32.67,16.93,21.94,17.05,42.8,26.2,reject
14,32.85,16.79,21.22,16.95,42.3,26.3,reject
14,32.67,16.65,21.17,16.88,42.5,26.3,reject
14,33.03,17.58,22.07,18.42,42.0,26.4,reject
14,33.21,17.58,21.67,18.17,42.1,26.4,reject
14,33.03,17.66,22.24,17.12,42.1,26.2,reject
14,33.4,17.73,21.67,17.86,42.0,26.4,reject
14,32.85,16.24,21.54,17.22,42.9,26.3,reject
14,33.4,17.81,21.8,16.87,42.2,26.2,reject
14,32.85,16.86,21.41,16.93,42.4,26.2,reject
14,33.4,17.81,21.82,16.87,42.1,26.2,reject
14,33.21,17.51,21.67,18.15,42.1,26.4,reject
14,32.85,17.36,21.77,17.13,42.0,26.3,reject
14,31.8,16.24,21.42,17.12,42.7,26.3,reject
14,31.8,16.24,21.69,17.13,42.6,26.2,reject
14,33.4,17.66,21.73,18.23,42.1,26.4,reject
14,33.4,17.81,21.81,16.82,42.1,26.2,reject
14,32.85,17.21,22.19,17.29,42.1,26.2,reject
14,32.67,16.44,21.17,16.91,42.5,26.3,reject
14,33.21,17.51,21.57,17.97,42.1,26.4,reject
14,32.67,16.72,21.17,16.88,42.4,26.3,reject
14,31.97,16.3,21.65,17.14,42.0,26.3,reject
14,33.21,17.36,21.54,16.87,42.5,26.2,reject
14,33.21,17.43,21.56,18.14,42.2,26.4,reject
14,33.21,17.36,21.44,17.95,42.3,26.4,reject
14,31.97,16.51,21.29,17.48,42.4,26.3,reject
14,33.21,17.66,22.18,17.22,42.1,26.2,reject
14,33.21,17.43,21.3,17.42,42.2,26.3,reject
14,31.63,15.97,21.3,16.96,42.2,26.3,reject
14,32.67,17.07,21.37,16.88,42.1,26.3,reject
14,32.67,16.93,21.17,16.81,42.2,26.3,reject
14,32.14,16.65,21.81,16.96,42.3,26.2,reject
14,32.85,16.37,21.41,16.96,42.7,26.2,reject
14,33.21,17.21,21.54,16.86,42.5,26.2,reject
14,33.03,16.58,21.2,17.49,42.7,26.3,reject
14,31.8,16.37,21.3,17.45,42.1,26.3,reject
14,32.14,16.72,21.58,18.04,42.5,26.4,reject
14,33.03,17.29,21.25,17.41,42.3,26.3,reject
14,33.21,17.58,21.55,17.98,42.1,26.4,reject
14,32.85,17.14,21.42,16.88,42.1,26.3,reject
14,32.85,17.07,21.42,16.88,42.1,26.3,reject
14,32.67,16.44,21.05,16.88,42.5,26.3,reject
14,33.21,17.66,21.58,17.76,42.0,26.3,reject
14,33.21,17.51,21.66,18.15,42.1,26.4,reject
14,32.14,16.3,21.79,17.15,42.7,26.2,reject
14,31.97,16.24,21.42,17.14,42.7,26.3,reject
14,32.85,17.07,21.52,16.96,42.2,26.3,reject
14,33.21,17.66,21.52,17.67,42.1,26.3,reject
14,33.03,16.79,21.54,16.88,42.7,26.2,reject
14,32.67,16.72,21.67,18.15,42.7,26.4,reject
14,32.85,17.0,21.32,17.04,42.1,26.3,reject
14,33.03,17.36,21.28,17.41,42.2,26.3,reject
14,33.21,17.73,21.8,16.87,42.2,26.2,reject
14,33.21,17.07,21.42,18.13,42.5,26.4,reject
14,33.21,17.73,21.7,18.05,42.0,26.4,reject
14,33.21,17.14,21.5,16.83,42.6,26.2,reject
14,32.32,16.79,21.79,17.2,42.0,26.3,reject
14,33.03,17.58,21.54,17.5,42.0,26.3,reject
14,33.4,17.96,21.84,18.02,41.9,26.3,reject
14,33.4,17.58,21.93,16.97,42.3,26.2,reject
14,33.4,17.66,21.71,16.87,42.2,26.2,reject
14,32.85,16.72,21.8,18.44,42.8,26.4,reject
14,31.63,16.03,21.42,17.05,42.2,26.3,reject
14,32.67,16.58,21.17,16.88,42.5,26.3,reject
14,32.67,17.29,21.26,17.23,42.0,26.3,reject
14,31.8,16.24,21.4,17.06,42.5,26.3,reject
14,33.21,17.73,21.71,16.88,42.2,26.2,reject
14,32.85,16.37,21.8,17.24,42.9,26.2,reject
14,33.03,16.65,21.21,17.49,42.7,26.3,reject
14,33.03,17.36,21.87,16.96,42.1,26.2,reject
14,33.03,16.65,21.17,17.41,42.6,26.3,reject
14,33.03,16.72,21.18,17.49,42.7,26.3,reject
14,33.03,16.65,21.43,17.66,42.8,26.3,reject
14,32.85,17.07,21.52,16.96,42.2,26.2,reject
14,33.4,17.96,22.3,17.12,42.1,26.2,reject
14,32.85,16.24,21.54,17.05,42.9,26.3,reject
14,33.03,16.72,21.52,17.68,42.8,26.3,reject
14,32.85,16.93,21.42,17.03,42.3,26.2,reject
14,33.21,17.66,21.5,17.68,42.1,26.4,reject
14,32.67,17.0,21.29,17.25,42.1,26.3,reject
14,33.21,16.72,21.55,18.12,42.8,26.4,reject
14,32.67,16.37,21.17,16.94,42.6,26.3,reject
14,32.85,17.29,21.79,17.14,42.0,26.3,reject
14,33.03,17.66,22.23,17.07,42.1,26.2,reject
14,33.21,17.36,21.44,17.95,42.2,26.4,reject
14,33.03,17.36,21.86,16.96,42.1,26.2,reject
14,33.21,16.86,21.67,16.96,42.8,26.2,reject
14,33.03,17.51,21.41,17.55,42.1,26.4,reject
14,33.21,17.58,21.42,17.62,42.1,26.3,reject
14,33.21,17.73,21.75,16.81,42.2,26.2,reject
14,33.21,17.14,21.41,17.95,42.5,26.4,reject
14,31.63,15.97,21.41,16.97,42.4,26.3,reject
14,32.67,16.93,21.18,16.83,42.2,26.3,reject
14,33.21,17.36,21.5,17.96,42.3,26.4,reject
14,33.21,17.73,21.78,18.11,42.0,26.4,reject
14,32.67,17.29,21.95,18.17,42.0,26.4,reject
14,33.03,17.58,21.51,17.68,42.1,26.4,reject
14,33.03,17.51,21.42,17.31,42.0,26.3,reject
14,33.21,17.58,21.67,18.05,42.1,26.4,reject
14,32.85,16.58,21.36,16.91,42.5,26.2,reject
14,33.4,18.04,21.93,18.11,42.0,26.4,reject
14,31.8,16.3,21.3,17.47,42.1,26.3,reject
14,33.4,17.0,21.97,17.16,43.0,26.2,reject
14,31.97,16.44,21.61,18.16,42.3,26.4,reject
14,32.85,16.24,21.43,17.14,42.8,26.3,reject
14,32.85,17.14,21.19,17.22,42.0,26.3,reject
14,33.03,17.36,21.9,16.96,42.2,26.2,reject
14,32.85,17.0,21.44,16.96,42.2,26.2,reject
14,33.4,17.88,21.91,16.85,42.1,26.2,reject
14,33.21,17.73,21.54,17.48,42.0,26.3,reject
14,32.67,16.65,21.07,16.86,42.3,26.3,reject
14,32.49,16.58,21.42,17.6,42.7,26.3,reject
14,33.4,17.66,21.67,18.05,42.1,26.4,reject
14,32.49,16.86,21.91,17.22,42.0,26.2,reject
14,33.21,17.66,21.44,17.62,42.1,26.3,reject
14,33.21,17.58,21.67,18.04,42.1,26.4,reject
14,32.67,17.21,21.99,18.24,42.0,26.4,reject
14,33.21,17.51,21.93,16.97,42.3,26.2,reject
14,33.21,16.79,21.47,18.16,42.7,26.4,reject
14,33.21,17.51,21.54,17.96,42.2,26.4,reject
14,33.4,17.96,21.93,16.88,42.1,26.2,reject
14,32.85,17.0,21.33,16.88,42.1,26.3,reject
14,33.03,17.29,21.29,17.41,42.2,26.3,reject
14,33.03,17.07,21.17,17.39,42.4,26.3,reject
14,32.67,17.0,21.37,16.88,42.1,26.3,reject
14,31.97,16.37,21.41,17.49,42.1,26.3,reject
14,32.32,16.3,21.8,17.21,42.8,26.2,reject
14,33.4,16.93,21.92,17.14,42.9,26.2,reject
14,32.67,16.58,21.44,17.63,42.7,26.3,reject
14,33.03,16.51,21.19,17.48,42.7,26.3,reject
14,33.21,17.21,21.56,16.84,42.5,26.2,reject
14,33.03,17.66,22.04,18.17,42.0,26.4,reject
14,32.85,17.21,21.18,17.21,42.0,26.3,reject
14,32.67,16.3,21.8,17.24,42.9,26.2,reject
14,33.4,17.73,21.8,16.81,42.1,26.2,reject
14,33.03,17.51,22.14,18.44,42.0,26.4,reject
14,33.03,17.43,21.72,17.11,42.0,26.3,reject
14,32.85,16.86,21.41,16.91,42.4,26.2,reject
14,33.4,17.96,21.92,18.04,41.9,26.3,reject
14,33.4,17.43,21.52,17.96,42.2,26.4,reject
14,32.85,16.37,21.8,17.23,42.9,26.2,reject
14,33.4,17.73,21.58,17.76,42.1,26.4,reject
14,32.85,16.79,21.41,16.94,42.4,26.2,reject
14,32.67,16.65,21.07,16.88,42.4,26.3,reject
14,32.85,17.21,21.55,16.96,42.1,26.3,reject
14,33.21,17.73,21.55,17.71,42.1,26.4,reject
14,32.14,16.72,21.93,16.96,42.2,26.2,reject
14,32.14,16.58,21.71,16.87,42.4,26.2,reject
14,31.8,16.17,21.44,17.05,42.5,26.3,reject
14,33.03,16.86,21.17,17.4,42.6,26.3,reject
14,33.03,16.79,21.83,18.47,42.8,26.4,reject
14,33.21,17.51,21.93,16.98,42.3,26.2,reject
14,32.67,16.93,21.17,16.87,42.1,26.3,reject
14,33.21,17.66,21.61,17.77,42.1,26.4,reject
14,33.21,16.86,21.71,18.23,42.8,26.4,reject
14,33.03,17.43,21.91,16.97,42.2,26.2,reject
14,33.21,17.43,21.54,18.15,42.3,26.4,reject
14,32.85,16.79,21.41,16.88,42.4,26.2,reject
14,33.21,17.66,21.71,18.23,42.1,26.4,reject
14,33.03,17.43,21.8,17.07,42.1,26.3,reject
14,33.03,17.21,21.21,17.43,42.4,26.3,reject
14,33.4,17.73,21.78,16.79,42.1,26.2,reject
14,33.21,17.73,21.71,18.05,42.1,26.4,reject
14,33.21,17.36,21.54,18.15,42.3,26.4,reject
14,33.03,17.36,21.87,16.99,42.1,26.2,reject
14,33.4,17.58,21.65,18.15,42.2,26.4,reject
14,32.85,17.29,22.19,17.23,42.1,26.2,reject
14,33.4,17.58,21.68,18.21,42.1,26.4,reject
14,33.21,17.66,21.69,18.05,42.1,26.4,reject
14,33.21,17.58,21.67,18.16,42.1,26.4,reject
14,33.21,17.29,21.42,17.95,42.3,26.4,reject
14,32.14,16.24,21.54,17.15,42.8,26.3,reject
14,32.85,16.86,21.29,16.88,42.2,26.3,reject
14,32.85,16.93,21.42,17.05,42.3,26.2,reject
14,32.67,17.0,21.16,17.14,42.0,26.3,reject
14,33.21,17.43,21.53,17.95,42.1,26.4,reject
14,32.85,16.72,21.38,16.89,42.5,26.2,reject
14,32.67,17.14,21.8,17.23,42.0,26.3,reject
14,33.4,17.88,21.92,16.88,42.1,26.2,reject
14,31.63,16.24,21.18,17.35,42.3,26.3,reject
14,32.67,17.0,21.92,17.23,42.1,26.3,reject
14,33.21,17.43,21.52,17.95,42.2,26.4,reject
14,32.67,17.36,21.67,17.59,42.0,26.3,reject
14,32.85,16.86,21.42,16.9,42.4,26.3,reject
14,33.21,16.72,21.43,17.67,42.8,26.3,reject
14,33.21,16.65,21.54,18.24,42.8,26.4,reject
14,32.85,17.29,21.91,17.15,42.0,26.2,reject
14,32.85,16.79,21.4,16.95,42.4,26.2,reject
14,32.85,16.86,21.28,16.88,42.3,26.3,reject
14,32.85,17.21,21.19,17.22,42.0,26.3,reject
14,32.85,17.36,21.89,17.15,42.0,26.2,reject
14,33.03,17.36,21.29,17.27,42.0,26.3,reject
14,33.4,17.36,21.55,16.79,42.5,26.2,reject
14,32.67,16.93,21.16,17.14,42.0,26.3,reject
14,33.21,17.36,21.29,17.41,42.2,26.4,reject
14,32.67,17.21,21.67,17.6,42.0,26.3,reject
14,33.21,17.36,21.54,18.15,42.2,26.4,reject
14,32.85,17.36,21.28,17.22,42.0,26.3,reject
14,33.21,17.58,21.42,17.59,42.1,26.4,reject
14,31.8,16.3,21.36,17.48,42.1,26.3,reject
14,31.63,16.1,21.67,17.05,42.3,26.2,reject
14,32.67,16.51,21.17,16.88,42.5,26.3,reject
14,32.67,16.24,21.43,17.14,42.8,26.3,reject
14,31.8,16.17,21.8,17.13,42.2,26.2,reject
14,32.49,16.24,21.44,17.15,42.8,26.3,reject
14,33.4,17.58,21.6,17.99,42.1,26.4,reject
14,32.32,16.65,21.92,18.34,42.1,26.4,reject
14,32.67,16.24,21.19,16.97,42.7,26.3,reject
14,33.4,17.81,21.8,16.81,42.1,26.2,reject
14,31.63,16.24,21.17,17.39,42.2,26.3,reject
14,33.21,17.36,21.28,17.41,42.2,26.3,reject
14,33.21,16.79,21.72,18.24,42.7,26.3,reject
14,32.67,16.86,21.17,16.83,42.2,26.3,reject
14,32.14,16.51,21.81,17.23,42.1,26.3,reject
14,33.21,17.29,21.42,17.96,42.4,26.4,reject
14,32.67,16.86,21.27,16.87,42.3,26.3,reject
14,33.21,17.21,21.54,16.88,42.5,26.2,reject
14,31.8,16.3,21.67,17.09,42.5,26.2,reject
14,33.03,17.43,22.19,17.23,42.1,26.2,reject
14,33.03,16.72,21.16,17.4,42.6,26.3,reject
14,32.85,17.0,21.45,16.96,42.2,26.2,reject
14,33.21,17.43,21.3,17.43,42.2,26.3,reject
14,32.85,17.07,21.4,16.88,42.1,26.3,reject
14,33.21,17.29,21.42,17.95,42.4,26.4,reject
14,31.8,16.17,21.42,17.13,42.5,26.3,reject
14,32.85,17.0,21.42,16.96,42.3,26.2,reject
14,33.4,17.51,21.54,17.98,42.2,26.4,reject
14,32.32,16.93,21.93,18.15,42.1,26.4,reject
14,33.4,17.81,21.81,16.84,42.1,26.2,reject
14,33.4,17.96,21.94,16.87,42.1,26.2,reject
14,33.21,17.43,21.3,17.47,42.2,26.4,reject
14,32.14,16.79,21.65,18.06,42.5,26.4,reject
14,31.97,16.3,21.93,17.14,42.1,26.2,reject
14,33.21,17.66,21.53,17.68,42.1,26.4,reject
14,33.03,17.36,21.87,16.96,42.2,26.2,reject
14,33.03,16.51,21.29,17.5,42.7,26.3,reject
14,33.03,17.43,21.36,17.51,42.1,26.3,reject
14,33.21,17.51,21.55,17.97,42.1,26.4,reject
14,33.21,17.51,21.41,17.51,42.1,26.3,reject
14,32.67,16.65,21.07,16.87,42.4,26.3,reject
14,31.97,16.37,21.95,17.2,42.1,26.2,reject
14,32.32,16.72,21.76,18.34,42.7,26.4,reject
14,32.32,16.79,22.05,17.05,42.2,26.2,reject
14,33.58,18.19,22.18,16.99,42.1,26.2,reject
14,33.21,17.14,21.55,16.82,42.6,26.2,reject
14,33.03,17.51,22.19,17.21,42.1,26.2,reject
14,32.14,16.58,21.67,18.27,42.6,26.4,reject
14,33.21,17.66,21.46,17.39,42.0,26.3,reject
14,33.21,17.36,21.88,16.96,42.1,26.2,reject
14,33.21,17.58,21.69,18.2,42.1,26.4,reject
14,33.4,17.88,21.93,16.95,42.1,26.2,reject
14,31.63,16.1,21.3,16.99,42.4,26.3,reject
14,32.67,16.93,21.17,17.17,42.0,26.3,reject
14,31.97,16.51,21.3,17.5,42.6,26.3,reject
14,33.4,17.88,22.06,18.35,42.0,26.4,reject
14,32.14,16.58,21.8,18.33,42.1,26.4,reject
14,32.85,17.0,21.21,16.87,42.1,26.3,reject
14,32.85,17.21,21.46,16.88,42.0,26.3,reject
14,32.85,17.0,21.3,16.87,42.2,26.3,reject
14,33.21,17.29,21.24,17.4,42.2,26.3,reject
14,32.85,17.29,21.26,17.23,42.0,26.3,reject
14,33.4,17.66,21.8,16.94,42.4,26.2,reject
14,33.21,17.66,21.69,16.79,42.2,26.2,reject
14,33.21,17.51,21.41,17.56,42.1,26.3,reject
14,32.67,16.72,21.12,16.87,42.3,26.3,reject
14,33.21,17.43,21.5,17.96,42.2,26.4,reject
14,32.67,16.44,21.05,16.9,42.5,26.3,reject
14,32.85,17.0,21.46,16.96,42.2,26.2,reject
14,33.03,17.43,21.3,17.27,42.0,26.3,reject
14,33.21,17.51,21.34,17.5,42.2,26.3,reject
14,32.85,16.86,21.17,17.41,42.5,26.3,reject
14,33.21,17.66,21.54,17.68,42.1,26.4,reject
14,33.21,17.0,21.42,18.14,42.6,26.4,reject
14,31.97,16.3,21.73,17.14,42.6,26.2,reject
14,32.85,16.93,21.29,16.89,42.2,26.3,reject
14,33.4,17.73,21.71,18.06,42.1,26.4,reject
14,33.21,17.29,21.48,18.14,42.4,26.4,reject
14,33.21,16.93,21.42,18.11,42.6,26.4,reject
14,33.4,16.93,21.93,17.15,43.0,26.2,reject
14,32.67,17.0,21.28,16.96,42.1,26.3,reject
14,33.4,17.29,21.67,16.87,42.6,26.2,reject
14,33.21,17.73,21.8,18.07,42.0,26.4,reject
14,33.21,17.51,21.43,17.65,42.1,26.4,reject
14,33.03,17.36,22.19,17.23,42.1,26.2,reject
14,33.4,18.04,21.85,17.99,42.0,26.4,reject
14,33.21,17.58,21.65,18.02,42.1,26.4,reject
14,31.8,16.24,21.67,17.14,42.2,26.3,reject
14,33.03,17.43,21.63,16.97,42.0,26.3,reject
14,32.67,16.93,21.2,16.83,42.1,26.3,reject
14,33.21,17.43,21.56,18.15,42.2,26.4,reject
14,33.03,16.79,21.17,17.4,42.6,26.3,reject
14,33.21,16.79,21.67,16.98,42.8,26.2,reject
14,33.4,17.96,22.02,18.14,42.0,26.4,reject
14,33.03,16.72,21.42,18.15,42.7,26.4,reject
14,33.03,16.65,21.42,17.63,42.8,26.3,reject
14,32.67,16.3,21.17,16.96,42.7,26.3,reject
14,33.4,17.58,21.69,18.19,42.1,26.4,reject
14,33.03,17.0,21.39,17.93,42.5,26.4,reject
14,32.32,16.79,21.8,16.88,42.5,26.2,reject
14,33.21,16.93,21.49,18.15,42.6,26.4,reject
14,32.14,16.58,21.74,16.87,42.4,26.2,reject
14,32.67,16.93,21.23,16.87,42.1,26.3,reject
14,32.85,16.65,21.67,18.15,42.8,26.4,reject
14,33.21,17.58,21.44,17.67,42.1,26.4,reject
14,33.21,17.0,21.6,16.86,42.7,26.2,reject
14,32.85,17.0,21.44,16.96,42.3,26.2,reject
14,33.21,17.29,21.51,16.78,42.5,26.2,reject
14,33.4,17.81,21.8,16.84,42.1,26.2,reject
14,33.21,16.65,21.66,18.33,42.8,26.4,reject
14,32.85,17.07,21.54,16.96,42.2,26.2,reject
14,33.21,17.58,21.74,18.24,42.1,26.4,reject
14,31.8,16.17,21.54,17.08,42.1,26.3,reject
14,32.85,17.0,21.5,16.96,42.2,26.2,reject
14,32.85,16.93,21.18,16.86,42.1,26.3,reject
14,32.67,17.0,21.29,17.28,42.1,26.3,reject
14,33.4,17.88,21.91,16.87,42.1,26.2,reject
14,32.85,17.07,21.38,16.88,42.1,26.3,reject
14,33.21,17.51,21.63,18.15,42.2,26.4,reject
14,32.85,16.93,21.29,16.88,42.2,26.3,reject
14,33.21,16.79,21.8,18.44,42.8,26.4,reject
14,32.67,17.0,21.29,17.23,42.1,26.3,reject
14,33.4,17.73,21.71,16.84,42.2,26.2,reject
14,33.4,17.58,21.67,16.86,42.2,26.2,reject
14,31.8,16.17,21.38,17.05,42.5,26.3,reject
14,33.03,17.43,21.8,17.1,42.1,26.3,reject
14,31.8,16.37,21.22,17.41,42.3,26.3,reject
14,33.03,17.43,21.32,17.49,42.1,26.3,reject
14,32.67,17.0,21.22,16.96,42.1,26.3,reject
14,32.32,16.24,21.55,17.21,42.8,26.2,reject
14,31.8,16.1,21.68,17.08,42.3,26.2,reject
14,33.21,17.29,21.52,16.84,42.5,26.2,reject
14,33.21,17.73,21.55,17.7,42.1,26.4,reject
14,32.85,17.58,22.06,18.23,42.0,26.4,reject
14,33.4,17.43,21.54,16.88,42.4,26.2,reject
14,33.21,17.66,21.54,17.68,42.0,26.3,reject
14,32.14,16.58,21.54,18.05,42.5,26.3,reject
14,32.67,16.86,21.17,16.79,42.2,26.3,reject
14,32.67,16.93,21.17,17.18,42.0,26.3,reject
14,32.67,16.24,21.44,17.14,42.8,26.3,reject
14,32.14,16.65,21.76,17.19,42.0,26.3,reject
14,33.4,17.66,21.68,16.86,42.2,26.2,reject
14,33.21,17.73,21.55,17.69,42.1,26.4,reject
14,32.67,16.24,21.14,16.91,42.6,26.3,reject
14,33.21,17.29,21.51,18.13,42.3,26.4,reject
14,32.67,17.0,21.29,17.26,42.1,26.3,reject
14,33.4,17.43,21.66,16.79,42.5,26.2,reject
14,33.21,17.66,21.53,17.68,42.0,26.3,reject
14,32.14,16.72,21.92,16.96,42.2,26.2,reject
14,33.4,17.81,21.67,17.86,41.9,26.3,reject
14,33.21,17.29,21.42,17.91,42.3,26.4,reject
14,33.03,17.58,21.67,17.58,42.0,26.3,reject
14,33.21,17.0,21.42,18.09,42.5,26.4,reject
14,33.21,17.36,21.29,17.41,42.2,26.3,reject
14,31.63,16.03,21.41,16.99,42.2,26.3,reject
14,33.4,17.88,21.83,16.87,42.1,26.2,reject
14,32.85,16.86,21.93,17.05,42.9,26.2,reject
14,32.85,17.51,22.17,18.46,42.0,26.4,reject
14,33.03,17.36,21.85,16.96,42.1,26.2,reject
14,32.67,16.58,21.46,17.68,42.8,26.3,reject
14,32.85,17.0,21.43,16.96,42.2,26.2,reject
14,33.21,16.86,21.59,16.96,42.8,26.2,reject
14,33.4,17.66,21.67,16.87,42.3,26.2,reject
14,33.4,17.58,21.67,18.18,42.2,26.4,reject
14,32.49,16.65,21.75,18.36,42.8,26.4,reject
14,33.21,17.58,21.64,18.05,42.1,26.4,reject
14,32.85,16.72,21.38,16.92,42.5,26.2,reject
14,32.85,16.86,21.24,16.88,42.3,26.3,reject
14,32.85,17.14,21.18,17.22,42.0,26.3,reject
14,32.67,17.21,22.06,18.44,42.0,26.4,reject
14,33.21,17.21,21.46,18.1,42.3,26.4,reject
14,33.21,17.58,21.51,17.68,42.1,26.4,reject
14,32.67,17.0,21.29,17.05,42.1,26.3,reject
14,32.67,16.58,21.17,16.9,42.5,26.3,reject
14,32.32,16.17,21.44,17.15,42.8,26.3,reject
14,32.85,16.58,21.42,17.6,42.8,26.3,reject
14,32.85,17.14,21.54,17.05,42.1,26.2,reject
14,32.67,17.29,22.07,18.44,42.0,26.4,reject
14,33.4,16.93,21.79,18.28,42.8,26.4,reject
14,33.4,17.66,21.86,16.96,42.4,26.2,reject
14,33.21,17.58,21.72,18.21,42.1,26.4,reject
14,32.67,16.24,21.55,17.22,42.9,26.3,reject
14,33.21,16.86,21.76,18.25,42.8,26.4,reject
14,31.8,16.17,21.42,17.02,42.4,26.3,reject
14,32.67,17.0,21.29,17.27,42.1,26.3,reject
14,32.49,16.24,21.47,17.14,42.8,26.3,reject
14,32.49,16.24,21.56,17.22,42.9,26.3,reject
14,33.4,17.81,21.86,16.87,42.1,26.2,reject
14,33.21,17.43,21.65,18.15,42.2,26.4,reject
14,33.21,17.66,21.67,16.96,42.2,26.2,reject
14,33.21,17.51,21.41,17.56,42.1,26.4,reject
14,31.63,15.97,21.29,16.96,42.3,26.3,reject
14,33.03,17.43,21.67,17.03,42.0,26.3,reject
14,32.85,16.24,21.64,17.14,42.9,26.2,reject
14,33.03,17.29,21.24,17.4,42.3,26.3,reject
14,33.03,17.36,21.9,17.03,42.2,26.2,reject
14,31.97,16.24,21.54,17.15,42.8,26.3,reject
14,32.85,17.0,21.49,16.95,42.2,26.2,reject
14,33.21,17.66,21.75,18.07,42.0,26.4,reject
14,31.8,16.24,21.54,17.12,42.6,26.3,reject
14,33.03,16.72,21.79,18.44,42.9,26.4,reject
14,32.14,16.24,21.43,17.14,42.7,26.3,reject
14,32.85,16.79,21.18,16.87,42.3,26.3,reject
14,33.21,17.51,21.42,17.58,42.1,26.4,reject
14,32.67,16.79,21.2,16.96,42.3,26.3,reject
14,32.85,16.86,21.29,16.88,42.3,26.3,reject
14,32.85,17.29,21.2,17.23,42.0,26.3,reject
14,33.21,17.21,21.42,17.94,42.4,26.4,reject
14,33.03,17.66,21.71,18.05,42.0,26.4,reject
14,33.21,16.72,21.78,18.44,42.8,26.4,reject
14,33.4,17.58,21.92,16.96,42.4,26.2,reject
14,33.21,17.51,21.42,17.49,42.1,26.3,reject
14,32.49,16.72,21.66,18.14,42.7,26.4,reject
14,33.21,17.36,21.43,17.96,42.3,26.4,reject
14,32.32,16.86,21.81,16.94,42.5,26.2,reject
14,32.67,16.58,21.05,16.88,42.4,26.3,reject
14,33.4,16.79,21.69,16.96,42.9,26.2,reject
14,32.67,16.3,21.06,16.89,42.6,26.3,reject
14,33.4,17.58,21.89,16.96,42.4,26.2,reject
14,31.97,16.51,21.54,17.95,42.3,26.4,reject
14,32.85,17.0,21.34,16.88,42.2,26.3,reject
14,33.21,17.36,21.43,17.94,42.3,26.4,reject
14,33.4,17.96,21.93,16.96,42.1,26.2,reject
14,32.49,16.3,21.8,17.23,42.9,26.2,reject
14,32.67,16.3,21.42,17.04,42.7,26.2,reject
14,33.21,17.21,21.53,16.86,42.6,26.2,reject
14,33.21,17.43,21.61,18.15,42.2,26.4,reject
14,33.4,17.81,21.88,16.84,42.1,26.2,reject
14,32.85,16.24,21.41,17.14,42.8,26.3,reject
14,31.8,16.24,21.48,17.07,42.5,26.3,reject
14,33.21,17.21,21.61,16.87,42.6,26.2,reject
14,33.58,18.19,22.19,17.05,42.1,26.2,reject
14,33.21,16.93,21.45,18.15,42.6,26.4,reject
14,33.21,17.0,21.46,16.85,42.6,26.2,reject
14,33.21,17.43,21.31,17.49,42.1,26.3,reject
14,33.4,17.0,21.93,17.23,42.9,26.2,reject
14,33.03,17.36,21.29,17.4,42.2,26.3,reject
14,33.21,17.51,21.55,16.8,42.3,26.2,reject
14,32.67,16.93,21.2,17.23,42.1,26.3,reject
14,33.21,17.66,21.68,18.05,42.0,26.4,reject
14,33.21,17.0,21.53,16.88,42.6,26.2,reject
14,32.85,16.79,21.4,16.88,42.4,26.2,reject
14,32.67,16.72,21.1,16.86,42.3,26.3,reject
14,33.03,17.51,21.64,18.02,42.1,26.4,reject
14,33.4,17.66,21.77,18.24,42.1,26.4,reject
14,33.4,17.58,21.9,16.96,42.4,26.2,reject
14,31.97,16.58,21.33,17.52,42.5,26.3,reject
14,33.21,17.43,21.55,18.15,42.2,26.4,reject
14,33.03,17.0,21.15,17.4,42.5,26.3,reject
14,33.21,17.73,21.58,17.76,42.0,26.3,reject
14,32.49,17.0,21.8,17.15,42.0,26.3,reject
14,33.21,16.93,21.93,17.06,43.0,26.2,reject
14,32.85,17.07,21.37,16.88,42.2,26.3,reject
14,33.21,17.66,21.72,18.05,42.0,26.4,reject
14,32.67,17.14,22.19,17.31,42.1,26.2,reject
14,33.21,17.29,21.42,17.92,42.3,26.4,reject
14,33.21,17.43,21.55,17.96,42.1,26.4,reject
14,31.97,16.3,21.72,17.13,42.6,26.2,reject
14,33.21,17.81,22.32,17.14,42.1,26.2,reject
14,33.21,17.66,21.67,16.86,42.2,26.2,reject
14,33.21,17.73,21.66,17.81,41.9,26.3,reject
14,31.97,16.58,21.51,17.95,42.4,26.4,reject
14,33.21,17.21,21.55,16.87,42.5,26.2,reject
14,32.67,17.14,22.06,18.44,42.0,26.4,reject
14,32.67,16.79,21.17,16.84,42.2,26.3,reject
14,33.03,17.36,21.86,16.97,42.2,26.2,reject
14,33.21,16.93,21.67,16.96,42.8,26.2,reject
14,33.21,17.51,21.54,17.96,42.1,26.4,reject
14,33.21,17.73,21.8,18.11,42.0,26.4,reject
14,33.21,17.58,21.6,18.0,42.1,26.4,reject
14,31.8,16.1,21.42,16.99,42.4,26.3,reject
14,32.85,17.21,21.18,17.23,42.0,26.3,reject
14,33.21,16.72,21.67,18.35,42.8,26.4,reject
14,32.67,16.93,21.19,16.84,42.1,26.3,reject
14,33.4,17.81,21.79,16.83,42.2,26.2,reject
14,33.21,17.58,21.49,17.68,42.0,26.3,reject
14,33.21,17.07,21.55,16.87,42.6,26.2,reject
14,32.85,17.07,21.41,16.87,42.1,26.3,reject
14,32.85,16.58,21.36,16.94,42.5,26.2,reject
14,33.21,17.51,21.93,17.04,42.3,26.2,reject
14,33.4,17.66,21.68,18.05,42.1,26.4,reject
14,31.63,16.1,21.54,17.05,42.2,26.3,reject
14,33.21,17.66,21.76,18.05,42.0,26.4,reject
14,32.49,16.65,21.68,18.34,42.7,26.4,reject
14,33.21,17.66,21.51,17.67,42.0,26.3,reject
14,32.85,16.65,21.78,18.42,42.8,26.4,reject
14,33.03,17.36,21.67,16.96,42.1,26.3,reject
14,33.4,17.73,21.8,18.11,42.0,26.4,reject
14,32.67,17.0,21.29,17.22,42.1,26.3,reject
14,33.21,17.58,21.68,18.21,42.1,26.4,reject
14,33.21,17.73,21.79,18.07,42.0,26.4,reject
14,32.67,16.3,21.8,17.23,42.9,26.2,reject
14,33.03,17.66,21.98,18.15,42.0,26.4,reject
14,33.21,17.51,21.54,16.79,42.3,26.2,reject
14,32.67,16.17,21.17,16.96,42.7,26.3,reject
14,32.67,16.24,21.09,16.88,42.6,26.3,reject
14,32.49,16.86,21.8,17.19,42.0,26.3,reject
14,33.21,17.51,21.93,16.97,42.1,26.2,reject
14,32.85,16.3,21.54,17.22,42.9,26.3,reject
14,33.4,16.93,21.83,17.21,42.8,26.2,reject
14,33.21,17.36,21.53,16.79,42.5,26.2,reject
14,31.8,16.17,21.5,17.1,42.6,26.3,reject
14,33.21,17.29,21.52,18.11,42.3,26.4,reject
14,33.21,17.81,21.8,16.83,42.2,26.2,reject
14,33.21,17.73,21.66,17.8,42.0,26.4,reject
14,33.4,17.73,21.73,16.83,42.2,26.2,reject
14,32.67,17.0,21.18,17.22,42.0,26.3,reject
14,33.21,17.14,21.49,16.8,42.5,26.2,reject
14,32.85,16.3,21.43,17.2,42.8,26.3,reject
14,33.4,17.88,21.9,16.84,42.1,26.2,reject
14,31.63,16.1,21.49,17.05,42.1,26.3,reject
14,33.21,17.58,21.52,17.68,42.1,26.4,reject
14,32.14,16.58,22.06,17.27,42.1,26.2,reject
14,33.03,17.0,21.42,17.96,42.6,26.4,reject
14,33.21,16.93,21.42,17.95,42.6,26.4,reject
14,33.21,17.43,21.54,16.84,42.4,26.2,reject
14,33.21,17.66,21.56,17.52,42.0,26.3,reject
14,33.58,18.04,21.99,16.88,42.1,26.2,reject
14,33.21,17.51,21.39,17.49,42.1,26.3,reject
14,33.03,16.93,21.94,17.13,42.9,26.2,reject
14,33.4,17.36,21.54,16.87,42.5,26.2,reject
14,32.85,17.07,21.36,16.88,42.1,26.3,reject
14,33.21,17.43,21.55,18.14,42.2,26.4,reject
14,33.4,17.88,21.83,16.85,42.1,26.2,reject
14,32.49,16.72,21.8,18.43,42.8,26.4,reject
14,32.32,16.65,21.45,17.65,42.7,26.3,reject
14,32.32,16.86,21.86,16.96,42.7,26.2,reject
14,31.97,16.44,21.54,17.93,42.2,26.4,reject
14,33.4,17.66,21.67,16.86,42.3,26.2,reject
14,33.03,17.36,21.29,17.28,42.0,26.3,reject
14,33.03,17.58,21.45,17.67,42.0,26.3,reject
14,33.03,17.43,21.68,17.05,42.0,26.3,reject
14,33.21,17.43,21.3,17.48,42.2,26.3,reject
14,32.67,16.93,21.96,17.09,42.8,26.2,reject
14,32.67,16.65,21.06,16.87,42.4,26.3,reject
14,33.21,17.43,21.54,17.96,42.2,26.4,reject
14,32.67,16.65,21.49,17.67,42.8,26.3,reject
14,32.85,17.14,21.54,16.94,42.1,26.3,reject
14,33.4,17.66,21.67,16.81,42.3,26.2,reject
14,33.4,17.66,21.78,18.24,42.1,26.4,reject
14,33.4,17.88,21.8,16.85,42.1,26.2,reject
14,33.21,16.72,21.57,18.14,42.8,26.4,reject
14,33.03,17.43,21.9,16.96,42.2,26.2,reject
14,32.32,16.86,21.86,16.96,42.8,26.2,reject
14,33.03,16.93,22.0,17.13,42.9,26.2,reject
14,33.21,17.36,21.9,16.96,42.2,26.2,reject
14,32.67,17.21,21.67,17.58,42.0,26.3,reject
14,33.21,17.66,21.68,16.86,42.2,26.2,reject
14,32.85,17.21,21.54,16.93,42.1,26.3,reject
14,32.32,16.72,22.13,17.29,42.1,26.2,reject
14,32.14,16.3,21.8,17.21,42.8,26.2,reject
14,33.03,16.72,21.8,18.48,42.8,26.4,reject
14,33.21,17.21,21.52,18.15,42.4,26.4,reject
14,33.03,16.86,21.42,17.96,42.6,26.4,reject
14,33.03,17.29,21.42,17.95,42.3,26.4,reject
14,31.97,16.44,21.55,17.96,42.1,26.4,reject
14,33.21,17.07,21.59,16.88,42.7,26.2,reject
14,33.4,17.73,21.77,16.86,42.2,26.2,reject
14,33.21,16.93,21.62,16.88,42.8,26.2,reject
14,32.85,17.14,21.93,17.21,42.0,26.2,reject
14,32.85,16.24,21.54,17.12,42.9,26.3,reject
14,32.67,16.17,21.17,16.97,42.7,26.3,reject
14,33.4,17.88,22.04,18.33,42.0,26.4,reject
14,33.21,17.36,21.54,16.87,42.4,26.2,reject
14,32.14,16.79,21.8,16.95,42.5,26.2,reject
14,32.85,16.24,21.47,17.05,42.8,26.2,reject
14,32.67,16.1,21.29,17.06,42.8,26.3,reject
14,33.4,17.43,21.55,16.8,42.3,26.2,reject
14,33.4,17.0,22.03,17.18,43.0,26.2,reject
14,33.4,18.04,21.8,17.96,42.0,26.4,reject
14,33.4,17.58,21.67,16.87,42.5,26.2,reject
14,32.85,17.0,21.29,16.89,42.2,26.3,reject
14,32.85,17.43,21.99,18.16,42.0,26.4,reject
15,32.67,16.72,21.66,18.71,42.3,26.4,reject
15,32.85,16.65,21.8,18.65,42.8,26.4,reject
15,33.4,17.58,21.8,18.36,42.1,26.4,reject
15,32.49,17.07,20.99,18.61,42.7,26.6,reject
15,33.21,17.51,21.67,18.34,42.2,26.4,reject
15,32.14,16.3,20.45,18.34,42.8,26.5,reject
15,32.67,16.72,21.67,18.72,42.3,26.4,reject
15,31.12,15.58,21.02,18.83,42.6,26.5,reject
15,32.32,15.71,21.41,19.02,43.0,26.4,reject
15,32.14,15.77,20.64,18.54,43.0,26.5,reject
15,32.85,16.72,21.67,18.72,42.4,26.4,reject
15,32.32,16.58,20.57,18.34,42.7,26.5,reject
15,33.4,17.29,21.54,18.41,42.4,26.4,reject
15,32.32,16.3,21.05,18.6,42.4,26.4,reject
15,31.97,15.84,20.43,18.5,43.0,26.5,reject
15,32.32,16.86,20.69,18.35,42.7,26.6,reject
15,32.85,16.72,21.68,18.73,42.6,26.4,reject
15,32.49,16.72,21.54,18.68,42.1,26.4,reject
15,32.32,16.58,21.93,18.56,42.1,26.4,reject
15,33.4,17.66,21.8,18.43,42.1,26.4,reject
15,31.97,15.58,21.05,18.93,43.2,26.5,reject
15,33.21,16.79,21.55,18.45,42.7,26.4,reject
15,33.4,17.66,21.87,18.44,42.1,26.4,reject
15,31.97,16.44,21.67,18.34,42.2,26.4,reject
15,33.4,17.51,21.73,18.39,42.2,26.4,reject
15,33.21,16.79,21.55,18.44,42.7,26.4,reject
15,33.4,17.29,21.55,18.34,42.3,26.4,reject
15,33.4,17.58,21.8,18.41,42.1,26.4,reject
15,33.21,17.07,21.44,18.24,42.5,26.4,reject
15,32.85,17.36,22.19,18.73,42.0,26.4,reject
15,32.67,17.14,20.95,18.58,42.7,26.6,reject
15,33.21,17.29,21.57,18.44,42.5,26.4,reject
15,33.21,17.36,21.66,18.35,42.2,26.4,reject
15,32.32,16.65,20.58,18.34,42.7,26.6,reject
15,32.67,16.72,21.85,18.67,42.8,26.4,reject
15,31.97,16.17,20.5,18.47,42.8,26.5,reject
15,33.21,17.43,21.63,18.25,42.2,26.4,reject
15,33.03,16.86,21.43,18.25,42.6,26.4,reject
15,32.49,16.65,21.8,18.67,42.8,26.4,reject
15,31.12,15.45,20.73,18.73,43.0,26.5,reject
15,32.14,16.3,20.45,18.34,42.7,26.5,reject
15,32.32,16.3,21.04,18.59,42.5,26.4,reject
15,31.8,15.58,21.05,18.94,43.1,26.4,reject
15,32.85,17.29,22.21,18.82,42.1,26.4,reject
15,32.67,16.93,21.8,18.94,42.1,26.4,reject
15,33.4,17.73,21.9,18.44,42.1,26.4,reject
15,32.67,17.14,22.15,18.64,42.0,26.4,reject
15,32.32,16.17,20.95,18.61,42.6,26.4,reject
15,31.97,15.51,20.69,18.64,43.1,26.4,reject
15,32.32,16.37,21.05,18.62,42.4,26.4,reject
15,33.4,16.79,21.91,18.75,42.9,26.4,reject
15,32.14,16.44,20.82,18.53,42.5,26.5,reject
15,33.4,17.29,21.6,18.44,42.4,26.4,reject
15,32.32,16.44,21.05,18.59,42.3,26.4,reject
15,32.67,16.72,21.54,18.68,42.1,26.4,reject
15,32.67,16.72,21.55,18.68,42.2,26.4,reject
15,32.67,16.72,21.66,18.69,42.3,26.4,reject
15,30.96,15.26,20.69,18.64,42.8,26.5,reject
15,33.21,17.51,21.7,18.29,42.1,26.4,reject
15,31.97,16.24,20.41,18.31,42.7,26.5,reject
15,32.85,16.72,21.92,18.75,42.9,26.4,reject
15,33.4,17.88,22.19,18.66,42.0,26.4,reject
15,33.4,17.66,21.9,18.46,42.1,26.4,reject
15,33.4,17.58,21.74,18.34,42.1,26.4,reject
15,33.4,17.66,21.82,18.34,42.0,26.4,reject
15,32.14,16.24,20.44,18.33,42.7,26.5,reject
15,33.4,17.43,21.67,18.44,42.3,26.4,reject
15,31.29,15.51,20.99,18.81,42.9,26.4,reject
15,31.46,15.64,21.41,18.94,42.8,26.4,reject
15,31.12,15.45,20.81,18.83,43.2,26.5,reject
15,33.4,17.43,21.66,18.34,42.3,26.4,reject
15,33.21,16.86,21.51,18.29,42.6,26.4,reject
15,31.97,15.51,20.81,18.89,43.3,26.5,reject
15,32.32,16.72,20.67,18.35,42.8,26.6,reject
15,32.14,16.51,21.67,18.44,42.3,26.4,reject
15,32.14,16.17,20.69,18.54,42.7,26.5,reject
15,33.4,16.72,21.67,18.54,42.8,26.4,reject
15,33.21,16.72,21.55,18.5,42.8,26.4,reject
15,33.03,17.43,22.19,18.75,42.1,26.4,reject
15,32.14,16.03,20.68,18.54,42.8,26.5,reject
15,31.97,16.17,20.45,18.37,42.8,26.5,reject
15,32.14,16.37,20.81,18.54,42.6,26.5,reject
15,33.03,17.36,22.25,18.83,42.1,26.4,reject
15,32.32,16.65,21.8,18.64,42.7,26.4,reject
15,32.14,15.45,20.8,18.68,43.1,26.4,reject
15,33.4,17.51,21.7,18.34,42.2,26.4,reject
15,32.67,17.14,22.16,18.71,42.0,26.4,reject
15,33.4,17.43,21.67,18.4,42.3,26.4,reject
15,32.14,16.51,21.8,18.6,42.3,26.4,reject
15,33.4,17.51,21.68,18.34,42.2,26.4,reject
15,31.29,15.71,21.05,18.9,42.6,26.5,reject
15,33.4,17.58,21.8,18.34,42.1,26.4,reject
15,33.21,17.21,21.52,18.24,42.4,26.4,reject
15,32.85,16.72,21.92,18.72,42.8,26.4,reject
15,32.32,15.9,20.93,18.64,42.7,26.4,reject
15,31.46,16.03,20.81,18.62,43.2,26.6,reject
15,33.21,16.72,21.66,18.54,42.8,26.4,reject
15,32.32,16.79,20.69,18.34,42.7,26.6,reject
15,33.4,17.51,21.68,18.28,42.1,26.4,reject
15,31.12,15.71,20.68,18.43,42.9,26.6,reject
15,32.32,16.37,21.05,18.6,42.4,26.4,reject
15,32.32,16.3,21.04,18.59,42.4,26.4,reject
15,32.32,16.44,21.05,18.58,42.3,26.4,reject
15,33.21,16.72,21.5,18.29,42.7,26.4,reject
15,33.4,17.73,21.8,18.24,42.1,26.4,reject
15,33.21,16.65,21.54,18.34,42.8,26.4,reject
15,33.4,17.96,22.11,18.53,42.0,26.4,reject
15,31.97,16.1,20.46,18.44,42.8,26.5,reject
15,32.67,16.72,21.54,18.69,42.1,26.4,reject
15,32.14,16.58,21.79,18.54,42.6,26.4,reject
15,32.14,16.24,20.69,18.54,42.7,26.5,reject
15,33.58,17.96,22.19,18.74,42.1,26.4,reject
15,32.14,16.58,21.86,18.54,42.1,26.4,reject
15,33.4,17.66,21.8,18.34,42.1,26.4,reject
15,32.85,16.72,21.67,18.73,42.4,26.4,reject
15,33.4,17.51,21.73,18.31,42.1,26.4,reject
15,32.67,16.72,21.57,18.71,42.2,26.4,reject
15,31.97,15.45,20.69,18.82,43.3,26.5,reject
15,31.63,15.51,20.81,18.86,43.3,26.5,reject
15,31.97,16.17,20.51,18.46,42.8,26.5,reject
15,32.14,16.44,21.67,18.49,42.4,26.4,reject
15,32.14,16.1,20.69,18.53,42.8,26.5,reject
15,32.14,16.3,20.81,18.54,42.6,26.5,reject
15,33.4,17.58,21.8,18.44,42.1,26.4,reject
15,32.32,15.9,20.93,18.63,42.7,26.4,reject
15,31.63,15.97,21.17,18.94,42.5,26.5,reject
15,31.63,15.97,21.38,18.95,42.4,26.5,reject
15,32.14,15.97,20.65,18.54,42.9,26.5,reject
15,33.21,16.65,22.1,19.03,42.9,26.4,reject
15,33.21,16.93,22.19,19.04,43.0,26.4,reject
15,32.32,16.51,21.05,18.59,42.3,26.4,reject
15,32.49,16.72,21.28,18.73,42.3,26.4,reject
15,32.32,16.24,21.03,18.6,42.5,26.4,reject
15,33.21,16.79,21.93,18.82,42.9,26.4,reject
15,31.97,15.45,20.53,18.64,43.3,26.5,reject
15,33.21,17.14,21.54,18.34,42.5,26.4,reject
15,33.4,17.88,22.18,18.63,42.0,26.4,reject
15,31.97,16.1,20.85,18.7,43.4,26.6,reject
15,33.4,17.58,21.72,18.44,42.2,26.4,reject
15,31.97,16.03,20.81,18.68,43.4,26.6,reject
15,32.32,15.71,21.42,19.03,43.0,26.4,reject
15,33.58,17.96,22.02,18.49,42.0,26.4,reject
15,33.21,17.43,21.67,18.39,42.2,26.4,reject
15,32.32,16.58,20.93,18.63,42.5,26.5,reject
15,33.4,17.51,21.68,18.35,42.2,26.4,reject
15,32.67,16.72,21.56,18.69,42.2,26.4,reject
15,32.32,16.93,21.05,18.68,42.7,26.6,reject
15,32.14,16.58,21.92,18.54,42.1,26.4,reject
15,31.97,16.37,21.42,18.94,42.3,26.4,reject
15,33.4,17.58,21.8,18.43,42.1,26.4,reject
15,32.32,16.65,21.79,18.52,42.7,26.4,reject
15,31.97,15.64,21.42,19.0,42.9,26.4,reject
15,33.4,17.51,21.78,18.44,42.2,26.4,reject
15,31.46,15.71,21.55,18.93,42.2,26.4,reject
15,33.4,17.43,21.67,18.32,42.2,26.4,reject
15,32.67,16.72,21.54,18.68,42.2,26.4,reject
15,33.4,17.58,21.69,18.33,42.1,26.4,reject
15,33.21,17.29,21.54,18.25,42.3,26.4,reject
15,32.32,16.58,21.8,18.64,42.7,26.4,reject
15,32.32,16.1,20.88,18.73,43.5,26.6,reject
15,33.21,17.14,21.48,18.24,42.4,26.4,reject
15,31.8,16.44,21.05,18.7,42.7,26.6,reject
15,32.85,16.72,21.67,18.73,42.5,26.4,reject
15,33.4,17.51,21.73,18.44,42.3,26.4,reject
15,31.29,15.51,21.41,18.78,42.3,26.4,reject
15,33.4,17.73,21.93,18.45,42.1,26.4,reject
15,33.21,17.66,22.23,18.76,42.1,26.4,reject
15,32.67,16.72,21.64,18.71,42.3,26.4,reject
15,32.85,16.65,21.8,18.54,42.8,26.4,reject
15,32.32,16.65,21.8,18.63,42.8,26.5,reject
15,33.21,17.43,21.67,18.25,42.1,26.4,reject
15,32.67,16.79,21.55,18.73,42.1,26.4,reject
15,31.29,15.58,21.01,18.79,42.8,26.4,reject
15,32.85,16.79,21.93,18.83,42.9,26.4,reject
15,33.21,17.66,22.17,18.54,42.0,26.4,reject
15,32.49,17.14,20.92,18.54,42.7,26.6,reject
15,33.21,16.79,21.94,18.83,42.9,26.4,reject
15,31.29,15.51,21.28,18.74,42.5,26.4,reject
15,33.21,17.21,21.54,18.34,42.4,26.4,reject
15,32.32,16.65,20.57,18.34,42.8,26.6,reject
15,32.32,16.03,20.93,18.62,42.6,26.4,reject
15,32.32,16.44,21.05,18.59,42.4,26.4,reject
15,31.97,15.64,20.69,18.6,43.0,26.4,reject
15,32.14,16.44,20.81,18.54,42.6,26.5,reject
15,33.21,16.58,21.67,18.56,42.9,26.4,reject
15,33.21,16.86,21.54,18.46,42.8,26.4,reject
15,33.4,17.58,21.8,18.44,42.2,26.4,reject
15,32.67,16.72,21.54,18.67,42.2,26.4,reject
15,33.21,17.43,21.66,18.34,42.2,26.4,reject
15,32.14,16.3,20.8,18.54,42.6,26.5,reject
15,33.4,17.36,21.58,18.34,42.3,26.4,reject
15,32.49,16.79,21.32,18.83,42.3,26.4,reject
15,32.32,16.72,21.8,18.63,42.7,26.4,reject
15,31.97,15.97,20.45,18.48,43.0,26.5,reject
15,33.4,17.58,21.7,18.42,42.2,26.4,reject
15,31.63,15.71,21.42,18.96,42.8,26.4,reject
15,32.49,17.0,20.81,18.44,42.7,26.6,reject
15,32.32,16.17,20.94,18.6,42.6,26.4,reject
15,32.32,15.58,21.05,18.74,42.9,26.4,reject
15,31.97,15.58,20.69,18.63,43.1,26.4,reject
15,31.29,15.51,20.81,18.84,43.2,26.5,reject
15,31.46,15.64,21.41,18.93,42.8,26.4,reject
15,31.29,15.84,20.81,18.54,42.8,26.6,reject
15,33.4,17.66,21.79,18.23,42.1,26.4,reject
15,31.97,15.97,20.45,18.47,42.9,26.5,reject
15,33.21,16.65,21.63,18.47,42.8,26.4,reject
15,33.4,17.21,21.54,18.41,42.4,26.4,reject
15,33.21,17.66,21.8,18.34,42.1,26.4,reject
15,33.4,17.51,21.67,18.32,42.2,26.4,reject
15,31.46,15.58,21.53,18.84,42.2,26.4,reject
15,33.4,17.36,21.61,18.34,42.3,26.4,reject
15,32.14,16.17,20.69,18.53,42.8,26.5,reject
15,31.8,16.24,21.23,18.95,42.5,26.5,reject
15,31.63,15.58,21.05,18.93,43.1,26.4,reject
15,32.32,15.84,20.94,18.64,42.8,26.4,reject
15,33.4,17.66,21.81,18.43,42.1,26.4,reject
15,33.21,17.43,21.67,18.35,42.2,26.4,reject
15,32.32,15.97,20.93,18.63,42.7,26.4,reject
15,33.4,17.51,21.73,18.34,42.1,26.4,reject
15,33.21,16.72,21.54,18.45,42.8,26.4,reject
15,33.03,16.72,21.92,18.76,42.9,26.4,reject
15,32.32,16.65,21.8,18.63,42.5,26.4,reject
15,32.32,16.37,21.05,18.59,42.4,26.4,reject
15,33.4,17.51,21.66,18.29,42.2,26.4,reject
15,32.32,15.77,20.99,18.64,42.8,26.4,reject
15,32.14,16.51,21.8,18.53,42.2,26.4,reject
15,32.14,16.44,20.5,18.32,42.8,26.6,reject
15,32.14,16.3,20.45,18.34,42.8,26.6,reject
15,32.32,16.86,21.05,18.66,42.7,26.6,reject
15,31.63,15.45,20.81,18.85,43.3,26.5,reject
15,33.21,17.51,21.72,18.43,42.2,26.4,reject
15,32.85,16.65,21.89,18.74,42.8,26.4,reject
15,31.46,15.58,21.05,18.9,43.1,26.4,reject
15,31.97,15.58,20.45,18.54,43.2,26.5,reject
15,32.49,16.86,22.17,18.82,42.1,26.4,reject
15,32.49,16.86,20.72,18.4,42.7,26.6,reject
15,33.21,16.72,21.83,18.69,42.9,26.4,reject
15,31.97,16.1,20.45,18.47,42.9,26.5,reject
15,32.32,16.58,21.76,18.56,42.6,26.4,reject
15,33.4,17.73,21.82,18.34,42.1,26.4,reject
15,33.4,17.58,21.8,18.33,42.0,26.4,reject
15,32.85,17.36,22.17,18.59,42.0,26.4,reject
15,31.46,15.97,20.7,18.54,43.3,26.6,reject
15,32.85,16.72,21.82,18.61,42.8,26.4,reject
15,31.8,15.51,20.81,18.89,43.3,26.5,reject
15,31.97,16.37,21.67,18.34,42.2,26.4,reject
15,33.4,17.58,21.8,18.32,42.1,26.4,reject
15,33.58,17.96,22.07,18.63,42.1,26.4,reject
15,32.14,16.58,21.7,18.44,42.6,26.4,reject
15,32.14,16.72,21.17,18.74,42.7,26.6,reject
15,33.4,17.58,21.74,18.42,42.2,26.4,reject
15,31.8,16.03,20.81,18.63,43.4,26.6,reject
15,32.14,15.64,21.05,18.94,43.2,26.5,reject
15,32.32,16.51,21.72,18.56,42.6,26.4,reject
15,32.32,16.58,21.75,18.55,42.5,26.4,reject
15,33.4,17.58,21.75,18.44,42.2,26.4,reject
15,33.21,17.07,21.54,18.42,42.6,26.4,reject
15,31.97,16.37,21.67,18.44,42.3,26.4,reject
15,33.03,17.43,22.21,18.8,42.1,26.4,reject
15,32.32,16.65,21.79,18.53,42.7,26.4,reject
15,31.29,15.58,20.95,18.75,42.8,26.4,reject
15,31.12,15.51,20.78,18.74,43.0,26.5,reject
15,32.32,16.72,21.93,18.5,42.1,26.4,reject
15,33.21,17.14,21.53,18.34,42.5,26.4,reject
15,31.97,15.71,20.64,18.54,42.9,26.4,reject
15,31.46,15.77,21.67,18.95,42.2,26.4,reject
15,32.85,16.65,21.85,18.72,42.8,26.4,reject
15,33.21,17.0,21.54,18.42,42.6,26.4,reject
15,32.32,16.58,20.55,18.34,42.8,26.6,reject
15,32.32,16.72,21.8,18.53,42.7,26.4,reject
15,33.21,17.58,21.79,18.36,42.1,26.4,reject
15,33.4,17.58,21.74,18.4,42.2,26.4,reject
15,33.4,17.88,21.99,18.53,42.1,26.4,reject
15,33.4,17.51,21.66,18.25,42.1,26.4,reject
15,33.4,17.81,22.22,18.72,42.0,26.4,reject
15,31.97,15.64,20.68,18.56,43.1,26.5,reject
15,32.32,16.51,21.06,18.59,42.3,26.4,reject
15,32.67,16.72,21.56,18.7,42.2,26.4,reject
15,32.14,16.65,21.71,18.45,42.6,26.4,reject
15,33.21,16.72,21.8,18.54,42.8,26.4,reject
15,33.21,16.79,21.85,18.63,42.8,26.4,reject
15,33.4,16.93,22.19,19.05,43.0,26.4,reject
15,33.4,17.66,21.83,18.34,42.0,26.4,reject
15,31.97,16.44,21.23,18.94,42.5,26.5,reject
15,31.29,15.9,20.69,18.5,43.1,26.6,reject
15,33.4,17.36,21.66,18.44,42.4,26.4,reject
15,31.63,16.03,21.41,18.95,42.3,26.4,reject
15,32.32,16.51,21.06,18.6,42.3,26.4,reject
15,33.4,17.51,21.67,18.29,42.1,26.4,reject
15,32.67,16.72,21.54,18.67,42.1,26.4,reject
15,32.14,16.51,20.53,18.34,42.8,26.6,reject
15,32.32,16.24,21.01,18.6,42.5,26.4,reject
15,33.4,17.51,21.77,18.44,42.2,26.4,reject
15,33.4,17.73,21.92,18.44,42.1,26.4,reject
15,33.21,16.93,21.53,18.3,42.6,26.4,reject
15,33.4,17.66,21.84,18.44,42.1,26.4,reject
15,33.21,17.58,21.7,18.31,42.1,26.4,reject
15,32.67,16.72,21.65,18.71,42.2,26.4,reject
15,32.49,17.07,21.05,18.64,42.7,26.6,reject
15,32.32,16.44,21.05,18.6,42.4,26.4,reject
15,32.14,16.51,21.42,18.94,42.3,26.4,reject
15,32.32,16.3,21.05,18.58,42.4,26.4,reject
15,31.8,16.1,21.8,19.04,42.1,26.4,reject
15,32.32,15.58,21.29,18.93,43.0,26.4,reject
15,33.4,17.73,22.27,18.83,42.1,26.4,reject
15,33.4,17.58,21.74,18.39,42.1,26.4,reject
15,32.14,16.03,20.45,18.47,42.9,26.5,reject
15,32.14,16.44,20.53,18.34,42.8,26.6,reject
15,33.21,17.66,21.78,18.24,42.1,26.4,reject
15,33.4,17.73,21.82,18.34,42.0,26.4,reject
15,33.4,17.43,21.67,18.43,42.2,26.4,reject
15,32.14,16.44,21.67,18.43,42.3,26.4,reject
15,33.4,17.73,21.91,18.36,42.0,26.4,reject
15,33.4,17.66,21.8,18.24,42.1,26.4,reject
15,32.49,16.65,21.81,18.64,42.8,26.4,reject
15,32.67,16.72,21.67,18.73,42.3,26.4,reject
15,31.29,15.84,20.63,18.44,43.1,26.6,reject
15,33.21,17.29,21.64,18.43,42.4,26.4,reject
15,31.97,16.44,21.68,18.34,42.3,26.4,reject
15,33.4,17.66,21.8,18.45,42.2,26.4,reject
15,32.32,16.72,22.05,18.73,42.1,26.4,reject
15,33.21,17.0,21.54,18.44,42.6,26.4,reject
15,32.32,16.72,21.42,18.87,42.3,26.4,reject
15,32.49,16.65,21.92,18.74,42.9,26.4,reject
15,32.85,16.65,21.75,18.74,42.6,26.4,reject
15,33.4,17.66,21.81,18.44,42.1,26.4,reject
15,32.32,16.17,20.98,18.6,42.5,26.4,reject
15,33.03,16.58,21.93,18.84,42.8,26.4,reject
15,31.29,15.84,20.68,18.44,43.0,26.6,reject
15,31.63,15.58,21.05,18.92,43.1,26.4,reject
15,33.21,16.79,21.46,18.26,42.7,26.4,reject
15,32.32,16.72,20.68,18.34,42.7,26.6,reject
15,32.67,16.72,21.6,18.71,42.2,26.4,reject
15,32.32,16.65,21.0,18.66,42.5,26.5,reject
15,32.67,16.72,21.55,18.69,42.3,26.5,reject
15,32.32,16.51,21.05,18.58,42.3,26.4,reject
15,33.4,17.29,21.58,18.38,42.4,26.4,reject
15,32.67,16.72,21.63,18.71,42.2,26.4,reject
15,31.29,15.84,20.83,18.55,42.8,26.6,reject
15,32.67,16.72,21.67,18.71,42.3,26.4,reject
15,33.21,17.43,21.67,18.42,42.3,26.4,reject
15,33.4,17.88,22.19,18.74,42.1,26.4,reject
15,33.21,16.93,21.44,18.24,42.6,26.4,reject
15,33.03,17.43,22.19,18.73,42.0,26.4,reject
15,32.67,16.86,21.82,18.98,42.1,26.4,reject
15,33.03,16.93,22.1,18.94,42.9,26.4,reject
15,31.8,16.37,21.07,18.74,42.7,26.6,reject
15,32.32,16.79,20.68,18.34,42.7,26.6,reject
15,33.21,17.29,21.55,18.25,42.4,26.5,reject
15,32.14,16.1,20.69,18.54,42.8,26.5,reject
15,31.97,16.44,21.22,18.94,42.5,26.5,reject
15,32.32,16.44,21.05,18.58,42.4,26.4,reject
15,31.97,15.71,20.43,18.53,43.1,26.5,reject
15,32.32,16.1,20.92,18.74,43.5,26.6,reject
15,33.21,16.93,21.53,18.43,42.7,26.4,reject
15,32.14,16.44,21.8,18.54,42.2,26.4,reject
15,33.4,17.58,21.75,18.32,42.1,26.4,reject
15,32.32,16.72,21.8,18.61,42.5,26.4,reject
15,32.67,17.14,22.18,18.73,42.1,26.4,reject
15,32.14,15.58,20.81,18.89,43.3,26.5,reject
15,32.32,15.64,21.04,18.71,42.9,26.4,reject
15,32.14,16.65,21.69,18.4,42.5,26.4,reject
15,33.4,17.43,21.68,18.43,42.2,26.4,reject
15,33.58,17.96,22.17,18.69,42.1,26.4,reject
15,32.85,17.36,22.28,18.84,42.1,26.4,reject
15,32.32,16.1,20.94,18.62,42.6,26.4,reject
15,33.4,17.66,21.8,18.33,42.1,26.4,reject
15,33.21,16.93,22.19,19.04,42.9,26.4,reject
15,32.32,16.65,20.58,18.35,42.7,26.6,reject
15,33.21,17.14,21.54,18.34,42.4,26.4,reject
15,32.32,16.37,21.05,18.6,42.5,26.5,reject
15,33.21,17.29,21.57,18.37,42.3,26.4,reject
15,33.4,16.86,22.21,19.13,43.0,26.4,reject
15,33.21,17.73,22.19,18.71,42.1,26.4,reject
15,33.4,17.43,21.67,18.34,42.2,26.4,reject
15,33.21,16.79,21.55,18.35,42.7,26.4,reject
15,33.21,17.14,21.52,18.24,42.4,26.4,reject
15,32.67,16.72,21.64,18.72,42.2,26.4,reject
15,33.4,17.58,21.79,18.43,42.2,26.4,reject
15,33.4,17.51,21.77,18.35,42.1,26.4,reject
15,32.14,16.58,21.7,18.49,42.4,26.4,reject
15,32.14,16.3,20.79,18.54,42.6,26.5,reject
15,30.96,15.45,20.93,18.75,42.6,26.5,reject
15,32.49,16.72,21.84,18.7,42.8,26.4,reject
15,33.4,17.73,21.93,18.38,42.0,26.4,reject
15,32.14,16.24,20.74,18.53,42.7,26.5,reject
15,32.14,16.3,20.77,18.54,42.7,26.5,reject
15,31.97,15.77,20.44,18.51,43.1,26.5,reject
15,31.97,16.37,21.71,18.44,42.2,26.4,reject
15,32.32,15.64,21.3,18.95,43.0,26.4,reject
15,33.21,17.36,21.64,18.34,42.3,26.4,reject
15,32.32,16.17,20.97,18.6,42.5,26.4,reject
15,33.4,17.51,21.68,18.44,42.3,26.4,reject
15,33.4,17.51,21.75,18.35,42.1,26.4,reject
15,31.97,15.97,20.45,18.47,43.0,26.5,reject
15,33.21,17.43,21.64,18.26,42.2,26.4,reject
15,32.32,16.65,21.15,18.83,42.5,26.5,reject
15,31.97,16.17,20.53,18.46,42.8,26.5,reject
15,32.32,16.72,21.75,18.44,42.5,26.4,reject
15,32.32,16.79,20.69,18.4,42.6,26.5,reject
15,31.63,16.1,21.19,18.95,42.5,26.5,reject
15,31.97,15.71,20.44,18.53,43.1,26.5,reject
15,33.4,17.14,21.54,18.44,42.5,26.4,reject
15,33.4,17.58,21.82,18.44,42.1,26.4,reject
15,33.21,16.58,22.0,18.94,42.9,26.4,reject
15,32.49,16.03,20.7,18.56,43.4,26.6,reject
15,33.4,17.73,21.92,18.47,42.1,26.4,reject
15,31.97,15.77,20.43,18.53,43.1,26.5,reject
15,31.97,16.24,21.8,19.04,42.1,26.4,reject
15,33.03,16.72,21.86,18.7,42.8,26.4,reject
15,33.21,17.43,21.61,18.25,42.2,26.4,reject
15,32.67,16.72,21.65,18.72,42.2,26.4,reject
15,32.32,16.58,20.57,18.33,42.7,26.5,reject
15,33.4,17.66,21.82,18.47,42.2,26.4,reject
15,32.14,16.24,20.71,18.54,42.7,26.5,reject
15,33.58,17.96,22.06,18.63,42.1,26.4,reject
15,32.32,16.65,22.03,18.69,42.2,26.4,reject
15,32.32,16.17,21.01,18.6,42.5,26.4,reject
15,32.14,15.45,20.81,18.73,43.1,26.4,reject
15,32.32,15.64,21.04,18.94,43.2,26.5,reject
15,32.49,16.86,20.69,18.34,42.7,26.6,reject
15,31.97,16.3,20.75,18.53,42.7,26.5,reject
15,32.14,15.9,20.64,18.54,42.9,26.5,reject
15,33.4,17.43,21.67,18.43,42.3,26.4,reject
15,32.49,16.72,21.54,18.69,42.1,26.4,reject
15,32.14,16.24,20.73,18.53,42.7,26.5,reject
15,32.14,15.9,20.63,18.54,42.9,26.5,reject
15,32.14,16.44,21.42,18.94,42.3,26.4,reject
15,33.4,17.96,21.93,18.34,42.1,26.4,reject
15,32.32,16.65,21.8,18.63,42.7,26.4,reject
15,31.63,16.03,21.18,18.95,42.5,26.5,reject
15,32.14,15.58,21.05,18.93,43.2,26.4,reject
15,33.21,17.21,21.54,18.34,42.3,26.4,reject
15,33.4,17.66,21.8,18.44,42.1,26.4,reject
15,32.32,16.24,20.99,18.6,42.5,26.4,reject
15,32.14,15.51,20.93,18.84,43.2,26.5,reject
15,32.14,16.24,20.7,18.54,42.7,26.5,reject
15,32.49,16.58,21.13,18.62,42.4,26.5,reject
15,33.4,17.21,21.54,18.28,42.4,26.4,reject
15,33.4,17.36,21.57,18.25,42.2,26.4,reject
15,32.49,16.17,20.9,18.73,43.5,26.6,reject
15,32.14,15.51,20.8,18.84,43.3,26.5,reject
15,32.67,16.72,21.59,18.71,42.2,26.4,reject
15,32.67,17.07,22.18,18.74,42.1,26.4,reject
15,32.14,15.71,21.04,18.67,42.8,26.4,reject
15,33.21,17.36,21.55,18.27,42.3,26.4,reject
15,31.29,15.84,20.69,18.53,43.2,26.6,reject
15,32.14,16.44,20.46,18.33,42.7,26.5,reject
15,32.32,16.58,20.57,18.34,42.8,26.6,reject
15,33.4,17.29,21.57,18.43,42.4,26.4,reject
15,30.96,15.39,20.83,18.73,42.6,26.5,reject
15,33.21,17.07,21.53,18.34,42.5,26.4,reject
15,32.67,16.93,21.76,18.89,42.1,26.4,reject
15,33.21,16.58,21.9,18.84,42.8,26.4,reject
15,32.85,17.14,22.19,18.83,42.1,26.4,reject
15,33.4,17.58,21.81,18.44,42.1,26.4,reject
15,32.32,16.44,21.05,18.6,42.3,26.4,reject
15,32.85,17.29,22.2,18.79,42.1,26.4,reject
15,33.4,17.81,22.23,18.76,42.1,26.4,reject
15,32.14,16.44,20.81,18.54,42.5,26.5,reject
15,32.32,16.58,20.56,18.33,42.8,26.6,reject
15,32.67,16.72,21.67,18.71,42.4,26.4,reject
15,31.29,15.58,21.05,18.84,43.0,26.4,reject
15,32.14,16.58,20.57,18.34,42.8,26.6,reject
15,32.14,16.51,21.8,18.54,42.3,26.4,reject
15,33.21,17.14,21.53,18.36,42.5,26.4,reject
15,32.14,16.17,20.69,18.53,42.7,26.5,reject
15,32.32,16.86,20.69,18.36,42.6,26.5,reject
15,32.49,16.65,21.87,19.04,42.1,26.4,reject
15,33.4,17.51,21.78,18.43,42.2,26.4,reject
15,33.21,16.58,21.54,18.34,42.8,26.4,reject
15,33.4,17.73,21.87,18.44,42.1,26.4,reject
15,31.97,15.51,20.45,18.54,43.2,26.5,reject
15,31.46,15.51,20.81,18.84,43.3,26.5,reject
15,31.97,15.39,20.57,18.64,43.3,26.5,reject
15,33.21,17.36,21.56,18.34,42.3,26.4,reject
15,32.32,16.37,21.05,18.58,42.4,26.4,reject
15,33.21,17.21,21.52,18.24,42.3,26.4,reject
15,33.03,17.51,22.19,18.69,42.0,26.4,reject
15,33.4,17.58,21.79,18.38,42.1,26.4,reject
15,33.4,17.66,21.79,18.34,42.1,26.4,reject
15,32.49,17.07,21.07,18.71,42.7,26.6,reject
15,33.21,17.36,21.54,18.25,42.2,26.4,reject
15,33.21,17.29,21.54,18.24,42.4,26.5,reject
15,31.12,15.71,20.69,18.44,42.8,26.6,reject
15,31.63,15.9,21.37,18.95,42.4,26.5,reject
15,32.85,16.65,21.71,18.74,42.6,26.4,reject
15,31.12,15.39,20.99,18.73,42.5,26.4,reject
15,33.4,16.79,21.92,18.81,42.9,26.4,reject
15,33.4,17.66,21.92,18.44,42.1,26.4,reject
15,33.4,16.79,22.19,19.05,42.9,26.4,reject
15,32.67,16.72,21.63,18.72,42.2,26.4,reject
15,32.49,16.93,22.14,18.74,42.1,26.4,reject
15,31.46,16.03,20.81,18.63,43.4,26.6,reject
15,33.58,18.04,22.19,18.74,42.1,26.4,reject
15,32.67,16.65,21.81,18.57,42.8,26.4,reject
15,33.4,17.58,21.74,18.33,42.1,26.4,reject
15,31.46,15.71,21.28,18.89,42.5,26.5,reject
15,32.14,16.58,21.88,18.44,42.1,26.4,reject
15,33.21,17.36,21.67,18.39,42.3,26.4,reject
15,32.67,17.21,22.16,18.69,42.0,26.4,reject
15,32.67,17.0,22.17,18.74,42.1,26.4,reject
15,33.4,17.73,21.83,18.34,42.1,26.4,reject
15,33.03,17.58,22.25,18.82,42.1,26.4,reject
15,32.14,16.37,20.46,18.34,42.7,26.5,reject
15,31.29,15.45,20.81,18.84,43.3,26.5,reject
15,33.4,17.58,21.79,18.33,42.1,26.4,reject
15,33.21,17.58,21.71,18.32,42.1,26.4,reject
15,32.32,16.72,21.06,18.74,42.5,26.5,reject
15,32.85,16.65,21.84,18.67,42.8,26.4,reject
15,32.32,16.58,21.8,18.6,42.6,26.4,reject
15,31.97,16.24,20.43,18.34,42.8,26.5,reject
15,32.14,15.58,20.81,18.91,43.3,26.5,reject
15,33.21,17.66,21.8,18.24,42.1,26.4,reject
15,31.8,15.64,21.42,18.99,42.9,26.4,reject
15,33.4,17.96,22.04,18.44,42.0,26.4,reject
15,33.4,17.73,21.92,18.48,42.1,26.4,reject
15,32.14,15.97,20.68,18.54,42.9,26.5,reject
15,33.03,16.79,21.92,18.73,42.9,26.4,reject
15,33.21,17.29,21.55,18.37,42.4,26.4,reject
15,33.21,16.79,21.54,18.45,42.8,26.4,reject
15,31.12,15.77,20.68,18.44,42.9,26.6,reject
15,31.46,16.03,20.81,18.63,43.3,26.6,reject
15,32.67,16.65,21.89,18.74,42.9,26.4,reject
15,32.32,16.03,20.93,18.61,42.6,26.4,reject
15,31.97,15.39,20.65,18.74,43.3,26.5,reject
15,33.4,17.73,22.2,18.74,42.1,26.4,reject
15,33.4,16.72,21.77,18.54,42.8,26.4,reject
15,33.21,17.51,21.67,18.26,42.1,26.4,reject
15,33.21,17.58,21.71,18.19,42.1,26.4,reject
15,32.32,16.72,20.63,18.34,42.7,26.6,reject
15,32.32,16.65,21.78,18.54,42.5,26.4,reject
15,31.12,15.51,20.93,18.74,42.8,26.4,reject
15,33.21,17.14,21.55,18.42,42.5,26.4,reject
15,31.63,16.37,21.09,18.75,42.7,26.6,reject
15,32.67,16.72,21.54,18.67,42.2,26.5,reject
15,33.4,17.51,21.69,18.43,42.2,26.4,reject
15,32.32,16.58,21.42,18.93,42.3,26.4,reject
15,33.21,16.93,21.54,18.4,42.6,26.4,reject
15,32.85,16.72,21.67,18.72,42.3,26.4,reject
15,33.4,16.79,21.92,18.76,42.9,26.4,reject
15,32.49,16.86,22.06,18.54,42.1,26.4,reject
15,31.97,16.24,21.42,18.94,42.3,26.4,reject
15,33.4,17.73,21.9,18.35,42.0,26.4,reject
15,32.67,16.72,21.66,18.7,42.3,26.4,reject
15,32.67,16.72,21.55,18.69,42.2,26.4,reject
15,32.14,16.58,21.17,18.84,42.5,26.5,reject
15,31.63,15.9,20.8,18.62,43.4,26.6,reject
15,33.4,17.66,21.8,18.41,42.1,26.4,reject
15,33.4,17.73,21.93,18.48,42.1,26.4,reject
15,33.21,17.36,21.67,18.43,42.3,26.4,reject
15,32.67,16.17,20.91,18.73,43.5,26.6,reject
15,31.97,15.84,20.44,18.5,43.0,26.5,reject
15,33.21,17.36,21.66,18.42,42.3,26.4,reject
15,33.4,16.79,21.91,18.73,42.9,26.4,reject
15,32.67,16.72,21.55,18.67,42.2,26.4,reject
15,32.67,16.72,21.65,18.72,42.3,26.4,reject
15,33.21,17.66,21.77,18.21,42.1,26.4,reject
15,33.03,17.58,22.19,18.62,42.0,26.4,reject
15,33.58,17.96,22.06,18.54,42.0,26.4,reject
15,31.29,15.51,21.42,18.84,42.2,26.4,reject
15,33.21,17.66,21.8,18.43,42.1,26.4,reject
15,33.21,17.58,21.71,18.18,42.1,26.4,reject
15,33.21,17.51,21.67,18.35,42.2,26.4,reject
15,32.32,16.65,20.57,18.33,42.7,26.5,reject
15,33.21,17.07,21.54,18.35,42.5,26.4,reject
15,33.03,17.51,22.18,18.66,42.0,26.4,reject
15,33.4,17.51,21.68,18.41,42.2,26.4,reject
15,32.32,15.58,21.08,18.74,42.9,26.4,reject
15,33.21,16.79,21.52,18.35,42.7,26.4,reject
15,33.21,17.51,21.67,18.33,42.1,26.4,reject
15,33.4,17.66,21.81,18.34,42.0,26.4,reject
15,31.29,15.45,21.29,18.73,42.4,26.4,reject
15,32.14,16.37,20.45,18.34,42.8,26.6,reject
15,32.14,15.58,21.0,18.89,43.2,26.5,reject
15,33.21,16.93,21.46,18.34,42.6,26.5,reject
15,30.96,15.45,20.7,18.7,43.0,26.5,reject
15,32.32,16.1,20.95,18.62,42.6,26.4,reject
15,32.14,16.44,21.82,19.04,42.1,26.4,reject
15,33.21,17.58,21.8,18.34,42.1,26.4,reject
15,32.14,16.44,21.77,18.54,42.3,26.4,reject
15,31.97,16.03,20.45,18.46,42.9,26.5,reject
15,33.4,17.21,21.55,18.44,42.5,26.4,reject
15,32.32,16.65,20.59,18.34,42.7,26.5,reject
15,31.97,15.39,20.57,18.71,43.3,26.5,reject
15,33.4,17.51,21.67,18.33,42.2,26.4,reject
15,32.32,15.71,21.42,19.04,43.0,26.4,reject
15,32.32,16.37,21.05,18.61,42.4,26.4,reject
15,31.29,15.58,21.05,18.85,43.0,26.4,reject
15,33.4,17.36,21.55,18.34,42.3,26.4,reject
15,31.97,16.1,20.46,18.47,42.9,26.5,reject
15,33.4,17.58,21.75,18.34,42.1,26.4,reject
15,33.4,17.43,21.66,18.34,42.2,26.4,reject
15,33.4,17.29,21.59,18.42,42.4,26.4,reject
15,33.21,16.79,21.81,18.63,42.8,26.4,reject
15,32.32,16.1,20.94,18.61,42.6,26.4,reject
15,32.32,15.64,21.05,18.73,42.9,26.4,reject
15,33.4,17.36,21.63,18.36,42.3,26.4,reject
15,31.97,15.84,20.63,18.54,43.0,26.5,reject
15,33.4,17.66,21.83,18.44,42.1,26.4,reject
15,33.4,17.81,21.92,18.46,42.1,26.4,reject
15,31.97,16.17,20.69,18.54,42.8,26.5,reject
15,33.58,17.81,22.01,18.54,42.1,26.4,reject
15,30.96,15.39,20.88,18.64,42.7,26.4,reject
15,33.58,17.96,22.15,18.65,42.1,26.4,reject
15,33.4,17.51,21.67,18.3,42.2,26.4,reject
15,32.49,16.65,21.87,18.73,42.8,26.4,reject
15,31.97,16.17,20.46,18.47,42.8,26.5,reject
15,33.4,17.66,21.82,18.48,42.1,26.4,reject
15,31.97,16.17,20.45,18.34,42.8,26.5,reject
15,32.67,16.72,21.65,18.7,42.3,26.4,reject
15,33.03,16.65,21.8,18.55,42.8,26.4,reject
15,33.4,17.58,21.78,18.33,42.1,26.4,reject
15,33.4,17.96,22.07,18.54,42.0,26.4,reject
15,33.21,17.07,21.47,18.24,42.4,26.4,reject
15,33.21,16.58,22.06,18.94,42.9,26.4,reject
15,32.14,16.37,21.68,18.5,42.4,26.4,reject
15,32.67,17.0,22.19,18.78,42.1,26.4,reject
15,32.49,16.93,20.8,18.43,42.7,26.6,reject
15,32.14,16.37,20.46,18.32,42.7,26.5,reject
15,30.96,15.32,20.74,18.64,42.7,26.5,reject
15,31.97,15.45,20.45,18.57,43.3,26.5,reject
15,33.21,17.36,21.55,18.25,42.2,26.4,reject
15,32.14,15.45,20.83,18.75,43.1,26.4,reject
15,32.32,16.72,20.64,18.34,42.7,26.6,reject
15,33.21,17.81,22.19,18.55,42.0,26.4,reject
15,31.97,16.3,21.42,18.94,42.3,26.4,reject
15,32.32,16.65,21.77,18.54,42.7,26.4,reject
15,32.32,16.72,21.05,18.73,42.5,26.5,reject
15,33.03,16.65,21.92,18.74,42.9,26.4,reject
15,32.14,16.03,20.69,18.54,42.8,26.5,reject
15,33.4,17.43,21.67,18.37,42.2,26.4,reject
15,32.85,16.72,21.68,18.74,42.6,26.4,reject
15,33.4,17.66,21.79,18.24,42.1,26.4,reject
15,31.97,15.9,20.44,18.49,43.0,26.5,reject
15,31.46,15.9,20.72,18.54,43.2,26.6,reject
15,33.4,17.81,21.86,18.28,42.1,26.4,reject
15,33.4,17.81,22.19,18.73,42.1,26.4,reject
15,33.21,17.66,22.18,18.66,42.0,26.4,reject
15,32.32,16.51,21.08,18.6,42.3,26.4,reject
15,32.67,16.72,21.83,18.59,42.8,26.4,reject
15,31.12,15.45,20.78,18.74,43.1,26.5,reject
15,32.67,16.72,21.61,18.69,42.2,26.4,reject
15,31.12,15.45,20.8,18.81,43.2,26.5,reject
15,32.32,16.72,20.67,18.34,42.7,26.6,reject
15,33.4,17.51,21.77,18.37,42.1,26.4,reject
15,33.4,17.58,21.76,18.31,42.1,26.4,reject
15,32.32,16.51,21.85,19.04,42.1,26.4,reject
15,31.97,15.9,20.44,18.47,43.0,26.5,reject
15,31.97,15.9,20.45,18.47,43.0,26.5,reject
15,32.85,16.65,21.69,18.73,42.6,26.4,reject
15,33.21,17.58,21.76,18.22,42.1,26.4,reject
15,32.32,16.58,21.84,19.04,42.1,26.4,reject
15,33.4,17.66,21.82,18.34,42.1,26.4,reject
15,32.14,16.44,21.8,18.54,42.3,26.4,reject
15,33.03,16.58,21.8,18.76,42.8,26.4,reject
15,32.14,16.51,20.84,18.54,42.5,26.5,reject
15,32.67,16.72,21.63,18.71,42.3,26.4,reject
15,33.4,16.65,21.75,18.61,42.8,26.4,reject
15,30.96,15.39,20.68,18.63,42.9,26.5,reject
15,33.21,17.36,21.55,18.34,42.3,26.4,reject
15,32.14,16.44,21.67,18.46,42.4,26.4,reject
15,31.8,15.64,21.42,18.98,42.9,26.4,reject
15,33.4,16.72,21.81,18.73,42.9,26.4,reject
15,33.21,17.14,21.54,18.24,42.4,26.4,reject
15,30.96,15.39,20.93,18.66,42.5,26.4,reject
15,32.85,16.65,21.71,18.73,42.6,26.4,reject
15,33.4,17.43,21.63,18.31,42.2,26.4,reject
15,33.4,17.73,21.92,18.52,42.1,26.4,reject
15,32.49,16.1,20.85,18.71,43.5,26.6,reject
15,31.97,15.71,20.67,18.56,43.1,26.5,reject
15,32.14,15.64,21.41,19.03,43.0,26.4,reject
15,31.46,15.97,20.93,18.61,42.7,26.6,reject
15,32.14,16.51,21.68,18.44,42.3,26.4,reject
15,33.4,16.72,21.8,18.56,42.8,26.4,reject
15,32.67,16.93,21.68,18.84,42.1,26.4,reject
15,31.97,15.71,20.66,18.54,42.9,26.4,reject
15,31.12,15.51,20.99,18.82,42.9,26.4,reject
15,32.32,16.44,21.05,18.59,42.4,26.5,reject
15,33.4,16.58,21.64,18.43,42.8,26.4,reject
15,31.97,16.3,21.25,18.94,42.5,26.5,reject
15,33.58,17.81,21.99,18.54,42.1,26.4,reject
15,32.85,17.21,22.13,18.62,42.0,26.4,reject
15,32.49,16.79,21.85,19.03,42.1,26.4,reject
15,31.46,15.58,21.29,18.77,42.5,26.4,reject
15,32.32,16.3,21.04,18.6,42.4,26.4,reject
15,32.32,16.65,21.8,18.64,42.8,26.4,reject
15,33.21,17.21,21.54,18.24,42.3,26.4,reject
15,32.32,16.79,21.07,18.71,42.7,26.6,reject
15,33.4,17.58,21.7,18.43,42.2,26.4,reject
15,32.49,16.79,21.29,18.76,42.3,26.4,reject
15,32.32,16.79,20.69,18.39,42.6,26.5,reject
15,32.32,16.65,21.79,18.62,42.8,26.5,reject
15,33.4,17.66,21.91,18.44,42.1,26.4,reject
16,32.32,17.0,20.71,17.47,43.0,26.6,reject
16,32.32,16.86,20.58,17.45,43.1,26.6,reject
16,32.49,16.93,20.57,17.68,43.0,26.6,reject
16,32.49,17.0,20.81,17.4,43.2,26.6,reject
16,32.14,16.44,20.93,18.63,42.9,26.6,reject
16,31.12,15.39,20.57,18.74,43.5,26.6,reject
16,31.97,16.03,20.45,18.48,43.0,26.6,reject
16,32.32,16.79,20.45,17.68,43.0,26.6,reject
16,31.8,15.45,20.43,18.54,43.4,26.6,reject
16,32.49,16.65,21.05,18.64,43.1,26.6,reject
16,31.12,15.45,20.8,18.81,43.3,26.6,reject
16,32.14,16.44,20.93,18.62,42.8,26.6,reject
16,31.63,16.17,20.8,18.63,42.8,26.6,reject
16,32.67,17.21,21.04,18.43,42.8,26.6,reject
16,31.8,16.03,20.13,18.19,43.1,26.6,reject
16,32.32,16.03,20.53,18.21,43.7,26.6,reject
16,31.97,15.84,20.37,18.5,43.2,26.6,reject
16,31.63,15.45,20.45,18.57,43.6,26.6,reject
16,31.97,16.51,20.73,18.54,42.8,26.6,reject
16,31.97,16.1,20.92,17.68,43.8,26.6,reject
16,31.29,15.77,21.16,18.94,42.8,26.6,reject
16,32.49,16.93,20.58,17.68,42.9,26.6,reject
16,32.32,17.07,21.17,17.68,42.9,26.6,reject
16,30.96,15.45,20.75,18.75,43.2,26.6,reject
16,31.46,16.17,20.93,17.52,43.5,26.6,reject
16,31.8,15.32,20.49,18.64,43.5,26.6,reject
16,32.85,17.29,21.07,18.46,42.7,26.6,reject
16,31.97,16.17,20.54,18.5,42.9,26.6,reject
16,31.8,15.97,20.11,18.18,43.1,26.6,reject
16,31.46,15.45,20.81,18.89,43.5,26.6,reject
16,30.8,15.39,20.53,18.69,43.4,26.6,reject
16,31.97,16.17,20.56,18.48,42.9,26.6,reject
16,31.29,15.97,20.86,17.59,43.1,26.6,reject
16,31.97,16.17,20.22,18.19,43.0,26.6,reject
16,32.67,17.07,20.94,18.34,42.8,26.6,reject
16,31.46,16.1,21.05,18.15,43.5,26.6,reject
16,32.49,17.0,20.81,17.44,43.1,26.6,reject
16,31.29,15.9,20.69,17.73,43.1,26.6,reject
16,32.49,16.93,20.57,17.69,43.0,26.6,reject
16,32.49,17.14,20.93,17.4,43.1,26.6,reject
16,31.97,16.03,20.45,18.48,43.1,26.6,reject
16,31.46,16.1,21.05,18.55,42.8,26.6,reject
16,32.67,17.14,21.03,18.38,42.7,26.6,reject
16,32.32,16.79,20.57,17.49,43.1,26.6,reject
16,31.8,15.39,20.22,18.44,43.5,26.6,reject
16,32.32,16.24,20.62,17.49,43.7,26.6,reject
16,31.12,15.77,20.53,18.23,42.9,26.6,reject
16,32.32,15.84,20.34,18.05,43.6,26.6,reject
16,31.97,16.24,20.37,18.33,42.9,26.6,reject
16,31.97,16.17,20.48,18.46,42.9,26.6,reject
16,31.46,16.17,21.04,18.11,43.5,26.6,reject
16,31.8,15.97,20.12,18.18,43.1,26.6,reject
16,32.49,16.72,20.68,17.42,43.4,26.6,reject
16,32.14,16.44,20.93,18.63,42.8,26.6,reject
16,31.97,16.24,20.57,18.47,42.8,26.6,reject
16,31.29,15.77,20.7,18.63,42.8,26.6,reject
16,31.12,15.58,21.05,18.88,42.8,26.6,reject
16,31.63,15.51,20.1,18.24,43.4,26.6,reject
16,32.14,15.77,20.69,17.87,43.7,26.6,reject
16,30.96,15.45,20.8,18.82,43.4,26.6,reject
16,31.97,16.1,20.34,18.34,43.0,26.6,reject
16,31.97,16.44,21.2,18.94,42.8,26.6,reject
16,32.14,16.44,20.93,18.64,42.9,26.6,reject
16,32.32,16.72,20.44,17.68,43.0,26.6,reject
16,32.32,17.0,20.69,17.47,43.0,26.6,reject
16,31.29,15.84,20.34,18.08,43.4,26.6,reject
16,32.32,16.44,20.23,17.76,43.3,26.6,reject
16,32.32,16.51,20.57,17.41,43.5,26.6,reject
16,31.97,16.17,20.47,18.45,42.9,26.6,reject
16,32.49,16.79,20.69,18.34,43.0,26.6,reject
16,31.46,16.17,21.01,18.07,43.5,26.6,reject
16,32.67,17.07,20.93,18.34,42.8,26.6,reject
16,31.97,16.58,20.69,18.53,42.8,26.6,reject
16,32.49,16.93,20.8,18.34,42.9,26.6,reject
16,31.8,16.1,20.22,18.16,43.0,26.6,reject
16,31.8,16.1,20.22,18.14,42.9,26.6,reject
16,31.29,15.45,20.81,18.86,43.4,26.6,reject
16,32.67,17.14,20.95,18.43,42.8,26.6,reject
16,31.8,15.71,20.35,18.53,43.3,26.6,reject
16,31.8,15.71,20.21,18.37,43.3,26.6,reject
16,30.96,15.39,20.9,18.76,42.9,26.6,reject
16,31.8,16.44,21.28,17.68,43.1,26.6,reject
16,32.49,17.29,21.05,17.64,42.9,26.6,reject
16,31.97,16.17,20.35,18.34,42.9,26.6,reject
16,31.63,15.39,20.57,18.77,43.6,26.6,reject
16,31.97,15.84,20.34,17.58,43.6,26.6,reject
16,30.96,15.39,20.42,18.44,43.3,26.6,reject
16,32.32,16.86,20.58,17.44,43.1,26.6,reject
16,31.8,15.32,20.23,18.42,43.5,26.6,reject
16,32.32,16.17,20.92,17.68,43.8,26.6,reject
16,32.32,16.1,20.57,18.24,43.7,26.6,reject
16,31.8,15.9,20.11,18.24,43.2,26.6,reject
16,31.29,15.84,20.36,18.15,43.3,26.6,reject
16,31.8,16.1,20.22,18.2,43.0,26.6,reject
16,30.96,15.39,20.48,18.65,43.4,26.6,reject
16,31.8,15.84,20.36,18.5,43.2,26.6,reject
16,31.8,16.03,20.26,18.34,43.0,26.6,reject
16,31.8,16.17,21.05,17.68,43.8,26.6,reject
16,32.49,17.07,20.81,17.43,43.0,26.6,reject
16,32.49,17.07,20.93,17.4,43.1,26.6,reject
16,32.32,16.79,20.46,17.68,43.0,26.6,reject
16,32.32,16.86,20.52,17.74,43.0,26.6,reject
16,30.96,15.39,20.41,18.44,43.3,26.6,reject
16,32.32,16.1,20.72,17.59,43.8,26.6,reject
16,31.63,16.17,21.04,17.66,43.7,26.6,reject
16,31.8,16.24,21.19,18.94,42.8,26.6,reject
16,32.49,16.72,20.68,18.34,43.0,26.6,reject
16,32.32,16.37,20.57,17.46,43.6,26.6,reject
16,31.97,16.17,20.23,18.16,42.9,26.6,reject
16,31.97,15.64,20.35,18.53,43.3,26.6,reject
16,32.14,16.65,20.45,17.47,43.2,26.6,reject
16,32.67,17.0,20.82,18.34,42.8,26.6,reject
16,31.46,16.17,20.95,17.62,43.6,26.6,reject
16,32.67,17.07,20.89,18.35,42.8,26.6,reject
16,32.14,16.24,20.34,17.49,43.4,26.6,reject
16,32.49,16.93,20.74,18.34,42.9,26.6,reject
16,31.29,15.39,20.57,18.75,43.5,26.6,reject
16,31.8,15.39,20.22,18.44,43.4,26.6,reject
16,32.49,17.07,21.32,18.72,42.7,26.6,reject
16,31.8,16.51,21.15,17.68,42.9,26.6,reject
16,31.8,15.9,20.46,18.15,43.6,26.6,reject
16,32.32,16.93,20.69,17.49,43.0,26.6,reject
16,32.49,16.24,20.92,17.68,43.8,26.6,reject
16,31.8,15.9,20.22,18.34,43.1,26.6,reject
16,32.14,16.51,20.23,17.96,42.9,26.6,reject
16,30.96,15.45,20.79,18.78,43.3,26.6,reject
16,31.97,16.17,20.34,18.34,42.9,26.6,reject
16,32.32,16.51,20.28,17.77,43.2,26.6,reject
16,30.96,15.39,20.56,18.67,43.3,26.6,reject
16,31.46,15.97,20.9,18.44,43.0,26.6,reject
16,32.49,16.17,20.57,18.44,43.4,26.6,reject
16,30.96,15.64,20.31,18.05,43.1,26.6,reject
16,32.32,16.79,20.45,18.06,42.8,26.6,reject
16,31.63,15.71,20.86,17.99,43.7,26.6,reject
16,32.49,17.0,20.65,17.68,42.9,26.6,reject
16,32.14,16.51,20.69,18.54,42.8,26.6,reject
16,31.97,16.24,20.4,18.33,42.9,26.6,reject
16,31.29,16.1,20.8,17.54,43.4,26.6,reject
16,31.8,16.58,21.29,17.68,43.0,26.6,reject
16,31.8,16.1,20.34,18.34,43.0,26.6,reject
16,31.12,15.9,20.69,17.5,43.2,26.6,reject
16,32.32,16.72,20.62,17.4,43.4,26.6,reject
16,31.46,16.03,20.91,18.83,42.8,26.6,reject
16,31.97,15.97,20.51,18.22,43.7,26.6,reject
16,31.46,16.17,21.08,17.59,43.1,26.6,reject
16,32.49,17.07,20.81,17.41,43.0,26.6,reject
16,32.49,16.37,20.78,18.44,43.4,26.6,reject
16,31.29,16.1,20.81,17.58,43.4,26.6,reject
16,31.97,15.97,20.45,18.48,43.1,26.6,reject
16,32.67,16.17,21.0,18.64,43.5,26.6,reject
16,31.8,15.77,20.11,18.24,43.2,26.6,reject
16,32.67,17.36,21.29,17.65,43.0,26.6,reject
16,31.97,16.24,20.44,18.31,42.8,26.6,reject
16,31.97,16.3,20.45,18.28,42.8,26.6,reject
16,31.97,16.24,20.36,18.34,42.9,26.6,reject
16,32.49,16.86,20.69,17.4,43.3,26.6,reject
16,32.32,16.65,20.34,17.68,43.1,26.6,reject
16,32.32,16.86,20.59,17.41,43.1,26.6,reject
16,32.49,17.07,20.85,17.41,43.1,26.6,reject
16,32.49,16.93,20.79,17.4,43.2,26.6,reject
16,32.32,16.72,20.56,17.42,43.2,26.6,reject
16,32.32,17.0,21.07,17.95,42.9,26.6,reject
16,31.97,16.17,20.52,18.49,42.9,26.6,reject
16,32.67,17.29,21.05,17.45,43.0,26.6,reject
16,31.46,15.97,20.93,18.53,42.9,26.6,reject
16,32.32,16.93,20.69,17.45,43.1,26.6,reject
16,31.97,16.58,21.15,17.68,42.9,26.6,reject
16,32.49,16.51,20.57,18.34,43.2,26.6,reject
16,32.67,17.07,20.94,18.35,42.8,26.6,reject
16,32.32,17.0,21.41,18.75,42.7,26.6,reject
16,31.8,16.03,20.15,18.17,43.1,26.6,reject
16,30.63,15.2,20.3,18.33,43.0,26.6,reject
16,32.32,16.44,20.24,17.8,43.3,26.6,reject
16,32.32,16.3,20.23,17.84,43.4,26.6,reject
16,32.49,16.86,20.69,18.32,42.9,26.6,reject
16,32.67,16.3,21.11,18.74,43.5,26.6,reject
16,31.97,15.97,20.43,18.49,43.1,26.6,reject
16,32.32,16.51,21.03,18.64,43.0,26.6,reject
16,32.49,16.1,20.57,18.44,43.4,26.6,reject
16,31.97,16.24,20.57,18.46,42.8,26.6,reject
16,32.49,17.07,20.69,17.68,42.9,26.6,reject
16,31.63,16.24,21.03,18.62,43.2,26.6,reject
16,31.29,15.84,20.74,18.62,42.8,26.6,reject
16,31.8,16.24,20.3,18.17,42.9,26.6,reject
16,32.67,16.93,20.81,18.34,42.8,26.6,reject
16,32.14,16.58,20.68,18.44,42.8,26.6,reject
16,31.8,16.1,20.22,18.19,43.0,26.6,reject
16,32.49,17.07,20.81,17.4,43.1,26.6,reject
16,32.32,16.86,20.64,17.44,43.1,26.6,reject
16,32.32,16.72,20.39,17.68,43.1,26.6,reject
16,32.85,17.36,21.28,18.63,42.7,26.6,reject
16,32.14,16.44,20.35,17.49,43.4,26.6,reject
16,31.97,16.3,20.12,17.96,42.9,26.6,reject
16,32.14,16.58,20.26,17.95,42.8,26.6,reject
16,32.49,16.72,20.69,18.34,43.0,26.6,reject
16,31.97,16.03,20.29,18.34,43.0,26.6,reject
16,32.32,17.07,20.81,17.42,43.0,26.6,reject
16,31.97,16.17,20.22,18.21,43.0,26.6,reject
16,32.14,16.17,20.92,17.68,43.8,26.6,reject
16,31.8,16.1,20.89,17.66,43.7,26.6,reject
16,31.97,16.1,20.45,18.46,43.0,26.6,reject
16,32.49,17.0,20.72,17.44,43.0,26.6,reject
16,31.97,16.3,20.45,18.25,42.8,26.6,reject
16,30.63,15.2,20.44,18.53,43.1,26.6,reject
16,31.97,15.32,20.68,18.8,43.5,26.6,reject
16,31.8,16.1,20.33,18.34,43.0,26.6,reject
16,31.46,16.1,21.04,18.14,43.5,26.6,reject
16,31.8,15.71,20.2,18.4,43.3,26.6,reject
16,31.97,15.39,20.34,18.53,43.6,26.6,reject
16,31.8,15.39,20.12,18.32,43.5,26.6,reject
16,31.97,16.3,20.45,18.26,42.8,26.6,reject
16,31.97,16.3,20.45,18.29,42.8,26.6,reject
16,31.97,16.72,21.3,17.68,43.0,26.6,reject
16,31.97,16.44,20.49,18.34,42.8,26.6,reject
16,32.67,16.72,20.92,18.54,43.3,26.6,reject
16,30.63,15.26,20.44,18.4,42.9,26.6,reject
16,31.97,16.3,20.45,18.27,42.8,26.6,reject
16,31.97,16.24,20.57,18.45,42.8,26.6,reject
16,32.32,16.24,20.28,17.95,43.4,26.6,reject
16,32.32,17.0,20.8,17.41,43.0,26.6,reject
16,31.63,16.17,20.93,18.82,42.8,26.6,reject
16,31.8,15.84,20.22,18.34,43.2,26.6,reject
16,32.14,16.58,20.29,17.96,42.8,26.6,reject
16,32.32,16.79,20.45,17.66,43.0,26.6,reject
16,32.49,16.37,20.57,18.4,43.3,26.6,reject
16,32.49,17.0,20.83,18.34,42.8,26.6,reject
16,30.63,15.14,20.4,18.53,43.1,26.6,reject
16,32.49,16.93,20.77,17.4,43.2,26.6,reject
16,32.14,16.51,20.57,18.37,42.8,26.6,reject
16,32.49,17.14,20.91,17.41,43.1,26.6,reject
16,32.49,16.51,20.57,18.31,43.1,26.6,reject
16,31.97,16.3,20.57,18.44,42.8,26.6,reject
16,30.96,15.58,20.23,17.96,43.1,26.6,reject
16,32.14,16.51,21.0,18.63,43.0,26.6,reject
16,31.8,15.26,20.34,18.62,43.5,26.6,reject
16,31.8,15.97,20.22,18.34,43.1,26.6,reject
16,31.8,16.1,20.22,18.18,43.0,26.6,reject
16,31.97,16.3,20.57,18.46,42.8,26.6,reject
16,32.32,16.65,21.05,18.64,43.1,26.6,reject
16,32.49,16.93,20.8,18.34,42.8,26.6,reject
16,32.32,16.51,20.99,18.63,43.0,26.6,reject
16,32.14,16.86,21.05,17.95,42.9,26.6,reject
16,30.63,15.2,20.47,18.55,42.9,26.6,reject
16,32.32,17.07,21.31,17.68,43.0,26.6,reject
16,32.49,17.07,20.81,17.44,43.0,26.6,reject
16,32.14,16.51,20.94,18.63,42.9,26.6,reject
16,31.29,15.9,20.81,17.58,43.1,26.6,reject
16,31.29,16.03,20.73,17.5,43.3,26.6,reject
16,32.32,17.0,20.8,17.44,43.0,26.6,reject
16,31.8,15.32,20.22,18.36,43.5,26.6,reject
16,31.8,15.71,20.34,18.53,43.3,26.6,reject
16,32.32,16.72,20.56,17.47,43.2,26.6,reject
16,31.8,15.32,20.2,18.34,43.5,26.6,reject
16,32.49,17.14,20.93,17.41,43.1,26.6,reject
16,31.63,16.3,21.17,17.68,43.1,26.6,reject
16,32.49,17.0,20.81,17.44,43.2,26.6,reject
16,30.8,15.26,20.42,18.53,43.1,26.6,reject
16,30.63,15.2,20.34,18.34,43.0,26.6,reject
16,32.14,16.51,21.0,18.64,43.0,26.6,reject
16,32.67,16.79,20.94,18.61,43.2,26.6,reject
16,32.49,16.79,20.69,17.42,43.4,26.6,reject
16,32.32,16.79,20.57,17.46,43.1,26.6,reject
16,31.8,16.1,20.22,18.21,43.0,26.6,reject
16,31.8,15.71,20.11,18.24,43.3,26.6,reject
16,32.49,17.0,20.68,17.67,42.9,26.6,reject
16,32.32,17.0,20.6,18.24,42.8,26.6,reject
16,31.97,16.58,21.34,18.76,42.7,26.6,reject
16,30.96,15.51,20.36,18.43,43.2,26.6,reject
16,32.32,16.93,20.69,17.49,43.1,26.6,reject
16,32.32,17.0,21.31,17.68,43.0,26.6,reject
16,32.32,16.72,20.38,17.68,43.1,26.6,reject
16,31.97,16.1,20.33,17.5,43.4,26.6,reject
16,31.46,16.17,20.97,17.66,43.0,26.6,reject
16,32.49,17.0,20.81,17.41,43.2,26.6,reject
16,32.49,17.0,20.8,17.41,43.0,26.6,reject
16,32.32,16.93,20.68,17.46,43.1,26.6,reject
16,32.67,17.0,20.9,18.34,42.8,26.6,reject
16,32.14,16.37,20.23,17.77,43.3,26.6,reject
16,31.46,16.24,21.05,18.05,43.4,26.6,reject
16,32.67,16.79,21.04,18.64,43.2,26.6,reject
16,32.32,15.97,20.45,18.12,43.6,26.6,reject
16,32.49,16.65,20.6,18.33,43.0,26.6,reject
16,32.49,17.0,20.81,17.45,43.2,26.6,reject
16,31.46,16.17,20.93,18.54,43.1,26.6,reject
16,32.14,16.65,20.46,17.44,43.2,26.6,reject
16,32.32,17.07,20.81,17.41,43.0,26.6,reject
16,31.8,15.97,20.23,18.34,43.1,26.6,reject
16,31.97,16.51,20.68,18.28,42.8,26.6,reject
16,31.97,16.17,21.05,18.67,43.4,26.6,reject
16,32.67,17.14,20.96,18.41,42.8,26.6,reject
16,30.96,15.39,20.46,18.62,43.2,26.6,reject
16,31.46,15.84,21.16,18.95,42.8,26.6,reject
16,31.46,15.45,20.81,18.9,43.5,26.6,reject
16,32.32,16.58,20.57,17.41,43.5,26.6,reject
16,32.67,17.0,20.81,18.34,42.9,26.6,reject
16,31.97,15.97,20.34,17.5,43.5,26.6,reject
16,31.63,16.1,20.8,18.63,42.8,26.6,reject
16,32.49,16.93,20.57,17.68,42.9,26.6,reject
16,32.32,16.1,20.22,17.87,43.5,26.6,reject
16,31.97,16.1,20.33,18.34,43.0,26.6,reject
16,32.32,16.86,20.53,17.68,43.0,26.6,reject
16,32.67,16.79,20.99,18.63,43.2,26.6,reject
16,32.32,16.79,20.46,17.67,43.0,26.6,reject
16,32.32,16.65,20.34,17.68,43.2,26.6,reject
16,32.14,16.51,20.92,18.63,42.8,26.6,reject
16,32.14,16.58,20.45,17.45,43.3,26.6,reject
16,32.67,17.07,20.93,18.36,42.8,26.6,reject
16,32.14,16.86,21.3,17.68,43.0,26.6,reject
16,31.12,15.64,20.81,18.83,42.8,26.6,reject
16,30.96,15.39,20.7,18.73,43.2,26.6,reject
16,32.32,16.93,21.42,18.8,42.7,26.6,reject
16,32.32,16.86,20.56,17.67,43.0,26.6,reject
16,32.49,17.0,21.39,18.74,42.7,26.6,reject
16,31.97,15.45,20.81,18.93,43.6,26.6,reject
16,31.63,16.3,20.96,17.96,42.9,26.6,reject
16,32.67,17.14,20.94,18.43,42.8,26.6,reject
16,31.97,16.1,20.45,18.46,42.9,26.6,reject
16,32.32,16.44,20.57,17.41,43.6,26.6,reject
16,31.8,16.44,20.68,18.28,42.8,26.6,reject
16,32.49,17.14,20.97,17.41,43.1,26.6,reject
16,31.46,15.9,20.78,18.63,42.8,26.6,reject
16,31.12,15.77,20.34,18.06,43.4,26.6,reject
16,32.49,16.79,20.7,18.34,42.9,26.6,reject
16,32.49,17.07,20.84,17.42,43.1,26.6,reject
16,31.12,15.39,20.45,18.54,43.4,26.6,reject
16,32.14,16.79,21.3,17.68,43.0,26.6,reject
16,32.49,17.07,20.92,17.41,43.1,26.6,reject
16,32.32,16.51,21.0,18.64,43.0,26.6,reject
16,31.97,16.17,20.47,18.46,42.9,26.6,reject
16,32.32,16.93,20.69,17.44,43.0,26.6,reject
16,32.49,16.93,20.6,17.67,42.9,26.6,reject
16,31.97,16.3,20.57,18.45,42.8,26.6,reject
16,32.14,16.65,20.32,17.95,42.8,26.6,reject
16,31.46,15.97,20.6,18.28,42.8,26.6,reject
16,32.14,16.51,20.4,17.49,43.3,26.6,reject
16,31.29,15.97,20.83,17.49,43.4,26.6,reject
16,32.67,17.14,20.93,17.4,43.1,26.6,reject
16,31.97,16.17,20.22,18.2,43.0,26.6,reject
16,32.32,16.79,20.57,17.49,43.2,26.6,reject
16,32.49,16.65,20.6,17.4,43.4,26.6,reject
16,31.8,16.1,20.91,17.68,43.7,26.6,reject
16,31.8,15.71,20.1,18.24,43.3,26.6,reject
16,31.46,16.3,21.0,18.02,43.4,26.6,reject
16,32.14,16.58,20.44,17.49,43.3,26.6,reject
16,31.97,15.71,20.35,18.52,43.2,26.6,reject
16,32.32,16.72,20.55,17.44,43.2,26.6,reject
16,32.32,16.44,20.55,18.34,43.2,26.6,reject
16,32.49,17.07,20.93,18.34,42.8,26.6,reject
16,32.49,17.36,21.05,17.61,42.9,26.6,reject
16,31.97,16.24,20.41,18.31,42.8,26.6,reject
16,32.49,16.44,20.57,18.33,43.1,26.6,reject
16,32.49,16.93,20.81,18.36,42.9,26.6,reject
16,32.14,16.1,20.92,17.68,43.8,26.6,reject
16,31.97,16.1,20.46,18.47,42.9,26.6,reject
16,31.63,16.17,21.19,18.94,42.8,26.6,reject
16,32.67,16.37,21.17,18.79,43.5,26.6,reject
16,31.97,15.32,20.33,18.44,43.6,26.6,reject
16,32.14,16.1,20.32,17.5,43.5,26.6,reject
16,31.97,16.1,20.45,18.48,43.0,26.6,reject
16,31.97,16.24,20.45,18.31,42.8,26.6,reject
16,32.32,16.86,20.46,18.13,42.8,26.6,reject
16,32.32,17.0,20.7,17.49,43.0,26.6,reject
16,32.32,16.17,20.54,18.34,43.4,26.6,reject
16,31.97,15.97,20.44,18.49,43.1,26.6,reject
16,31.97,16.24,20.38,18.33,42.9,26.6,reject
16,32.14,16.37,20.34,17.49,43.4,26.6,reject
16,31.8,16.1,20.21,18.15,43.0,26.6,reject
16,31.29,15.84,20.4,18.15,43.5,26.6,reject
16,32.49,17.07,20.93,17.41,43.1,26.6,reject
16,31.97,16.44,20.22,17.96,42.9,26.6,reject
16,32.32,16.3,20.22,17.79,43.4,26.6,reject
16,32.49,16.72,20.66,18.34,43.0,26.6,reject
16,31.46,16.17,20.95,17.55,43.5,26.6,reject
16,31.8,15.84,20.11,18.24,43.2,26.6,reject
16,32.32,16.58,21.05,18.64,43.1,26.6,reject
16,31.97,16.17,20.55,18.49,42.9,26.6,reject
16,31.8,15.97,20.11,18.22,43.1,26.6,reject
16,31.46,16.1,20.93,17.49,43.4,26.6,reject
16,32.32,16.24,20.26,17.92,43.4,26.6,reject
16,31.63,16.03,20.12,18.05,42.9,26.6,reject
16,32.14,16.37,20.61,18.52,42.8,26.6,reject
16,32.49,16.37,20.8,18.44,43.4,26.6,reject
16,32.67,17.36,21.11,17.49,43.0,26.6,reject
16,32.67,17.21,21.03,18.4,42.7,26.6,reject
16,31.29,15.97,20.93,17.49,43.2,26.6,reject
16,32.67,17.14,21.0,18.43,42.8,26.6,reject
16,31.29,15.97,20.69,17.68,43.2,26.6,reject
16,32.67,17.07,20.81,18.36,42.9,26.6,reject
16,32.67,16.24,21.07,18.74,43.5,26.6,reject
16,31.97,16.24,20.44,18.32,42.8,26.6,reject
16,32.67,17.14,21.0,17.4,43.0,26.6,reject
16,31.63,15.71,20.81,17.96,43.7,26.6,reject
16,31.46,16.1,21.05,17.59,43.1,26.6,reject
16,31.8,15.32,20.24,18.53,43.5,26.6,reject
16,32.49,16.93,20.81,17.4,43.2,26.6,reject
16,32.49,17.0,20.78,17.45,43.0,26.6,reject
16,32.32,16.37,20.57,17.41,43.6,26.6,reject
16,32.32,16.65,20.34,17.67,43.1,26.6,reject
16,32.14,16.51,20.98,18.64,43.0,26.6,reject
16,31.97,16.17,20.39,18.33,42.9,26.6,reject
16,31.46,15.9,20.46,18.24,43.5,26.6,reject
16,31.97,16.58,20.69,18.52,42.8,26.6,reject
16,32.67,17.07,20.84,18.4,42.8,26.6,reject
16,32.32,17.0,20.79,17.44,43.0,26.6,reject
16,32.49,17.21,21.09,17.68,42.9,26.6,reject
16,31.12,15.77,20.32,18.04,43.2,26.6,reject
16,32.32,16.86,20.45,17.68,43.0,26.6,reject
16,31.8,15.51,20.37,18.54,43.4,26.6,reject
16,31.29,15.97,20.72,17.74,43.1,26.6,reject
16,32.67,16.93,20.81,18.35,42.9,26.6,reject
16,31.97,16.24,20.3,18.18,42.9,26.6,reject
16,32.49,16.86,20.69,18.34,42.9,26.6,reject
16,31.97,15.84,20.34,17.59,43.6,26.6,reject
16,32.14,16.79,21.35,18.74,42.7,26.6,reject
16,32.49,17.0,20.68,17.7,42.9,26.6,reject
16,31.97,15.39,20.45,18.59,43.4,26.6,reject
16,31.46,16.17,20.97,17.63,43.6,26.6,reject
16,32.14,16.3,20.34,17.49,43.4,26.6,reject
16,31.46,16.1,21.05,18.15,43.6,26.6,reject
16,31.46,15.9,21.17,18.95,42.8,26.6,reject
16,31.8,16.03,20.25,18.34,43.0,26.6,reject
16,32.67,17.43,21.25,17.58,43.0,26.6,reject
16,32.49,17.14,21.04,17.91,42.9,26.6,reject
16,32.67,16.58,20.81,18.51,43.3,26.6,reject
16,31.8,15.58,20.37,18.54,43.4,26.6,reject
16,32.67,17.14,21.02,17.4,43.0,26.6,reject
16,31.63,16.1,20.93,18.83,42.8,26.6,reject
16,32.32,16.58,20.34,17.69,43.2,26.6,reject
16,32.14,16.44,20.22,17.94,42.9,26.6,reject
16,32.85,17.43,21.17,18.53,42.7,26.6,reject
16,32.32,16.65,20.34,17.76,43.2,26.6,reject
16,32.49,16.3,20.57,18.38,43.3,26.6,reject
16,32.67,17.29,20.9,17.76,42.9,26.6,reject
16,30.63,15.2,20.34,18.33,43.0,26.6,reject
16,32.67,17.14,20.99,18.43,42.8,26.6,reject
16,32.32,16.79,20.57,17.45,43.1,26.6,reject
16,32.49,17.0,20.78,17.49,43.0,26.6,reject
16,32.14,16.51,20.98,18.64,42.9,26.6,reject
16,32.32,16.1,20.3,17.96,43.5,26.6,reject
16,32.49,16.65,20.58,17.41,43.4,26.6,reject
16,31.63,16.24,20.8,18.62,42.8,26.6,reject
16,32.49,16.17,20.81,18.44,43.4,26.6,reject
16,30.96,15.64,20.23,17.96,43.2,26.6,reject
16,32.49,16.93,20.81,18.34,42.9,26.6,reject
16,31.8,15.77,20.36,18.51,43.2,26.6,reject
16,31.97,16.24,20.25,18.16,42.9,26.6,reject
16,31.8,15.51,20.22,18.44,43.4,26.6,reject
16,31.97,16.24,20.41,18.32,42.9,26.6,reject
16,31.8,16.24,21.06,18.72,43.4,26.6,reject
16,32.49,17.07,20.92,17.44,43.1,26.6,reject
16,31.97,16.65,21.3,18.73,42.7,26.6,reject
16,32.67,16.51,20.81,18.45,43.3,26.6,reject
16,32.14,15.9,20.46,18.17,43.7,26.6,reject
16,32.14,15.97,20.47,18.15,43.7,26.6,reject
16,30.96,15.64,20.34,18.05,43.0,26.6,reject
16,31.8,15.58,20.22,18.44,43.4,26.6,reject
16,31.46,16.1,20.86,17.66,43.6,26.6,reject
16,32.67,17.07,20.92,18.35,42.8,26.6,reject
16,32.49,17.07,20.81,17.47,43.0,26.6,reject
16,32.49,17.07,20.88,17.41,43.1,26.6,reject
16,32.14,16.58,20.6,18.44,42.8,26.6,reject
16,32.49,16.86,20.55,17.68,43.0,26.6,reject
16,32.67,17.29,21.03,17.87,42.9,26.6,reject
16,32.32,15.97,20.39,18.1,43.6,26.6,reject
16,31.8,15.64,20.1,18.24,43.4,26.6,reject
16,30.8,15.39,20.48,18.64,43.2,26.6,reject
16,30.8,15.26,20.58,18.64,42.9,26.6,reject
16,31.97,16.24,20.15,18.02,42.9,26.6,reject
16,31.97,16.37,20.92,18.77,42.8,26.6,reject
16,32.49,16.86,20.57,17.67,43.0,26.6,reject
16,32.32,16.24,20.92,17.68,43.8,26.6,reject
16,31.46,15.9,20.45,18.16,43.5,26.6,reject
16,32.32,16.93,20.69,17.48,43.0,26.6,reject
16,32.49,16.93,20.57,17.67,42.9,26.6,reject
16,32.32,16.72,21.08,18.79,42.8,26.6,reject
16,31.63,16.1,21.05,18.18,43.6,26.6,reject
16,32.49,17.0,20.67,17.68,42.9,26.6,reject
16,31.8,15.77,20.22,18.35,43.2,26.6,reject
16,31.8,15.51,20.11,18.25,43.4,26.6,reject
16,32.32,17.0,20.7,17.43,43.0,26.6,reject
16,32.14,16.51,20.95,18.64,42.9,26.6,reject
16,32.67,17.14,20.99,18.39,42.8,26.6,reject
16,32.49,17.14,20.94,17.4,43.1,26.6,reject
16,32.49,16.86,20.69,17.42,43.3,26.6,reject
16,32.14,16.65,21.05,18.74,42.8,26.6,reject
16,31.8,16.17,20.23,18.15,42.9,26.6,reject
16,31.63,16.17,21.17,18.63,42.8,26.6,reject
16,31.29,15.39,20.45,18.54,43.5,26.6,reject
16,31.8,16.24,20.36,18.34,42.9,26.6,reject
16,31.46,15.39,20.45,18.55,43.5,26.6,reject
16,32.49,17.29,20.94,17.55,42.9,26.6,reject
16,32.49,16.65,20.58,18.3,43.0,26.6,reject
16,31.97,16.24,20.42,18.31,42.9,26.6,reject
16,31.8,15.32,20.22,18.48,43.5,26.6,reject
16,31.29,15.9,20.69,17.51,43.3,26.6,reject
16,31.63,16.17,20.94,18.54,43.1,26.6,reject
16,30.96,15.39,20.56,18.73,43.4,26.6,reject
16,31.63,15.9,21.03,18.2,43.6,26.6,reject
16,32.14,16.24,20.34,17.55,43.4,26.6,reject
16,31.8,15.84,20.45,18.15,43.6,26.6,reject
16,31.97,15.45,20.45,18.57,43.6,26.6,reject
16,31.29,16.1,20.81,17.59,43.5,26.6,reject
16,31.8,16.03,20.2,18.15,43.0,26.6,reject
16,32.14,16.24,20.21,17.84,43.4,26.6,reject
16,32.49,16.24,21.13,18.74,43.5,26.6,reject
16,31.97,15.9,20.39,18.5,43.1,26.6,reject
16,32.32,16.93,20.57,18.19,42.8,26.6,reject
16,32.49,16.79,20.69,17.4,43.3,26.6,reject
16,31.97,15.77,20.69,17.92,43.7,26.6,reject
16,32.32,15.97,20.46,18.15,43.6,26.6,reject
16,32.14,16.3,20.22,17.79,43.4,26.6,reject
16,32.32,16.17,20.69,17.51,43.7,26.6,reject
16,31.46,15.39,20.57,18.77,43.6,26.6,reject
16,32.67,17.14,20.94,18.4,42.8,26.6,reject
16,31.8,16.17,20.25,18.15,42.9,26.6,reject
16,31.97,16.44,20.9,18.76,42.8,26.6,reject
16,32.32,16.58,21.05,18.64,43.0,26.6,reject
16,31.97,15.71,20.46,17.68,43.7,26.6,reject
16,32.14,16.58,20.23,17.95,42.8,26.6,reject
16,31.8,16.17,20.18,18.05,42.9,26.6,reject
16,32.49,17.0,20.57,17.68,42.9,26.6,reject
16,31.63,16.1,20.94,18.55,43.3,26.6,reject
16,32.32,16.93,20.57,17.64,42.9,26.6,reject
16,32.32,16.58,20.57,17.41,43.4,26.6,reject
16,32.32,16.58,20.34,17.68,43.1,26.6,reject
16,31.97,15.32,20.57,18.73,43.5,26.6,reject
16,32.32,16.79,20.46,17.68,43.1,26.6,reject
16,32.67,17.14,20.93,18.42,42.8,26.6,reject
16,32.49,17.0,20.68,17.68,42.9,26.6,reject
16,31.46,16.03,20.8,18.63,42.8,26.6,reject
16,30.8,15.32,20.45,18.44,42.9,26.6,reject
16,31.8,16.03,20.24,18.34,43.0,26.6,reject
16,31.29,15.9,20.45,18.15,43.4,26.6,reject
16,32.14,16.24,21.11,18.74,43.5,26.6,reject
16,31.8,15.64,20.35,18.53,43.3,26.6,reject
16,31.46,16.24,21.05,17.68,43.0,26.6,reject
16,31.97,16.17,20.34,18.34,43.0,26.6,reject
16,32.49,16.93,20.78,17.41,43.2,26.6,reject
16,32.14,16.44,20.93,18.61,42.8,26.6,reject
16,32.14,16.03,20.33,17.5,43.5,26.6,reject
16,31.8,15.58,20.22,18.43,43.4,26.6,reject
16,30.8,15.26,20.31,18.33,43.1,26.6,reject
16,30.96,15.45,20.93,18.84,42.8,26.6,reject
16,32.14,16.58,20.81,18.64,42.8,26.6,reject
16,32.32,17.0,20.69,17.41,43.0,26.6,reject
16,32.49,17.07,20.9,17.4,43.1,26.6,reject
16,32.32,16.86,20.5,17.68,43.0,26.6,reject
16,31.97,16.3,20.45,18.31,42.8,26.6,reject
16,31.97,16.1,20.46,18.47,43.0,26.6,reject
16,31.63,15.39,20.81,18.93,43.5,26.6,reject
16,30.96,15.39,20.45,18.53,43.4,26.6,reject
16,31.12,15.45,20.81,18.83,43.4,26.6,reject
16,31.8,16.37,20.8,18.56,42.8,26.6,reject
16,31.29,15.97,20.9,17.49,43.2,26.6,reject
16,30.8,15.26,20.8,18.72,42.9,26.6,reject
16,31.97,16.24,20.34,17.5,43.4,26.6,reject
16,31.8,15.9,20.41,18.49,43.1,26.6,reject
16,32.32,16.24,20.59,17.49,43.7,26.6,reject
16,32.49,17.21,20.93,17.4,43.1,26.6,reject
16,31.8,16.17,20.24,18.15,42.9,26.6,reject
16,31.46,16.3,20.92,17.96,43.4,26.6,reject
16,32.32,16.86,20.6,17.42,43.1,26.6,reject
16,31.97,15.45,20.57,18.81,43.6,26.6,reject
16,30.63,15.2,20.23,18.32,43.0,26.6,reject
16,31.8,16.3,20.81,18.58,42.8,26.6,reject
16,30.8,15.2,20.68,18.64,43.0,26.6,reject
16,32.49,16.79,20.69,17.41,43.4,26.6,reject
16,32.49,17.0,20.81,18.34,42.8,26.6,reject
16,31.8,16.1,20.13,18.05,42.9,26.6,reject
16,32.14,16.58,20.75,18.63,42.8,26.6,reject
16,32.67,16.1,20.92,18.54,43.5,26.6,reject
16,31.46,16.1,20.81,17.59,43.6,26.6,reject
16,31.46,16.1,20.86,17.86,42.9,26.6,reject
16,32.49,17.07,20.91,17.41,43.1,26.6,reject
16,30.96,15.39,20.69,18.71,42.8,26.6,reject
16,31.8,16.24,21.05,18.67,43.4,26.6,reject
16,32.67,17.07,20.94,18.34,42.7,26.6,reject
16,32.14,16.72,21.04,17.92,42.9,26.6,reject
16,31.8,15.45,20.11,18.24,43.4,26.6,reject
16,32.49,16.93,20.59,17.68,42.9,26.6,reject
16,31.8,15.58,20.36,18.54,43.4,26.6,reject
16,31.8,16.17,20.22,18.16,43.0,26.6,reject
16,31.8,16.03,20.3,18.34,43.0,26.6,reject
16,32.49,17.14,20.81,17.41,43.0,26.6,reject
16,32.14,16.44,20.92,18.62,42.8,26.6,reject
16,31.8,16.3,20.92,18.78,42.8,26.6,reject
16,32.14,16.24,21.14,18.74,43.5,26.6,reject
16,31.8,16.24,20.27,18.15,42.9,26.6,reject
16,32.67,17.29,20.85,17.69,42.9,26.6,reject
16,31.97,16.79,21.16,17.68,42.9,26.6,reject
16,31.97,16.1,20.92,17.68,43.7,26.6,reject
16,31.97,15.84,20.39,18.5,43.2,26.6,reject
16,32.14,16.93,21.3,17.68,43.0,26.6,reject
16,32.14,16.58,20.45,17.48,43.2,26.6,reject
16,32.32,16.93,20.59,17.66,42.9,26.6,reject
16,32.32,16.72,20.53,17.48,43.2,26.6,reject
16,31.46,15.9,20.91,18.83,42.8,26.6,reject
16,32.49,17.29,20.93,17.77,42.9,26.6,reject
16,31.97,15.64,20.5,17.68,43.7,26.6,reject
16,31.97,15.97,20.45,18.47,43.1,26.6,reject
16,32.49,16.93,20.71,17.41,43.3,26.6,reject
16,32.49,17.07,20.82,17.42,43.1,26.6,reject
16,32.32,17.14,21.15,17.68,42.9,26.6,reject
16,32.49,17.14,21.01,17.4,43.0,26.6,reject
16,31.8,15.39,20.45,18.62,43.4,26.6,reject
16,31.12,15.9,20.81,17.5,43.1,26.6,reject
16,31.12,15.45,20.45,18.54,43.4,26.6,reject
16,31.46,16.17,20.81,17.85,43.3,26.6,reject
16,31.8,15.64,20.1,18.24,43.3,26.6,reject
16,32.49,16.93,20.72,17.4,43.3,26.6,reject
16,32.32,16.58,20.58,17.41,43.4,26.6,reject
16,32.14,16.24,21.06,18.72,43.4,26.6,reject
16,31.97,16.51,20.87,18.74,42.8,26.6,reject
16,31.97,16.17,20.55,18.48,42.9,26.6,reject
16,31.46,16.03,20.87,17.5,43.4,26.6,reject
16,31.8,16.3,21.19,18.94,42.8,26.6,reject
16,32.49,17.07,20.87,17.4,43.1,26.6,reject
16,31.46,15.39,20.46,18.56,43.5,26.6,reject
16,31.97,15.32,20.46,18.74,43.6,26.6,reject
16,31.97,16.24,20.57,18.46,42.9,26.6,reject
16,32.32,16.93,20.66,18.25,42.8,26.6,reject
16,31.29,16.03,21.0,17.59,43.2,26.6,reject
16,31.8,15.32,20.31,18.53,43.5,26.6,reject
16,31.97,16.24,20.56,18.47,42.9,26.6,reject
16,31.8,15.39,20.11,18.26,43.4,26.6,reject
16,31.63,16.3,21.05,18.64,43.2,26.6,reject
16,31.8,16.17,21.04,17.67,43.8,26.6,reject
16,32.49,17.14,20.98,17.41,43.0,26.6,reject
16,31.8,16.24,20.12,17.98,42.9,26.6,reject
16,32.49,17.0,20.69,17.59,42.9,26.6,reject
16,32.32,16.72,20.5,17.49,43.2,26.6,reject
16,31.63,16.1,21.18,18.94,42.8,26.6,reject
16,32.49,17.21,21.14,17.68,42.9,26.6,reject
16,31.8,16.17,20.34,18.34,42.9,26.6,reject
16,32.49,16.24,20.56,18.34,43.3,26.6,reject
16,32.14,16.72,20.69,18.32,42.8,26.6,reject
16,32.85,17.43,21.29,18.63,42.8,26.6,reject
16,32.67,17.14,20.91,18.39,42.8,26.6,reject
16,32.32,16.93,20.69,17.46,43.1,26.6,reject
16,31.97,15.77,20.34,17.59,43.6,26.6,reject
16,31.97,16.44,21.19,18.94,42.8,26.6,reject
16,31.8,15.45,20.45,18.56,43.6,26.6,reject
16,32.67,17.0,20.91,18.34,42.8,26.6,reject
16,32.32,16.51,21.02,18.64,43.0,26.6,reject
16,32.14,16.44,20.29,17.86,43.3,26.6,reject
16,31.46,16.1,20.92,18.53,43.2,26.6,reject
16,31.97,16.3,20.13,17.96,42.9,26.6,reject
16,32.14,16.58,21.0,18.7,42.8,26.6,reject
16,31.97,16.1,20.45,18.47,43.0,26.6,reject
16,32.49,16.58,20.57,18.34,43.1,26.6,reject
16,32.32,16.65,20.46,17.46,43.2,26.6,reject
16,32.49,16.1,20.92,18.54,43.5,26.6,reject
16,31.97,15.77,20.69,17.91,43.7,26.6,reject
16,32.67,16.72,20.93,18.56,43.3,26.6,reject
16,31.8,16.17,20.23,18.19,43.0,26.6,reject
16,32.32,16.58,20.58,17.4,43.4,26.6,reject
16,32.49,17.0,20.68,17.59,42.9,26.6,reject
16,31.8,16.03,20.19,18.15,43.0,26.6,reject
16,31.8,15.84,20.46,18.19,43.6,26.6,reject
16,32.49,16.72,20.65,18.33,43.0,26.6,reject
16,31.97,16.1,20.32,18.34,43.0,26.6,reject
16,31.29,15.77,20.85,18.83,42.8,26.6,reject
16,32.32,16.93,20.57,17.68,43.0,26.6,reject
16,32.49,17.0,20.81,17.46,43.2,26.6,reject
16,31.46,16.17,20.82,17.59,43.4,26.6,reject
16,31.29,15.84,20.39,18.14,43.5,26.6,reject
16,32.49,16.65,20.59,18.34,43.1,26.6,reject
16,31.63,15.45,20.45,18.56,43.6,26.6,reject
16,30.96,15.26,20.68,18.64,43.1,26.6,reject
16,31.46,15.39,20.45,18.57,43.5,26.6,reject
16,31.8,15.9,20.22,18.34,43.2,26.6,reject
16,32.49,16.86,20.69,17.41,43.3,26.6,reject
16,31.8,16.3,20.21,18.05,42.9,26.6,reject
16,32.49,17.0,20.69,17.66,42.9,26.6,reject
16,32.67,17.43,21.18,17.58,43.0,26.6,reject
16,32.49,16.79,21.05,18.64,43.2,26.6,reject
16,31.8,15.58,20.1,18.24,43.4,26.6,reject
16,32.14,15.84,20.69,17.92,43.7,26.6,reject
16,31.97,16.1,20.46,18.46,43.0,26.6,reject
16,32.67,17.36,21.29,17.59,43.0,26.6,reject
16,31.97,16.65,21.05,17.96,42.9,26.6,reject
16,31.8,16.37,21.04,17.98,42.9,26.6,reject
16,32.67,17.0,20.81,18.35,42.9,26.6,reject
16,32.32,16.44,20.57,17.41,43.5,26.6,reject
16,31.63,16.24,21.04,18.64,43.4,26.6,reject
16,32.32,16.24,20.57,17.44,43.7,26.6,reject
16,32.32,16.03,20.5,18.2,43.7,26.6,reject
16,31.46,16.03,20.91,18.45,43.0,26.6,reject
16,32.32,16.3,20.57,17.42,43.6,26.6,reject
16,31.8,15.45,20.22,18.43,43.4,26.6,reject
16,31.97,15.97,20.33,17.55,43.5,26.6,reject
16,32.67,17.21,21.05,18.43,42.7,26.6,reject
16,31.8,16.24,20.37,18.34,42.9,26.6,reject
16,32.32,16.24,21.07,18.72,43.5,26.6,reject
16,32.32,16.58,20.45,17.49,43.2,26.6,reject
16,31.46,16.17,20.92,17.5,43.4,26.6,reject
16,31.97,16.37,20.2,17.93,42.9,26.6,reject
16,32.14,16.44,20.94,18.63,42.9,26.6,reject
16,31.97,16.03,20.45,18.5,43.0,26.6,reject
16,32.49,17.07,20.8,17.44,43.0,26.6,reject
16,30.96,15.32,20.69,18.68,43.1,26.6,reject
16,30.8,15.32,20.81,18.74,42.9,26.6,reject
16,32.14,16.17,20.91,17.68,43.8,26.6,reject
16,32.67,17.07,20.93,18.4,42.8,26.6,reject
16,32.49,17.21,20.81,17.67,42.9,26.6,reject
16,31.46,16.17,21.03,17.65,43.7,26.6,reject
16,32.14,16.44,20.92,18.61,42.8,26.6,reject
16,32.49,17.0,20.69,17.84,42.9,26.6,reject
16,31.8,16.03,20.18,18.16,43.0,26.6,reject
16,32.49,16.72,20.67,17.4,43.4,26.6,reject
16,32.32,16.72,20.46,17.44,43.2,26.6,reject
16,31.46,16.17,20.94,18.54,43.2,26.6,reject
16,32.32,16.03,20.23,17.96,43.5,26.6,reject
16,30.8,15.39,20.37,18.44,43.4,26.6,reject
16,31.97,16.37,20.22,18.0,42.9,26.6,reject
16,32.49,16.17,20.91,18.54,43.4,26.6,reject
16,31.8,16.17,20.11,18.01,42.9,26.6,reject
16,31.8,15.71,20.21,18.41,43.3,26.6,reject
16,32.32,17.0,21.17,17.68,42.9,26.6,reject
16,31.97,15.32,20.45,18.64,43.6,26.6,reject
16,31.97,16.65,21.17,17.68,42.9,26.6,reject
16,32.49,16.72,21.05,18.64,43.1,26.6,reject
16,31.29,16.1,20.8,17.5,43.4,26.6,reject
16,31.97,15.71,20.38,17.6,43.7,26.6,reject
16,32.32,16.86,20.57,17.67,42.9,26.6,reject
16,31.97,15.84,20.36,18.51,43.2,26.6,reject
16,31.8,15.45,20.41,18.54,43.4,26.6,reject
16,31.97,15.26,20.57,18.7,43.5,26.6,reject
16,32.49,16.86,20.46,17.68,43.0,26.6,reject
16,31.97,16.03,20.45,18.47,43.0,26.6,reject
16,32.32,16.58,20.32,17.68,43.2,26.6,reject
16,32.67,17.21,21.05,18.44,42.8,26.6,reject
16,32.49,16.3,21.15,18.75,43.5,26.6,reject
16,31.63,15.45,20.81,18.92,43.5,26.6,reject
16,31.97,15.71,20.44,17.67,43.7,26.6,reject
16,32.32,16.58,20.31,17.75,43.2,26.6,reject
16,32.14,16.72,20.41,17.78,43.1,26.6,reject
16,32.49,17.21,21.36,18.71,42.7,26.6,reject
16,31.8,15.71,20.73,17.96,43.7,26.6,reject
17,33.03,17.21,21.12,17.23,44.0,26.5,reject
17,32.49,16.93,20.99,17.31,43.6,26.5,reject
17,31.46,16.03,21.05,17.51,43.9,26.5,reject
17,32.49,16.93,20.94,17.32,43.6,26.5,reject
17,32.49,16.86,20.91,17.23,43.6,26.5,reject
17,33.03,16.65,21.29,17.49,44.3,26.5,reject
17,32.32,16.93,21.42,17.64,43.2,26.5,reject
17,32.49,16.24,21.08,17.64,44.0,26.6,reject
17,32.32,16.24,21.08,17.65,43.9,26.5,reject
17,32.32,16.86,21.24,17.46,43.5,26.5,reject
17,32.67,17.0,20.81,17.31,43.5,26.6,reject
17,32.67,17.07,20.93,17.31,43.4,26.6,reject
17,33.21,16.72,21.49,17.67,44.4,26.5,reject
17,32.32,16.86,21.2,17.45,43.5,26.5,reject
17,32.49,16.93,20.93,17.3,43.7,26.5,reject
17,33.03,17.07,21.2,17.32,44.0,26.5,reject
17,32.49,16.93,20.93,17.29,43.6,26.5,reject
17,32.32,16.44,20.78,17.33,43.8,26.6,reject
17,32.49,17.0,21.05,17.31,43.5,26.5,reject
17,31.46,15.97,21.17,17.5,43.5,26.6,reject
17,32.49,16.93,20.93,17.31,43.6,26.6,reject
17,32.49,17.07,21.01,17.33,43.4,26.6,reject
17,32.49,16.51,20.77,17.31,43.7,26.5,reject
17,32.49,17.14,21.05,17.4,43.2,26.6,reject
17,33.03,17.66,21.31,17.14,43.7,26.6,reject
17,32.14,16.17,21.08,17.63,43.9,26.5,reject
17,32.49,16.03,20.81,17.4,44.2,26.5,reject
17,33.03,17.58,21.26,17.15,43.8,26.6,reject
17,33.21,17.43,21.38,17.32,43.8,26.5,reject
17,33.03,16.51,21.19,17.38,44.4,26.5,reject
17,32.49,17.07,21.05,17.38,43.4,26.6,reject
17,32.49,17.0,21.05,17.31,43.4,26.5,reject
17,32.49,16.65,20.71,17.4,43.4,26.6,reject
17,32.32,16.17,21.14,17.63,44.1,26.5,reject
17,32.49,17.07,20.96,17.39,43.2,26.6,reject
17,32.32,16.24,21.05,17.68,43.9,26.6,reject
17,32.85,17.36,21.17,17.34,43.6,26.5,reject
17,32.49,16.58,20.71,17.31,43.9,26.5,reject
17,32.49,16.93,20.96,17.31,43.5,26.6,reject
17,32.49,16.51,20.76,17.31,43.8,26.5,reject
17,32.32,16.1,21.06,17.59,44.3,26.6,reject
17,32.49,17.0,21.04,17.3,43.6,26.6,reject
17,32.49,16.86,20.93,17.31,43.5,26.5,reject
17,32.49,16.58,20.74,17.31,43.9,26.5,reject
17,32.49,17.14,21.04,17.4,43.2,26.6,reject
17,31.46,15.97,20.97,17.49,44.1,26.5,reject
17,32.49,16.3,20.8,17.4,44.0,26.6,reject
17,32.49,17.14,21.41,17.59,43.1,26.6,reject
17,32.67,17.14,21.08,17.34,43.4,26.6,reject
17,32.49,16.86,20.93,17.25,43.6,26.5,reject
17,32.67,17.07,20.99,17.33,43.4,26.6,reject
17,32.14,16.72,21.29,17.5,43.6,26.5,reject
17,32.49,16.65,20.7,17.4,43.5,26.6,reject
17,31.97,16.03,21.05,17.59,44.3,26.5,reject
17,32.67,17.29,21.28,17.49,43.5,26.5,reject
17,32.49,17.07,21.06,17.31,43.4,26.6,reject
17,31.97,16.1,21.13,17.59,44.0,26.5,reject
17,32.49,17.0,20.86,17.21,43.6,26.5,reject
17,32.49,17.0,21.05,17.31,43.6,26.6,reject
17,32.49,16.93,20.94,17.31,43.6,26.5,reject
17,32.49,16.51,20.73,17.31,43.8,26.5,reject
17,33.4,17.88,21.67,17.39,43.6,26.5,reject
17,31.29,15.9,21.01,17.49,43.6,26.6,reject
17,33.21,17.58,21.42,17.24,43.7,26.5,reject
17,31.46,15.97,20.95,17.41,43.8,26.5,reject
17,32.49,16.1,20.91,17.49,44.0,26.6,reject
17,33.21,17.58,21.42,17.26,43.7,26.5,reject
17,33.21,17.66,21.46,17.23,43.6,26.5,reject
17,33.21,17.43,21.29,17.21,43.8,26.5,reject
17,33.21,17.58,21.42,17.23,43.7,26.5,reject
17,32.14,16.17,21.14,17.64,44.1,26.5,reject
17,32.85,17.29,21.05,17.13,43.8,26.6,reject
17,32.49,17.14,21.05,17.38,43.2,26.6,reject
17,31.8,16.58,21.35,17.68,43.2,26.6,reject
17,32.49,17.0,20.92,17.4,43.3,26.6,reject
17,32.49,16.72,20.81,17.23,43.8,26.5,reject
17,32.49,16.72,20.81,17.24,43.8,26.6,reject
17,32.49,16.86,20.81,17.4,43.4,26.6,reject
17,33.21,17.43,21.4,17.31,43.7,26.5,reject
17,32.49,16.79,20.88,17.23,43.7,26.6,reject
17,32.32,16.3,20.69,17.31,44.1,26.5,reject
17,32.32,16.17,20.69,17.31,44.2,26.5,reject
17,32.49,17.0,20.86,17.23,43.6,26.6,reject
17,32.49,16.65,20.8,17.31,43.9,26.6,reject
17,32.49,17.14,21.05,17.41,43.2,26.6,reject
17,32.49,17.0,20.93,17.4,43.3,26.6,reject
17,32.49,16.17,20.81,17.49,43.8,26.6,reject
17,33.21,17.21,21.29,17.34,43.9,26.5,reject
17,31.97,16.58,21.3,17.32,44.2,26.5,reject
17,32.32,16.24,21.08,17.64,44.0,26.6,reject
17,32.85,16.37,20.95,17.35,44.3,26.5,reject
17,33.03,17.51,21.17,17.16,43.8,26.6,reject
17,31.46,16.17,21.05,17.58,43.8,26.6,reject
17,32.49,17.0,20.93,17.3,43.6,26.5,reject
17,32.67,16.72,20.81,17.14,44.2,26.5,reject
17,32.49,16.51,20.7,17.29,43.9,26.5,reject
17,31.29,15.84,20.94,17.41,43.6,26.5,reject
17,33.03,16.65,21.18,17.42,44.3,26.5,reject
17,32.49,17.0,21.05,17.31,43.5,26.6,reject
17,32.49,16.44,21.06,17.46,44.3,26.5,reject
17,32.49,17.07,21.05,17.32,43.3,26.5,reject
17,31.46,16.1,21.04,17.48,43.7,26.5,reject
17,33.03,17.43,21.3,17.22,43.8,26.5,reject
17,33.21,17.29,21.3,17.32,43.8,26.5,reject
17,32.49,16.93,20.89,17.4,43.3,26.6,reject
17,32.49,16.93,20.98,17.3,43.6,26.6,reject
17,32.49,16.93,20.93,17.31,43.7,26.6,reject
17,32.49,17.0,21.05,17.32,43.4,26.6,reject
17,32.67,16.44,21.05,17.4,44.4,26.5,reject
17,33.03,17.29,21.03,17.14,43.9,26.6,reject
17,33.21,17.51,21.42,17.23,43.7,26.5,reject
17,32.85,17.36,21.08,17.14,43.8,26.6,reject
17,31.46,16.1,20.93,17.41,43.5,26.6,reject
17,32.49,17.0,21.01,17.31,43.5,26.5,reject
17,32.49,16.93,20.93,17.29,43.7,26.5,reject
17,33.03,17.21,20.94,17.14,44.0,26.6,reject
17,31.29,15.97,20.93,17.44,43.4,26.6,reject
17,32.67,17.14,21.11,17.37,43.2,26.5,reject
17,31.8,16.44,21.41,17.67,43.3,26.6,reject
17,32.49,16.37,21.05,17.4,44.4,26.5,reject
17,31.63,16.1,21.27,17.59,43.4,26.6,reject
17,33.21,16.79,21.42,17.56,44.4,26.5,reject
17,32.67,17.0,20.92,17.31,43.5,26.6,reject
17,32.49,16.24,21.05,17.68,43.9,26.6,reject
17,32.49,16.51,20.81,17.31,43.8,26.5,reject
17,32.85,16.65,21.4,17.47,44.5,26.5,reject
17,31.63,16.03,21.06,17.58,44.1,26.5,reject
17,31.46,16.03,20.99,17.45,43.8,26.5,reject
17,33.03,17.73,21.62,17.4,43.6,26.5,reject
17,32.49,17.07,21.05,17.33,43.4,26.6,reject
17,32.49,16.17,20.81,17.41,44.0,26.5,reject
17,32.49,16.1,21.05,17.59,44.3,26.5,reject
17,32.49,16.79,20.81,17.25,43.7,26.5,reject
17,32.85,16.44,20.91,17.27,44.3,26.5,reject
17,33.21,17.51,21.34,17.19,43.7,26.5,reject
17,32.49,16.65,20.81,17.35,43.7,26.5,reject
17,31.97,16.37,21.05,17.41,44.3,26.5,reject
17,33.03,16.86,21.18,17.41,44.3,26.5,reject
17,32.49,17.07,20.94,17.4,43.2,26.6,reject
17,32.67,17.0,20.85,17.31,43.5,26.6,reject
17,32.85,17.29,21.05,17.08,43.8,26.6,reject
17,33.21,17.36,21.31,17.31,43.8,26.5,reject
17,32.49,16.58,20.81,17.31,43.7,26.5,reject
17,32.49,16.17,21.05,17.59,44.1,26.6,reject
17,32.49,16.72,20.81,17.25,43.7,26.5,reject
17,31.97,16.51,21.4,17.66,43.4,26.6,reject
17,32.85,17.07,20.92,17.2,43.9,26.5,reject
17,33.03,17.36,21.22,17.14,43.8,26.5,reject
17,32.67,16.17,21.05,17.59,44.2,26.5,reject
17,31.46,15.9,21.11,17.49,43.5,26.6,reject
17,32.49,17.07,21.04,17.31,43.4,26.6,reject
17,32.67,17.07,20.93,17.32,43.4,26.6,reject
17,32.49,16.93,20.93,17.31,43.6,26.5,reject
17,32.49,16.79,20.84,17.23,43.7,26.5,reject
17,32.32,16.24,21.08,17.66,43.9,26.5,reject
17,31.97,16.58,21.3,17.41,44.3,26.6,reject
17,32.49,16.03,20.93,17.5,44.3,26.5,reject
17,32.32,16.03,21.06,17.59,44.3,26.6,reject
17,32.49,16.72,20.79,17.41,43.4,26.6,reject
17,32.49,16.58,20.69,17.23,43.5,26.5,reject
17,33.03,16.86,21.17,17.32,44.2,26.5,reject
17,33.21,17.14,21.28,17.4,44.1,26.6,reject
17,33.21,17.51,21.42,17.22,43.7,26.5,reject
17,32.49,16.72,20.81,17.23,43.8,26.6,reject
17,32.49,16.86,20.92,17.23,43.7,26.6,reject
17,33.03,16.79,21.06,17.26,44.3,26.5,reject
17,32.49,16.93,20.93,17.26,43.6,26.6,reject
17,33.03,17.51,21.34,17.22,43.7,26.5,reject
17,33.03,17.51,21.17,17.14,43.7,26.5,reject
17,32.85,17.21,20.93,17.22,43.9,26.5,reject
17,33.03,16.72,21.54,17.63,44.5,26.5,reject
17,32.49,16.44,20.8,17.31,43.9,26.6,reject
17,32.49,17.0,21.0,17.31,43.5,26.5,reject
17,32.49,16.93,20.93,17.25,43.7,26.6,reject
17,33.03,17.43,21.17,17.14,43.8,26.6,reject
17,32.85,17.14,20.92,17.11,43.9,26.5,reject
17,32.49,16.65,20.81,17.34,43.7,26.5,reject
17,32.14,16.58,21.42,17.58,44.3,26.5,reject
17,33.03,17.29,21.17,17.2,43.9,26.5,reject
17,32.32,16.37,20.69,17.4,43.7,26.6,reject
17,32.49,16.3,21.05,17.68,43.9,26.6,reject
17,33.21,17.66,21.52,17.27,43.6,26.5,reject
17,33.03,17.51,21.29,17.14,43.6,26.5,reject
17,33.03,17.29,21.29,17.29,43.8,26.5,reject
17,32.49,16.51,20.69,17.41,43.6,26.6,reject
17,32.67,17.29,21.39,17.59,43.3,26.5,reject
17,32.49,16.72,20.81,17.31,43.7,26.5,reject
17,33.03,17.58,21.42,17.23,43.6,26.5,reject
17,33.21,17.43,21.26,17.21,43.9,26.6,reject
17,32.85,17.14,20.91,17.14,43.9,26.5,reject
17,33.03,17.58,21.3,17.18,43.6,26.5,reject
17,31.97,16.44,21.41,17.49,43.8,26.5,reject
17,32.32,16.65,20.69,17.22,43.5,26.6,reject
17,33.03,17.43,21.15,17.18,43.7,26.5,reject
17,33.21,17.58,21.41,17.23,43.8,26.6,reject
17,32.49,16.58,20.69,17.41,43.5,26.6,reject
17,32.85,17.29,21.03,17.09,43.9,26.6,reject
17,32.85,17.29,21.01,17.14,43.9,26.6,reject
17,33.03,17.43,21.27,17.2,43.8,26.5,reject
17,32.67,17.07,21.02,17.4,43.2,26.6,reject
17,33.03,17.36,21.1,17.14,43.8,26.6,reject
17,32.67,17.14,21.14,17.39,43.2,26.5,reject
17,32.32,16.93,21.78,17.64,43.6,26.5,reject
17,32.67,17.36,21.33,17.59,43.1,26.6,reject
17,31.63,16.24,21.29,17.59,43.4,26.6,reject
17,32.49,16.58,20.8,17.27,43.8,26.6,reject
17,32.49,16.93,20.94,17.31,43.5,26.5,reject
17,32.49,16.24,20.69,17.31,44.1,26.5,reject
17,33.03,16.65,21.17,17.4,44.3,26.5,reject
17,32.49,16.72,20.69,17.24,43.5,26.6,reject
17,32.67,17.07,21.05,17.4,43.3,26.5,reject
17,32.14,16.58,21.44,17.58,44.3,26.5,reject
17,31.8,16.37,21.17,17.41,43.6,26.5,reject
17,32.49,16.93,20.93,17.31,43.5,26.5,reject
17,32.14,16.17,21.08,17.59,43.9,26.5,reject
17,32.49,16.72,20.81,17.31,43.6,26.5,reject
17,32.49,17.14,21.09,17.39,43.4,26.6,reject
17,33.03,16.72,21.05,17.27,44.3,26.5,reject
17,32.49,16.17,20.82,17.45,44.0,26.6,reject
17,32.67,17.29,21.16,17.42,43.2,26.6,reject
17,31.29,15.9,20.92,17.4,43.8,26.5,reject
17,32.49,16.86,20.82,17.2,43.6,26.5,reject
17,32.49,16.79,20.89,17.31,43.6,26.5,reject
17,32.49,16.86,20.92,17.31,43.7,26.6,reject
17,31.8,16.3,20.96,17.32,44.2,26.6,reject
17,32.67,17.14,21.17,17.4,43.4,26.5,reject
17,33.21,17.29,21.29,17.35,43.9,26.5,reject
17,32.49,16.93,20.94,17.31,43.5,26.6,reject
17,33.21,17.36,21.29,17.31,43.8,26.5,reject
17,32.49,16.24,21.05,17.59,43.9,26.5,reject
17,31.63,16.24,20.92,17.3,44.1,26.5,reject
17,32.49,16.37,20.8,17.35,43.8,26.6,reject
17,31.29,15.9,20.97,17.47,43.5,26.5,reject
17,32.49,16.51,20.75,17.31,43.8,26.5,reject
17,33.03,17.43,21.29,17.23,43.8,26.5,reject
17,32.49,16.44,20.78,17.32,43.8,26.6,reject
17,32.49,16.72,20.81,17.26,43.8,26.6,reject
17,32.85,16.65,21.42,17.49,44.5,26.5,reject
17,32.14,16.58,21.56,17.59,43.7,26.5,reject
17,32.32,16.1,21.05,17.64,44.3,26.5,reject
17,32.85,16.93,20.81,17.14,44.1,26.5,reject
17,32.85,17.21,20.93,17.15,43.9,26.6,reject
17,32.85,17.07,21.05,17.21,44.0,26.5,reject
17,32.49,16.79,20.83,17.31,43.6,26.5,reject
17,32.67,17.14,21.15,17.4,43.2,26.5,reject
17,32.49,16.03,20.95,17.57,44.2,26.5,reject
17,32.67,17.21,21.3,17.5,43.5,26.5,reject
17,32.67,16.24,21.13,17.68,44.1,26.6,reject
17,32.32,16.58,21.34,17.49,44.5,26.6,reject
17,32.67,17.07,20.95,17.31,43.3,26.5,reject
17,32.49,16.93,20.81,17.17,43.6,26.5,reject
17,32.49,16.79,20.83,17.29,43.8,26.6,reject
17,32.49,16.24,21.13,17.67,44.1,26.5,reject
17,31.97,16.03,21.06,17.59,44.3,26.6,reject
17,32.85,16.72,21.54,17.65,44.5,26.5,reject
17,32.85,17.36,21.2,17.4,43.5,26.5,reject
17,32.67,17.36,21.18,17.46,43.2,26.6,reject
17,33.03,17.43,21.29,17.2,43.7,26.5,reject
17,33.21,17.51,21.42,17.36,43.7,26.5,reject
17,32.85,16.93,20.81,17.14,44.1,26.6,reject
17,33.03,17.43,21.29,17.21,43.7,26.5,reject
17,32.49,16.79,20.84,17.31,43.7,26.6,reject
17,32.32,16.37,21.05,17.39,44.4,26.6,reject
17,32.49,16.86,20.92,17.31,43.6,26.5,reject
17,32.67,17.07,21.05,17.32,43.4,26.5,reject
17,31.97,16.51,21.19,17.49,43.6,26.5,reject
17,32.67,17.14,21.13,17.4,43.2,26.5,reject
17,32.67,17.14,21.31,17.57,43.5,26.6,reject
17,32.85,17.14,20.93,17.22,43.8,26.5,reject
17,31.63,16.1,21.06,17.54,43.9,26.5,reject
17,31.8,16.03,21.05,17.59,44.3,26.5,reject
17,32.67,17.36,21.39,17.58,43.3,26.6,reject
17,32.49,16.86,20.93,17.28,43.6,26.5,reject
17,33.03,17.51,21.41,17.23,43.7,26.5,reject
17,31.46,16.17,21.05,17.51,43.7,26.5,reject
17,32.32,16.44,20.69,17.41,43.6,26.6,reject
17,32.67,17.36,21.35,17.57,43.3,26.6,reject
17,31.63,16.03,21.04,17.53,44.2,26.5,reject
17,32.49,16.86,20.72,17.24,43.5,26.6,reject
17,32.49,16.44,20.71,17.31,43.9,26.5,reject
17,33.21,17.43,21.29,17.23,43.8,26.5,reject
17,31.46,16.24,21.18,17.61,43.2,26.6,reject
17,31.97,16.17,21.05,17.68,43.8,26.6,reject
17,33.21,17.36,21.3,17.34,43.9,26.5,reject
17,32.32,16.24,20.73,17.48,43.8,26.6,reject
17,32.49,16.58,20.81,17.34,43.7,26.5,reject
17,32.49,16.58,20.72,17.31,43.9,26.5,reject
17,33.03,17.51,21.34,17.21,43.7,26.5,reject
17,33.21,17.29,21.3,17.34,43.9,26.5,reject
17,32.85,17.14,20.93,17.14,43.9,26.5,reject
17,32.14,16.65,21.34,17.62,43.5,26.6,reject
17,32.67,17.07,21.03,17.34,43.3,26.5,reject
17,33.03,16.58,21.17,17.32,44.4,26.5,reject
17,31.63,16.1,20.93,17.23,43.7,26.5,reject
17,32.49,17.0,20.98,17.31,43.5,26.6,reject
17,32.67,17.21,21.78,17.54,43.6,26.5,reject
17,33.03,17.29,21.05,17.13,43.7,26.5,reject
17,33.21,17.66,21.49,17.29,43.7,26.5,reject
17,32.49,16.72,20.81,17.29,43.8,26.6,reject
17,32.49,16.93,20.83,17.4,43.4,26.6,reject
17,32.49,16.3,20.8,17.36,43.8,26.5,reject
17,33.03,16.72,21.41,17.49,44.4,26.5,reject
17,32.49,16.93,20.94,17.31,43.6,26.6,reject
17,33.03,16.72,21.05,17.23,44.3,26.5,reject
17,32.67,17.21,21.17,17.4,43.5,26.6,reject
17,32.32,16.37,20.69,17.31,44.0,26.6,reject
17,31.97,16.65,21.51,17.4,43.8,26.6,reject
17,31.97,16.44,21.52,17.5,43.7,26.5,reject
17,32.67,17.14,21.07,17.36,43.3,26.5,reject
17,32.67,17.29,21.2,17.41,43.3,26.5,reject
17,32.49,17.0,21.06,17.31,43.4,26.5,reject
17,31.8,16.3,20.93,17.31,44.2,26.5,reject
17,32.49,16.86,20.93,17.23,43.7,26.6,reject
17,32.67,17.07,21.05,17.35,43.4,26.6,reject
17,33.03,17.36,21.19,17.22,43.8,26.5,reject
17,33.21,17.66,21.48,17.26,43.7,26.5,reject
17,32.49,17.21,21.67,17.49,43.6,26.5,reject
17,32.32,16.51,20.69,17.28,44.0,26.6,reject
17,33.21,17.43,21.42,17.32,43.7,26.5,reject
17,33.21,17.58,21.38,17.22,43.7,26.5,reject
17,32.49,17.0,21.05,17.31,43.4,26.6,reject
17,33.03,17.36,21.05,17.14,43.8,26.5,reject
17,32.49,17.07,21.02,17.4,43.2,26.6,reject
17,32.49,16.72,20.81,17.25,43.8,26.5,reject
17,31.29,15.84,20.93,17.41,43.6,26.5,reject
17,31.8,16.17,21.06,17.65,44.0,26.6,reject
17,32.85,16.65,21.41,17.49,44.5,26.5,reject
17,32.14,16.58,21.42,17.55,44.2,26.6,reject
17,32.85,16.51,21.05,17.41,44.4,26.5,reject
17,32.14,16.03,21.07,17.59,44.3,26.6,reject
17,32.49,17.0,21.05,17.32,43.4,26.5,reject
17,32.67,17.14,21.09,17.4,43.4,26.6,reject
17,32.49,16.58,21.49,17.66,44.4,26.5,reject
17,33.03,17.51,21.28,17.19,43.7,26.5,reject
17,33.03,16.79,21.18,17.4,44.3,26.5,reject
17,31.8,16.37,21.29,17.3,43.7,26.5,reject
17,31.97,16.37,21.02,17.34,44.3,26.5,reject
17,32.49,16.1,20.92,17.49,44.0,26.5,reject
17,32.49,16.79,20.84,17.23,43.7,26.6,reject
17,32.14,16.65,21.67,17.6,43.7,26.5,reject
17,32.49,16.86,20.81,17.4,43.3,26.6,reject
17,32.49,16.24,21.08,17.61,44.0,26.6,reject
17,32.67,17.21,21.18,17.45,43.5,26.5,reject
17,31.29,15.97,20.91,17.41,43.4,26.6,reject
17,32.49,17.07,21.05,17.4,43.4,26.6,reject
17,32.49,17.07,20.93,17.32,43.4,26.6,reject
17,32.49,16.86,20.82,17.23,43.6,26.5,reject
17,32.49,16.93,20.94,17.3,43.5,26.5,reject
17,31.97,16.03,21.06,17.57,44.2,26.5,reject
17,32.32,16.17,21.14,17.66,44.1,26.5,reject
17,32.67,17.29,21.29,17.49,43.3,26.5,reject
17,32.67,17.07,20.93,17.38,43.4,26.5,reject
17,32.67,17.07,21.01,17.4,43.2,26.6,reject
17,32.67,17.07,21.05,17.31,43.3,26.5,reject
17,32.49,16.86,20.87,17.27,43.7,26.5,reject
17,32.14,16.03,21.05,17.59,44.4,26.6,reject
17,32.49,17.0,21.8,17.59,43.6,26.5,reject
17,32.49,16.79,20.86,17.23,43.7,26.6,reject
17,32.49,17.07,21.04,17.41,43.2,26.6,reject
17,32.49,16.58,21.46,17.66,44.4,26.5,reject
17,33.03,17.21,21.17,17.14,43.9,26.5,reject
17,32.49,16.3,20.81,17.36,44.0,26.6,reject
17,31.63,16.1,21.03,17.31,43.7,26.5,reject
17,31.97,16.58,21.29,17.32,44.0,26.6,reject
17,32.67,16.58,20.8,17.15,44.2,26.5,reject
17,33.21,17.36,21.3,17.32,43.8,26.5,reject
17,31.29,15.84,21.04,17.41,43.6,26.6,reject
17,33.03,17.21,21.16,17.22,44.0,26.6,reject
17,33.03,17.58,21.42,17.23,43.7,26.5,reject
17,32.32,17.0,21.41,17.65,43.1,26.6,reject
17,32.49,16.58,20.8,17.3,43.9,26.6,reject
17,31.46,16.17,21.01,17.49,43.6,26.6,reject
17,32.14,16.58,21.42,17.5,44.2,26.5,reject
17,32.49,16.79,20.87,17.31,43.6,26.5,reject
17,32.49,17.0,21.02,17.31,43.5,26.5,reject
17,32.49,16.58,20.77,17.28,43.8,26.5,reject
17,32.14,16.79,21.36,17.63,43.5,26.6,reject
17,33.21,17.81,21.67,17.4,43.6,26.5,reject
17,32.67,17.07,20.94,17.32,43.3,26.5,reject
17,32.49,17.0,20.93,17.37,43.3,26.6,reject
17,32.49,16.65,20.69,17.4,43.5,26.6,reject
17,32.49,16.1,21.05,17.62,44.3,26.5,reject
17,31.46,16.03,20.95,17.49,43.9,26.5,reject
17,31.8,16.37,20.96,17.33,44.2,26.6,reject
17,32.49,16.72,20.81,17.24,43.8,26.5,reject
17,31.97,16.65,21.42,17.65,43.3,26.6,reject
17,32.67,17.21,21.42,17.63,43.2,26.5,reject
17,32.49,16.93,20.86,17.39,43.3,26.6,reject
17,33.03,17.51,21.3,17.23,43.7,26.5,reject
17,32.85,17.29,21.03,17.25,43.6,26.5,reject
17,32.49,16.24,20.81,17.4,44.0,26.5,reject
17,32.67,16.58,20.75,17.13,44.2,26.5,reject
17,32.49,16.79,20.82,17.21,43.6,26.5,reject
17,32.49,16.86,20.93,17.3,43.6,26.5,reject
17,32.67,17.07,21.06,17.4,43.3,26.5,reject
17,32.49,16.93,20.93,17.24,43.6,26.5,reject
17,32.49,17.0,21.34,17.59,43.4,26.5,reject
17,33.03,17.29,21.29,17.31,43.8,26.5,reject
17,31.46,16.03,20.81,17.23,43.8,26.5,reject
17,31.97,16.44,21.4,17.36,43.8,26.6,reject
17,31.63,16.03,21.04,17.58,44.2,26.5,reject
17,32.67,17.14,21.09,17.38,43.4,26.6,reject
17,31.97,16.72,21.4,17.68,43.2,26.6,reject
17,31.63,16.37,21.3,17.68,43.2,26.6,reject
17,32.49,16.03,20.81,17.39,44.2,26.5,reject
17,31.63,16.17,21.05,17.59,43.8,26.6,reject
17,32.32,17.0,21.42,17.64,43.2,26.5,reject
17,32.49,15.97,20.81,17.44,44.3,26.6,reject
17,31.63,16.1,21.21,17.59,43.4,26.6,reject
17,32.49,16.24,21.12,17.63,44.1,26.5,reject
17,32.49,16.37,20.79,17.32,43.8,26.6,reject
17,32.49,16.86,20.84,17.24,43.7,26.5,reject
17,32.32,16.51,21.3,17.54,44.5,26.6,reject
17,32.49,16.72,20.69,17.22,43.5,26.6,reject
17,32.67,17.29,21.42,17.59,43.2,26.5,reject
17,33.03,17.51,21.19,17.15,43.7,26.5,reject
17,32.49,16.65,20.81,17.27,43.8,26.6,reject
17,32.85,16.86,20.81,17.14,44.0,26.5,reject
17,32.49,16.65,20.81,17.36,43.7,26.5,reject
17,31.46,15.97,21.08,17.5,43.3,26.5,reject
17,32.85,17.36,21.06,17.21,43.8,26.6,reject
17,32.49,16.86,20.89,17.29,43.8,26.6,reject
17,31.46,16.1,21.05,17.49,43.8,26.5,reject
17,31.46,16.1,21.06,17.54,43.8,26.5,reject
17,32.49,17.0,21.05,17.32,43.5,26.6,reject
17,31.29,16.03,21.05,17.5,43.3,26.6,reject
17,33.21,17.58,21.42,17.22,43.7,26.5,reject
17,32.32,16.24,20.71,17.31,44.1,26.6,reject
17,33.21,17.51,21.42,17.21,43.7,26.5,reject
17,32.67,16.65,21.52,17.68,44.4,26.5,reject
17,32.49,16.65,20.81,17.33,43.7,26.5,reject
17,32.49,16.65,20.81,17.31,43.6,26.5,reject
17,33.21,17.43,21.42,17.31,43.7,26.5,reject
17,31.8,16.17,21.05,17.59,43.8,26.5,reject
17,32.49,17.07,21.04,17.37,43.2,26.6,reject
17,32.67,17.21,21.17,17.4,43.3,26.6,reject
17,32.49,16.86,20.91,17.31,43.6,26.5,reject
17,32.49,16.93,20.95,17.31,43.6,26.5,reject
17,33.03,17.51,21.3,17.19,43.8,26.5,reject
17,32.85,17.29,20.97,17.14,43.9,26.6,reject
17,32.14,16.58,21.35,17.4,44.3,26.5,reject
17,33.03,17.51,21.38,17.23,43.8,26.6,reject
17,32.49,17.07,21.05,17.37,43.3,26.5,reject
17,33.03,17.51,21.26,17.14,43.6,26.5,reject
17,32.67,17.0,21.05,17.31,43.5,26.5,reject
17,32.49,16.86,20.89,17.27,43.6,26.5,reject
17,32.67,16.58,21.34,17.45,44.5,26.6,reject
17,32.14,16.1,21.15,17.62,44.1,26.5,reject
17,33.03,16.79,21.17,17.39,44.3,26.5,reject
17,32.67,17.21,21.79,17.58,43.6,26.5,reject
17,32.67,16.65,21.54,17.68,44.4,26.5,reject
17,32.14,16.51,21.38,17.5,44.0,26.5,reject
17,32.49,16.1,20.93,17.5,44.0,26.6,reject
17,32.49,17.07,20.93,17.36,43.2,26.6,reject
17,33.03,17.43,21.17,17.14,43.7,26.5,reject
17,31.97,16.58,21.2,17.49,43.6,26.5,reject
17,32.49,16.44,20.69,17.29,44.0,26.5,reject
17,32.14,16.17,21.05,17.68,43.8,26.6,reject
17,32.14,16.51,21.41,17.52,44.2,26.6,reject
17,32.49,16.86,20.93,17.31,43.6,26.5,reject
17,32.49,16.93,20.87,17.4,43.3,26.6,reject
17,31.46,16.03,21.0,17.49,44.0,26.5,reject
17,33.03,17.29,21.17,17.15,43.9,26.5,reject
17,32.85,17.07,20.84,17.13,43.9,26.5,reject
17,33.21,17.58,21.48,17.4,43.7,26.5,reject
17,32.32,16.93,21.42,17.66,43.3,26.5,reject
17,32.49,16.17,20.97,17.59,43.9,26.5,reject
17,32.49,16.79,20.8,17.4,43.4,26.6,reject
17,33.21,17.81,21.62,17.35,43.6,26.5,reject
17,33.03,17.43,21.29,17.16,43.7,26.5,reject
17,32.49,16.58,20.81,17.28,43.9,26.6,reject
17,32.49,16.93,20.96,17.31,43.5,26.5,reject
17,32.49,16.65,20.78,17.3,43.8,26.5,reject
17,32.49,16.93,20.81,17.4,43.3,26.6,reject
17,32.32,16.3,20.69,17.49,43.7,26.6,reject
17,32.49,17.0,21.03,17.31,43.6,26.6,reject
17,32.85,16.79,20.8,17.14,44.1,26.5,reject
17,33.03,17.14,21.06,17.26,44.0,26.5,reject
17,33.03,17.43,21.11,17.14,43.7,26.5,reject
17,32.32,16.37,21.05,17.41,44.3,26.5,reject
17,32.67,17.07,21.07,17.35,43.3,26.5,reject
17,32.49,17.0,20.92,17.23,43.6,26.5,reject
17,33.03,17.36,21.25,17.18,43.8,26.5,reject
17,32.32,16.37,20.69,17.29,44.1,26.6,reject
17,32.49,16.17,20.79,17.31,44.2,26.6,reject
17,33.03,17.21,21.29,17.31,43.9,26.5,reject
17,32.49,16.72,20.78,17.4,43.4,26.6,reject
17,32.49,17.0,20.93,17.38,43.3,26.6,reject
17,32.49,17.0,21.02,17.31,43.5,26.6,reject
17,31.46,16.1,20.95,17.49,43.5,26.6,reject
17,33.03,16.58,21.05,17.31,44.3,26.5,reject
17,32.49,17.14,21.04,17.38,43.2,26.6,reject
17,32.49,16.93,20.97,17.31,43.5,26.5,reject
17,31.46,16.03,21.02,17.49,43.9,26.5,reject
17,32.67,17.43,21.3,17.5,43.2,26.5,reject
17,32.49,16.86,20.93,17.31,43.7,26.6,reject
17,33.21,17.51,21.29,17.23,43.9,26.6,reject
17,31.63,16.1,21.05,17.49,43.7,26.5,reject
17,33.03,16.65,21.38,17.48,44.4,26.5,reject
17,32.32,16.17,20.8,17.49,43.8,26.6,reject
17,32.49,16.93,20.86,17.21,43.6,26.5,reject
17,31.46,15.97,21.11,17.58,43.6,26.6,reject
17,33.21,17.36,21.18,17.15,43.9,26.5,reject
17,32.49,16.86,20.92,17.32,43.6,26.6,reject
17,31.46,16.03,21.05,17.55,44.1,26.5,reject
17,32.67,16.44,20.81,17.23,44.4,26.6,reject
17,32.49,16.58,20.8,17.26,43.9,26.6,reject
17,33.03,17.21,21.27,17.31,44.0,26.5,reject
17,33.21,17.43,21.32,17.32,43.8,26.5,reject
17,32.67,17.14,21.25,17.49,43.5,26.5,reject
17,32.49,16.51,20.8,17.31,43.8,26.5,reject
17,32.67,17.0,21.04,17.31,43.5,26.5,reject
17,32.14,16.58,21.3,17.35,44.4,26.6,reject
17,32.49,16.58,20.69,17.4,43.5,26.6,reject
17,33.03,17.43,21.17,17.19,43.8,26.6,reject
17,32.49,16.1,20.78,17.36,44.2,26.5,reject
17,31.97,16.58,21.41,17.65,43.3,26.5,reject
17,33.03,16.93,21.06,17.29,44.2,26.5,reject
17,32.67,17.07,21.06,17.33,43.4,26.5,reject
17,32.49,16.72,20.69,17.23,43.5,26.6,reject
17,31.97,16.44,21.22,17.31,44.1,26.5,reject
17,32.67,17.21,20.93,17.21,43.6,26.5,reject
17,33.21,17.14,21.23,17.37,44.1,26.6,reject
17,32.49,16.65,20.81,17.31,43.5,26.5,reject
17,31.46,15.9,20.93,17.41,43.5,26.5,reject
17,32.85,16.79,20.81,17.21,44.2,26.6,reject
17,32.49,16.93,20.92,17.24,43.6,26.5,reject
17,31.97,16.51,21.29,17.32,44.1,26.5,reject
17,31.46,15.9,20.93,17.41,43.8,26.6,reject
17,32.49,17.07,20.95,17.39,43.2,26.6,reject
17,32.49,17.0,21.04,17.31,43.6,26.6,reject
17,32.49,16.93,20.94,17.31,43.7,26.6,reject
17,32.67,17.36,21.29,17.49,43.2,26.5,reject
17,31.97,16.44,21.29,17.31,44.3,26.6,reject
17,32.49,16.65,20.81,17.26,43.7,26.5,reject
17,32.49,16.1,21.05,17.62,44.4,26.6,reject
17,32.67,17.21,21.29,17.49,43.5,26.5,reject
17,32.67,17.07,20.93,17.32,43.6,26.5,reject
17,32.49,16.93,20.93,17.32,43.6,26.6,reject
17,32.49,16.51,20.69,17.3,43.9,26.5,reject
17,31.97,16.58,21.28,17.31,44.2,26.5,reject
17,32.49,16.86,20.93,17.26,43.7,26.6,reject
17,33.03,17.43,21.17,17.23,43.7,26.5,reject
17,31.29,15.84,20.87,17.33,43.7,26.5,reject
17,32.49,17.0,21.0,17.3,43.6,26.6,reject
17,32.49,17.07,20.93,17.4,43.4,26.5,reject
17,31.46,16.17,21.05,17.56,43.7,26.6,reject
17,33.03,17.58,21.3,17.15,43.6,26.5,reject
17,31.8,16.17,21.06,17.65,43.8,26.5,reject
17,31.29,15.9,21.04,17.45,43.4,26.6,reject
17,33.03,17.43,21.18,17.21,43.7,26.5,reject
17,32.49,16.03,20.81,17.42,44.2,26.5,reject
17,33.21,17.43,21.41,17.38,43.8,26.5,reject
17,32.49,17.0,20.96,17.31,43.5,26.6,reject
17,32.67,17.14,21.13,17.36,43.5,26.6,reject
17,32.49,16.1,20.93,17.5,44.0,26.5,reject
17,31.29,15.97,20.94,17.46,43.4,26.6,reject
17,32.49,17.0,20.9,17.41,43.3,26.6,reject
17,33.03,17.51,21.27,17.14,43.7,26.5,reject
17,32.67,17.0,20.91,17.31,43.5,26.6,reject
17,32.14,16.03,21.05,17.66,44.4,26.6,reject
17,32.49,16.86,20.93,17.3,43.7,26.6,reject
17,32.32,16.72,21.67,17.66,43.7,26.5,reject
17,32.85,17.29,21.05,17.14,43.9,26.6,reject
17,32.32,16.03,21.05,17.65,44.4,26.6,reject
17,32.67,17.07,20.98,17.38,43.3,26.5,reject
17,31.63,16.17,20.86,17.23,43.9,26.5,reject
17,32.49,16.93,20.82,17.4,43.3,26.6,reject
17,32.85,16.58,21.06,17.41,44.4,26.5,reject
17,32.49,16.17,21.05,17.59,44.2,26.5,reject
17,32.85,17.36,21.05,17.14,43.8,26.5,reject
17,32.49,17.14,21.05,17.35,43.2,26.6,reject
17,33.21,17.0,21.17,17.4,44.2,26.5,reject
17,32.49,16.79,20.82,17.25,43.8,26.6,reject
17,32.85,16.93,21.05,17.19,44.2,26.6,reject
17,32.67,17.0,21.03,17.35,43.4,26.6,reject
17,33.21,16.65,21.47,17.67,44.4,26.5,reject
17,32.49,16.93,20.93,17.25,43.6,26.6,reject
17,33.21,17.0,21.18,17.38,44.2,26.5,reject
17,32.49,16.93,20.95,17.24,43.6,26.6,reject
17,33.03,17.43,21.19,17.14,43.7,26.6,reject
17,32.67,17.14,21.09,17.37,43.4,26.6,reject
17,32.14,16.51,21.42,17.54,44.3,26.5,reject
17,33.03,17.21,21.29,17.33,44.0,26.5,reject
17,31.46,16.03,21.04,17.52,44.0,26.5,reject
17,31.8,16.37,21.28,17.31,43.8,26.5,reject
17,33.03,17.66,21.57,17.4,43.6,26.5,reject
17,32.67,17.07,21.04,17.32,43.3,26.5,reject
17,31.97,16.37,21.05,17.39,44.3,26.5,reject
17,32.67,16.44,20.82,17.31,44.4,26.6,reject
17,33.03,17.58,21.29,17.14,43.6,26.5,reject
17,33.21,17.43,21.41,17.37,43.8,26.5,reject
17,32.49,16.58,20.78,17.27,43.9,26.6,reject
17,31.8,16.3,20.93,17.31,44.0,26.6,reject
17,32.49,16.79,20.81,17.23,43.7,26.5,reject
17,32.14,16.17,21.05,17.68,43.9,26.6,reject
17,32.49,16.58,20.8,17.39,43.7,26.6,reject
17,33.03,17.14,21.07,17.23,44.0,26.5,reject
17,32.49,16.3,20.69,17.29,44.0,26.6,reject
17,32.49,16.86,20.9,17.2,43.6,26.6,reject
17,32.67,17.29,21.05,17.31,43.6,26.5,reject
17,33.03,17.58,21.29,17.17,43.7,26.5,reject
17,32.49,16.86,20.91,17.31,43.6,26.6,reject
17,32.85,16.58,21.5,17.67,44.4,26.5,reject
17,33.03,16.86,21.04,17.22,44.3,26.6,reject
17,33.03,17.51,21.39,17.21,43.7,26.5,reject
17,33.03,17.29,21.03,17.13,43.9,26.6,reject
17,32.49,16.03,20.93,17.54,44.2,26.5,reject
17,32.49,16.86,20.93,17.31,43.7,26.5,reject
17,31.97,16.58,21.38,17.67,43.2,26.6,reject
17,32.85,16.58,21.52,17.65,44.4,26.5,reject
17,33.03,17.07,21.06,17.22,44.1,26.5,reject
17,32.49,16.03,20.82,17.41,44.2,26.6,reject
17,33.4,17.81,21.67,17.4,43.6,26.5,reject
17,32.49,16.72,20.81,17.32,43.6,26.6,reject
17,33.21,17.73,21.8,17.5,43.6,26.5,reject
17,32.67,17.29,21.22,17.47,43.5,26.5,reject
17,33.03,17.58,21.29,17.14,43.7,26.6,reject
17,33.21,17.73,21.42,17.24,43.6,26.5,reject
17,32.14,16.93,21.41,17.68,43.1,26.6,reject
17,32.49,17.07,21.05,17.31,43.4,26.5,reject
17,33.21,17.66,21.79,17.49,43.6,26.5,reject
17,32.14,16.3,21.03,17.39,44.3,26.5,reject
17,32.49,16.79,20.81,17.24,43.7,26.5,reject
17,32.85,17.07,20.88,17.22,44.0,26.5,reject
17,32.67,17.0,21.03,17.31,43.6,26.6,reject
17,32.67,16.44,21.07,17.49,44.4,26.5,reject
17,32.67,16.93,20.81,17.31,43.4,26.5,reject
17,32.32,16.93,21.36,17.61,43.4,26.5,reject
17,32.14,16.79,21.4,17.68,43.2,26.6,reject
17,32.49,16.93,20.93,17.28,43.6,26.6,reject
17,31.8,16.3,21.17,17.21,44.0,26.6,reject
17,32.67,17.07,21.05,17.33,43.4,26.6,reject
17,31.63,16.24,20.93,17.29,44.1,26.5,reject
17,32.85,16.58,20.81,17.21,44.3,26.5,reject
17,31.29,15.97,21.01,17.48,43.4,26.6,reject
17,31.97,16.79,21.4,17.67,43.2,26.6,reject
17,32.67,17.36,21.3,17.58,43.1,26.6,reject
17,32.14,16.65,21.38,17.4,44.3,26.5,reject
17,32.49,17.14,21.05,17.39,43.2,26.6,reject
17,32.32,16.86,21.36,17.63,43.5,26.6,reject
17,32.67,17.0,20.93,17.31,43.5,26.6,reject
17,33.21,17.29,21.3,17.31,43.9,26.5,reject
17,32.49,16.37,20.7,17.32,44.0,26.6,reject
17,32.49,16.93,20.83,17.39,43.3,26.6,reject
17,32.49,16.65,20.81,17.33,43.7,26.6,reject
17,33.21,17.21,21.28,17.31,44.0,26.6,reject
17,31.63,16.3,20.93,17.31,44.0,26.6,reject
17,32.14,16.65,21.41,17.67,43.3,26.5,reject
17,33.03,16.93,21.05,17.22,44.3,26.6,reject
17,32.49,16.93,20.93,17.24,43.6,26.6,reject
17,33.03,17.51,21.22,17.14,43.7,26.6,reject
17,32.49,16.93,20.81,17.38,43.3,26.6,reject
17,32.49,16.86,20.85,17.25,43.7,26.5,reject
17,31.46,16.17,21.05,17.57,43.7,26.6,reject
17,31.97,16.51,21.29,17.32,44.4,26.6,reject
17,31.46,16.03,21.05,17.51,43.3,26.6,reject
17,32.49,16.37,20.8,17.31,43.8,26.5,reject
17,32.49,16.65,21.54,17.67,44.3,26.5,reject
17,32.67,17.0,21.05,17.38,43.4,26.5,reject
17,33.03,17.51,21.42,17.3,43.7,26.5,reject
17,32.49,16.79,20.85,17.23,43.7,26.6,reject
17,32.49,16.17,20.81,17.42,44.0,26.6,reject
17,32.49,16.86,20.91,17.25,43.7,26.6,reject
17,32.49,16.58,20.81,17.32,43.7,26.5,reject
17,31.46,16.03,20.94,17.44,43.9,26.5,reject
17,33.03,17.58,21.29,17.23,43.7,26.6,reject
17,33.03,17.51,21.3,17.2,43.7,26.5,reject
17,32.85,17.29,21.05,17.31,43.6,26.5,reject
17,33.21,17.29,21.3,17.32,43.9,26.5,reject
17,31.97,16.17,21.07,17.63,44.0,26.6,reject
17,31.46,15.97,20.93,17.41,43.8,26.5,reject
17,31.8,16.03,21.06,17.57,44.1,26.5,reject
17,32.85,17.29,21.05,17.22,43.8,26.5,reject
17,32.85,17.36,21.04,17.16,43.8,26.5,reject
17,31.46,16.03,21.02,17.5,44.2,26.5,reject
17,33.03,17.07,21.17,17.28,44.0,26.5,reject
17,33.03,17.51,21.21,17.13,43.7,26.5,reject
17,32.49,17.07,20.98,17.38,43.2,26.6,reject
17,33.21,16.65,21.42,17.62,44.4,26.5,reject
17,32.49,16.03,20.89,17.47,44.2,26.6,reject
17,32.67,16.65,21.42,17.5,44.4,26.5,reject
17,32.49,16.93,20.94,17.3,43.7,26.6,reject
17,33.21,17.51,21.42,17.4,43.8,26.5,reject
17,32.67,17.36,21.67,17.42,43.6,26.5,reject
17,33.03,17.58,21.8,17.49,43.6,26.5,reject
17,32.49,16.65,20.81,17.25,43.9,26.6,reject
17,31.46,16.1,21.05,17.55,43.9,26.5,reject
17,32.49,16.37,20.69,17.3,44.1,26.6,reject
17,32.49,16.79,20.82,17.23,43.7,26.5,reject
17,32.49,16.86,20.91,17.3,43.7,26.5,reject
17,32.85,16.65,21.52,17.63,44.5,26.5,reject
17,32.14,16.17,21.08,17.6,43.9,26.5,reject
17,32.85,16.51,20.81,17.2,44.3,26.5,reject
17,31.46,16.1,21.17,17.59,43.2,26.6,reject
17,31.29,15.84,20.9,17.4,43.7,26.5,reject
17,32.67,17.07,21.03,17.33,43.3,26.5,reject
17,31.29,15.84,20.93,17.41,43.7,26.5,reject
17,32.49,16.86,20.93,17.27,43.7,26.6,reject
17,33.21,17.66,21.48,17.23,43.6,26.5,reject
17,33.03,16.72,21.18,17.4,44.3,26.5,reject
17,32.49,16.93,20.94,17.26,43.6,26.6,reject
17,32.85,17.66,21.64,17.4,43.6,26.5,reject
17,33.03,17.51,21.42,17.22,43.7,26.5,reject
17,33.03,17.51,21.23,17.14,43.7,26.5,reject
17,33.21,17.43,21.42,17.34,43.8,26.5,reject
17,31.29,15.84,20.93,17.4,43.8,26.6,reject
17,32.49,16.86,20.93,17.26,43.6,26.5,reject
17,32.32,16.17,21.05,17.68,43.9,26.6,reject
17,32.49,17.07,21.33,17.57,43.5,26.6,reject
17,32.85,16.72,20.81,17.13,44.1,26.5,reject
17,32.49,16.1,20.97,17.57,44.0,26.5,reject
17,33.03,17.36,21.17,17.22,44.0,26.6,reject
17,32.49,16.1,20.72,17.39,44.2,26.5,reject
17,33.03,17.36,21.28,17.17,43.8,26.5,reject
17,32.67,17.14,21.05,17.4,43.2,26.6,reject
17,33.03,17.21,21.26,17.31,43.9,26.5,reject
17,31.8,16.1,21.11,17.59,44.0,26.5,reject
17,33.03,17.36,21.22,17.15,43.8,26.5,reject
17,33.03,17.36,21.22,17.2,43.9,26.6,reject
17,32.49,16.17,20.93,17.66,43.9,26.6,reject
17,31.8,16.24,21.3,17.6,43.4,26.6,reject
17,32.49,16.79,20.82,17.25,43.7,26.5,reject
17,32.49,16.79,20.79,17.4,43.4,26.6,reject
17,32.49,16.65,20.72,17.41,43.4,26.6,reject
17,32.49,16.65,20.81,17.31,43.6,26.6,reject
17,32.49,16.79,20.85,17.31,43.7,26.6,reject
17,31.97,16.1,21.14,17.62,44.0,26.5,reject
17,32.85,17.07,20.85,17.14,44.0,26.5,reject
17,32.32,16.24,20.69,17.31,44.1,26.6,reject
17,32.49,16.65,20.81,17.32,43.7,26.5,reject
17,33.03,16.93,21.17,17.36,44.2,26.5,reject
17,32.49,16.65,20.81,17.26,43.8,26.5,reject
17,32.85,16.65,21.05,17.23,44.3,26.5,reject
17,31.97,16.44,21.29,17.29,43.8,26.5,reject
17,32.67,17.07,21.06,17.32,43.3,26.5,reject
17,32.67,16.93,20.8,17.29,43.4,26.5,reject
17,33.03,17.0,21.05,17.19,44.0,26.5,reject
17,31.29,15.9,21.05,17.47,43.6,26.6,reject
17,32.85,16.93,21.04,17.22,44.2,26.5,reject
17,31.8,16.37,21.3,17.62,43.5,26.5,reject
17,32.85,17.29,21.8,17.57,43.6,26.5,reject
17,32.49,16.37,20.69,17.41,43.7,26.6,reject
17,33.03,17.36,21.05,17.13,43.8,26.5,reject
17,32.49,17.14,21.42,17.62,43.3,26.5,reject
17,32.49,16.72,20.71,17.24,43.5,26.6,reject
17,32.85,17.51,21.68,17.43,43.6,26.5,reject
17,32.49,16.79,20.89,17.23,43.6,26.5,reject
17,31.97,16.37,21.29,17.28,43.7,26.5,reject
17,33.03,17.21,21.16,17.23,44.0,26.5,reject
17,32.49,16.93,20.84,17.22,43.6,26.5,reject
17,31.46,16.03,21.04,17.49,43.9,26.5,reject
17,32.85,16.58,21.3,17.49,44.4,26.5,reject
17,31.8,16.3,21.3,17.41,43.9,26.5,reject
17,32.49,17.07,21.29,17.49,43.6,26.6,reject
18,33.21,16.65,21.68,17.94,44.5,26.4,reject
18,33.4,17.29,21.49,17.4,44.0,26.5,reject
18,33.4,17.36,21.55,17.68,43.9,26.4,reject
18,33.4,17.66,21.68,17.41,43.6,26.4,reject
18,33.21,17.51,21.42,17.37,43.7,26.5,reject
18,33.58,17.81,21.92,17.68,43.6,26.4,reject
18,33.4,17.36,21.55,17.67,43.8,26.4,reject
18,33.4,17.66,21.67,17.4,43.6,26.4,reject
18,33.4,17.58,21.68,17.55,43.8,26.5,reject
18,32.32,16.72,21.67,17.67,44.1,26.4,reject
18,33.4,17.51,21.53,17.37,43.8,26.5,reject
18,33.4,17.73,21.67,17.41,43.7,26.5,reject
18,33.4,17.36,21.8,17.91,43.6,26.4,reject
18,33.58,17.29,21.52,17.68,43.9,26.4,reject
18,33.4,17.07,21.3,17.31,44.1,26.5,reject
18,33.21,17.07,21.41,17.4,44.0,26.4,reject
18,33.21,17.29,21.3,17.37,43.9,26.5,reject
18,33.4,17.51,21.54,17.38,43.8,26.5,reject
18,33.4,17.0,21.42,17.68,44.1,26.4,reject
18,33.4,16.65,21.44,17.5,44.4,26.5,reject
18,33.4,17.43,21.54,17.49,43.9,26.4,reject
18,32.49,16.65,21.67,17.67,44.4,26.5,reject
18,32.85,16.93,21.98,17.95,43.6,26.4,reject
18,33.4,17.73,22.04,17.68,43.6,26.4,reject
18,33.21,17.51,21.48,17.33,43.7,26.5,reject
18,33.4,17.07,21.42,17.68,44.1,26.4,reject
18,32.85,17.0,22.05,18.17,43.6,26.4,reject
18,33.58,17.36,21.54,17.69,43.9,26.4,reject
18,33.21,17.21,21.3,17.4,44.0,26.5,reject
18,33.58,17.14,21.42,17.68,44.0,26.4,reject
18,33.21,17.29,21.32,17.41,43.9,26.5,reject
18,33.4,17.43,21.5,17.39,43.9,26.5,reject
18,33.4,17.51,21.67,17.68,43.7,26.4,reject
18,31.97,16.44,21.42,17.41,43.8,26.5,reject
18,32.49,16.65,21.93,17.95,43.7,26.4,reject
18,33.21,16.79,21.42,17.67,44.3,26.4,reject
18,33.58,17.88,22.06,17.72,43.6,26.4,reject
18,32.85,16.93,22.04,18.05,43.6,26.4,reject
18,33.03,16.65,21.66,17.61,44.5,26.5,reject
18,33.03,17.43,22.09,17.81,43.6,26.4,reject
18,32.14,16.58,21.77,17.67,43.7,26.4,reject
18,33.58,17.73,22.06,17.93,43.6,26.4,reject
18,33.4,17.81,21.8,17.55,43.6,26.5,reject
18,33.58,17.58,21.68,17.68,43.7,26.4,reject
18,33.4,17.58,21.66,17.4,43.6,26.5,reject
18,33.4,17.14,21.42,17.59,44.0,26.4,reject
18,33.58,17.51,21.67,17.7,43.7,26.4,reject
18,33.4,16.86,21.41,17.68,44.2,26.4,reject
18,32.67,17.07,21.82,17.67,43.6,26.5,reject
18,33.4,17.43,21.66,17.68,43.8,26.4,reject
18,33.58,17.58,21.69,17.68,43.7,26.4,reject
18,33.4,17.51,21.54,17.36,43.8,26.5,reject
18,33.21,17.21,21.29,17.4,43.9,26.5,reject
18,33.4,16.86,21.39,17.68,44.2,26.4,reject
18,33.58,17.51,21.67,17.68,43.8,26.4,reject
18,33.21,16.93,21.3,17.31,44.2,26.5,reject
18,33.4,17.21,21.44,17.68,44.0,26.4,reject
18,33.4,17.29,21.54,17.72,43.8,26.4,reject
18,33.4,17.51,21.69,17.68,43.6,26.4,reject
18,32.14,16.44,21.55,17.52,43.9,26.4,reject
18,33.21,17.58,21.54,17.41,43.7,26.5,reject
18,32.85,16.65,21.79,17.76,44.4,26.4,reject
18,33.4,17.58,21.74,17.59,43.6,26.4,reject
18,33.4,17.14,21.41,17.35,44.0,26.4,reject
18,33.4,17.43,21.6,17.68,43.7,26.4,reject
18,32.85,17.07,22.05,17.97,43.6,26.4,reject
18,32.32,16.51,21.62,17.76,44.2,26.4,reject
18,33.4,17.14,21.42,17.68,44.0,26.4,reject
18,33.03,17.43,22.06,17.69,43.6,26.4,reject
18,33.4,16.65,21.66,17.68,44.5,26.4,reject
18,33.58,17.43,21.55,17.49,43.8,26.4,reject
18,33.4,17.66,21.64,17.4,43.7,26.5,reject
18,33.21,17.51,21.49,17.34,43.7,26.5,reject
18,33.58,17.73,21.81,17.74,43.6,26.4,reject
18,33.4,17.58,21.54,17.4,43.7,26.5,reject
18,33.4,17.36,21.8,17.92,43.7,26.4,reject
18,33.58,16.65,21.63,17.92,44.4,26.4,reject
18,33.4,17.58,21.65,17.4,43.7,26.5,reject
18,33.58,17.88,21.93,17.66,43.6,26.4,reject
18,33.03,17.29,22.06,17.84,43.6,26.4,reject
18,32.14,16.3,21.54,17.68,43.9,26.4,reject
18,31.97,16.37,21.54,17.49,43.8,26.5,reject
18,33.4,17.58,21.56,17.43,43.8,26.4,reject
18,33.58,17.51,21.67,17.68,43.7,26.4,reject
18,33.4,17.29,21.8,17.91,43.6,26.4,reject
18,33.21,17.58,22.06,17.87,43.6,26.4,reject
18,32.85,16.58,21.69,17.92,44.4,26.4,reject
18,33.4,17.14,21.32,17.31,44.1,26.5,reject
18,33.58,17.58,21.75,17.68,43.6,26.4,reject
18,33.58,17.29,21.54,17.73,43.9,26.4,reject
18,33.4,17.36,21.54,17.68,43.8,26.4,reject
18,32.32,16.44,21.8,17.86,43.7,26.4,reject
18,33.4,17.58,21.65,17.41,43.7,26.5,reject
18,33.21,17.51,21.54,17.39,43.7,26.5,reject
18,33.4,17.43,21.67,17.5,43.7,26.4,reject
18,33.21,16.72,21.42,17.52,44.3,26.4,reject
18,33.4,17.43,21.54,17.68,43.8,26.4,reject
18,33.4,16.65,21.42,17.68,44.3,26.4,reject
18,33.21,17.29,21.79,17.88,43.6,26.4,reject
18,33.4,17.43,21.54,17.41,43.8,26.4,reject
18,33.4,17.51,22.06,17.96,43.6,26.4,reject
18,33.4,17.58,21.54,17.38,43.7,26.5,reject
18,33.4,17.66,21.64,17.4,43.8,26.5,reject
18,32.32,16.58,21.67,17.9,44.2,26.4,reject
18,32.32,16.58,21.54,17.5,44.1,26.5,reject
18,33.4,17.66,21.63,17.39,43.7,26.5,reject
18,33.21,17.14,21.29,17.35,44.0,26.5,reject
18,32.32,16.37,21.93,18.15,43.6,26.4,reject
18,33.58,17.66,21.71,17.49,43.6,26.4,reject
18,32.32,16.44,21.58,17.8,44.3,26.4,reject
18,33.4,16.79,21.72,17.68,44.5,26.5,reject
18,33.4,17.43,21.55,17.49,43.8,26.4,reject
18,33.4,17.51,21.54,17.35,43.8,26.5,reject
18,33.4,17.58,21.71,17.57,43.7,26.4,reject
18,33.58,17.73,21.75,17.48,43.7,26.5,reject
18,33.21,17.36,21.42,17.4,43.8,26.5,reject
18,33.4,17.58,21.58,17.4,43.7,26.5,reject
18,33.4,17.29,21.52,17.67,43.9,26.4,reject
18,33.58,17.66,21.78,17.68,43.6,26.4,reject
18,33.4,17.43,21.66,17.68,43.7,26.4,reject
18,33.4,17.51,21.55,17.41,43.7,26.4,reject
18,33.21,17.29,21.8,17.87,43.6,26.4,reject
18,33.58,17.58,21.8,17.9,43.7,26.4,reject
18,33.4,16.79,21.39,17.67,44.3,26.4,reject
18,33.4,17.29,21.54,17.49,43.9,26.4,reject
18,33.4,16.79,21.43,17.49,44.3,26.4,reject
18,33.4,17.29,21.54,17.77,43.9,26.4,reject
18,33.21,16.58,21.42,17.68,44.4,26.4,reject
18,32.14,16.65,21.54,17.61,44.3,26.5,reject
18,33.03,17.43,21.86,17.66,43.6,26.5,reject
18,33.4,16.79,21.8,17.82,44.5,26.4,reject
18,32.32,16.51,21.56,17.7,44.1,26.4,reject
18,33.21,17.66,21.56,17.49,43.7,26.5,reject
18,32.14,16.44,21.67,17.58,43.8,26.4,reject
18,33.21,16.58,21.29,17.49,44.3,26.5,reject
18,33.21,16.65,21.78,18.04,44.5,26.4,reject
18,32.85,16.65,21.77,17.93,44.4,26.4,reject
18,33.58,17.58,21.71,17.86,43.7,26.4,reject
18,33.58,16.65,21.56,17.87,44.4,26.4,reject
18,33.4,17.66,21.67,17.41,43.7,26.5,reject
18,33.21,17.51,21.43,17.32,43.7,26.5,reject
18,33.4,17.43,21.51,17.32,43.8,26.4,reject
18,33.58,17.66,21.8,17.7,43.6,26.4,reject
18,33.58,17.51,21.67,17.67,43.7,26.4,reject
18,33.77,17.81,22.05,17.96,43.6,26.4,reject
18,33.4,16.79,21.39,17.4,44.2,26.4,reject
18,33.77,17.96,21.92,17.59,43.6,26.4,reject
18,33.4,17.58,21.67,17.51,43.7,26.4,reject
18,33.4,17.66,21.67,17.43,43.7,26.5,reject
18,33.4,17.51,21.54,17.34,43.8,26.4,reject
18,32.32,16.44,21.53,17.47,44.0,26.4,reject
18,32.49,16.58,21.67,17.94,44.4,26.4,reject
18,32.14,16.3,21.54,17.64,43.9,26.4,reject
18,31.97,16.37,21.42,17.41,43.8,26.5,reject
18,33.58,17.51,21.67,17.76,43.7,26.4,reject
18,33.4,17.29,21.5,17.47,43.9,26.4,reject
18,33.4,17.66,22.0,17.87,43.6,26.4,reject
18,33.21,17.36,21.8,17.94,43.7,26.4,reject
18,33.4,17.58,21.71,17.57,43.6,26.4,reject
18,33.4,17.36,22.05,18.14,43.6,26.4,reject
18,33.4,16.72,21.55,17.59,44.4,26.5,reject
18,33.21,16.79,21.62,17.76,44.4,26.5,reject
18,32.32,16.65,21.65,17.61,44.3,26.5,reject
18,32.14,16.44,21.67,17.57,43.7,26.4,reject
18,33.21,16.72,21.67,17.64,44.5,26.5,reject
18,33.4,17.29,21.42,17.32,43.9,26.5,reject
18,32.32,16.58,21.55,17.57,44.3,26.5,reject
18,33.21,17.51,21.51,17.32,43.7,26.5,reject
18,33.4,17.43,21.6,17.68,43.8,26.4,reject
18,32.14,16.51,21.43,17.51,44.3,26.5,reject
18,33.4,16.72,21.72,17.77,44.5,26.4,reject
18,33.4,17.0,21.41,17.68,44.1,26.4,reject
18,32.32,16.58,21.65,17.59,44.2,26.4,reject
18,32.49,16.51,21.61,17.84,44.1,26.4,reject
18,33.03,16.72,21.7,17.68,44.4,26.4,reject
18,33.4,17.66,21.54,17.39,43.6,26.5,reject
18,33.58,17.58,21.67,17.78,43.7,26.4,reject
18,33.4,17.58,21.67,17.41,43.7,26.5,reject
18,33.4,17.29,21.8,17.88,43.6,26.4,reject
18,32.32,16.65,21.58,17.56,44.3,26.5,reject
18,33.4,16.72,21.42,17.71,44.3,26.4,reject
18,32.49,16.65,21.55,17.67,44.3,26.5,reject
18,33.4,17.21,21.46,17.49,44.0,26.4,reject
18,33.4,17.58,21.69,17.48,43.6,26.4,reject
18,32.49,16.58,21.69,17.95,44.3,26.4,reject
18,33.4,17.58,21.67,17.43,43.7,26.5,reject
18,32.85,16.65,21.67,17.66,44.4,26.5,reject
18,33.4,17.66,21.67,17.4,43.7,26.5,reject
18,33.4,17.14,21.42,17.41,44.1,26.4,reject
18,33.21,17.58,22.06,17.69,43.6,26.4,reject
18,33.4,17.43,21.42,17.4,43.8,26.5,reject
18,33.58,17.51,21.68,17.68,43.7,26.4,reject
18,33.21,16.72,21.8,18.05,44.5,26.4,reject
18,32.85,17.36,21.93,17.68,43.6,26.5,reject
18,32.49,16.65,21.7,17.86,44.4,26.4,reject
18,33.4,17.51,21.54,17.38,43.7,26.5,reject
18,33.21,17.58,21.54,17.38,43.6,26.5,reject
18,33.4,16.93,21.42,17.67,44.2,26.4,reject
18,33.4,17.43,21.54,17.35,43.8,26.5,reject
18,33.4,17.58,21.55,17.36,43.8,26.5,reject
18,33.4,17.29,21.42,17.32,44.0,26.5,reject
18,32.32,16.51,21.63,17.68,44.2,26.4,reject
18,33.4,17.14,21.41,17.41,44.1,26.4,reject
18,33.4,17.36,21.8,17.9,43.6,26.4,reject
18,33.4,17.51,21.68,17.68,43.7,26.4,reject
18,32.67,16.65,21.72,17.68,44.4,26.4,reject
18,33.4,17.81,21.8,17.58,43.6,26.5,reject
18,33.4,17.51,21.55,17.67,43.8,26.4,reject
18,33.21,17.58,21.92,17.58,43.6,26.5,reject
18,32.32,16.44,21.68,17.79,43.8,26.4,reject
18,33.4,17.58,21.67,17.41,43.8,26.5,reject
18,33.4,17.14,21.42,17.4,44.0,26.4,reject
18,33.4,17.36,21.55,17.52,43.8,26.4,reject
18,33.03,17.29,22.06,17.96,43.6,26.4,reject
18,33.4,17.58,21.68,17.68,43.6,26.4,reject
18,32.14,16.3,21.52,17.59,43.9,26.4,reject
18,32.85,16.65,21.58,17.68,44.4,26.5,reject
18,33.4,17.29,21.53,17.73,43.9,26.4,reject
18,33.4,17.51,21.66,17.44,43.7,26.4,reject
18,33.4,16.58,21.43,17.79,44.4,26.4,reject
18,33.21,17.51,21.52,17.4,43.7,26.5,reject
18,33.58,17.43,21.55,17.68,43.8,26.4,reject
18,33.4,17.36,21.54,17.68,43.9,26.4,reject
18,33.4,17.43,21.8,17.9,43.7,26.4,reject
18,33.4,17.36,21.54,17.49,43.8,26.4,reject
18,32.32,16.44,21.64,17.58,43.7,26.5,reject
18,33.4,17.66,21.55,17.39,43.7,26.5,reject
18,33.4,17.58,21.56,17.4,43.7,26.5,reject
18,33.4,17.43,21.54,17.42,43.8,26.4,reject
18,33.4,17.66,21.77,17.59,43.7,26.4,reject
18,33.4,17.58,21.64,17.43,43.7,26.4,reject
18,33.4,17.07,21.42,17.59,44.1,26.4,reject
18,33.4,17.58,21.55,17.4,43.8,26.5,reject
18,33.58,17.58,21.8,17.87,43.7,26.4,reject
18,33.4,16.79,21.67,17.67,44.5,26.5,reject
18,33.4,16.65,21.7,17.96,44.5,26.4,reject
18,33.4,16.93,21.35,17.39,44.3,26.5,reject
18,33.4,17.58,21.65,17.4,43.6,26.5,reject
18,33.4,16.79,21.42,17.52,44.3,26.4,reject
18,33.21,17.51,22.06,17.89,43.6,26.4,reject
18,33.4,16.58,21.42,17.71,44.4,26.4,reject
18,33.58,17.66,21.75,17.49,43.6,26.4,reject
18,33.4,17.51,21.63,17.5,43.8,26.4,reject
18,33.4,17.58,21.58,17.34,43.7,26.5,reject
18,33.4,17.58,21.64,17.46,43.8,26.4,reject
18,33.21,16.79,21.42,17.45,44.3,26.4,reject
18,33.4,17.58,21.68,17.54,43.7,26.4,reject
18,33.4,17.36,21.47,17.39,43.8,26.4,reject
18,33.21,17.58,21.54,17.4,43.7,26.5,reject
18,33.4,17.21,21.48,17.68,44.0,26.4,reject
18,33.58,17.43,21.55,17.73,43.8,26.4,reject
18,33.21,17.29,21.8,17.88,43.6,26.4,reject
18,33.58,17.58,21.72,17.68,43.6,26.4,reject
18,33.4,17.58,21.68,17.52,43.7,26.4,reject
18,33.4,17.21,21.46,17.68,44.0,26.4,reject
18,33.58,17.81,21.91,17.78,43.6,26.4,reject
18,33.21,16.79,21.29,17.33,44.3,26.5,reject
18,33.4,17.66,21.69,17.49,43.6,26.4,reject
18,33.21,17.51,22.06,17.97,43.6,26.4,reject
18,33.4,17.58,21.67,17.68,43.7,26.4,reject
18,33.4,17.43,21.54,17.41,43.9,26.4,reject
18,33.4,17.21,21.43,17.68,44.0,26.4,reject
18,31.97,16.44,21.54,17.54,43.7,26.5,reject
18,33.4,17.14,21.31,17.31,44.0,26.5,reject
18,33.4,16.65,21.42,17.59,44.4,26.5,reject
18,33.21,17.51,22.07,17.77,43.6,26.4,reject
18,33.21,17.43,21.42,17.42,43.8,26.5,reject
18,32.32,16.51,21.54,17.55,44.0,26.4,reject
18,33.21,16.93,21.29,17.45,44.2,26.5,reject
18,33.21,17.36,21.41,17.4,43.9,26.5,reject
18,33.58,17.66,22.06,17.96,43.6,26.4,reject
18,32.85,16.65,21.71,17.96,44.4,26.4,reject
18,32.32,16.58,21.65,17.68,44.0,26.4,reject
18,33.4,17.29,21.54,17.7,43.8,26.4,reject
18,33.58,17.66,21.67,17.4,43.7,26.5,reject
18,33.03,16.58,21.69,17.96,44.4,26.4,reject
18,33.4,17.73,21.67,17.46,43.6,26.5,reject
18,33.4,17.43,21.8,17.94,43.7,26.4,reject
18,33.58,17.73,21.69,17.44,43.7,26.5,reject
18,33.21,16.65,21.3,17.49,44.3,26.5,reject
18,32.32,16.58,21.75,17.66,43.7,26.4,reject
18,33.21,16.93,21.42,17.49,44.2,26.4,reject
18,33.4,17.58,21.55,17.41,43.7,26.5,reject
18,33.03,16.72,21.79,17.73,44.5,26.4,reject
18,33.4,17.66,21.57,17.41,43.7,26.5,reject
18,32.32,16.58,21.81,17.68,43.7,26.4,reject
18,32.85,16.58,21.67,17.86,44.4,26.4,reject
18,32.32,16.37,21.67,17.68,43.9,26.4,reject
18,32.32,16.3,21.56,17.77,43.8,26.4,reject
18,33.4,17.51,21.48,17.4,43.7,26.5,reject
18,32.32,16.44,21.58,17.86,44.2,26.4,reject
18,33.4,17.21,21.46,17.43,43.9,26.4,reject
18,33.4,17.21,21.44,17.49,44.0,26.4,reject
18,32.67,16.79,21.93,17.68,43.7,26.5,reject
18,33.4,17.58,21.67,17.41,43.7,26.4,reject
18,32.67,16.72,21.67,17.61,44.4,26.5,reject
18,33.4,17.29,21.43,17.4,43.9,26.4,reject
18,33.21,17.58,21.51,17.35,43.7,26.5,reject
18,33.4,17.36,21.42,17.33,43.9,26.5,reject
18,32.14,16.51,21.42,17.47,44.0,26.5,reject
18,33.4,17.51,21.55,17.45,43.8,26.4,reject
18,32.85,17.0,22.03,18.03,43.6,26.4,reject
18,33.21,17.43,21.42,17.31,43.7,26.5,reject
18,33.21,16.79,21.59,17.73,44.4,26.5,reject
18,33.4,17.36,21.53,17.68,43.9,26.4,reject
18,33.21,17.29,21.79,17.87,43.6,26.4,reject
18,33.03,16.65,21.71,17.97,44.5,26.4,reject
18,33.58,17.58,21.69,17.7,43.7,26.4,reject
18,33.4,17.0,21.29,17.31,44.2,26.5,reject
18,33.21,17.07,21.3,17.41,44.1,26.5,reject
18,32.85,17.14,22.05,17.75,43.7,26.5,reject
18,33.21,17.14,21.29,17.39,44.0,26.5,reject
18,33.4,17.36,21.5,17.4,43.9,26.4,reject
18,33.21,17.73,21.92,17.68,43.6,26.5,reject
18,32.32,16.51,21.8,17.78,43.7,26.4,reject
18,33.21,17.36,22.06,17.95,43.6,26.4,reject
18,33.4,16.79,21.8,17.76,44.5,26.4,reject
18,33.21,17.36,22.06,18.0,43.6,26.4,reject
18,33.4,16.58,21.54,17.79,44.4,26.4,reject
18,33.21,17.43,21.43,17.4,43.7,26.5,reject
18,33.21,16.65,21.53,17.68,44.4,26.5,reject
18,32.32,16.58,21.67,17.73,44.1,26.4,reject
18,33.4,17.21,21.42,17.4,43.9,26.4,reject
18,33.21,17.29,21.78,17.88,43.6,26.4,reject
18,33.4,16.79,21.42,17.41,44.4,26.5,reject
18,33.4,17.58,21.71,17.58,43.7,26.4,reject
18,33.58,17.73,21.69,17.42,43.6,26.4,reject
18,33.58,17.58,21.7,17.68,43.7,26.4,reject
18,33.4,17.29,21.51,17.68,44.0,26.4,reject
18,33.58,17.73,22.02,17.94,43.6,26.4,reject
18,33.4,17.0,21.41,17.65,44.1,26.4,reject
18,33.4,17.29,21.53,17.49,43.9,26.4,reject
18,32.85,17.21,21.92,17.59,43.6,26.5,reject
18,33.21,17.51,21.43,17.37,43.7,26.5,reject
18,32.32,16.58,21.54,17.49,44.2,26.5,reject
18,33.58,17.66,21.72,17.52,43.7,26.4,reject
18,32.32,16.44,21.57,17.79,44.0,26.4,reject
18,33.03,17.43,22.03,17.68,43.6,26.5,reject
18,33.21,17.07,21.29,17.4,44.1,26.5,reject
18,32.85,17.14,22.04,17.77,43.6,26.4,reject
18,33.4,17.43,21.55,17.74,43.8,26.4,reject
18,33.21,17.51,21.54,17.38,43.7,26.5,reject
18,33.21,17.0,21.42,17.49,44.2,26.4,reject
18,33.4,17.58,21.61,17.4,43.7,26.5,reject
18,32.49,16.65,21.81,17.67,43.7,26.4,reject
18,33.4,17.51,21.67,17.54,43.7,26.4,reject
18,32.32,16.72,21.67,17.68,44.1,26.4,reject
18,33.4,17.51,21.67,17.52,43.7,26.4,reject
18,33.58,17.81,22.05,17.68,43.6,26.4,reject
18,33.4,16.79,21.77,17.68,44.5,26.5,reject
18,33.4,17.58,21.54,17.39,43.7,26.5,reject
18,33.4,17.43,21.67,17.68,43.7,26.4,reject
18,33.21,16.65,21.42,17.68,44.4,26.4,reject
18,32.14,16.51,21.42,17.49,43.9,26.5,reject
18,33.4,16.58,21.51,17.77,44.4,26.4,reject
18,32.32,16.58,21.58,17.58,44.1,26.4,reject
18,33.58,17.73,21.81,17.71,43.6,26.4,reject
18,33.03,16.58,21.69,17.93,44.5,26.4,reject
18,33.4,17.58,21.54,17.4,43.8,26.5,reject
18,33.4,16.86,21.41,17.41,44.2,26.4,reject
18,33.58,17.43,21.63,17.68,43.7,26.4,reject
18,33.21,16.72,21.79,17.95,44.5,26.4,reject
18,33.4,16.72,21.68,17.68,44.4,26.4,reject
18,33.4,17.14,21.3,17.4,44.0,26.5,reject
18,32.49,16.58,21.66,17.78,44.1,26.4,reject
18,33.4,17.36,21.54,17.49,43.9,26.4,reject
18,33.4,17.14,21.36,17.32,44.0,26.5,reject
18,33.4,16.93,21.42,17.7,44.2,26.4,reject
18,33.58,17.73,21.79,17.49,43.6,26.4,reject
18,33.4,17.51,21.67,17.68,43.6,26.4,reject
18,33.4,17.21,21.45,17.68,44.0,26.4,reject
18,33.4,17.51,21.8,17.89,43.7,26.4,reject
18,33.58,17.51,21.8,17.91,43.7,26.4,reject
18,33.4,17.43,21.91,17.98,43.5,26.4,reject
18,33.21,16.86,21.32,17.34,44.3,26.5,reject
18,33.21,16.72,21.29,17.41,44.3,26.5,reject
18,33.21,17.0,21.42,17.49,44.1,26.4,reject
18,33.21,16.72,21.69,17.68,44.5,26.4,reject
18,32.85,17.14,22.05,17.78,43.7,26.5,reject
18,33.4,17.36,21.42,17.31,43.9,26.5,reject
18,32.85,16.65,21.73,17.95,44.4,26.4,reject
18,33.4,16.65,21.55,17.86,44.5,26.4,reject
18,33.58,17.43,21.58,17.74,43.8,26.4,reject
18,33.4,17.51,21.67,17.51,43.7,26.4,reject
18,33.4,17.36,21.42,17.37,44.0,26.5,reject
18,33.4,17.66,21.67,17.49,43.7,26.5,reject
18,33.21,17.29,21.39,17.36,43.8,26.5,reject
18,33.4,16.72,21.43,17.49,44.3,26.4,reject
18,33.4,17.58,21.67,17.5,43.7,26.4,reject
18,32.85,17.07,22.05,17.79,43.7,26.5,reject
18,33.4,17.29,21.49,17.5,44.0,26.4,reject
18,33.4,17.07,21.42,17.68,44.0,26.4,reject
18,33.4,17.58,21.67,17.49,43.7,26.4,reject
18,33.03,16.58,21.68,17.95,44.4,26.4,reject
18,33.4,17.51,21.61,17.68,43.8,26.4,reject
18,32.85,17.07,22.05,17.84,43.6,26.4,reject
18,33.4,17.51,21.67,17.5,43.8,26.4,reject
18,33.21,16.72,21.29,17.49,44.3,26.5,reject
18,32.85,16.65,21.77,17.97,44.4,26.4,reject
18,33.4,16.93,21.42,17.68,44.2,26.4,reject
18,33.4,17.51,21.67,17.56,43.7,26.4,reject
18,33.4,17.58,21.67,17.48,43.7,26.4,reject
18,33.4,17.29,21.8,17.9,43.6,26.4,reject
18,32.67,16.65,21.66,17.64,44.4,26.5,reject
18,32.32,16.65,21.55,17.51,44.2,26.5,reject
18,33.21,17.29,22.05,18.15,43.6,26.4,reject
18,33.4,17.43,21.54,17.4,43.8,26.4,reject
18,32.49,16.58,21.91,17.96,43.6,26.4,reject
18,33.4,17.36,21.53,17.67,43.8,26.4,reject
18,33.4,17.07,21.42,17.56,44.1,26.4,reject
18,33.4,17.58,21.68,17.42,43.7,26.4,reject
18,33.4,17.58,21.61,17.41,43.7,26.4,reject
18,33.58,17.66,21.72,17.49,43.6,26.4,reject
18,33.4,17.51,21.69,17.67,43.6,26.4,reject
18,33.4,17.51,21.67,17.54,43.8,26.4,reject
18,33.4,17.43,21.55,17.68,43.8,26.4,reject
18,32.85,17.07,22.06,18.05,43.6,26.4,reject
18,33.4,16.72,21.43,17.68,44.3,26.4,reject
18,33.4,17.88,21.97,17.65,43.6,26.5,reject
18,33.4,16.93,21.39,17.4,44.1,26.4,reject
18,33.4,17.66,21.54,17.4,43.6,26.5,reject
18,33.4,17.21,21.47,17.68,44.0,26.4,reject
18,33.4,16.72,21.7,17.74,44.5,26.4,reject
18,33.21,17.58,21.51,17.4,43.7,26.5,reject
18,32.14,16.44,21.54,17.47,43.9,26.5,reject
18,33.4,17.58,21.73,17.58,43.6,26.4,reject
18,31.97,15.97,21.56,17.95,43.7,26.4,reject
18,32.67,17.0,21.97,17.7,43.7,26.5,reject
18,32.85,17.29,21.93,17.68,43.6,26.5,reject
18,32.49,16.58,21.95,18.18,43.6,26.4,reject
18,33.4,16.65,21.53,17.76,44.4,26.4,reject
18,32.14,16.37,21.42,17.41,44.0,26.5,reject
18,33.4,17.73,21.93,17.59,43.6,26.5,reject
18,33.4,17.43,21.43,17.37,43.7,26.5,reject
18,33.21,17.43,21.42,17.4,43.8,26.5,reject
18,33.58,17.43,21.66,17.68,43.7,26.4,reject
18,33.77,17.88,21.93,17.86,43.6,26.4,reject
18,32.67,16.51,21.68,17.86,44.4,26.4,reject
18,33.4,16.79,21.42,17.68,44.3,26.4,reject
18,33.03,16.72,21.68,17.68,44.5,26.5,reject
18,33.58,17.51,21.64,17.68,43.8,26.4,reject
18,33.4,17.66,21.67,17.49,43.7,26.4,reject
18,33.4,17.43,21.59,17.68,43.8,26.4,reject
18,32.14,16.37,21.69,17.68,43.8,26.4,reject
18,32.32,16.72,21.66,17.59,44.0,26.4,reject
18,33.58,17.58,21.76,17.68,43.6,26.4,reject
18,32.32,16.65,21.67,17.65,44.3,26.5,reject
18,33.4,16.65,21.67,17.94,44.5,26.4,reject
18,33.4,17.58,21.61,17.38,43.7,26.5,reject
18,32.85,16.58,21.74,17.96,44.4,26.4,reject
18,33.58,17.58,21.73,17.68,43.6,26.4,reject
18,33.4,17.58,21.56,17.4,43.6,26.5,reject
18,33.77,17.96,21.97,17.68,43.6,26.4,reject
18,32.49,16.58,21.53,17.59,44.3,26.5,reject
18,33.4,17.29,21.52,17.68,44.0,26.4,reject
18,33.21,16.65,21.78,17.73,44.5,26.4,reject
18,33.4,17.14,21.42,17.67,44.0,26.4,reject
18,33.21,16.65,21.49,17.59,44.4,26.5,reject
18,33.21,17.51,21.46,17.35,43.7,26.5,reject
18,33.4,17.58,21.61,17.42,43.7,26.5,reject
18,33.21,17.51,21.42,17.31,43.7,26.5,reject
18,33.21,17.51,21.46,17.34,43.7,26.5,reject
18,33.03,16.72,21.68,17.66,44.4,26.5,reject
18,32.85,17.29,21.93,17.63,43.6,26.5,reject
18,33.4,17.66,21.56,17.41,43.7,26.5,reject
18,33.4,17.29,21.53,17.68,43.9,26.4,reject
18,32.32,16.44,21.57,17.77,44.0,26.4,reject
18,33.21,17.58,21.94,17.65,43.6,26.5,reject
18,32.85,16.65,21.54,17.68,44.4,26.5,reject
18,33.4,17.43,21.66,17.5,43.8,26.4,reject
18,33.4,17.51,21.54,17.32,43.8,26.5,reject
18,32.67,16.93,22.02,17.9,43.6,26.4,reject
18,33.4,17.29,21.53,17.66,43.9,26.4,reject
18,32.49,16.72,22.01,18.18,43.5,26.4,reject
18,33.21,17.21,21.29,17.32,43.9,26.5,reject
18,33.4,17.51,21.56,17.41,43.8,26.4,reject
18,33.4,17.51,21.67,17.5,43.7,26.4,reject
18,33.21,16.72,21.32,17.4,44.3,26.5,reject
18,33.21,16.58,21.42,17.49,44.4,26.5,reject
18,33.4,17.36,21.8,17.92,43.6,26.4,reject
18,33.58,17.51,21.7,17.68,43.6,26.4,reject
18,33.4,17.58,21.65,17.39,43.7,26.5,reject
18,33.21,16.86,21.28,17.41,44.2,26.5,reject
18,33.4,17.14,21.43,17.68,44.0,26.4,reject
18,33.4,17.51,22.06,17.73,43.6,26.4,reject
18,32.67,16.86,21.97,17.96,43.7,26.4,reject
18,32.32,16.51,21.65,17.73,44.3,26.4,reject
18,33.03,17.36,22.07,18.05,43.6,26.4,reject
18,33.4,16.65,21.54,17.57,44.4,26.5,reject
18,33.21,17.29,21.38,17.4,43.9,26.5,reject
18,33.58,17.81,21.8,17.49,43.7,26.5,reject
18,32.32,16.51,21.53,17.46,44.0,26.4,reject
18,33.4,17.21,21.41,17.31,44.1,26.5,reject
18,33.58,17.66,21.74,17.49,43.6,26.4,reject
18,32.32,16.58,21.66,17.78,44.0,26.4,reject
18,33.58,17.58,21.74,17.68,43.6,26.4,reject
18,33.4,17.51,21.67,17.67,43.7,26.4,reject
18,33.21,17.36,22.06,17.96,43.6,26.4,reject
18,33.4,16.58,21.56,17.86,44.5,26.4,reject
18,33.21,17.43,21.57,17.67,43.8,26.4,reject
18,32.49,17.0,21.9,17.68,43.6,26.5,reject
18,33.21,17.36,21.42,17.34,43.8,26.5,reject
18,33.4,16.72,21.42,17.68,44.3,26.4,reject
18,33.4,17.51,21.61,17.4,43.7,26.4,reject
18,32.49,16.58,21.67,17.86,44.1,26.4,reject
18,32.85,17.21,21.93,17.65,43.6,26.5,reject
18,32.32,16.44,21.72,17.82,43.7,26.4,reject
18,33.4,17.43,21.51,17.32,43.9,26.5,reject
18,33.58,17.58,21.79,17.72,43.6,26.4,reject
18,33.4,17.66,21.54,17.43,43.7,26.5,reject
18,32.49,16.65,21.98,18.19,43.6,26.4,reject
18,33.4,17.51,21.64,17.49,43.8,26.4,reject
18,33.4,17.58,21.55,17.35,43.8,26.5,reject
18,33.58,17.88,21.92,17.58,43.7,26.5,reject
18,33.4,17.29,21.43,17.47,44.0,26.4,reject
18,32.67,16.58,21.67,17.86,44.4,26.4,reject
18,33.4,17.73,21.7,17.49,43.6,26.4,reject
18,32.32,16.58,21.8,17.67,43.7,26.4,reject
18,33.4,16.72,21.74,17.97,44.5,26.4,reject
18,33.4,17.51,21.54,17.4,43.7,26.5,reject
18,33.4,17.36,21.45,17.39,43.9,26.4,reject
18,33.4,17.73,21.69,17.49,43.7,26.5,reject
18,33.21,17.29,21.54,17.67,43.9,26.4,reject
18,32.32,16.44,21.68,17.86,43.8,26.4,reject
18,33.4,17.66,21.63,17.41,43.7,26.5,reject
18,32.32,16.51,21.61,17.79,43.9,26.4,reject
18,32.14,16.51,21.42,17.46,43.9,26.5,reject
18,33.58,16.65,21.68,18.0,44.5,26.4,reject
18,32.32,16.44,21.69,17.86,43.8,26.4,reject
18,33.58,16.65,21.67,17.95,44.5,26.4,reject
18,33.58,17.81,21.84,17.64,43.6,26.4,reject
18,32.14,16.44,21.54,17.49,43.9,26.5,reject
18,33.4,17.29,21.53,17.5,44.0,26.4,reject
18,33.4,16.86,21.42,17.5,44.2,26.4,reject
18,33.4,17.14,21.42,17.49,44.0,26.4,reject
18,33.58,17.88,21.98,17.67,43.6,26.4,reject
18,33.58,17.73,22.02,17.88,43.6,26.4,reject
18,33.4,17.36,21.51,17.38,43.8,26.4,reject
18,32.49,16.65,21.57,17.52,44.0,26.4,reject
18,33.4,17.43,21.55,17.68,43.7,26.4,reject
18,32.67,16.58,21.67,17.89,44.4,26.4,reject
18,33.4,17.21,21.42,17.36,44.0,26.5,reject
18,33.4,17.36,21.54,17.4,43.9,26.4,reject
18,33.4,17.51,21.67,17.49,43.7,26.4,reject
18,33.4,17.0,21.42,17.68,44.2,26.4,reject
18,33.58,17.58,21.66,17.47,43.7,26.4,reject
18,33.21,17.43,21.42,17.34,43.7,26.5,reject
18,33.4,17.14,21.42,17.44,44.0,26.4,reject
18,33.21,16.93,21.29,17.41,44.2,26.5,reject
18,33.4,17.21,21.49,17.49,44.0,26.4,reject
18,32.32,16.51,21.57,17.59,44.0,26.4,reject
18,33.4,17.14,21.42,17.39,44.1,26.5,reject
18,33.4,16.79,21.42,17.68,44.2,26.4,reject
18,33.58,17.58,21.69,17.68,43.6,26.4,reject
18,33.4,17.29,21.8,17.87,43.6,26.4,reject
18,33.4,17.51,21.55,17.41,43.8,26.4,reject
18,33.4,17.43,21.8,17.89,43.7,26.4,reject
18,33.4,17.36,21.53,17.41,43.9,26.4,reject
18,33.4,17.58,21.57,17.4,43.7,26.5,reject
18,33.21,17.21,21.42,17.49,44.0,26.4,reject
18,33.58,17.88,22.05,17.68,43.6,26.4,reject
18,33.58,17.73,21.68,17.41,43.7,26.5,reject
18,31.97,16.03,21.53,17.95,43.9,26.4,reject
18,33.4,16.72,21.67,17.68,44.5,26.4,reject
18,32.14,16.44,21.57,17.49,43.8,26.4,reject
18,32.67,16.79,21.96,18.05,43.6,26.4,reject
18,33.21,16.58,21.51,17.58,44.4,26.4,reject
18,33.21,17.29,21.33,17.36,43.8,26.5,reject
18,33.4,17.81,21.79,17.58,43.6,26.5,reject
18,33.58,17.43,21.56,17.78,43.8,26.4,reject
18,32.14,16.24,21.8,18.13,43.6,26.4,reject
18,33.4,17.58,21.53,17.4,43.7,26.5,reject
18,32.32,16.58,21.54,17.58,44.3,26.5,reject
18,32.49,16.72,21.68,17.68,44.3,26.5,reject
18,32.32,16.58,21.66,17.62,44.2,26.4,reject
18,33.4,17.66,22.08,18.03,43.6,26.4,reject
18,33.4,17.43,21.42,17.4,43.9,26.5,reject
18,32.14,16.51,21.58,17.52,43.7,26.5,reject
18,32.49,16.79,21.93,17.74,43.6,26.4,reject
18,33.4,17.07,21.42,17.67,44.0,26.4,reject
18,33.4,17.43,21.54,17.4,43.8,26.5,reject
18,33.4,17.51,21.48,17.38,43.8,26.5,reject
18,33.4,17.66,21.67,17.41,43.6,26.4,reject
18,32.32,16.51,21.61,17.68,44.1,26.4,reject
18,33.58,16.72,21.78,18.03,44.5,26.4,reject
18,32.14,16.1,21.54,17.96,44.0,26.4,reject
18,32.14,16.37,21.54,17.51,43.8,26.4,reject
18,32.14,16.58,21.42,17.47,44.0,26.5,reject
18,33.4,17.36,21.49,17.4,43.9,26.4,reject
18,33.4,17.21,21.47,17.68,43.9,26.4,reject
18,33.4,16.58,21.67,17.87,44.5,26.4,reject
18,32.49,16.58,21.64,17.62,44.4,26.5,reject
18,33.03,17.21,22.06,18.02,43.6,26.4,reject
18,33.21,16.72,21.56,17.68,44.4,26.5,reject
18,33.4,17.21,21.42,17.41,44.1,26.5,reject
18,33.4,17.66,21.64,17.42,43.7,26.5,reject
18,33.4,16.65,21.51,17.58,44.4,26.4,reject
18,33.4,17.36,21.51,17.42,43.9,26.4,reject
18,31.97,15.97,21.48,17.87,43.9,26.4,reject
18,32.32,16.65,21.66,17.61,44.3,26.5,reject
18,33.58,17.58,21.68,17.84,43.7,26.4,reject
18,32.67,16.58,21.54,17.67,44.4,26.5,reject
18,33.4,17.58,21.58,17.41,43.8,26.5,reject
18,33.4,17.21,21.4,17.31,44.0,26.5,reject
18,33.03,16.58,21.68,17.87,44.5,26.4,reject
18,33.58,16.72,21.79,18.05,44.5,26.4,reject
18,32.14,16.65,21.52,17.52,44.1,26.5,reject
18,32.14,16.44,21.55,17.54,43.9,26.4,reject
18,32.32,16.44,21.66,17.68,43.9,26.4,reject
18,33.58,17.96,21.95,17.59,43.6,26.4,reject
18,33.21,17.43,21.42,17.32,43.8,26.5,reject
18,33.4,17.66,21.66,17.41,43.7,26.5,reject
18,33.21,16.65,21.72,17.68,44.5,26.4,reject
18,32.32,16.51,21.66,17.85,44.0,26.4,reject
18,33.4,17.58,21.71,17.56,43.7,26.4,reject
18,32.32,16.72,21.73,17.65,43.7,26.5,reject
18,33.03,17.29,22.05,17.92,43.6,26.4,reject
18,33.4,17.58,22.05,17.75,43.6,26.4,reject
18,33.4,17.36,21.54,17.73,43.8,26.4,reject
18,33.58,17.58,21.67,17.43,43.7,26.4,reject
18,33.4,17.21,21.44,17.65,43.9,26.4,reject
18,33.4,17.29,21.42,17.31,43.9,26.5,reject
18,33.03,17.21,22.05,18.15,43.6,26.4,reject
18,33.4,17.21,21.45,17.68,43.9,26.4,reject
18,33.4,17.51,21.66,17.49,43.7,26.4,reject
18,33.58,17.51,21.69,17.68,43.6,26.4,reject
18,33.4,17.07,21.42,17.49,44.1,26.4,reject
18,33.4,17.43,21.64,17.67,43.8,26.4,reject
18,33.4,17.58,21.54,17.41,43.7,26.5,reject
18,32.14,16.44,21.54,17.49,43.9,26.4,reject
18,33.58,17.66,21.69,17.41,43.6,26.4,reject
18,33.4,17.66,21.74,17.49,43.6,26.4,reject
18,33.4,17.36,21.54,17.7,43.8,26.4,reject
18,33.4,17.0,21.42,17.68,44.0,26.4,reject
18,33.4,17.51,21.52,17.4,43.7,26.5,reject
18,33.58,17.14,21.42,17.67,44.0,26.4,reject
18,32.85,16.58,21.69,17.96,44.4,26.4,reject
18,33.21,17.29,21.31,17.39,43.9,26.5,reject
18,33.4,16.65,21.68,17.9,44.5,26.4,reject
18,32.14,16.58,21.51,17.58,44.2,26.5,reject
18,33.4,17.58,21.53,17.34,43.7,26.5,reject
18,33.4,17.36,21.54,17.49,43.9,26.5,reject
18,33.21,17.36,21.42,17.38,43.8,26.5,reject
18,33.21,16.72,21.79,17.96,44.5,26.4,reject
18,33.4,17.43,22.03,18.12,43.6,26.4,reject
18,33.21,17.58,21.54,17.37,43.7,26.5,reject
18,33.4,17.51,21.54,17.41,43.8,26.4,reject
18,32.67,17.07,21.86,17.68,43.6,26.5,reject
18,33.03,17.43,21.92,17.68,43.6,26.5,reject
18,32.32,16.44,21.74,17.86,43.7,26.4,reject
18,33.58,17.66,21.68,17.49,43.6,26.4,reject
18,33.4,17.58,21.67,17.49,43.6,26.4,reject
18,33.4,17.43,21.57,17.69,43.8,26.4,reject
18,32.14,16.37,21.55,17.73,43.9,26.4,reject
18,32.85,17.14,21.95,17.67,43.6,26.5,reject
18,32.85,17.07,22.06,18.17,43.5,26.4,reject
18,33.4,17.51,21.67,17.49,43.7,26.5,reject
18,33.58,17.66,21.69,17.49,43.7,26.4,reject
18,32.32,16.58,21.63,17.59,44.0,26.4,reject
18,32.67,17.14,21.82,17.68,43.6,26.5,reject
18,32.32,16.58,21.53,17.47,44.1,26.5,reject
18,33.4,16.65,21.71,17.88,44.5,26.4,reject
18,33.21,16.65,21.72,17.96,44.5,26.4,reject
18,32.14,16.65,21.56,17.5,44.1,26.5,reject
18,33.58,17.81,21.93,17.7,43.6,26.4,reject
18,33.4,16.86,21.42,17.68,44.2,26.4,reject
18,33.4,16.58,21.45,17.5,44.4,26.5,reject
18,33.21,17.66,21.55,17.44,43.6,26.5,reject
18,33.21,17.36,22.05,17.95,43.6,26.4,reject
18,33.4,16.93,21.44,17.53,44.2,26.4,reject
18,32.32,16.44,21.56,17.68,44.0,26.4,reject
18,33.58,17.51,21.67,17.5,43.7,26.4,reject
18,33.58,16.72,21.8,18.05,44.5,26.4,reject
18,33.4,17.43,21.61,17.68,43.7,26.4,reject
18,33.21,17.36,22.05,17.96,43.6,26.4,reject
18,32.67,16.93,22.01,17.96,43.6,26.4,reject
18,33.4,17.43,21.59,17.49,43.8,26.4,reject
18,33.21,17.51,21.42,17.4,43.8,26.5,reject
18,33.21,16.65,21.74,17.95,44.5,26.4,reject
18,32.85,16.58,21.63,17.58,44.4,26.5,reject
18,33.4,17.43,21.62,17.68,43.8,26.4,reject
18,33.4,17.36,21.44,17.43,43.9,26.4,reject
18,33.4,17.43,21.65,17.68,43.7,26.4,reject
18,33.58,17.88,21.8,17.51,43.6,26.5,reject
18,33.21,17.43,21.42,17.32,43.7,26.5,reject
18,32.32,16.72,21.8,17.59,43.7,26.5,reject
18,33.4,17.51,21.57,17.48,43.8,26.4,reject
18,33.4,17.43,21.55,17.4,43.8,26.4,reject
18,33.4,17.0,21.41,17.67,44.1,26.4,reject
18,33.21,17.51,21.52,17.34,43.7,26.5,reject
18,33.4,17.29,21.51,17.48,43.9,26.4,reject
18,33.4,17.51,21.55,17.49,43.8,26.4,reject
18,33.4,17.29,21.51,17.7,43.9,26.4,reject
18,33.58,17.73,21.68,17.47,43.6,26.4,reject
18,33.58,17.66,21.68,17.5,43.7,26.4,reject
18,32.14,16.51,21.67,17.58,43.7,26.5,reject
18,33.4,17.43,21.54,17.67,43.8,26.4,reject
18,33.58,17.43,21.55,17.76,43.8,26.4,reject
18,33.4,17.36,21.51,17.41,43.8,26.4,reject
18,33.4,17.81,21.66,17.43,43.6,26.5,reject
18,33.03,16.51,21.68,17.87,44.5,26.4,reject
18,33.4,17.36,21.8,17.91,43.7,26.4,reject
18,33.4,17.07,21.42,17.4,44.0,26.4,reject
18,33.21,17.51,21.5,17.39,43.7,26.5,reject
18,33.4,17.29,21.54,17.68,43.8,26.4,reject
18,33.4,17.51,21.71,17.58,43.6,26.4,reject
18,32.32,16.44,21.56,17.7,44.0,26.4,reject
18,33.21,16.79,21.72,17.68,44.5,26.4,reject
18,33.21,16.58,21.42,17.59,44.4,26.5,reject
18,33.4,17.51,21.57,17.49,43.8,26.4,reject
18,33.03,16.72,21.64,17.68,44.4,26.5,reject
18,32.49,16.65,21.68,17.89,44.3,26.4,reject
18,33.58,17.96,21.8,17.54,43.6,26.5,reject
18,33.4,17.43,21.58,17.68,43.8,26.4,reject
18,33.4,17.58,21.8,17.89,43.7,26.4,reject
18,33.4,17.51,21.54,17.35,43.7,26.5,reject
18,33.03,17.21,22.06,18.05,43.6,26.4,reject
18,33.4,17.43,21.67,17.68,43.8,26.4,reject
18,32.67,16.65,21.58,17.68,44.4,26.5,reject
18,32.32,16.65,21.56,17.51,44.3,26.5,reject
18,33.4,17.0,21.42,17.67,44.0,26.4,reject
18,32.32,16.65,21.63,17.59,44.0,26.4,reject
18,33.4,16.72,21.43,17.59,44.3,26.4,reject
18,33.58,17.88,21.92,17.54,43.7,26.5,reject
18,33.21,16.65,21.73,17.91,44.5,26.4,reject
18,33.4,17.36,21.42,17.38,43.8,26.5,reject
18,33.21,17.0,21.27,17.38,44.1,26.5,reject
18,33.4,17.58,21.69,17.42,43.6,26.4,reject
18,33.4,17.43,21.5,17.32,43.8,26.5,reject
18,32.32,16.58,21.67,17.81,44.3,26.4,reject
18,33.58,17.51,21.67,17.67,43.6,26.4,reject
18,32.49,16.65,21.68,17.9,44.2,26.4,reject
18,33.4,17.0,21.4,17.4,44.1,26.4,reject
18,33.03,16.65,21.75,17.7,44.5,26.4,reject
18,33.4,17.58,21.53,17.39,43.7,26.5,reject
18,33.4,17.36,21.55,17.49,43.8,26.4,reject
18,33.4,17.66,22.06,17.86,43.6,26.4,reject
18,33.58,17.66,21.76,17.68,43.7,26.4,reject
18,33.4,17.58,21.56,17.44,43.8,26.5,reject
18,33.4,17.43,21.98,18.07,43.6,26.4,reject
18,32.67,16.93,22.06,18.19,43.6,26.4,reject
19,31.46,16.44,20.69,17.86,43.6,27.0,reject
19,31.63,16.58,20.81,18.05,43.5,27.2,reject
19,32.67,15.9,21.09,18.15,44.5,26.6,reject
19,32.32,16.44,20.72,17.83,43.8,26.8,reject
19,32.49,16.58,20.93,17.84,43.8,26.7,reject
19,32.67,16.65,21.05,17.86,43.9,26.5,reject
19,31.29,15.58,20.94,17.96,43.8,26.7,reject
19,32.32,16.79,21.04,18.0,43.7,26.9,reject
19,32.32,16.1,20.57,17.82,44.2,26.8,reject
19,32.32,15.97,20.57,17.81,44.2,26.7,reject
19,31.63,15.58,20.81,18.15,44.5,26.9,reject
19,31.29,15.71,21.03,18.13,43.7,26.9,reject
19,30.8,15.26,20.45,18.13,44.3,27.4,reject
19,31.46,16.1,20.43,17.85,43.9,27.2,reject
19,31.46,16.24,20.46,17.86,43.7,27.1,reject
19,31.46,16.1,20.4,17.86,44.0,27.2,reject
19,31.97,15.64,20.81,18.15,44.5,26.9,reject
19,30.47,15.39,20.46,17.98,44.0,27.2,reject
19,31.46,15.58,20.99,17.95,43.8,26.5,reject
19,32.85,16.79,21.29,17.86,43.8,26.4,reject
19,31.46,16.37,20.57,17.86,43.6,27.2,reject
19,32.49,16.44,20.76,17.83,43.8,26.8,reject
19,31.12,16.1,21.03,18.2,43.6,27.0,reject
19,32.49,15.97,21.3,18.15,44.5,26.5,reject
19,31.8,15.97,20.45,17.85,44.1,26.9,reject
19,31.12,15.51,20.1,17.83,44.3,27.4,reject
19,33.03,16.86,21.3,17.86,43.7,26.4,reject
19,31.29,15.97,20.34,17.86,44.0,27.1,reject
19,32.49,16.1,21.64,18.14,44.4,26.4,reject
19,32.32,15.84,21.12,18.15,44.6,26.6,reject
19,33.03,16.86,21.36,17.86,43.7,26.4,reject
19,32.14,15.71,20.93,18.15,44.5,26.7,reject
19,32.67,16.44,20.95,17.84,44.0,26.5,reject
19,31.46,16.3,20.57,17.86,43.7,27.2,reject
19,31.46,15.64,20.9,18.04,44.3,26.7,reject
19,31.46,16.17,20.42,17.86,43.7,27.3,reject
19,33.03,16.72,21.29,17.85,43.9,26.4,reject
19,31.46,16.24,20.46,17.86,43.8,27.2,reject
19,31.12,15.26,20.15,17.93,44.4,27.4,reject
19,32.67,16.79,21.05,17.87,43.6,26.7,reject
19,33.03,17.14,21.66,18.05,43.6,26.4,reject
19,32.49,16.58,20.93,17.83,43.7,26.7,reject
19,32.49,16.1,20.77,17.86,44.2,26.6,reject
19,31.12,15.51,20.85,18.02,43.8,26.9,reject
19,32.67,16.72,21.06,17.86,43.8,26.5,reject
19,31.29,15.84,20.23,17.85,44.0,27.3,reject
19,33.03,16.93,21.41,17.86,43.6,26.4,reject
19,31.46,16.03,20.37,17.85,43.9,27.1,reject
19,31.46,16.17,20.45,17.86,43.7,27.4,reject
19,32.67,16.72,21.1,17.86,43.7,26.5,reject
19,31.46,15.58,20.69,18.15,44.4,27.1,reject
19,32.67,16.51,21.02,17.86,44.0,26.5,reject
19,31.8,16.3,20.57,17.86,43.9,27.0,reject
19,32.49,16.37,20.81,17.86,44.0,26.6,reject
19,32.67,16.93,21.43,18.14,43.6,26.5,reject
19,31.97,16.51,21.16,18.14,43.6,26.8,reject
19,31.29,16.1,20.34,17.86,43.8,27.3,reject
19,32.85,16.58,21.23,17.86,44.0,26.4,reject
19,32.49,16.51,20.81,17.84,43.7,26.8,reject
19,32.32,15.84,21.11,18.15,44.6,26.6,reject
19,31.46,16.37,20.9,18.15,43.5,27.2,reject
19,32.67,16.79,21.17,17.89,43.7,26.5,reject
19,31.63,15.77,21.18,18.05,43.8,26.6,reject
19,32.32,15.64,20.8,18.03,44.5,26.7,reject
19,31.46,16.17,20.4,17.86,43.7,27.4,reject
19,30.96,15.51,20.75,18.05,44.3,26.9,reject
19,32.67,16.58,21.05,17.86,43.9,26.5,reject
19,32.32,16.37,20.69,17.81,43.9,26.8,reject
19,32.49,16.51,20.86,17.84,43.8,26.6,reject
19,31.97,16.1,20.46,17.86,44.0,26.9,reject
19,31.46,15.71,20.92,18.04,44.2,26.7,reject
19,32.49,16.37,20.69,17.8,43.9,26.8,reject
19,31.29,15.51,20.81,18.13,44.4,26.9,reject
19,31.97,15.71,20.93,18.14,44.5,26.7,reject
19,32.85,16.58,21.22,17.86,44.0,26.4,reject
19,32.85,16.86,21.3,17.86,43.8,26.4,reject
19,32.49,16.65,20.93,17.84,43.7,26.6,reject
19,31.29,16.17,20.45,17.86,43.6,27.3,reject
19,32.85,16.79,21.17,17.88,43.6,26.5,reject
19,32.49,16.24,20.79,17.85,44.1,26.6,reject
19,32.49,16.44,20.8,17.85,43.8,26.8,reject
19,32.14,15.77,21.14,18.15,44.6,26.6,reject
19,31.46,16.17,20.45,17.86,43.8,27.1,reject
19,31.29,15.84,20.23,17.86,44.0,27.3,reject
19,31.46,16.17,20.45,17.86,43.6,27.3,reject
19,32.49,15.9,20.79,17.92,44.4,26.6,reject
19,31.29,16.3,21.04,18.19,43.6,27.0,reject
19,31.29,15.32,20.45,18.05,44.4,27.3,reject
19,32.49,16.58,20.93,17.85,43.7,26.6,reject
19,32.49,16.51,20.92,17.82,43.8,26.6,reject
19,32.49,16.65,20.93,17.83,43.7,26.6,reject
19,31.29,16.03,20.45,18.08,44.1,27.5,reject
19,31.46,15.45,20.57,18.15,44.4,27.3,reject
19,31.12,15.26,20.12,17.88,44.4,27.4,reject
19,31.12,15.45,20.11,17.83,44.3,27.4,reject
19,31.8,15.9,21.29,18.05,44.2,26.4,reject
19,31.46,16.37,20.68,17.86,43.7,27.0,reject
19,31.8,15.97,21.3,18.05,44.1,26.4,reject
19,32.67,15.9,21.17,18.05,44.4,26.4,reject
19,33.03,16.79,21.3,17.86,43.8,26.4,reject
19,30.96,15.77,20.78,18.15,43.6,27.4,reject
19,30.47,15.32,20.36,18.01,44.1,27.4,reject
19,33.03,16.37,21.22,17.86,44.2,26.4,reject
19,31.8,15.64,20.93,18.09,44.4,26.7,reject
19,32.49,16.44,20.83,17.86,43.9,26.6,reject
19,32.49,16.24,20.8,17.86,44.1,26.6,reject
19,32.67,16.65,21.05,17.86,43.8,26.5,reject
19,31.29,16.17,20.44,17.86,43.6,27.3,reject
19,32.49,16.44,20.83,17.86,44.0,26.6,reject
19,32.49,16.51,20.81,17.85,43.7,26.8,reject
19,30.96,15.39,20.67,17.87,44.0,26.9,reject
19,32.49,16.79,21.05,18.05,43.7,26.9,reject
19,32.85,16.93,21.41,17.86,43.6,26.4,reject
19,32.67,15.9,21.2,18.14,44.5,26.5,reject
19,31.8,15.9,21.21,17.96,44.0,26.4,reject
19,32.32,16.3,20.68,17.86,44.0,26.8,reject
19,30.47,15.51,20.65,18.05,44.2,27.1,reject
19,32.49,16.44,20.69,17.81,43.8,26.8,reject
19,31.8,15.84,20.45,17.86,44.2,26.9,reject
19,32.32,16.51,21.29,18.15,43.6,26.7,reject
19,31.46,16.24,20.45,17.86,43.6,27.4,reject
19,31.46,16.24,20.45,17.86,43.7,27.4,reject
19,31.46,16.3,20.55,17.86,43.7,27.2,reject
19,32.32,15.84,20.57,17.85,44.3,26.8,reject
19,31.29,16.03,20.34,17.86,43.8,27.3,reject
19,31.29,15.39,20.33,17.96,44.4,27.3,reject
19,33.03,16.86,21.38,17.86,43.7,26.4,reject
19,32.85,16.86,21.36,17.86,43.7,26.4,reject
19,31.29,15.51,20.68,18.16,44.4,27.0,reject
19,31.46,15.71,21.17,18.04,43.8,26.6,reject
19,32.49,15.97,20.79,17.87,44.3,26.6,reject
19,31.29,15.45,20.81,17.86,43.9,26.7,reject
19,32.49,16.58,20.93,17.82,43.7,26.6,reject
19,32.49,16.44,20.71,17.83,43.8,26.8,reject
19,31.29,16.1,20.34,17.86,43.8,27.4,reject
19,31.46,16.3,20.57,17.86,43.6,27.2,reject
19,31.12,15.58,20.8,18.04,44.3,26.9,reject
19,31.29,16.17,20.8,18.15,43.6,27.4,reject
19,33.03,16.72,21.29,17.85,44.0,26.4,reject
19,32.49,16.72,21.46,18.15,43.6,26.6,reject
19,32.85,16.17,21.29,17.94,44.3,26.4,reject
19,31.46,15.9,20.34,17.86,44.0,27.1,reject
19,32.67,16.65,21.67,18.15,43.6,26.4,reject
19,32.14,15.84,21.15,18.15,44.5,26.6,reject
19,32.32,16.72,21.08,18.07,43.6,26.9,reject
19,32.49,16.3,20.81,17.86,44.0,26.6,reject
19,31.29,15.58,20.68,18.16,44.5,27.1,reject
19,31.8,16.1,20.46,17.86,44.0,26.9,reject
19,32.32,16.51,20.81,17.81,43.7,26.8,reject
19,32.49,16.51,20.89,17.82,43.8,26.6,reject
19,32.67,15.97,21.0,17.93,44.3,26.4,reject
19,31.46,16.37,20.63,17.86,43.8,27.0,reject
19,31.29,15.9,20.34,17.86,44.0,27.1,reject
19,32.14,16.17,21.61,18.05,44.2,26.4,reject
19,31.97,16.1,21.55,18.15,43.6,26.4,reject
19,32.32,15.77,20.93,18.14,44.5,26.7,reject
19,32.49,16.58,20.93,17.84,43.7,26.6,reject
19,31.46,16.37,20.64,17.86,43.8,27.0,reject
19,30.47,15.26,20.43,18.05,44.2,27.4,reject
19,30.96,15.64,20.35,18.06,44.0,27.5,reject
19,32.14,16.44,21.29,18.15,43.6,26.7,reject
19,30.63,15.45,20.68,18.14,44.4,27.1,reject
19,31.12,15.71,20.11,17.83,44.2,27.5,reject
19,32.32,16.58,20.81,17.86,43.7,26.9,reject
19,31.8,15.64,20.93,18.11,44.5,26.7,reject
19,31.12,15.32,20.44,18.15,44.4,27.4,reject
19,31.46,16.24,20.57,17.86,43.7,27.2,reject
19,32.67,16.79,21.17,17.87,43.7,26.5,reject
19,32.85,16.17,21.29,17.91,44.3,26.4,reject
19,31.29,15.51,20.93,17.96,43.8,26.7,reject
19,32.49,16.65,20.96,17.86,43.6,26.7,reject
19,31.46,16.24,20.55,17.86,43.7,27.1,reject
19,31.46,15.84,21.05,18.05,44.1,26.6,reject
19,30.96,15.26,20.45,18.15,44.4,27.4,reject
19,30.96,16.03,21.0,18.2,43.6,27.0,reject
19,32.85,17.0,21.3,17.97,43.6,26.5,reject
19,30.47,15.26,20.45,18.07,44.3,27.4,reject
19,32.49,16.58,20.93,17.83,43.8,26.7,reject
19,31.29,15.64,20.22,17.86,44.1,27.3,reject
19,30.63,15.45,20.68,18.14,44.3,27.1,reject
19,32.85,16.72,21.29,17.86,43.9,26.4,reject
19,31.46,16.3,20.53,17.88,43.6,27.4,reject
19,30.47,15.32,20.41,18.05,44.2,27.4,reject
19,33.03,16.1,21.53,18.12,44.4,26.4,reject
19,31.46,16.03,20.3,17.95,44.1,27.4,reject
19,31.46,16.1,20.34,17.86,43.8,27.3,reject
19,32.14,16.17,21.62,18.07,44.3,26.4,reject
19,32.49,16.3,20.67,17.85,44.0,26.8,reject
19,31.29,16.24,20.45,17.86,43.7,27.4,reject
19,31.63,15.64,20.93,18.06,44.4,26.7,reject
19,32.49,16.65,21.48,18.15,43.6,26.6,reject
19,32.49,16.51,20.92,17.81,43.8,26.6,reject
19,32.32,16.37,20.69,17.78,43.8,26.8,reject
19,30.8,15.39,20.57,18.15,44.4,27.3,reject
19,30.31,15.08,20.34,17.89,43.8,27.4,reject
19,31.46,15.9,20.34,17.86,44.1,27.1,reject
19,31.29,15.58,20.1,17.82,44.2,27.5,reject
19,32.67,16.79,21.17,17.86,43.6,26.5,reject
19,32.67,16.3,20.93,17.85,44.1,26.5,reject
19,32.85,16.86,21.35,17.86,43.7,26.4,reject
19,31.46,15.97,20.22,17.88,44.1,27.4,reject
19,30.96,15.84,20.8,18.15,43.6,27.4,reject
19,32.49,16.44,20.73,17.81,43.8,26.8,reject
19,31.8,15.84,21.12,18.13,44.4,26.6,reject
19,32.85,16.17,21.61,18.15,44.5,26.4,reject
19,32.85,16.86,21.34,17.86,43.7,26.4,reject
19,31.29,16.24,20.45,17.86,43.6,27.4,reject
19,31.46,16.1,20.42,17.85,43.8,27.1,reject
19,31.29,16.3,20.57,17.86,43.8,26.9,reject
19,32.85,17.0,21.32,18.04,43.6,26.5,reject
19,32.67,15.97,21.3,18.15,44.5,26.4,reject
19,32.67,16.37,20.93,17.86,44.1,26.5,reject
19,32.67,16.51,21.03,17.86,43.9,26.5,reject
19,31.12,15.71,20.42,18.08,44.0,27.5,reject
19,31.8,15.97,21.49,18.07,43.7,26.4,reject
19,32.67,16.79,21.17,17.88,43.7,26.6,reject
19,30.96,15.9,20.95,18.22,43.6,27.0,reject
19,31.46,16.44,20.69,17.87,43.6,27.0,reject
19,31.46,16.24,20.56,17.86,43.7,27.2,reject
19,31.12,15.97,20.8,18.15,43.6,27.4,reject
19,32.67,16.72,21.15,17.86,43.7,26.5,reject
19,32.49,16.44,20.82,17.86,43.9,26.6,reject
19,31.8,15.9,21.29,18.07,44.3,26.4,reject
19,32.32,16.17,20.57,17.81,44.1,26.8,reject
19,32.85,17.0,21.42,18.08,43.6,26.5,reject
19,31.63,16.65,20.83,18.0,43.6,27.0,reject
19,31.97,16.17,20.52,17.86,43.9,26.9,reject
19,31.46,16.3,20.57,17.86,43.9,27.0,reject
19,32.67,16.03,20.93,17.87,44.3,26.4,reject
19,31.29,16.03,20.33,17.86,43.8,27.3,reject
19,31.46,16.37,20.65,17.86,43.7,27.0,reject
19,30.63,15.58,20.88,18.15,43.6,27.0,reject
19,30.63,15.26,20.45,18.12,44.3,27.4,reject
19,31.46,15.97,21.08,18.15,43.6,26.9,reject
19,31.29,15.9,20.24,17.86,43.9,27.3,reject
19,30.31,15.08,20.34,17.93,43.8,27.4,reject
19,30.47,15.26,20.45,18.11,44.3,27.4,reject
19,32.32,15.64,20.7,17.96,44.5,26.7,reject
19,32.49,16.51,20.81,17.81,43.7,26.8,reject
19,31.46,15.58,20.81,18.14,44.5,26.9,reject
19,31.46,16.37,20.59,17.86,43.7,26.9,reject
19,30.47,15.39,20.57,17.96,44.0,27.0,reject
19,30.63,15.39,20.56,18.11,44.3,27.3,reject
19,32.85,16.17,21.6,18.15,44.5,26.4,reject
19,31.8,15.77,21.13,18.14,44.4,26.6,reject
19,32.49,16.03,20.77,17.86,44.3,26.6,reject
19,32.32,15.9,21.3,18.15,44.4,26.4,reject
19,32.67,16.17,20.93,17.86,44.3,26.5,reject
19,32.49,16.58,20.93,17.82,43.7,26.7,reject
19,31.46,16.37,20.67,17.86,43.7,27.0,reject
19,31.46,16.17,20.45,17.86,43.8,27.2,reject
19,30.31,15.32,20.56,17.95,43.9,27.1,reject
19,32.49,16.51,20.88,17.84,43.8,26.6,reject
19,32.85,16.79,21.3,17.86,43.8,26.4,reject
19,31.46,16.24,20.52,17.86,43.8,27.2,reject
19,32.32,16.65,21.29,18.15,43.6,26.7,reject
19,31.46,16.17,20.45,17.87,43.7,27.4,reject
19,32.49,16.44,20.84,17.84,43.9,26.6,reject
19,32.49,16.65,20.94,17.86,43.7,26.7,reject
19,31.63,16.44,20.57,17.96,43.6,27.4,reject
19,31.46,16.3,20.56,17.86,43.7,27.2,reject
19,32.85,16.24,21.26,17.87,44.3,26.4,reject
19,31.12,15.58,20.81,18.09,44.4,26.9,reject
19,32.32,15.9,20.57,17.82,44.3,26.8,reject
19,32.85,16.93,21.39,17.86,43.6,26.4,reject
19,30.47,15.26,20.34,17.97,44.0,27.4,reject
19,30.31,15.32,20.45,17.96,44.0,27.3,reject
19,32.32,15.77,21.13,18.15,44.6,26.6,reject
19,32.49,16.65,20.94,17.83,43.7,26.7,reject
19,31.29,16.24,20.91,18.15,43.5,27.2,reject
19,30.47,15.39,20.5,18.01,44.0,27.2,reject
19,32.67,16.72,21.16,17.87,43.7,26.5,reject
19,32.49,15.71,20.93,18.01,44.5,26.6,reject
19,32.49,16.58,21.67,18.15,43.6,26.4,reject
19,32.85,17.0,21.42,18.13,43.6,26.5,reject
19,32.85,16.58,21.25,17.85,44.0,26.4,reject
19,31.46,16.3,20.58,17.86,43.8,27.0,reject
19,31.63,16.44,20.69,17.88,43.6,27.0,reject
19,32.67,16.1,21.64,18.15,44.4,26.4,reject
19,32.49,16.51,20.81,17.82,43.7,26.8,reject
19,32.85,16.58,21.24,17.85,44.0,26.4,reject
19,32.14,16.17,21.58,18.05,44.2,26.4,reject
19,31.29,15.39,20.27,17.95,44.3,27.3,reject
19,30.31,15.2,20.46,17.96,43.8,27.3,reject
19,31.46,16.37,20.66,17.86,43.7,27.0,reject
19,32.49,15.84,21.1,18.15,44.6,26.6,reject
19,31.8,15.97,21.28,18.03,44.0,26.4,reject
19,32.85,16.86,21.37,17.86,43.7,26.4,reject
19,31.8,16.24,20.57,17.86,43.9,27.0,reject
19,32.85,16.37,21.23,17.87,44.2,26.4,reject
19,31.46,16.3,20.57,17.86,43.8,26.9,reject
19,30.96,15.71,20.34,18.06,44.0,27.5,reject
19,31.97,15.58,20.54,17.95,44.4,26.9,reject
19,31.29,16.3,20.58,17.86,43.8,26.9,reject
19,32.67,16.51,21.04,17.86,43.9,26.5,reject
19,30.96,15.45,20.69,18.15,44.4,27.1,reject
19,31.97,16.03,20.46,17.86,44.0,26.9,reject
19,31.29,15.32,20.34,17.96,44.4,27.3,reject
19,31.46,16.17,20.44,17.86,43.7,27.4,reject
19,31.46,16.37,20.69,17.86,43.6,27.0,reject
19,31.46,16.1,20.38,17.85,44.0,27.2,reject
19,31.46,15.45,20.47,18.05,44.4,27.1,reject
19,30.96,15.58,20.7,17.97,44.1,26.9,reject
19,31.12,15.58,20.81,18.06,44.4,26.9,reject
19,32.49,16.65,20.93,17.82,43.7,26.6,reject
19,30.96,15.51,20.7,17.96,44.1,26.9,reject
19,31.46,16.24,20.45,17.86,43.7,27.1,reject
19,32.85,16.1,21.29,17.96,44.4,26.4,reject
19,32.67,16.51,21.01,17.86,44.0,26.5,reject
19,32.85,16.79,21.29,17.85,43.8,26.4,reject
19,32.14,15.9,21.3,18.15,44.4,26.4,reject
19,33.03,16.93,21.4,17.86,43.7,26.4,reject
19,31.29,16.03,20.32,17.86,43.8,27.3,reject
19,31.29,15.39,20.11,17.86,44.3,27.4,reject
19,31.29,15.51,20.23,17.87,44.2,27.3,reject
19,31.29,16.3,20.92,18.14,43.5,27.2,reject
19,32.14,15.71,20.93,18.14,44.5,26.7,reject
19,31.29,15.71,20.22,17.86,44.1,27.3,reject
19,32.67,16.44,20.93,17.86,44.0,26.5,reject
19,32.67,15.9,21.05,17.96,44.4,26.5,reject
19,31.12,15.77,20.45,18.11,44.0,27.4,reject
19,31.97,15.77,21.15,18.15,44.5,26.6,reject
19,32.32,16.51,21.45,18.17,43.6,26.5,reject
19,31.46,16.24,20.46,17.86,43.6,27.4,reject
19,32.85,16.3,21.23,17.87,44.2,26.4,reject
19,31.46,16.24,20.54,17.86,43.7,27.1,reject
19,32.85,16.86,21.36,17.86,43.8,26.4,reject
19,32.85,16.24,21.26,17.88,44.3,26.4,reject
19,32.67,16.1,20.93,17.86,44.3,26.5,reject
19,31.46,16.37,20.76,18.11,43.6,27.4,reject
19,33.03,17.14,21.67,18.06,43.6,26.4,reject
19,32.14,15.9,21.31,18.15,44.4,26.4,reject
19,31.63,15.77,21.29,17.97,43.7,26.4,reject
19,30.96,15.97,20.98,18.22,43.6,27.0,reject
19,32.67,16.79,21.17,17.88,43.7,26.5,reject
19,32.67,16.72,21.14,17.86,43.7,26.5,reject
19,31.46,15.64,21.05,17.96,43.8,26.6,reject
19,32.67,16.79,21.17,17.87,43.7,26.6,reject
19,31.29,15.2,20.28,18.04,44.4,27.4,reject
19,31.46,16.1,20.34,17.98,44.1,27.4,reject
19,31.46,16.17,20.45,17.86,43.9,27.2,reject
19,31.46,16.17,20.46,17.86,43.7,27.1,reject
19,31.29,15.58,20.22,17.86,44.2,27.3,reject
19,30.47,15.26,20.58,18.04,43.7,27.2,reject
19,32.67,16.93,21.25,18.05,43.6,26.7,reject
19,32.67,16.44,20.93,17.85,44.0,26.5,reject
19,31.29,16.1,20.36,17.86,43.7,27.4,reject
19,30.31,15.2,20.5,17.96,43.8,27.3,reject
19,31.29,15.9,20.22,17.86,43.9,27.3,reject
19,33.03,16.1,21.42,18.03,44.4,26.4,reject
19,31.29,15.45,20.22,17.88,44.3,27.3,reject
19,33.03,16.79,21.29,17.86,43.8,26.4,reject
19,32.67,16.44,20.96,17.85,44.0,26.5,reject
19,31.46,16.44,20.69,17.88,43.6,27.0,reject
19,31.8,16.3,20.57,17.86,43.8,26.9,reject
19,31.12,15.32,20.45,18.15,44.4,27.4,reject
19,32.32,15.97,20.57,17.81,44.3,26.8,reject
19,31.12,15.64,20.11,17.83,44.2,27.4,reject
19,31.12,15.45,20.11,17.84,44.3,27.4,reject
19,31.12,15.45,20.11,17.85,44.3,27.4,reject
19,31.8,15.77,20.45,17.86,44.3,26.9,reject
19,31.29,15.97,20.29,17.86,43.8,27.3,reject
19,30.31,15.14,20.36,17.95,43.7,27.4,reject
19,32.85,16.37,21.23,17.86,44.2,26.4,reject
19,32.49,16.58,21.47,18.16,43.6,26.5,reject
19,31.46,16.51,20.85,18.13,43.5,27.2,reject
19,31.63,16.65,20.81,17.96,43.6,27.0,reject
19,33.03,17.14,21.6,18.04,43.6,26.4,reject
19,32.49,16.3,20.8,17.85,44.1,26.6,reject
19,32.85,16.44,21.2,17.86,44.1,26.4,reject
19,32.67,16.86,21.08,17.95,43.6,26.7,reject
19,31.29,16.3,20.57,17.86,43.8,27.0,reject
19,30.31,15.2,20.45,17.94,43.8,27.2,reject
19,31.97,16.24,20.57,17.86,43.9,27.0,reject
19,32.49,15.84,21.09,18.15,44.6,26.6,reject
19,32.32,15.77,20.57,17.85,44.4,26.8,reject
19,32.32,16.44,20.71,17.81,43.8,26.8,reject
19,32.67,16.51,20.99,17.85,44.0,26.5,reject
19,31.29,15.39,20.44,18.15,44.4,27.4,reject
19,31.97,16.17,21.57,18.04,44.1,26.4,reject
19,32.32,16.51,20.81,17.85,43.7,26.8,reject
19,31.29,15.64,20.22,17.86,44.2,27.3,reject
19,32.32,16.3,20.69,17.8,43.9,26.8,reject
19,30.31,15.2,20.32,17.9,43.9,27.4,reject
19,30.47,15.39,20.56,18.06,44.2,27.3,reject
19,31.29,15.97,20.45,18.12,44.0,27.4,reject
19,32.85,16.65,21.27,17.85,44.0,26.4,reject
19,30.47,15.45,20.66,18.12,44.3,27.1,reject
19,30.8,15.71,20.82,18.15,43.6,27.2,reject
19,31.29,15.84,20.22,17.86,44.0,27.3,reject
19,32.49,16.58,20.93,17.82,43.8,26.6,reject
19,31.46,16.1,20.45,18.07,44.1,27.4,reject
19,32.85,16.93,21.38,17.86,43.6,26.4,reject
19,31.8,15.58,20.81,18.15,44.6,26.9,reject
19,32.49,16.51,20.83,17.85,43.9,26.6,reject
19,32.67,16.72,21.11,17.86,43.7,26.5,reject
19,32.49,16.65,20.93,17.84,43.7,26.7,reject
19,32.32,16.24,20.6,17.84,44.0,26.8,reject
19,31.97,16.03,20.45,17.85,44.0,26.9,reject
19,31.97,16.24,21.42,18.17,43.6,26.6,reject
19,31.29,15.32,20.37,18.04,44.4,27.3,reject
19,32.32,16.79,20.94,17.96,43.7,26.9,reject
19,31.46,15.45,20.57,18.06,44.4,27.1,reject
19,31.29,15.97,20.24,17.86,43.9,27.3,reject
19,31.46,16.3,20.57,17.86,43.8,27.0,reject
19,32.49,15.71,20.9,17.96,44.5,26.6,reject
19,32.49,16.44,20.79,17.84,43.7,26.8,reject
19,32.32,15.64,20.68,17.91,44.4,26.7,reject
19,31.46,15.77,21.05,17.97,44.1,26.6,reject
19,30.96,15.45,20.81,17.97,43.8,26.9,reject
19,32.85,17.0,21.67,18.13,43.6,26.4,reject
19,31.46,16.24,20.49,17.86,43.8,27.2,reject
19,31.46,16.3,20.53,17.86,43.7,27.1,reject
19,30.47,15.45,20.58,18.0,44.0,27.0,reject
19,31.46,15.71,20.34,17.86,44.2,27.1,reject
19,31.46,16.1,20.42,17.84,43.8,27.1,reject
19,32.67,16.65,20.93,17.86,43.6,26.6,reject
19,31.12,15.32,20.11,17.86,44.3,27.4,reject
19,31.8,15.84,21.18,17.95,44.0,26.4,reject
19,32.32,16.58,20.83,17.86,43.7,26.9,reject
19,30.47,15.26,20.38,18.04,44.2,27.4,reject
19,31.63,16.58,21.0,18.15,43.6,27.0,reject
19,31.63,16.65,20.94,18.1,43.6,27.0,reject
19,32.85,16.65,21.05,17.86,43.8,26.5,reject
19,32.67,16.79,21.17,17.9,43.7,26.5,reject
19,31.97,15.9,21.29,18.11,44.3,26.4,reject
19,30.47,15.45,20.59,18.05,44.1,27.1,reject
19,31.29,15.84,20.45,18.14,44.1,27.5,reject
19,32.67,16.79,21.16,17.89,43.7,26.5,reject
19,32.49,16.17,20.77,17.86,44.2,26.6,reject
19,32.49,16.1,21.65,18.15,44.4,26.4,reject
19,31.29,15.64,20.11,17.82,44.2,27.4,reject
19,30.31,15.32,20.57,17.96,43.8,27.0,reject
19,32.67,16.03,21.3,18.15,44.5,26.5,reject
19,30.47,15.32,20.6,18.07,43.6,27.4,reject
19,30.47,15.32,20.69,18.02,43.7,27.1,reject
19,31.46,15.58,20.68,18.15,44.4,27.1,reject
19,33.03,16.65,21.29,17.84,44.0,26.4,reject
19,32.32,16.37,20.69,17.79,43.8,26.8,reject
19,32.49,16.44,20.85,17.85,43.9,26.6,reject
19,31.63,16.44,20.63,17.99,43.6,27.4,reject
19,32.14,15.71,20.93,18.14,44.6,26.8,reject
19,33.03,16.65,21.27,17.85,44.0,26.4,reject
19,30.96,15.45,20.7,17.94,43.9,26.9,reject
19,32.49,16.51,20.81,17.83,43.7,26.8,reject
19,32.67,16.3,20.93,17.86,44.1,26.5,reject
19,33.03,16.86,21.3,17.86,43.8,26.4,reject
19,31.8,15.9,21.26,17.98,44.0,26.4,reject
19,32.49,15.77,20.82,17.96,44.4,26.6,reject
19,31.29,16.17,20.36,17.86,43.8,27.4,reject
19,32.14,16.3,21.42,18.17,43.6,26.6,reject
19,32.32,16.3,20.66,17.86,44.0,26.8,reject
19,31.12,15.58,20.1,17.83,44.2,27.5,reject
19,31.29,15.2,20.22,17.96,44.4,27.4,reject
19,30.47,15.39,20.53,18.05,44.3,27.3,reject
19,31.46,16.17,20.43,17.87,43.7,27.3,reject
19,31.46,16.44,20.69,17.89,43.6,27.0,reject
19,31.29,15.9,20.45,18.12,44.0,27.4,reject
19,31.29,15.71,20.22,17.86,44.2,27.3,reject
19,31.46,16.24,20.45,17.86,43.8,27.2,reject
19,32.32,16.44,20.69,17.79,43.8,26.8,reject
19,31.29,16.17,20.44,17.86,43.7,27.3,reject
19,30.8,15.64,20.71,18.15,43.6,27.4,reject
19,31.63,16.51,20.7,17.89,43.6,27.0,reject
19,31.46,15.71,20.33,17.86,44.2,27.1,reject
19,32.49,16.37,20.69,17.79,43.9,26.8,reject
19,30.47,15.39,20.74,18.05,43.7,27.1,reject
19,31.29,15.9,20.45,18.14,44.0,27.5,reject
19,31.46,15.71,20.88,17.98,44.1,26.7,reject
19,32.49,16.51,20.9,17.83,43.8,26.6,reject
19,32.14,16.1,21.63,18.11,44.3,26.4,reject
19,30.31,15.32,20.53,17.95,43.9,27.1,reject
19,32.32,16.24,20.6,17.83,44.0,26.7,reject
19,32.32,15.97,20.57,17.8,44.2,26.7,reject
19,31.97,16.17,21.28,18.15,43.6,26.7,reject
19,31.97,15.97,20.45,17.86,44.1,26.9,reject
19,32.67,16.24,20.93,17.86,44.2,26.5,reject
19,32.49,16.24,20.64,17.86,44.0,26.8,reject
19,31.29,15.58,20.35,17.87,44.3,27.1,reject
19,32.67,16.79,21.67,18.15,43.6,26.4,reject
19,30.31,15.14,20.45,17.96,43.7,27.4,reject
19,31.29,16.24,21.03,18.2,43.6,27.0,reject
19,30.8,15.45,20.68,18.15,44.4,27.1,reject
19,31.8,16.03,21.35,18.15,43.7,26.6,reject
19,32.14,16.1,21.56,18.05,44.2,26.4,reject
19,33.03,16.93,21.39,17.86,43.6,26.4,reject
19,31.46,16.37,20.63,17.86,43.7,27.0,reject
19,30.47,15.32,20.49,18.04,44.2,27.3,reject
19,31.63,16.72,20.91,18.05,43.6,27.0,reject
19,32.32,16.03,20.57,17.81,44.2,26.8,reject
19,32.32,15.77,20.58,17.86,44.4,26.8,reject
19,31.97,16.24,20.55,17.86,43.9,26.9,reject
19,31.97,15.9,20.45,17.86,44.2,26.9,reject
19,31.97,16.1,20.47,17.86,44.0,26.9,reject
19,32.32,16.17,20.57,17.81,44.0,26.7,reject
19,32.67,16.79,21.47,18.15,43.6,26.5,reject
19,32.49,16.44,20.8,17.82,43.7,26.8,reject
19,31.29,15.77,20.22,17.86,44.0,27.3,reject
19,32.85,16.93,21.68,18.14,43.6,26.4,reject
19,31.8,16.3,21.16,18.15,43.6,26.9,reject
19,31.29,16.17,20.38,17.86,43.7,27.4,reject
19,32.14,16.58,21.14,18.14,43.6,26.8,reject
19,31.46,16.1,20.35,17.86,43.8,27.4,reject
19,31.63,15.9,21.18,18.14,43.6,26.7,reject
19,31.46,15.71,21.0,17.95,44.0,26.6,reject
19,32.85,16.93,21.35,17.86,43.7,26.4,reject
19,32.67,16.24,20.93,17.85,44.2,26.5,reject
19,32.85,16.86,21.29,17.86,43.8,26.4,reject
19,32.49,16.58,20.93,17.85,43.8,26.7,reject
19,32.32,16.37,20.69,17.78,43.9,26.8,reject
19,31.97,16.3,21.29,18.15,43.6,26.7,reject
19,31.63,16.51,20.69,17.95,43.6,27.2,reject
19,31.29,15.84,20.11,17.83,44.1,27.4,reject
19,31.29,15.77,20.34,17.86,44.2,27.1,reject
19,31.8,15.64,20.93,18.1,44.4,26.7,reject
19,31.29,15.97,20.27,17.86,43.9,27.3,reject
19,31.12,15.51,20.69,18.16,44.5,27.1,reject
19,31.8,15.84,20.45,17.86,44.3,26.9,reject
19,31.63,15.84,21.11,18.09,44.4,26.6,reject
19,31.12,15.58,20.1,17.82,44.2,27.4,reject
19,32.67,16.1,21.63,18.15,44.5,26.4,reject
19,31.12,15.71,20.4,18.08,44.0,27.5,reject
19,31.29,15.71,20.11,17.85,44.1,27.4,reject
19,31.12,15.71,20.11,17.82,44.1,27.4,reject
19,31.46,15.39,20.46,18.14,44.4,27.3,reject
19,30.8,15.84,20.85,18.16,43.5,27.2,reject
19,31.46,16.03,20.34,17.86,43.8,27.3,reject
19,31.46,16.37,20.62,17.86,43.8,27.0,reject
19,31.8,16.1,21.27,18.15,43.6,26.7,reject
19,32.32,16.1,20.57,17.81,44.2,26.8,reject
19,32.49,16.65,20.93,17.85,43.7,26.7,reject
19,31.29,15.9,20.23,17.86,43.9,27.3,reject
19,32.14,16.65,21.11,18.11,43.6,26.9,reject
19,30.47,15.39,20.54,18.05,44.1,27.3,reject
19,31.29,15.97,20.28,17.86,43.8,27.3,reject
19,31.12,15.39,20.57,18.15,44.5,27.3,reject
19,32.49,16.51,20.83,17.86,43.9,26.6,reject
19,31.29,15.51,20.81,17.89,43.8,26.7,reject
19,31.8,15.9,21.29,18.12,43.7,26.6,reject
19,31.46,16.37,20.58,17.86,43.8,27.0,reject
19,32.32,16.03,20.57,17.82,44.2,26.8,reject
19,32.85,16.93,21.37,17.86,43.7,26.4,reject
19,31.46,15.64,20.91,18.05,44.3,26.7,reject
19,32.49,16.44,20.8,17.84,43.7,26.8,reject
19,30.47,15.45,20.63,18.05,44.3,27.1,reject
19,31.46,15.71,20.93,18.05,44.3,26.7,reject
19,31.46,16.44,20.71,18.08,43.6,27.4,reject
19,32.49,16.65,20.95,17.85,43.7,26.7,reject
19,32.85,16.03,21.29,18.15,44.5,26.5,reject
19,31.46,16.1,20.34,18.04,44.1,27.4,reject
19,32.67,16.72,21.09,17.86,43.8,26.5,reject
19,31.8,15.64,20.46,17.9,44.4,26.9,reject
19,31.29,15.45,20.81,17.87,43.9,26.7,reject
19,31.46,16.03,20.35,17.85,43.9,27.1,reject
19,30.63,15.45,20.61,18.05,44.1,27.1,reject
19,32.49,16.51,20.81,17.8,43.7,26.8,reject
19,31.63,16.44,20.69,17.87,43.6,27.0,reject
19,33.03,16.37,21.2,17.86,44.1,26.4,reject
19,31.63,15.71,20.93,18.06,44.4,26.7,reject
19,30.47,15.39,20.69,18.05,43.6,27.2,reject
19,32.67,16.03,21.29,18.16,44.5,26.5,reject
19,31.46,16.03,20.39,18.05,44.1,27.4,reject
19,32.67,16.79,21.17,17.87,43.6,26.5,reject
19,31.63,15.77,21.05,18.06,44.3,26.6,reject
19,30.96,15.58,20.76,18.04,44.2,26.9,reject
19,31.12,15.51,20.8,18.05,44.3,26.9,reject
19,31.8,16.03,20.45,17.86,44.0,26.9,reject
19,32.85,16.79,21.29,17.86,43.9,26.4,reject
19,31.29,15.71,20.11,17.83,44.1,27.4,reject
19,32.85,16.79,21.17,17.88,43.7,26.5,reject
19,30.31,15.2,20.46,17.98,43.7,27.4,reject
19,31.97,15.51,20.57,17.96,44.5,26.9,reject
19,31.29,15.45,20.56,18.15,44.5,27.3,reject
19,31.8,15.9,21.29,18.06,44.3,26.4,reject
19,33.03,16.93,21.42,17.86,43.6,26.4,reject
19,32.49,16.17,20.77,17.85,44.2,26.6,reject
19,31.46,16.37,21.04,18.15,43.6,27.0,reject
19,31.46,15.9,21.06,18.14,43.6,26.9,reject
19,30.8,15.77,20.93,18.21,43.6,27.0,reject
19,32.49,16.44,20.82,17.86,44.0,26.6,reject
19,30.8,15.71,20.74,18.15,43.6,27.4,reject
19,32.49,16.65,20.93,17.83,43.7,26.7,reject
19,33.03,16.86,21.35,17.86,43.7,26.4,reject
19,30.96,15.97,20.89,18.16,43.5,27.2,reject
19,32.32,16.44,21.66,18.15,43.7,26.5,reject
19,31.97,15.71,20.46,17.86,44.3,26.9,reject
19,31.29,15.64,20.34,17.87,44.2,27.1,reject
19,32.49,16.79,21.29,18.12,43.6,26.7,reject
19,31.97,15.51,20.57,17.97,44.5,26.9,reject
19,30.63,15.32,20.39,18.03,44.1,27.4,reject
19,32.67,15.97,20.95,17.88,44.3,26.4,reject
19,30.31,15.32,20.66,17.96,43.7,27.1,reject
19,32.32,15.71,20.61,17.86,44.4,26.7,reject
19,32.32,16.1,21.65,18.14,44.4,26.4,reject
19,30.63,15.39,20.57,18.13,44.3,27.3,reject
19,31.63,16.58,20.74,17.99,43.5,27.2,reject
19,32.85,16.72,21.29,17.85,43.9,26.4,reject
19,30.63,15.26,20.45,18.14,44.3,27.4,reject
19,31.63,16.65,20.95,18.13,43.6,27.0,reject
19,31.12,15.64,20.11,17.8,44.2,27.4,reject
19,31.46,16.44,20.89,18.15,43.5,27.2,reject
19,32.49,16.17,20.78,17.85,44.1,26.6,reject
19,31.63,15.77,21.2,17.95,43.8,26.4,reject
19,32.85,16.1,21.37,17.96,44.4,26.4,reject
19,32.14,16.37,21.29,18.15,43.6,26.7,reject
19,32.49,16.24,20.63,17.85,44.0,26.8,reject
19,31.8,15.9,20.45,17.86,44.2,26.9,reject
19,30.96,15.71,20.36,18.06,44.0,27.5,reject
19,31.12,15.9,20.45,18.13,44.0,27.5,reject
19,31.46,16.03,20.36,17.85,43.9,27.1,reject
19,31.97,16.24,20.56,17.86,43.9,26.9,reject
19,31.12,16.03,20.91,18.16,43.5,27.2,reject
19,31.46,16.17,20.44,17.87,43.7,27.3,reject
19,31.12,15.39,20.57,18.15,44.4,27.2,reject
19,31.46,16.44,20.64,17.89,43.6,27.2,reject
19,32.67,16.44,20.82,17.86,44.0,26.6,reject
19,32.49,16.03,20.78,17.86,44.2,26.6,reject
19,32.49,16.58,20.93,17.83,43.8,26.6,reject
19,32.49,16.24,20.66,17.86,44.0,26.8,reject
19,31.46,15.45,20.57,18.15,44.5,27.3,reject
19,32.49,16.24,20.59,17.81,44.0,26.7,reject
19,32.85,16.72,21.07,17.86,43.8,26.5,reject
19,30.96,15.39,20.69,17.88,43.9,26.9,reject
19,32.14,15.9,21.3,18.14,44.4,26.4,reject
19,33.03,16.17,21.6,18.15,44.5,26.4,reject
19,33.03,17.14,21.54,17.95,43.6,26.4,reject
19,32.85,16.79,21.17,17.87,43.6,26.5,reject
19,30.31,15.26,20.45,17.93,44.0,27.3,reject
19,32.85,16.65,21.28,17.85,44.0,26.4,reject
19,31.46,16.37,20.57,17.86,43.7,27.2,reject
19,31.29,15.58,20.81,17.9,44.0,26.7,reject
19,32.14,16.24,21.64,18.15,43.6,26.4,reject
19,31.46,16.1,20.45,17.86,43.8,27.1,reject
19,31.63,15.84,21.07,18.07,44.2,26.6,reject
19,31.46,15.97,20.34,17.85,44.0,27.1,reject
19,31.29,15.45,20.42,17.95,44.4,27.1,reject
19,31.8,16.17,21.14,18.15,43.6,26.9,reject
19,31.97,16.17,20.54,17.86,43.9,26.9,reject
19,31.97,16.44,21.17,18.14,43.6,26.9,reject
19,31.46,16.3,20.8,18.14,43.6,27.4,reject
19,31.63,15.84,21.06,18.05,44.1,26.6,reject
19,31.8,15.77,20.46,17.86,44.3,26.9,reject
19,31.97,15.51,20.69,18.05,44.5,26.9,reject
19,32.49,15.84,20.81,17.94,44.4,26.6,reject
19,32.85,16.65,21.29,17.85,44.0,26.4,reject
19,33.03,17.07,21.43,17.87,43.6,26.4,reject
19,31.97,15.77,21.14,18.14,44.5,26.6,reject
19,32.32,16.51,20.81,17.83,43.8,26.9,reject
19,32.49,15.97,20.8,17.92,44.4,26.6,reject
19,33.03,16.24,21.58,18.15,44.5,26.4,reject
19,32.32,16.72,21.05,18.05,43.7,26.9,reject
19,32.49,16.51,20.8,17.8,43.7,26.8,reject
19,32.49,15.77,20.94,18.05,44.5,26.6,reject
19,31.97,15.97,20.45,17.85,44.1,26.9,reject
19,33.03,16.51,21.2,17.86,44.1,26.4,reject
19,31.97,15.51,20.63,18.05,44.5,26.9,reject
19,31.29,15.26,20.11,17.86,44.3,27.4,reject
19,32.67,16.51,21.0,17.85,44.0,26.5,reject
19,31.63,15.77,21.07,18.06,44.3,26.6,reject
19,31.8,15.77,21.14,18.15,44.4,26.6,reject
19,32.49,16.58,20.81,17.86,43.7,26.9,reject
19,33.03,17.14,21.55,17.98,43.6,26.4,reject
19,31.29,15.51,20.35,17.95,44.3,27.1,reject
19,31.46,16.37,20.69,17.86,43.7,27.0,reject
19,31.97,15.9,21.3,18.13,44.3,26.4,reject
19,32.32,16.51,20.81,17.85,43.7,26.9,reject
20,30.8,15.64,20.12,18.24,46.1,25.9,reject
20,31.46,15.77,19.91,18.04,45.7,25.9,reject
20,30.96,15.51,19.56,17.87,44.4,27.2,reject
20,31.46,15.51,20.02,18.23,45.0,26.5,reject
20,30.96,15.58,19.56,17.86,44.4,27.2,reject
20,31.8,16.17,20.0,17.95,44.5,26.1,reject
20,30.96,15.71,20.29,18.29,45.6,25.9,reject
20,31.63,15.9,19.8,17.96,46.1,25.9,reject
20,31.29,15.2,19.78,18.05,44.9,26.7,reject
20,30.8,15.71,20.22,18.14,44.6,26.0,reject
20,30.8,14.89,19.4,17.95,44.8,27.3,reject
20,30.96,15.45,19.45,17.86,44.5,27.0,reject
20,31.63,16.1,19.89,17.9,44.4,26.3,reject
20,30.47,14.65,19.78,18.25,44.8,27.4,reject
20,30.96,15.45,19.52,17.86,44.4,27.2,reject
20,30.8,15.2,19.67,17.96,44.3,27.5,reject
20,30.96,14.95,19.54,17.96,44.9,27.1,reject
20,31.46,15.71,20.25,18.26,44.9,26.1,reject
20,30.8,15.2,19.47,17.89,44.4,27.4,reject
20,30.96,15.71,19.67,17.9,44.3,27.2,reject
20,31.63,15.64,20.13,18.24,45.0,26.3,reject
20,30.8,15.01,19.39,17.88,44.7,27.3,reject
20,30.63,14.59,19.65,17.97,44.6,27.5,reject
20,30.47,15.45,19.95,18.05,44.5,26.5,reject
20,31.63,16.03,20.0,18.01,45.0,25.9,reject
20,31.63,15.51,20.0,18.15,44.9,26.3,reject
20,30.8,15.39,19.78,17.96,44.1,27.5,reject
20,31.63,15.9,20.0,18.05,45.0,25.9,reject
20,30.63,14.47,19.78,18.15,44.6,27.5,reject
20,30.96,15.64,19.66,17.87,44.3,27.2,reject
20,31.8,15.77,20.24,18.24,45.0,26.1,reject
20,30.63,14.83,19.44,17.96,44.7,27.4,reject
20,30.96,15.45,20.22,18.05,44.0,27.5,reject
20,30.15,15.01,19.92,18.24,44.2,27.3,reject
20,30.96,15.32,19.45,17.86,44.6,27.0,reject
20,30.8,14.95,19.4,17.94,44.8,27.3,reject
20,30.96,15.58,19.57,17.86,44.3,27.2,reject
20,30.96,15.58,19.63,17.87,44.3,27.2,reject
20,31.29,15.26,19.68,17.96,44.8,26.6,reject
20,30.96,15.51,20.24,18.06,44.0,27.5,reject
20,30.96,15.77,20.34,18.33,45.0,26.0,reject
20,30.96,15.58,20.33,18.07,44.0,27.5,reject
20,31.63,16.1,20.0,18.01,45.0,25.9,reject
20,31.63,16.03,19.88,17.89,44.5,26.3,reject
20,30.8,15.45,20.22,18.05,44.0,27.5,reject
20,30.96,15.51,20.23,18.06,44.0,27.5,reject
20,31.63,15.9,19.79,17.96,46.2,26.0,reject
20,30.8,15.32,19.94,18.15,44.9,26.7,reject
20,30.63,15.32,19.9,18.15,44.8,26.7,reject
20,30.8,15.64,20.16,18.24,46.1,25.9,reject
20,30.8,14.77,19.78,18.27,44.8,27.4,reject
20,31.63,16.17,20.0,17.98,45.0,26.0,reject
20,30.96,15.45,19.5,17.86,44.5,27.0,reject
20,30.63,14.59,19.53,18.05,44.8,27.4,reject
20,30.8,15.45,19.66,17.95,44.3,27.4,reject
20,30.8,15.45,20.13,18.05,43.9,27.5,reject
20,30.96,15.71,20.0,18.2,44.3,27.4,reject
20,30.96,15.71,19.67,17.91,44.3,27.2,reject
20,31.29,15.58,19.65,17.86,44.6,26.6,reject
20,31.46,15.9,19.78,17.87,44.4,26.4,reject
20,30.96,15.58,20.34,18.05,44.0,27.5,reject
20,30.47,15.32,19.9,18.14,44.8,26.7,reject
20,30.96,15.01,19.78,18.2,44.9,27.0,reject
20,31.63,16.24,20.0,17.96,45.5,25.9,reject
20,29.84,14.47,20.1,18.15,44.0,27.5,reject
20,30.63,15.01,19.65,17.95,44.4,27.6,reject
20,30.96,15.64,19.89,18.05,44.1,27.5,reject
20,30.8,15.51,19.67,17.95,44.3,27.4,reject
20,30.8,14.71,19.51,18.05,44.9,27.3,reject
20,31.63,16.17,19.99,17.96,45.5,25.9,reject
20,31.46,15.58,19.75,17.95,44.8,26.5,reject
20,31.8,16.24,20.0,17.95,44.5,26.1,reject
20,31.46,15.39,19.88,18.05,44.8,26.4,reject
20,30.96,15.58,19.56,17.86,44.3,27.2,reject
20,30.96,15.64,19.65,17.87,44.3,27.2,reject
20,31.63,16.17,20.0,17.99,44.9,25.9,reject
20,30.31,15.14,19.99,18.25,44.2,27.3,reject
20,31.63,16.03,19.88,17.96,46.1,25.9,reject
20,30.8,15.64,20.09,18.15,46.2,26.0,reject
20,29.69,14.36,20.0,18.11,44.0,27.5,reject
20,31.63,15.71,20.12,18.28,46.5,26.0,reject
20,31.63,16.1,19.89,17.96,46.1,26.0,reject
20,31.63,16.03,20.0,18.01,45.0,26.0,reject
20,31.8,16.24,20.02,17.96,45.0,26.0,reject
20,30.8,15.45,20.12,18.05,43.9,27.5,reject
20,31.29,15.71,19.67,17.86,44.5,26.6,reject
20,31.12,15.32,19.95,18.18,44.9,26.6,reject
20,30.8,15.32,19.55,17.91,44.4,27.4,reject
20,30.31,15.32,19.89,17.98,44.4,26.5,reject
20,31.8,16.03,19.96,17.95,44.6,26.1,reject
20,31.12,15.71,19.63,17.86,44.4,26.8,reject
20,30.63,14.47,19.7,18.05,44.6,27.5,reject
20,31.12,15.08,19.74,18.07,44.9,26.9,reject
20,31.63,15.77,20.27,18.34,45.7,25.9,reject
20,30.96,15.58,19.55,17.85,44.4,27.0,reject
20,31.63,15.77,20.34,18.34,45.2,26.0,reject
20,30.8,14.95,19.44,17.9,44.6,27.4,reject
20,30.63,14.71,19.78,18.26,44.9,27.5,reject
20,30.63,14.83,19.72,18.24,45.0,27.3,reject
20,30.8,15.71,20.22,18.16,44.7,26.1,reject
20,31.63,16.17,20.0,17.96,45.5,25.9,reject
20,30.8,15.51,20.09,18.24,44.1,27.5,reject
20,30.63,14.59,20.0,18.27,44.6,27.5,reject
20,31.63,15.9,19.92,17.95,44.7,26.1,reject
20,31.63,16.03,19.91,17.96,45.6,25.9,reject
20,29.69,14.47,19.89,18.06,44.2,27.5,reject
20,30.63,15.08,19.66,17.95,44.3,27.5,reject
20,31.63,16.17,20.0,17.97,44.9,25.9,reject
20,30.63,14.77,19.58,17.96,44.5,27.5,reject
20,30.8,15.58,19.67,17.95,44.3,27.4,reject
20,31.46,15.58,19.76,17.95,44.8,26.5,reject
20,31.63,15.77,19.96,17.96,44.8,26.1,reject
20,31.63,15.9,19.94,17.95,44.7,26.1,reject
20,31.63,16.1,19.96,17.96,45.6,25.9,reject
20,30.8,15.51,20.0,18.24,44.3,27.4,reject
20,30.63,14.77,19.59,17.95,44.5,27.5,reject
20,30.96,15.45,20.04,18.23,44.9,26.5,reject
20,29.84,14.83,19.65,18.07,44.6,27.3,reject
20,30.8,15.45,19.65,17.95,44.3,27.4,reject
20,30.96,15.64,19.96,18.1,44.1,27.5,reject
20,29.84,14.59,19.67,18.06,44.5,27.5,reject
20,31.63,15.84,19.89,17.96,45.6,25.9,reject
20,30.63,15.2,19.67,17.95,44.2,27.5,reject
20,31.63,16.1,19.94,17.96,45.6,25.9,reject
20,30.96,15.84,19.9,18.14,44.3,27.4,reject
20,30.8,15.32,19.76,17.95,44.2,27.5,reject
20,31.46,15.77,19.8,17.96,46.2,26.0,reject
20,30.8,15.39,19.56,17.93,44.3,27.4,reject
20,30.8,15.77,20.28,18.24,44.9,26.0,reject
20,30.96,15.51,19.5,17.86,44.5,27.0,reject
20,30.8,15.58,20.18,17.95,44.5,26.1,reject
20,30.63,15.01,19.45,17.89,44.5,27.4,reject
20,31.63,15.97,19.88,17.9,44.5,26.3,reject
20,30.8,15.2,19.46,17.88,44.4,27.4,reject
20,29.69,14.36,19.95,18.06,44.0,27.5,reject
20,31.63,15.77,19.89,18.0,45.6,25.9,reject
20,31.63,15.71,20.19,18.34,46.3,25.9,reject
20,31.12,15.64,19.56,17.86,44.5,26.8,reject
20,30.8,15.39,19.57,17.93,44.3,27.4,reject
20,30.8,15.32,19.77,17.96,44.2,27.5,reject
20,31.63,15.84,19.95,17.95,44.7,26.1,reject
20,30.8,15.2,19.45,17.89,44.4,27.4,reject
20,30.8,15.14,19.88,18.17,45.0,26.9,reject
20,30.31,14.65,19.78,18.25,44.8,27.4,reject
20,31.63,15.97,19.93,17.95,44.6,26.1,reject
20,30.8,15.45,19.62,17.94,44.3,27.4,reject
20,31.63,16.17,19.98,17.96,45.5,25.9,reject
20,31.29,15.26,19.88,18.18,45.0,26.9,reject
20,31.12,15.39,19.55,17.86,44.6,26.8,reject
20,30.96,15.64,20.2,18.27,46.2,25.9,reject
20,29.84,14.53,20.0,18.24,44.5,27.6,reject
20,31.63,15.64,20.17,18.21,45.1,25.9,reject
20,30.8,15.2,19.67,17.96,44.2,27.5,reject
20,30.63,14.59,19.56,18.05,44.9,27.5,reject
20,30.8,15.32,19.77,17.96,44.1,27.5,reject
20,30.63,15.51,20.09,18.0,44.5,26.2,reject
20,30.63,15.32,19.92,18.15,44.8,26.7,reject
20,31.46,15.64,19.87,17.96,44.8,26.3,reject
20,30.8,14.83,19.45,17.96,44.9,27.3,reject
20,30.8,14.77,19.45,18.03,44.9,27.3,reject
20,31.63,16.17,19.89,17.96,46.1,26.0,reject
20,30.8,15.71,20.13,18.06,44.5,26.1,reject
20,30.31,15.26,20.0,18.25,44.2,27.3,reject
20,30.8,15.45,19.66,17.94,44.3,27.4,reject
20,30.8,15.71,20.11,18.17,46.2,26.0,reject
20,30.47,15.2,20.1,18.31,44.1,27.5,reject
20,30.96,15.64,20.0,18.15,44.1,27.5,reject
20,31.8,16.1,20.0,17.95,44.6,26.1,reject
20,30.31,14.95,20.35,18.35,43.9,27.5,reject
20,31.12,15.45,19.55,17.86,44.6,26.8,reject
20,30.8,15.45,20.11,18.05,43.9,27.5,reject
20,30.96,15.39,19.45,17.86,44.5,27.0,reject
20,30.63,14.77,19.45,17.96,44.7,27.4,reject
20,30.47,15.45,20.0,18.15,44.7,26.5,reject
20,31.63,15.9,19.89,17.96,45.6,25.9,reject
20,30.96,15.39,19.48,17.86,44.4,27.2,reject
20,30.63,15.45,20.0,18.24,44.3,27.4,reject
20,30.96,15.84,20.32,18.24,44.8,26.0,reject
20,30.96,15.51,20.21,18.05,43.9,27.5,reject
20,30.8,15.64,20.13,18.21,45.9,25.9,reject
20,31.63,15.71,20.29,18.34,45.7,25.9,reject
20,30.8,14.71,19.78,18.25,44.8,27.4,reject
20,31.46,15.45,20.0,18.19,44.9,26.5,reject
20,31.29,15.64,20.22,18.33,46.3,25.9,reject
20,30.47,15.32,19.89,18.12,44.6,26.7,reject
20,30.8,15.58,19.68,17.95,44.3,27.4,reject
20,29.84,14.42,20.0,18.15,44.0,27.5,reject
20,30.8,15.32,19.74,17.95,44.2,27.5,reject
20,30.47,15.45,19.99,17.98,44.4,26.3,reject
20,29.84,14.53,20.14,18.24,43.9,27.5,reject
20,29.84,14.65,19.77,18.24,44.7,27.5,reject
20,31.63,15.77,20.0,18.05,45.1,25.9,reject
20,31.29,15.9,19.68,17.86,44.4,26.6,reject
20,30.96,15.2,19.88,18.18,45.0,26.9,reject
20,29.84,14.65,19.71,18.15,44.5,27.4,reject
20,30.96,15.14,19.45,17.86,44.8,27.1,reject
20,30.15,15.14,19.78,18.11,44.7,26.9,reject
20,30.8,15.45,20.2,18.05,43.9,27.5,reject
20,30.96,15.77,19.7,17.91,44.3,27.2,reject
20,30.96,15.64,19.67,17.92,44.3,27.2,reject
20,31.12,15.14,19.56,17.96,44.9,26.9,reject
20,31.46,15.64,19.99,18.05,45.7,25.9,reject
20,30.63,14.95,19.6,17.96,44.4,27.5,reject
20,30.63,15.01,19.64,17.95,44.4,27.5,reject
20,30.8,15.51,19.66,17.95,44.3,27.4,reject
20,31.63,15.58,20.1,18.15,45.7,25.9,reject
20,30.96,15.26,19.45,17.86,44.6,27.0,reject
20,30.96,15.01,19.45,17.91,44.9,27.1,reject
20,31.46,15.71,19.75,17.92,44.6,26.4,reject
20,31.29,15.51,20.04,18.24,45.0,26.5,reject
20,30.8,15.51,19.99,18.05,46.0,25.9,reject
20,30.96,15.58,20.32,18.09,44.0,27.5,reject
20,30.96,15.51,19.56,17.86,44.4,27.2,reject
20,30.96,15.64,19.67,17.9,44.3,27.2,reject
20,30.96,15.51,19.53,17.86,44.4,27.0,reject
20,31.8,16.24,20.01,17.96,44.9,25.9,reject
20,30.96,15.58,19.56,17.86,44.4,27.0,reject
20,31.63,15.71,19.99,17.96,44.9,26.1,reject
20,30.63,15.14,19.67,17.96,44.3,27.5,reject
20,30.96,15.39,19.45,17.86,44.4,27.2,reject
20,30.8,15.14,19.41,17.86,44.6,27.2,reject
20,31.8,15.77,20.28,18.32,45.2,25.9,reject
20,29.84,14.83,19.88,18.16,44.2,27.3,reject
20,31.12,15.71,20.23,18.24,44.8,26.1,reject
20,30.8,15.45,20.21,18.05,43.9,27.5,reject
20,31.12,15.71,20.33,18.33,45.6,25.9,reject
20,29.84,14.77,19.78,18.15,44.2,27.3,reject
20,30.8,15.77,20.21,18.14,44.7,26.2,reject
20,30.8,15.77,20.26,18.24,45.4,25.9,reject
20,29.69,14.47,19.66,18.05,44.3,27.5,reject
20,30.8,15.45,19.55,17.86,44.4,27.2,reject
20,30.96,15.58,20.41,18.29,43.9,27.5,reject
20,30.8,14.77,19.45,17.97,44.9,27.3,reject
20,30.15,15.2,19.78,17.96,44.4,26.7,reject
20,29.69,14.65,19.67,18.05,44.3,27.3,reject
20,30.63,14.89,19.59,17.95,44.4,27.5,reject
20,31.46,15.64,20.13,18.26,46.5,26.0,reject
20,31.12,15.64,20.21,18.3,46.2,25.9,reject
20,31.63,15.71,20.12,18.27,46.5,26.0,reject
20,31.8,15.64,20.0,18.05,44.9,26.1,reject
20,31.8,15.71,20.11,18.27,46.5,25.9,reject
20,30.31,15.2,19.84,18.15,44.8,26.9,reject
20,31.12,16.03,19.89,18.05,44.3,27.2,reject
20,29.84,14.59,20.0,18.24,44.5,27.6,reject
20,30.8,15.51,19.67,17.96,44.3,27.4,reject
20,30.96,15.64,20.32,18.16,43.9,27.5,reject
20,30.8,15.2,19.44,17.86,44.6,27.3,reject
20,30.96,15.64,19.66,17.92,44.3,27.2,reject
20,31.63,15.71,20.31,18.34,45.7,25.9,reject
20,31.46,15.71,20.32,18.34,45.7,25.9,reject
20,30.47,15.45,20.0,18.15,44.6,26.5,reject
20,30.8,15.58,20.13,18.08,45.1,25.9,reject
20,30.8,15.64,20.11,18.18,45.9,25.9,reject
20,30.8,15.26,19.54,17.89,44.4,27.4,reject
20,30.96,15.01,19.45,17.87,44.8,27.1,reject
20,31.63,16.1,19.89,17.91,44.4,26.2,reject
20,31.63,16.1,19.89,17.91,44.4,26.3,reject
20,30.8,15.26,19.45,17.86,44.6,27.3,reject
20,30.8,15.77,20.28,18.23,44.7,26.0,reject
20,30.8,15.45,20.01,18.2,44.9,26.5,reject
20,31.8,16.1,19.99,17.95,44.6,26.1,reject
20,30.0,14.83,19.67,18.14,44.6,27.3,reject
20,31.12,15.08,19.67,18.01,44.9,26.9,reject
20,30.8,15.45,19.78,17.96,44.1,27.5,reject
20,30.8,15.51,20.43,18.32,43.9,27.5,reject
20,31.63,15.51,19.9,18.05,44.9,26.3,reject
20,30.31,15.26,19.85,18.04,44.5,26.7,reject
20,31.46,15.39,19.78,17.96,44.9,26.5,reject
20,31.12,15.71,19.62,17.86,44.4,26.8,reject
20,30.8,15.39,19.78,17.95,44.1,27.5,reject
20,30.96,15.71,19.68,17.91,44.2,27.1,reject
20,30.8,15.26,19.55,17.89,44.4,27.4,reject
20,31.29,15.71,20.32,18.34,45.7,25.9,reject
20,31.46,15.77,19.77,17.9,44.6,26.5,reject
20,31.12,15.71,20.24,18.24,44.9,26.1,reject
20,31.29,15.39,19.93,18.17,44.9,26.7,reject
20,31.46,15.64,20.21,18.34,46.3,25.9,reject
20,30.63,15.58,20.11,18.15,44.7,26.3,reject
20,30.8,15.39,19.56,17.92,44.3,27.4,reject
20,30.96,15.45,19.51,17.87,44.4,27.2,reject
20,31.63,15.97,19.83,17.96,46.1,25.9,reject
20,31.63,16.17,19.89,17.96,46.0,25.9,reject
20,30.8,14.89,19.71,18.24,45.0,27.3,reject
20,31.46,15.71,19.74,17.91,44.7,26.5,reject
20,30.63,14.71,19.61,17.96,44.5,27.5,reject
20,30.8,15.45,20.16,18.05,43.9,27.5,reject
20,30.47,15.32,20.0,18.25,44.3,27.4,reject
20,31.29,15.45,19.64,17.86,44.7,26.6,reject
20,30.15,15.14,19.78,18.06,44.7,26.9,reject
20,31.46,15.84,19.77,17.87,44.5,26.4,reject
20,30.47,15.45,20.01,18.15,44.6,26.5,reject
20,31.63,15.84,20.34,18.34,45.2,26.0,reject
20,29.84,14.83,19.68,18.15,44.6,27.3,reject
20,30.96,15.64,20.18,18.25,46.1,25.9,reject
20,30.96,15.39,19.45,17.87,44.4,27.2,reject
20,30.63,15.08,19.66,17.95,44.4,27.6,reject
20,31.29,15.26,19.67,17.95,44.8,26.6,reject
20,30.8,15.45,19.56,17.86,44.4,27.3,reject
20,30.8,15.58,20.11,18.24,46.1,25.9,reject
20,29.84,14.53,19.99,18.22,44.4,27.5,reject
20,31.63,16.03,19.96,17.95,44.6,26.1,reject
20,30.8,15.45,19.64,17.95,44.3,27.4,reject
20,30.96,15.64,20.12,18.24,46.3,26.0,reject
20,30.8,15.32,19.56,17.91,44.3,27.4,reject
20,30.31,15.01,19.77,18.15,44.9,27.1,reject
20,31.63,16.1,19.97,17.96,45.6,25.9,reject
20,31.29,15.32,19.89,18.15,44.9,26.6,reject
20,30.8,15.51,19.56,17.86,44.4,27.2,reject
20,30.96,15.08,19.45,17.87,44.8,27.1,reject
20,30.8,14.83,19.72,18.24,45.0,27.3,reject
20,31.29,15.64,20.12,18.25,46.5,26.0,reject
20,31.63,15.84,20.34,18.34,45.2,25.9,reject
20,30.8,15.14,19.45,17.88,44.5,27.4,reject
20,29.84,14.71,19.76,18.16,44.5,27.4,reject
20,31.46,15.77,19.83,17.95,44.7,26.3,reject
20,30.63,14.65,19.48,18.03,44.8,27.4,reject
20,30.8,15.64,20.03,18.18,44.1,27.5,reject
20,30.47,14.83,19.74,18.24,44.9,27.3,reject
20,30.8,15.26,19.54,17.9,44.4,27.4,reject
20,31.46,15.84,19.79,17.96,46.2,25.9,reject
20,30.8,14.59,19.56,18.14,44.9,27.5,reject
20,31.46,15.64,19.85,17.96,44.8,26.3,reject
20,30.47,15.45,20.0,18.13,44.6,26.5,reject
20,30.31,15.2,19.79,18.11,44.7,26.9,reject
20,29.84,14.47,19.67,18.05,44.2,27.5,reject
20,30.8,15.26,19.5,17.9,44.4,27.4,reject
20,31.29,15.64,19.66,17.86,44.5,26.6,reject
20,30.8,15.45,20.03,18.21,44.9,26.5,reject
20,31.63,16.03,19.89,17.91,44.5,26.3,reject
20,30.96,15.77,20.0,18.16,44.2,27.3,reject
20,31.63,15.58,20.07,18.16,44.9,26.3,reject
20,30.15,14.83,19.69,18.18,44.8,27.3,reject
20,31.29,15.64,20.13,18.25,46.5,26.0,reject
20,31.46,15.51,20.03,18.23,44.9,26.5,reject
20,31.63,16.1,19.89,17.96,46.0,25.9,reject
20,30.15,14.77,20.33,18.34,43.9,27.5,reject
20,31.63,15.97,19.88,17.9,44.6,26.3,reject
20,30.31,15.26,19.89,18.06,44.7,26.7,reject
20,31.12,15.64,19.58,17.86,44.4,26.8,reject
20,30.47,15.45,19.98,18.08,44.5,26.5,reject
20,31.63,15.58,20.0,18.05,45.7,25.9,reject
20,31.46,15.77,19.76,17.91,44.6,26.5,reject
20,31.63,15.51,19.89,18.05,44.9,26.3,reject
20,30.8,15.58,20.0,18.23,44.3,27.4,reject
20,30.8,15.32,19.56,17.93,44.3,27.4,reject
20,30.47,15.26,20.1,18.26,44.1,27.5,reject
20,30.96,15.2,19.45,17.86,44.7,27.1,reject
20,31.46,15.97,19.78,17.87,44.5,26.5,reject
20,31.46,15.77,20.34,18.34,45.2,26.0,reject
20,30.96,15.9,20.0,18.15,44.2,27.1,reject
20,31.29,15.64,19.66,17.86,44.6,26.6,reject
20,30.31,15.01,19.78,18.15,44.9,27.1,reject
20,31.63,16.03,19.9,17.96,45.6,25.9,reject
20,31.29,15.71,20.26,18.25,44.9,26.1,reject
20,30.47,15.39,19.89,18.05,44.4,26.5,reject
20,31.63,16.03,19.85,17.96,46.1,26.0,reject
20,31.63,15.84,19.89,17.98,45.6,25.9,reject
20,31.46,15.64,19.75,17.93,44.6,26.4,reject
20,29.84,14.65,19.77,18.19,44.7,27.5,reject
20,29.84,14.77,19.6,18.05,44.5,27.3,reject
20,31.29,15.58,20.13,18.24,44.9,26.3,reject
20,29.69,14.59,19.6,18.03,44.3,27.3,reject
20,30.63,15.14,19.67,17.95,44.3,27.5,reject
20,30.96,15.64,19.64,17.88,44.3,27.2,reject
20,30.8,15.51,20.23,18.05,44.0,27.5,reject
20,31.46,15.64,19.95,18.04,45.7,25.9,reject
20,30.63,15.26,19.68,17.95,44.2,27.5,reject
20,30.0,14.95,19.69,18.07,44.7,27.1,reject
20,31.8,15.84,20.0,18.05,45.0,25.9,reject
20,31.46,15.64,20.14,18.24,45.0,26.3,reject
20,30.31,15.14,20.0,18.25,44.2,27.3,reject
20,31.63,16.1,20.0,18.01,45.0,26.0,reject
20,30.15,15.01,19.74,18.13,44.7,27.1,reject
20,30.96,15.84,20.0,18.17,44.2,27.2,reject
20,31.46,15.64,20.21,18.33,46.3,25.9,reject
20,30.8,15.64,20.22,18.24,45.5,25.9,reject
20,30.8,15.26,19.7,17.95,44.2,27.5,reject
20,30.96,15.64,19.66,17.89,44.3,27.2,reject
20,31.12,15.2,19.56,17.89,44.8,26.9,reject
20,31.63,15.64,20.12,18.24,45.0,26.3,reject
20,30.8,15.14,19.88,18.18,45.0,26.9,reject
20,31.12,15.45,20.04,18.24,44.9,26.5,reject
20,31.63,15.97,19.84,17.96,46.1,25.9,reject
20,31.63,16.03,19.92,17.96,45.6,25.9,reject
20,30.96,15.64,20.35,18.24,43.9,27.5,reject
20,31.12,15.97,19.88,18.03,44.3,27.2,reject
20,30.96,15.01,19.77,18.2,45.0,27.1,reject
20,30.96,15.84,20.34,18.26,44.9,26.0,reject
20,30.8,15.32,19.78,17.96,44.2,27.5,reject
20,31.63,15.51,20.02,18.23,46.3,25.9,reject
20,30.63,14.89,19.45,17.95,44.6,27.4,reject
20,31.46,15.71,19.75,17.89,44.7,26.5,reject
20,30.8,14.95,19.38,17.92,44.7,27.3,reject
20,30.15,14.83,19.74,18.23,44.9,27.3,reject
20,30.96,15.58,20.12,18.24,44.8,26.3,reject
20,31.29,15.32,19.93,18.18,45.0,26.7,reject
20,31.63,15.58,19.89,18.01,44.8,26.3,reject
20,31.46,15.71,20.25,18.26,45.0,26.1,reject
20,29.84,14.53,19.65,18.05,44.4,27.5,reject
20,30.63,14.95,19.45,17.9,44.5,27.4,reject
20,30.8,14.77,19.56,18.14,44.9,27.3,reject
20,30.8,15.51,20.25,18.06,44.0,27.5,reject
20,30.31,14.65,19.78,18.24,44.8,27.5,reject
20,31.46,15.77,20.34,18.34,45.1,25.9,reject
20,30.8,15.26,19.52,17.9,44.4,27.4,reject
20,30.63,14.89,19.45,17.93,44.6,27.4,reject
20,30.96,15.77,19.73,17.93,44.3,27.2,reject
20,29.84,14.65,19.67,18.05,44.3,27.3,reject
20,30.8,15.71,20.22,18.16,44.7,26.2,reject
20,30.63,14.83,19.45,17.95,44.6,27.4,reject
20,31.63,15.97,19.89,17.96,45.6,25.9,reject
20,30.8,15.32,19.56,17.92,44.3,27.4,reject
20,30.63,15.08,19.67,17.95,44.3,27.5,reject
20,30.96,15.64,20.2,18.3,46.2,25.9,reject
20,31.63,15.97,19.92,17.95,44.6,26.1,reject
20,31.46,15.51,19.76,17.95,44.8,26.5,reject
20,30.96,15.77,20.34,18.32,45.0,26.0,reject
20,30.96,15.58,19.6,17.87,44.3,27.2,reject
20,30.8,15.45,19.59,17.93,44.3,27.4,reject
20,30.63,15.58,20.11,18.15,44.8,26.3,reject
20,30.8,15.77,20.22,18.15,44.7,26.2,reject
20,30.8,15.14,19.45,17.89,44.5,27.4,reject
20,30.63,15.58,20.08,18.08,44.5,26.3,reject
20,31.12,15.2,19.88,18.18,45.0,26.9,reject
20,31.12,15.71,19.64,17.86,44.4,26.8,reject
20,31.29,15.71,20.33,18.34,45.6,25.9,reject
20,30.63,15.01,19.65,17.95,44.4,27.5,reject
20,30.63,15.08,19.45,17.88,44.5,27.4,reject
20,30.96,15.77,20.33,18.25,45.0,26.0,reject
20,30.0,14.83,19.68,18.15,44.8,27.3,reject
20,30.47,14.53,20.0,18.27,44.6,27.5,reject
20,31.63,16.1,19.89,17.92,44.4,26.2,reject
20,30.8,15.32,19.45,17.86,44.6,27.3,reject
20,31.63,16.03,19.87,17.96,46.1,26.0,reject
20,31.46,15.9,19.78,17.88,44.5,26.4,reject
20,31.12,15.45,20.05,18.23,44.9,26.5,reject
20,29.84,14.71,19.75,18.15,44.5,27.4,reject
20,30.8,14.89,19.72,18.24,45.0,27.3,reject
20,30.8,15.45,20.23,18.05,44.0,27.5,reject
20,31.12,15.97,19.98,18.14,44.2,27.1,reject
20,31.12,15.2,19.56,17.92,44.8,26.9,reject
20,31.63,15.71,19.94,18.05,45.7,25.9,reject
20,30.96,15.64,19.67,17.91,44.3,27.2,reject
20,31.46,15.51,19.97,18.14,46.3,25.9,reject
20,30.96,15.71,19.69,17.92,44.2,27.1,reject
20,30.96,15.71,19.69,17.9,44.2,27.1,reject
20,30.63,14.53,19.67,18.03,44.6,27.5,reject
20,31.63,15.71,20.22,18.24,45.1,25.9,reject
20,31.29,15.39,19.65,17.87,44.8,26.7,reject
20,30.47,14.53,20.0,18.28,44.6,27.5,reject
20,31.12,15.77,20.34,18.34,45.1,26.0,reject
20,30.63,15.26,19.67,17.95,44.2,27.5,reject
20,30.63,15.26,19.71,17.96,44.2,27.5,reject
20,31.12,14.95,19.66,18.07,44.9,27.0,reject
20,31.46,15.58,19.89,18.05,46.2,25.9,reject
20,31.29,15.58,20.14,18.24,44.9,26.3,reject
20,30.96,15.51,19.67,17.95,44.3,27.4,reject
20,30.31,15.32,19.89,18.07,44.6,26.7,reject
20,30.8,14.71,19.56,18.07,44.9,27.3,reject
20,30.96,15.45,20.23,18.05,44.0,27.5,reject
20,30.96,15.32,19.94,18.16,44.9,26.7,reject
20,30.15,14.77,20.0,18.25,44.1,27.5,reject
20,30.8,15.84,20.32,18.25,44.8,26.0,reject
20,30.8,15.64,20.11,18.17,46.3,26.0,reject
20,30.96,15.45,19.46,17.86,44.5,27.0,reject
20,29.84,14.53,19.98,18.15,44.3,27.5,reject
20,31.12,15.51,19.56,17.86,44.5,26.8,reject
20,29.84,14.53,20.0,18.19,44.3,27.5,reject
20,30.8,15.71,20.28,18.25,45.5,25.9,reject
20,31.63,15.84,19.79,17.96,46.2,26.0,reject
20,30.63,14.53,19.67,18.05,44.6,27.5,reject
20,30.8,15.39,19.46,17.86,44.4,27.2,reject
20,31.29,15.84,19.67,17.86,44.4,26.6,reject
20,30.47,15.14,20.09,18.31,44.1,27.5,reject
20,30.31,15.2,19.78,18.04,44.6,26.9,reject
20,30.63,14.95,19.63,17.95,44.4,27.5,reject
20,30.96,15.71,19.67,17.93,44.2,27.1,reject
20,30.47,14.59,19.67,17.98,44.6,27.5,reject
20,30.63,15.45,20.0,18.17,44.8,26.5,reject
20,31.46,15.9,19.89,17.96,45.6,25.9,reject
20,31.63,15.58,20.01,18.15,45.7,25.9,reject
20,30.15,15.2,19.78,18.05,44.6,26.9,reject
20,30.63,14.59,19.66,18.15,44.9,27.5,reject
20,31.46,15.71,20.19,18.34,46.3,25.9,reject
20,31.63,16.1,19.92,17.96,45.6,25.9,reject
20,30.8,15.64,20.11,18.22,46.3,26.0,reject
20,30.8,15.64,20.11,18.18,46.2,26.0,reject
20,31.8,16.1,19.97,17.95,44.6,26.1,reject
20,31.46,15.58,20.14,18.24,45.0,26.3,reject
20,30.63,15.01,19.78,18.18,44.8,27.0,reject
20,30.63,14.89,19.45,17.94,44.6,27.4,reject
20,31.63,15.64,20.11,18.24,44.9,26.3,reject
20,29.84,14.83,19.67,18.12,44.6,27.3,reject
20,31.63,15.71,19.84,17.96,44.8,26.3,reject
20,31.29,15.58,19.64,17.86,44.6,26.6,reject
20,30.15,15.01,19.7,18.06,44.6,27.1,reject
20,31.63,15.9,20.0,18.02,45.0,25.9,reject
20,30.63,14.47,19.84,18.15,44.6,27.5,reject
20,30.8,15.58,19.71,17.95,44.3,27.4,reject
20,30.8,15.64,20.11,18.04,44.5,26.2,reject
20,30.8,15.45,20.22,18.05,43.9,27.5,reject
20,30.63,14.95,19.64,17.95,44.4,27.5,reject
20,30.63,14.77,19.78,18.25,44.9,27.5,reject
20,30.8,14.71,19.78,18.26,44.9,27.5,reject
20,30.96,15.01,19.78,18.22,45.0,27.1,reject
20,31.63,15.77,19.83,17.95,44.7,26.3,reject
20,30.96,15.45,20.03,18.22,44.9,26.5,reject
20,30.96,15.2,19.45,17.86,44.6,27.0,reject
20,31.63,15.64,20.22,18.24,45.7,25.9,reject
20,30.31,15.2,19.79,18.07,44.6,26.9,reject
20,31.29,15.51,19.64,17.86,44.6,26.6,reject
20,30.96,14.89,19.69,18.24,44.9,27.2,reject
20,30.8,14.65,19.67,18.24,44.9,27.5,reject
20,31.12,15.32,19.55,17.86,44.8,26.9,reject
20,30.47,15.14,20.4,18.34,43.8,27.5,reject
20,31.46,15.64,19.76,17.94,44.8,26.5,reject
20,30.8,15.58,20.01,18.24,44.3,27.4,reject
20,30.8,15.64,20.15,18.24,46.0,25.9,reject
20,31.29,15.2,19.77,18.02,44.9,26.7,reject
20,30.8,15.45,20.44,18.33,43.9,27.5,reject
20,31.63,15.97,20.0,18.02,45.0,25.9,reject
20,30.31,15.01,20.36,18.34,43.9,27.5,reject
20,30.8,15.26,19.68,17.96,44.2,27.5,reject
20,31.63,16.03,19.95,17.95,44.6,26.1,reject
20,30.8,15.71,20.21,18.15,44.7,26.1,reject
20,30.63,15.45,20.0,18.18,44.8,26.5,reject
20,29.84,14.65,19.77,18.22,44.7,27.5,reject
20,30.8,15.2,19.67,17.95,44.2,27.5,reject
20,29.69,14.47,19.58,18.01,44.4,27.5,reject
20,30.63,14.65,19.63,17.96,44.6,27.5,reject
20,31.46,15.45,19.77,17.95,44.7,26.4,reject
20,30.96,15.51,20.27,18.07,44.0,27.5,reject
20,31.12,15.32,19.94,18.18,44.9,26.7,reject
20,30.31,14.89,20.35,18.35,43.9,27.5,reject
20,29.84,14.71,19.56,18.02,44.5,27.3,reject
20,30.31,14.53,20.0,18.26,44.6,27.6,reject
20,30.8,15.14,19.89,18.17,44.9,26.9,reject
20,30.63,15.14,19.87,18.15,44.9,26.9,reject
20,30.96,15.39,19.46,17.86,44.4,27.2,reject
20,30.96,15.64,20.12,18.24,46.4,26.0,reject
20,30.8,15.32,19.73,17.95,44.2,27.5,reject
20,30.47,15.14,19.87,18.15,44.8,26.9,reject
20,31.29,15.2,19.87,18.17,45.0,26.9,reject
20,30.96,15.64,19.65,17.88,44.3,27.2,reject
20,31.63,16.03,20.0,18.02,45.0,26.0,reject
20,31.63,15.84,19.94,17.96,44.7,26.1,reject
20,31.8,15.71,20.2,18.22,44.9,26.1,reject
20,30.31,15.08,20.06,18.31,44.1,27.5,reject
20,30.8,15.08,19.37,17.87,44.7,27.3,reject
20,30.31,14.53,20.0,18.27,44.6,27.6,reject
20,30.96,14.89,19.56,18.0,45.0,27.1,reject
20,31.12,15.64,19.57,17.86,44.4,26.8,reject
20,31.29,15.84,19.67,17.85,44.4,26.6,reject
20,30.63,14.65,19.45,17.99,44.8,27.5,reject
20,30.15,15.01,19.67,18.05,44.6,27.1,reject
20,31.29,15.64,20.21,18.33,46.2,25.9,reject
20,30.47,15.39,20.0,18.25,44.3,27.4,reject
20,30.96,15.64,20.34,18.06,44.0,27.5,reject
20,30.8,15.01,19.78,18.2,44.9,27.0,reject
20,31.29,15.77,20.34,18.34,45.1,26.0,reject
20,30.96,15.64,20.37,18.25,43.9,27.5,reject
20,31.29,15.64,20.13,18.25,46.4,26.0,reject
20,29.84,14.59,19.56,17.97,44.4,27.3,reject
20,31.8,15.77,20.24,18.25,45.0,26.1,reject
20,31.63,15.71,20.25,18.25,45.0,26.1,reject
20,31.63,15.97,19.86,17.9,44.6,26.3,reject
20,30.8,15.32,19.45,17.87,44.5,27.3,reject
20,31.46,15.58,19.89,17.97,44.8,26.3,reject
20,31.63,16.24,20.0,17.96,45.6,25.9,reject
20,30.96,15.45,19.55,17.86,44.4,27.2,reject
20,30.8,15.64,20.08,18.15,46.1,26.0,reject
20,31.46,15.97,19.78,17.87,44.4,26.4,reject
20,30.8,15.45,20.1,18.24,44.1,27.5,reject
20,30.8,15.77,20.23,18.23,45.3,25.9,reject
20,31.46,15.58,19.89,18.05,46.3,25.9,reject
20,31.8,15.84,20.34,18.34,45.2,25.9,reject
20,29.84,14.53,19.93,18.13,44.2,27.5,reject
20,31.12,15.58,19.56,17.86,44.6,26.9,reject
20,30.0,14.95,19.66,18.01,44.5,27.1,reject
20,31.12,15.32,19.56,17.86,44.8,26.9,reject
20,30.96,15.45,19.54,17.86,44.4,27.2,reject
20,30.96,15.58,20.34,18.06,44.0,27.5,reject
20,30.96,15.77,19.71,17.93,44.2,27.2,reject
20,31.63,15.71,20.23,18.33,45.7,25.9,reject
20,31.46,15.45,19.78,17.96,44.9,26.5,reject
20,30.8,15.58,19.57,17.86,44.3,27.2,reject
20,31.46,15.39,19.94,18.18,44.9,26.7,reject
20,30.63,15.58,20.1,18.14,44.6,26.3,reject
20,30.96,15.51,19.86,18.0,44.1,27.5,reject
20,30.96,15.77,19.75,17.91,44.2,27.2,reject
20,30.8,15.45,20.18,18.05,43.9,27.5,reject
20,29.84,14.89,19.6,17.96,44.4,27.1,reject
20,31.63,15.71,19.92,18.04,45.7,25.9,reject
20,31.63,15.71,20.0,18.05,45.1,26.0,reject
20,31.46,15.58,19.88,18.04,46.2,25.9,reject
20,30.15,14.65,19.78,18.24,44.8,27.5,reject
20,30.15,15.01,19.71,18.12,44.7,27.1,reject
20,31.46,15.84,19.8,17.96,46.2,25.9,reject
20,29.84,14.59,20.0,18.16,44.3,27.5,reject
20,30.96,15.39,19.45,17.86,44.5,27.3,reject
20,30.47,15.2,20.42,18.35,43.8,27.5,reject
20,30.96,15.51,20.3,18.07,44.0,27.5,reject
20,30.63,14.83,19.58,17.96,44.5,27.5,reject
20,31.63,15.84,19.83,17.93,44.6,26.3,reject
20,30.31,14.53,20.0,18.28,44.6,27.5,reject
20,30.8,15.32,19.94,18.17,44.9,26.7,reject
20,30.8,15.01,19.39,17.9,44.7,27.3,reject
20,30.96,15.58,20.23,18.14,43.9,27.5,reject
20,30.15,15.01,19.77,18.15,44.8,27.1,reject
20,31.12,15.64,20.21,18.32,46.2,25.9,reject
20,29.69,14.36,19.89,18.05,44.1,27.5,reject
20,31.46,15.77,20.25,18.26,44.9,26.1,reject
20,31.12,15.26,19.55,17.88,44.8,26.9,reject
20,29.84,14.71,19.77,18.18,44.5,27.4,reject
20,31.12,15.64,20.13,18.25,46.4,26.0,reject
20,31.8,16.24,20.03,17.96,44.9,25.9,reject
20,31.46,15.51,20.03,18.24,45.0,26.5,reject
20,30.8,15.71,20.23,18.19,45.3,25.9,reject
20,31.63,15.64,20.1,18.14,44.9,26.1,reject
20,31.12,15.45,20.03,18.23,44.9,26.5,reject
20,31.63,15.84,19.89,17.97,45.6,25.9,reject
20,31.63,15.9,19.85,17.91,44.6,26.3,reject
20,31.29,15.51,19.65,17.86,44.6,26.6,reject
20,30.96,15.58,20.12,18.23,44.8,26.3,reject
20,30.96,15.77,20.24,18.19,44.7,26.0,reject
20,30.63,14.59,20.0,18.28,44.6,27.5,reject
20,30.63,15.58,20.1,18.15,44.7,26.3,reject
20,30.8,15.01,19.45,17.9,44.5,27.4,reject
20,31.12,15.71,19.59,17.86,44.4,26.8,reject
20,30.96,15.71,20.23,18.24,44.8,26.1,reject
20,30.8,15.32,19.45,17.86,44.5,27.3,reject
20,31.12,15.58,20.13,18.24,44.8,26.3,reject
20,31.46,15.39,19.81,18.04,44.8,26.4,reject
20,31.8,15.9,20.0,18.03,45.0,25.9,reject
20,30.8,15.71,20.22,18.15,45.2,25.9,reject
20,31.63,15.64,20.07,18.1,45.1,25.9,reject
20,31.63,15.84,20.0,18.05,45.1,25.9,reject
20,31.63,15.71,19.82,17.97,46.2,25.9,reject
20,31.46,15.84,19.77,17.88,44.5,26.4,reject
20,30.96,14.95,19.5,17.96,44.9,27.1,reject
20,31.63,16.03,19.85,17.96,46.1,25.9,reject
20,31.12,15.32,19.95,18.17,44.9,26.6,reject
20,31.29,15.71,20.25,18.24,44.9,26.1,reject
20,30.8,15.71,20.17,18.1,44.5,26.1,reject
20,30.96,15.77,20.33,18.27,45.0,26.0,reject
20,30.96,15.01,19.77,18.21,44.9,27.0,reject
20,30.15,15.01,19.67,17.95,44.5,26.9,reject
20,31.63,15.97,19.82,17.96,46.1,25.9,reject
20,30.8,15.32,19.75,17.95,44.2,27.5,reject
20,31.12,15.26,19.56,17.87,44.8,26.9,reject
20,29.84,14.71,19.89,18.24,44.1,27.5,reject
20,30.8,15.45,19.65,17.93,44.3,27.4,reject
20,31.46,15.39,19.93,18.15,44.9,26.5,reject
20,31.12,15.58,19.56,17.86,44.5,26.8,reject
20,30.8,15.64,20.2,18.15,45.2,25.9,reject
20,31.63,15.64,20.11,18.24,46.5,25.9,reject
20,30.63,14.95,19.45,17.91,44.6,27.4,reject
20,30.0,14.83,19.67,18.15,44.8,27.3,reject
20,30.8,15.77,20.23,18.16,44.6,26.0,reject
20,31.12,15.45,19.56,17.86,44.7,26.9,reject
21,31.63,16.1,19.78,17.95,46.8,25.9,reject
21,32.32,16.17,20.42,17.87,48.0,25.4,reject
21,32.32,16.37,20.0,17.77,47.4,25.6,reject
21,32.14,16.24,19.99,17.87,47.0,25.6,reject
21,31.46,16.1,20.31,18.04,47.1,25.6,reject
21,31.8,15.97,20.29,18.15,47.5,25.6,reject
21,31.46,16.03,20.33,18.05,47.5,25.6,reject
21,31.97,15.77,20.0,18.11,47.1,25.7,reject
21,31.97,16.03,20.34,17.96,47.8,25.6,reject
21,31.97,15.9,19.99,17.93,47.5,25.6,reject
21,31.97,16.37,19.89,17.92,46.5,25.8,reject
21,31.8,16.03,19.77,17.95,46.8,25.9,reject
21,30.8,15.64,20.0,18.06,46.0,25.9,reject
21,31.8,15.84,19.77,17.96,46.9,25.9,reject
21,32.32,16.51,20.02,17.76,46.9,25.6,reject
21,32.49,16.51,20.01,17.63,47.5,25.6,reject
21,32.14,16.1,19.97,17.92,46.8,25.6,reject
21,31.97,15.97,19.88,17.95,47.0,25.7,reject
21,32.14,16.3,19.89,17.86,46.8,25.7,reject
21,32.32,16.44,20.0,17.86,47.1,25.6,reject
21,31.12,15.84,20.11,18.06,46.7,25.7,reject
21,32.14,16.3,20.0,17.86,46.7,25.6,reject
21,31.8,16.17,19.78,17.95,46.7,25.9,reject
21,30.96,15.71,20.04,18.01,46.5,25.8,reject
21,31.63,15.9,19.78,17.96,46.2,25.9,reject
21,30.8,15.64,20.01,18.15,46.8,25.9,reject
21,31.63,16.17,20.34,17.78,47.7,25.4,reject
21,31.46,15.84,20.22,18.24,47.1,25.7,reject
21,31.63,16.03,19.77,17.95,46.8,25.9,reject
21,32.14,16.44,19.98,17.86,46.7,25.7,reject
21,32.14,16.44,20.0,17.87,46.7,25.6,reject
21,31.8,16.17,19.89,17.96,46.0,25.9,reject
21,32.14,16.1,20.35,17.81,48.1,25.4,reject
21,32.32,15.97,20.1,17.76,47.7,25.6,reject
21,30.96,15.71,20.12,18.24,46.7,25.9,reject
21,31.29,15.84,20.22,18.23,46.9,25.8,reject
21,32.14,16.1,19.99,17.88,47.1,25.6,reject
21,32.14,16.03,20.33,18.24,47.0,25.6,reject
21,31.63,16.03,19.83,17.96,46.2,25.9,reject
21,32.49,16.03,20.23,17.85,47.7,25.5,reject
21,31.8,16.1,19.77,17.94,46.8,25.9,reject
21,31.97,16.03,19.89,17.94,46.9,25.7,reject
21,30.96,15.71,20.13,18.24,46.4,26.0,reject
21,31.12,15.71,20.12,18.25,46.7,25.9,reject
21,30.8,15.64,20.0,18.14,46.7,25.9,reject
21,32.14,15.9,20.06,17.96,47.5,25.6,reject
21,32.14,15.97,20.0,17.96,46.9,25.6,reject
21,32.14,16.17,19.98,17.68,47.6,25.6,reject
21,30.96,15.64,20.03,18.22,46.9,25.9,reject
21,32.32,16.37,20.0,17.68,47.5,25.6,reject
21,31.97,15.9,20.22,18.24,46.9,25.7,reject
21,31.97,16.3,19.89,17.91,46.6,25.8,reject
21,32.14,16.3,19.96,17.86,47.3,25.6,reject
21,31.97,16.17,19.89,17.94,46.7,25.7,reject
21,32.49,16.24,20.0,17.55,48.1,25.4,reject
21,31.8,15.9,20.22,18.24,47.0,25.8,reject
21,32.32,15.97,20.22,18.04,47.5,25.6,reject
21,32.32,15.97,20.0,17.77,47.7,25.6,reject
21,32.32,16.51,20.0,17.85,47.0,25.6,reject
21,31.63,16.03,19.82,17.96,46.2,25.9,reject
21,31.63,15.64,19.89,18.05,46.4,25.9,reject
21,31.63,15.9,20.23,18.24,47.1,25.7,reject
21,32.14,16.44,20.0,17.86,46.9,25.6,reject
21,32.32,16.44,20.0,17.76,47.0,25.6,reject
21,32.49,16.03,20.02,17.59,48.1,25.4,reject
21,31.29,15.84,20.22,18.24,47.1,25.7,reject
21,31.46,15.97,20.22,17.68,47.2,25.5,reject
21,32.14,15.9,20.11,18.05,47.0,25.6,reject
21,30.8,15.71,20.05,18.15,46.3,25.9,reject
21,32.14,16.1,20.0,17.79,47.2,25.6,reject
21,31.97,15.71,19.92,18.05,46.9,25.8,reject
21,32.49,16.24,20.02,17.59,47.8,25.4,reject
21,31.8,15.84,20.23,18.24,46.9,25.7,reject
21,32.14,15.9,20.0,17.96,47.5,25.6,reject
21,31.63,16.03,20.34,18.08,47.3,25.6,reject
21,32.32,16.3,20.0,17.67,47.4,25.5,reject
21,31.12,15.71,20.18,18.28,46.4,25.9,reject
21,32.14,16.24,19.91,17.86,47.3,25.6,reject
21,32.49,16.58,20.11,17.59,47.4,25.5,reject
21,31.12,15.77,20.11,18.15,46.8,25.9,reject
21,31.63,15.77,19.78,17.96,46.3,25.9,reject
21,30.8,15.58,19.99,18.12,46.7,25.9,reject
21,31.63,15.97,19.8,17.96,46.2,25.9,reject
21,32.32,16.1,20.0,17.55,48.1,25.4,reject
21,31.63,15.77,19.75,17.96,46.9,25.9,reject
21,31.97,15.9,20.22,18.13,47.2,25.6,reject
21,31.63,15.9,19.79,17.96,46.3,25.9,reject
21,30.96,15.84,20.11,18.14,46.7,25.8,reject
21,32.14,15.97,20.0,17.95,46.9,25.6,reject
21,31.63,15.97,20.33,18.15,47.5,25.6,reject
21,31.46,15.77,20.13,18.24,46.9,25.8,reject
21,31.12,15.84,20.19,18.17,46.9,25.7,reject
21,32.32,16.03,20.11,17.68,47.9,25.4,reject
21,32.32,16.51,20.0,17.68,47.5,25.6,reject
21,30.96,15.77,20.05,18.18,46.9,25.9,reject
21,32.49,16.03,20.22,17.68,48.0,25.4,reject
21,31.63,16.1,20.34,17.76,47.8,25.4,reject
21,31.97,15.77,20.11,18.23,46.9,25.8,reject
21,31.8,15.77,19.78,18.0,47.0,25.9,reject
21,31.63,16.03,20.33,18.18,46.9,25.6,reject
21,32.14,16.03,20.34,18.15,47.5,25.6,reject
21,32.14,16.37,20.0,17.86,47.0,25.6,reject
21,31.97,16.03,20.34,18.12,47.4,25.6,reject
21,31.97,16.3,19.89,17.93,46.7,25.8,reject
21,32.14,16.51,20.02,17.87,46.6,25.6,reject
21,32.49,16.17,20.38,17.86,48.0,25.4,reject
21,32.14,16.1,19.9,17.86,47.4,25.6,reject
21,31.97,15.9,20.22,18.24,47.0,25.8,reject
21,31.97,15.97,19.89,17.95,46.9,25.8,reject
21,31.12,15.9,20.2,18.15,46.7,25.8,reject
21,31.8,16.17,19.78,17.94,46.7,25.9,reject
21,32.32,16.24,20.0,17.68,47.5,25.5,reject
21,31.29,16.03,20.25,18.07,46.8,25.6,reject
21,32.14,15.9,20.11,18.06,47.0,25.6,reject
21,31.12,15.9,20.11,18.09,46.8,25.7,reject
21,31.8,15.97,19.79,17.95,46.7,25.8,reject
21,32.32,16.17,20.43,17.95,47.7,25.5,reject
21,31.46,16.03,20.34,18.05,47.3,25.6,reject
21,31.29,15.97,20.23,18.05,46.8,25.6,reject
21,31.97,15.97,20.34,18.23,47.3,25.6,reject
21,31.63,16.17,20.35,17.74,47.7,25.4,reject
21,31.63,16.03,20.33,18.03,47.6,25.6,reject
21,32.49,16.44,20.0,17.64,47.4,25.5,reject
21,31.8,15.97,19.79,17.96,46.2,25.9,reject
21,31.46,15.84,20.22,18.24,46.9,25.7,reject
21,32.14,16.1,20.34,18.05,47.8,25.6,reject
21,32.32,16.17,20.42,17.95,47.7,25.5,reject
21,31.46,16.1,20.24,18.0,47.0,25.6,reject
21,31.63,15.77,20.16,18.32,46.5,25.9,reject
21,31.8,16.1,20.34,17.77,48.1,25.4,reject
21,32.32,15.9,20.11,17.9,47.3,25.6,reject
21,31.97,16.24,19.89,17.94,46.6,25.7,reject
21,32.49,16.51,20.1,17.56,47.7,25.4,reject
21,32.14,16.17,19.93,17.85,47.3,25.6,reject
21,31.63,16.17,20.34,17.86,47.5,25.5,reject
21,30.96,15.71,20.03,18.17,46.8,25.9,reject
21,31.8,15.9,19.75,17.96,46.8,25.9,reject
21,32.14,15.9,20.0,17.95,47.5,25.6,reject
21,32.49,16.17,20.0,17.53,48.1,25.4,reject
21,32.32,15.97,20.21,17.88,47.8,25.6,reject
21,32.14,15.84,20.12,18.05,47.5,25.6,reject
21,31.29,15.97,20.28,18.13,47.0,25.6,reject
21,32.32,16.37,20.0,17.65,47.5,25.6,reject
21,31.29,16.03,20.23,18.06,47.3,25.6,reject
21,32.14,16.51,20.0,17.85,47.0,25.6,reject
21,32.14,16.1,20.34,18.15,47.5,25.6,reject
21,31.63,15.97,19.76,17.95,46.8,25.9,reject
21,32.14,16.1,20.42,17.86,47.9,25.4,reject
21,32.32,15.97,20.0,17.76,47.7,25.6,reject
21,31.97,16.03,19.98,17.94,46.9,25.6,reject
21,31.97,16.3,19.88,17.88,46.5,25.8,reject
21,32.49,16.58,20.01,17.62,47.4,25.5,reject
21,31.63,15.84,20.22,18.25,47.1,25.7,reject
21,31.46,15.97,20.27,17.96,47.6,25.6,reject
21,31.97,15.84,20.11,18.19,47.0,25.8,reject
21,31.12,15.71,20.13,18.25,46.4,26.0,reject
21,30.8,15.64,19.98,17.96,46.5,25.8,reject
21,31.8,15.84,20.23,18.25,47.2,25.7,reject
21,31.46,16.1,20.29,18.02,47.0,25.6,reject
21,31.97,15.9,20.12,18.24,46.9,25.8,reject
21,30.96,15.84,20.1,18.14,46.7,25.8,reject
21,31.46,16.03,20.31,17.96,47.5,25.6,reject
21,31.8,15.64,19.91,18.15,47.1,25.9,reject
21,31.29,15.71,20.13,18.28,46.7,25.9,reject
21,31.8,16.03,19.79,17.93,46.7,25.8,reject
21,32.14,16.37,20.0,17.86,46.7,25.6,reject
21,31.8,15.77,20.11,18.28,47.1,25.9,reject
21,30.8,15.58,19.92,18.05,46.7,25.9,reject
21,31.97,15.84,19.89,17.96,47.0,25.7,reject
21,31.8,15.71,19.89,18.05,46.9,25.8,reject
21,31.97,16.24,19.89,17.93,46.8,25.7,reject
21,32.32,15.97,20.11,17.95,47.3,25.6,reject
21,31.8,16.17,19.84,17.96,46.5,25.9,reject
21,31.8,16.17,19.83,17.96,46.5,25.9,reject
21,31.63,15.84,20.22,18.24,46.9,25.7,reject
21,32.14,16.58,20.09,17.86,46.6,25.6,reject
21,31.8,16.24,19.82,17.95,46.6,25.9,reject
21,31.97,16.03,20.34,18.15,47.5,25.6,reject
21,31.97,16.24,19.89,17.92,46.6,25.7,reject
21,32.32,16.58,20.08,17.76,47.2,25.6,reject
21,31.29,15.97,20.23,18.05,47.3,25.6,reject
21,31.63,15.77,19.86,17.97,46.3,25.9,reject
21,31.8,15.64,19.89,18.13,47.1,25.9,reject
21,32.32,16.3,20.0,17.77,47.4,25.6,reject
21,31.63,15.71,19.78,18.0,46.7,25.9,reject
21,32.14,16.1,19.95,17.86,47.3,25.6,reject
21,31.97,16.3,19.89,17.93,46.8,25.7,reject
21,31.97,16.03,19.8,17.92,46.6,25.8,reject
21,32.32,16.51,20.01,17.75,46.9,25.6,reject
21,31.46,16.1,20.23,17.68,47.3,25.5,reject
21,32.49,16.17,20.34,17.85,48.2,25.4,reject
21,32.49,16.65,20.11,17.59,47.4,25.5,reject
21,32.49,15.97,20.11,17.67,48.3,25.5,reject
21,32.49,16.58,20.04,17.63,47.3,25.5,reject
21,31.97,15.77,20.0,18.05,47.0,25.8,reject
21,32.14,16.44,20.0,17.86,46.7,25.6,reject
21,30.96,15.71,20.11,18.18,46.5,25.9,reject
21,31.63,15.84,19.78,17.96,46.3,26.0,reject
21,32.14,16.3,19.92,17.86,47.2,25.6,reject
21,31.97,15.84,20.13,18.24,46.9,25.8,reject
21,32.14,16.1,19.96,17.86,47.4,25.6,reject
21,32.14,16.1,20.0,17.86,47.5,25.6,reject
21,31.63,15.64,19.87,18.05,46.7,25.9,reject
21,31.8,15.77,19.78,17.97,46.9,25.9,reject
21,32.14,16.1,20.34,18.12,47.4,25.6,reject
21,31.97,16.17,19.84,17.89,46.6,25.8,reject
21,31.63,16.17,20.32,17.77,47.4,25.5,reject
21,32.14,16.37,20.0,17.86,46.9,25.6,reject
21,31.29,15.97,20.22,18.09,46.8,25.6,reject
21,31.8,16.24,19.81,17.95,46.7,25.9,reject
21,31.97,16.24,19.89,17.9,46.8,25.7,reject
21,31.29,15.64,20.1,18.3,47.0,25.9,reject
21,30.96,15.64,20.09,18.24,46.9,25.9,reject
21,32.14,16.3,20.0,17.86,47.0,25.6,reject
21,32.14,15.9,20.0,17.96,47.2,25.6,reject
21,32.14,15.9,20.03,17.97,47.2,25.6,reject
21,32.14,15.97,19.95,17.88,47.5,25.6,reject
21,32.32,16.1,20.0,17.77,47.2,25.6,reject
21,31.97,15.97,19.89,17.95,46.8,25.7,reject
21,31.97,16.3,19.89,17.92,46.5,25.8,reject
21,32.14,16.03,19.94,17.87,47.5,25.6,reject
21,32.14,16.03,20.25,18.15,47.5,25.6,reject
21,31.97,16.03,20.34,18.05,47.8,25.6,reject
21,31.63,15.58,20.0,18.15,46.5,26.0,reject
21,32.32,16.44,20.0,17.77,47.3,25.6,reject
21,31.29,15.9,20.16,17.96,47.1,25.6,reject
21,31.29,15.97,20.22,18.05,46.7,25.6,reject
21,31.8,15.97,20.34,18.05,47.7,25.6,reject
21,31.97,16.17,20.43,17.95,47.7,25.5,reject
21,31.12,15.9,20.22,18.17,47.0,25.7,reject
21,32.49,16.3,20.01,17.59,47.8,25.4,reject
21,32.14,15.9,20.21,18.15,47.0,25.6,reject
21,31.97,15.9,20.2,18.24,47.2,25.7,reject
21,32.14,16.51,20.0,17.86,47.2,25.6,reject
21,32.49,16.1,20.0,17.59,48.1,25.4,reject
21,32.49,16.1,20.34,18.04,47.8,25.6,reject
21,31.46,15.71,20.13,18.27,46.8,25.9,reject
21,30.96,15.77,20.05,18.07,46.6,25.8,reject
21,31.63,15.9,20.22,18.24,47.1,25.7,reject
21,31.8,15.84,19.77,17.95,46.9,25.9,reject
21,31.97,15.77,20.0,18.11,46.9,25.7,reject
21,32.32,16.51,20.0,17.76,47.0,25.6,reject
21,30.8,15.77,20.11,18.15,46.1,25.9,reject
21,31.63,16.17,19.89,17.96,46.0,25.9,reject
21,32.32,15.97,20.11,17.82,47.7,25.5,reject
21,31.97,15.97,19.89,17.95,47.0,25.7,reject
21,31.12,15.64,20.11,18.29,47.0,25.9,reject
21,31.29,16.03,20.22,18.05,47.3,25.6,reject
21,31.97,16.1,19.89,17.92,46.9,25.7,reject
21,32.14,16.1,20.41,17.86,47.9,25.4,reject
21,32.14,16.1,20.34,18.02,47.8,25.5,reject
21,32.14,16.24,19.99,17.86,47.0,25.6,reject
21,32.14,16.37,19.97,17.83,47.1,25.6,reject
21,32.14,16.24,19.89,17.87,46.8,25.7,reject
21,31.8,16.17,19.85,17.96,46.5,25.9,reject
21,32.32,16.1,20.34,18.01,47.8,25.5,reject
21,32.14,15.97,20.22,18.24,47.2,25.7,reject
21,32.14,16.17,20.42,17.95,47.7,25.5,reject
21,31.97,15.9,19.93,17.96,47.0,25.7,reject
21,30.8,15.71,20.06,18.12,46.0,25.9,reject
21,32.14,16.24,19.98,17.86,47.0,25.6,reject
21,31.97,15.97,20.22,18.24,47.2,25.7,reject
21,31.8,16.1,19.78,17.95,46.8,25.9,reject
21,31.97,16.17,19.89,17.93,46.7,25.8,reject
21,32.14,16.17,19.99,17.86,47.0,25.6,reject
21,32.49,16.51,20.05,17.59,47.4,25.5,reject
21,32.14,16.44,20.0,17.86,47.2,25.6,reject
21,31.63,15.97,19.78,17.96,46.2,25.9,reject
21,32.14,16.03,20.34,18.14,47.5,25.6,reject
21,31.46,16.03,20.23,17.86,47.4,25.5,reject
21,31.63,15.97,20.29,18.15,47.5,25.6,reject
21,32.32,16.44,20.0,17.68,47.5,25.6,reject
21,31.8,15.77,20.12,18.3,46.5,25.9,reject
21,31.97,16.03,19.89,17.95,47.0,25.7,reject
21,31.63,16.1,20.34,17.75,48.0,25.4,reject
21,32.14,15.97,20.3,18.15,47.5,25.6,reject
21,32.32,16.03,20.18,17.7,47.7,25.5,reject
21,31.12,15.97,20.22,18.05,47.2,25.6,reject
21,31.97,16.37,19.94,17.93,46.6,25.7,reject
21,31.97,16.03,19.89,17.95,46.8,25.8,reject
21,30.96,15.71,20.0,18.03,46.5,25.8,reject
21,32.32,15.97,20.01,17.82,47.7,25.6,reject
21,32.14,16.24,19.99,17.86,46.8,25.6,reject
21,31.63,15.71,19.78,17.97,47.0,25.9,reject
21,31.46,15.9,20.23,18.24,46.9,25.8,reject
21,31.8,16.1,19.78,17.94,46.7,25.9,reject
21,31.29,15.71,20.12,18.26,46.7,25.9,reject
21,31.63,15.71,19.77,18.0,47.0,25.9,reject
21,31.29,15.97,20.22,18.04,47.1,25.6,reject
21,31.63,15.64,20.0,18.23,46.8,25.9,reject
21,31.97,16.24,19.89,17.9,46.7,25.8,reject
21,32.49,16.58,20.1,17.59,47.3,25.4,reject
21,32.14,16.51,20.0,17.86,46.6,25.6,reject
21,31.8,15.84,19.92,18.03,47.1,25.7,reject
21,31.63,16.1,20.34,17.76,48.1,25.4,reject
21,32.32,15.97,20.22,17.96,47.8,25.6,reject
21,31.29,15.9,20.12,17.96,47.1,25.6,reject
21,31.29,16.03,20.34,18.15,47.0,25.6,reject
21,31.8,15.84,20.12,18.24,47.0,25.9,reject
21,31.63,15.97,20.34,18.17,47.1,25.6,reject
21,32.32,16.37,19.99,17.82,47.1,25.6,reject
21,31.63,15.71,20.09,18.31,47.1,25.9,reject
21,32.49,16.44,20.02,17.59,47.5,25.5,reject
21,32.14,16.03,20.34,18.24,47.0,25.6,reject
21,31.46,15.97,20.31,17.98,47.6,25.6,reject
21,31.97,16.03,20.34,18.05,47.7,25.6,reject
21,30.8,15.64,20.07,18.24,46.9,25.9,reject
21,31.97,15.71,20.0,18.12,46.9,25.8,reject
21,31.63,15.64,20.0,18.16,46.5,25.9,reject
21,32.14,16.03,20.28,18.15,47.5,25.6,reject
21,32.32,16.1,20.34,18.05,47.8,25.6,reject
21,31.8,16.03,20.34,18.11,47.5,25.6,reject
21,31.63,15.71,20.11,18.28,47.1,25.9,reject
21,32.32,16.3,20.0,17.74,47.1,25.6,reject
21,32.32,16.44,20.0,17.75,47.0,25.6,reject
21,32.14,16.44,20.0,17.86,46.7,25.7,reject
21,31.29,15.97,20.3,18.15,47.5,25.6,reject
21,32.14,16.1,19.93,17.86,47.3,25.6,reject
21,31.63,15.64,19.84,18.02,46.4,25.9,reject
21,31.46,15.71,20.13,18.29,46.8,25.9,reject
21,31.63,15.71,20.12,18.29,46.8,25.9,reject
21,31.63,15.64,19.78,18.04,47.0,25.9,reject
21,31.46,15.97,20.26,18.13,47.5,25.6,reject
21,31.97,15.9,19.89,17.95,47.0,25.7,reject
21,31.46,16.03,20.22,17.8,47.5,25.6,reject
21,32.14,15.97,20.22,18.16,47.0,25.6,reject
21,32.32,16.3,20.0,17.77,47.1,25.6,reject
21,31.12,15.9,20.16,18.14,46.8,25.7,reject
21,32.32,16.1,19.99,17.68,47.6,25.6,reject
21,31.8,16.1,19.79,17.96,46.5,25.9,reject
21,31.29,15.77,20.12,18.23,46.9,25.8,reject
21,32.14,15.9,20.05,17.85,47.7,25.6,reject
21,32.32,15.97,20.03,17.86,47.3,25.6,reject
21,30.8,15.45,19.9,18.05,46.6,25.9,reject
21,31.63,15.58,19.89,18.05,46.5,26.0,reject
21,31.63,15.97,19.8,17.96,46.3,25.9,reject
21,30.96,15.71,20.03,18.19,46.8,25.9,reject
21,31.63,15.71,19.78,17.98,46.3,25.9,reject
21,31.63,16.03,19.78,17.96,46.5,25.9,reject
21,31.8,16.03,19.78,17.96,46.2,25.9,reject
21,31.97,16.17,19.88,17.93,46.8,25.7,reject
21,32.32,16.24,20.03,17.59,47.8,25.4,reject
21,31.8,15.9,20.32,18.15,47.5,25.6,reject
21,31.46,16.1,20.27,17.86,47.4,25.5,reject
21,30.8,15.58,20.0,18.05,46.2,25.9,reject
21,32.14,16.24,19.92,17.86,47.3,25.6,reject
21,31.97,15.97,20.34,18.23,47.0,25.6,reject
21,31.29,15.97,20.22,18.05,47.1,25.6,reject
21,32.49,16.03,20.22,17.68,48.2,25.4,reject
21,32.14,16.37,20.0,17.77,47.4,25.6,reject
21,32.14,16.3,19.97,17.86,47.2,25.6,reject
21,31.8,16.17,19.89,17.95,46.2,25.9,reject
21,32.14,16.1,20.34,17.97,47.8,25.6,reject
21,32.32,16.17,20.41,17.88,48.0,25.4,reject
21,32.49,16.58,20.11,17.55,47.7,25.4,reject
21,31.63,16.1,19.86,17.95,46.2,26.0,reject
21,32.32,16.1,20.34,18.15,47.5,25.6,reject
21,32.49,16.03,20.22,17.76,47.7,25.5,reject
21,32.14,16.03,20.34,18.23,47.3,25.6,reject
21,31.8,16.17,20.34,17.85,47.4,25.5,reject
21,31.63,16.03,19.78,17.95,46.2,25.9,reject
21,31.8,16.17,20.38,17.82,47.9,25.4,reject
21,30.96,15.64,20.11,18.19,46.5,25.9,reject
21,31.97,16.3,19.92,17.94,46.6,25.7,reject
21,32.14,16.24,20.0,17.77,47.5,25.6,reject
21,32.14,16.1,19.91,17.86,47.4,25.6,reject
21,32.14,16.1,19.89,17.92,46.8,25.7,reject
21,31.8,15.84,19.88,17.97,46.8,25.8,reject
21,32.49,16.37,20.01,17.59,47.5,25.5,reject
21,31.97,15.97,20.31,18.15,47.5,25.6,reject
21,31.63,16.1,19.82,17.95,46.2,26.0,reject
21,31.8,16.3,19.83,17.95,46.6,25.9,reject
21,31.8,15.9,20.22,18.25,47.2,25.7,reject
21,31.97,16.1,19.89,17.94,46.7,25.7,reject
21,31.12,15.9,20.2,18.16,46.9,25.7,reject
21,31.46,16.03,20.23,17.95,47.1,25.6,reject
21,32.49,16.58,20.11,17.57,47.7,25.4,reject
21,32.14,16.1,19.98,17.89,46.8,25.6,reject
21,32.32,16.24,20.01,17.65,47.6,25.5,reject
21,31.63,15.71,19.84,18.04,46.7,25.9,reject
21,31.63,16.17,20.35,17.78,47.8,25.4,reject
21,32.49,16.65,20.11,17.59,47.7,25.4,reject
21,32.32,16.51,20.04,17.76,47.3,25.6,reject
21,31.12,15.9,20.17,18.15,46.8,25.7,reject
21,31.63,15.58,19.89,18.06,46.8,25.9,reject
21,32.49,16.44,20.0,17.63,47.4,25.5,reject
21,32.14,16.37,19.96,17.84,47.2,25.6,reject
21,32.14,16.44,19.99,17.86,46.7,25.7,reject
21,31.63,16.17,20.34,17.72,47.6,25.4,reject
21,32.32,16.3,19.99,17.68,47.5,25.6,reject
21,31.97,16.17,19.89,17.88,46.8,25.7,reject
21,31.8,15.97,20.33,18.22,47.0,25.6,reject
21,30.96,15.71,20.11,18.21,46.5,25.9,reject
21,31.97,16.3,19.89,17.93,46.5,25.8,reject
21,31.97,16.37,19.9,17.92,46.8,25.7,reject
21,30.8,15.71,20.09,18.15,46.4,25.9,reject
21,31.97,16.1,19.89,17.91,46.9,25.7,reject
21,31.97,16.03,19.88,17.95,47.0,25.7,reject
21,32.32,16.17,20.0,17.55,48.1,25.4,reject
21,32.32,16.58,20.01,17.68,47.5,25.6,reject
21,31.97,16.3,19.89,17.91,46.5,25.8,reject
21,32.32,16.17,20.0,17.68,47.5,25.5,reject
21,31.46,15.97,20.3,18.15,47.5,25.6,reject
21,31.46,15.71,20.13,18.28,46.8,25.9,reject
21,32.32,16.58,20.04,17.75,46.9,25.6,reject
21,32.32,16.44,20.0,17.74,47.0,25.6,reject
21,31.97,15.9,20.23,18.24,47.2,25.7,reject
21,31.63,15.71,19.8,18.03,46.7,25.9,reject
21,31.63,16.03,20.34,18.09,47.5,25.6,reject
21,31.29,16.1,20.34,17.68,48.0,25.4,reject
21,31.63,16.03,20.34,18.08,47.5,25.6,reject
21,32.32,16.1,20.1,17.66,47.9,25.4,reject
21,31.63,15.97,19.78,17.96,46.6,25.9,reject
21,31.63,16.1,19.79,17.96,46.5,25.9,reject
21,31.29,15.97,20.25,18.08,47.4,25.6,reject
21,31.63,16.1,19.85,17.95,46.2,25.9,reject
21,31.12,15.9,20.2,18.15,47.0,25.7,reject
21,30.8,15.64,20.04,18.23,46.8,25.9,reject
21,31.46,15.97,20.2,17.77,47.5,25.6,reject
21,31.12,15.71,20.1,18.25,47.0,25.9,reject
21,32.14,16.03,20.29,18.15,47.5,25.6,reject
21,31.29,15.84,20.22,18.24,47.0,25.7,reject
21,31.63,16.03,19.82,17.95,46.2,25.9,reject
21,31.8,15.9,20.22,18.24,46.9,25.7,reject
21,31.46,16.1,20.28,17.68,47.5,25.4,reject
21,32.14,15.9,20.07,18.04,47.0,25.6,reject
21,31.29,15.9,20.22,18.21,47.0,25.7,reject
21,31.97,16.1,20.39,17.86,47.9,25.4,reject
21,31.46,16.03,20.31,17.97,47.5,25.6,reject
21,31.63,15.58,19.88,18.05,46.5,26.0,reject
21,31.97,15.71,20.0,18.15,46.9,25.8,reject
21,32.32,16.24,20.0,17.67,47.5,25.5,reject
21,32.14,16.37,19.99,17.86,47.2,25.6,reject
21,31.46,16.03,20.33,18.05,47.2,25.6,reject
21,31.8,16.03,20.35,18.14,47.5,25.6,reject
21,31.12,15.84,20.21,18.18,46.8,25.8,reject
21,32.49,16.51,20.08,17.57,47.7,25.4,reject
21,31.63,15.97,20.33,18.2,46.9,25.6,reject
21,31.8,16.17,19.88,17.96,46.5,25.9,reject
21,31.63,15.77,20.12,18.28,46.8,25.9,reject
21,31.97,16.17,20.41,17.95,47.6,25.5,reject
21,32.32,16.24,20.0,17.78,47.1,25.6,reject
21,32.14,16.37,20.0,17.86,47.2,25.6,reject
21,32.14,16.03,20.0,17.92,47.1,25.6,reject
21,31.63,15.71,20.1,18.29,47.1,25.9,reject
21,31.97,15.84,20.11,18.18,47.2,25.7,reject
21,30.96,15.71,20.11,18.23,46.3,25.9,reject
21,31.46,16.03,20.23,17.94,47.5,25.6,reject
21,31.46,16.03,20.23,17.68,47.5,25.4,reject
21,32.32,16.17,20.41,17.86,48.0,25.4,reject
21,31.8,15.77,19.78,17.96,46.9,25.9,reject
21,31.97,16.03,19.89,17.95,46.9,25.7,reject
21,31.63,15.77,19.78,17.98,46.7,25.9,reject
21,32.32,16.1,20.34,18.1,47.4,25.6,reject
21,31.97,16.03,20.33,18.23,47.0,25.6,reject
21,32.14,15.97,20.0,17.94,47.1,25.6,reject
21,32.32,16.37,20.02,17.59,47.8,25.4,reject
21,31.97,16.17,19.82,17.9,46.6,25.8,reject
21,32.14,16.3,19.99,17.86,46.8,25.6,reject
21,32.14,15.84,20.09,17.98,47.5,25.6,reject
21,31.97,16.03,20.34,18.1,47.4,25.6,reject
21,31.29,15.9,20.22,18.15,46.9,25.7,reject
21,32.32,16.44,20.0,17.78,47.3,25.6,reject
21,32.49,16.17,20.34,17.82,48.2,25.4,reject
21,32.49,15.97,20.11,17.66,48.1,25.4,reject
21,31.8,16.17,19.87,17.96,46.5,25.9,reject
21,31.97,15.97,19.89,17.96,47.0,25.7,reject
21,32.49,16.3,20.0,17.65,47.5,25.6,reject
21,31.29,16.03,20.22,17.94,46.9,25.6,reject
21,31.97,16.17,19.86,17.88,46.6,25.8,reject
21,31.29,16.03,20.33,18.15,47.0,25.6,reject
21,31.8,16.1,19.87,17.96,46.2,25.9,reject
21,31.8,16.03,19.78,17.95,46.8,25.9,reject
21,32.14,16.03,20.27,18.16,47.5,25.6,reject
21,31.97,16.17,19.82,17.91,46.6,25.8,reject
21,31.63,15.71,19.8,17.99,46.4,25.9,reject
21,31.63,15.84,19.74,17.96,46.9,25.9,reject
21,31.97,15.77,20.1,18.28,47.1,25.9,reject
21,30.8,15.64,20.09,18.15,46.5,25.9,reject
21,31.97,16.1,19.8,17.91,46.6,25.8,reject
21,31.63,15.58,20.0,18.15,46.8,25.9,reject
21,32.32,16.24,20.0,17.77,47.5,25.6,reject
21,31.63,16.17,20.35,17.75,47.6,25.4,reject
21,31.46,15.97,20.25,18.11,47.5,25.6,reject
21,31.8,15.71,19.78,18.02,47.0,25.9,reject
21,31.46,15.84,20.22,18.24,46.9,25.8,reject
21,32.32,15.97,20.22,18.05,47.4,25.6,reject
21,32.14,16.17,20.0,17.8,47.5,25.6,reject
21,32.14,15.97,20.0,17.95,47.2,25.6,reject
21,32.14,16.1,20.34,17.98,47.8,25.6,reject
21,31.63,15.84,20.13,18.24,47.0,25.9,reject
21,32.14,15.97,20.02,17.86,47.5,25.6,reject
21,31.63,15.58,19.89,18.15,47.1,25.9,reject
21,31.97,15.9,19.81,17.95,46.8,25.8,reject
21,31.63,15.9,19.75,17.95,46.9,25.9,reject
21,31.29,15.9,20.23,18.03,46.8,25.6,reject
21,31.97,16.3,19.88,17.9,46.5,25.8,reject
21,30.96,15.71,20.05,18.21,46.9,25.9,reject
21,31.63,15.58,19.94,18.17,47.1,25.9,reject
21,31.63,16.1,19.78,17.95,46.5,25.9,reject
21,30.96,15.71,20.11,18.24,46.3,25.9,reject
21,32.49,16.17,20.34,17.8,48.2,25.4,reject
21,32.32,15.9,20.11,17.96,47.5,25.6,reject
21,32.14,16.51,20.0,17.86,46.9,25.6,reject
21,31.12,15.84,20.14,17.96,47.0,25.6,reject
21,32.49,16.58,20.11,17.59,47.3,25.4,reject
21,31.97,16.3,19.89,17.92,46.8,25.7,reject
21,32.32,16.58,20.03,17.76,46.9,25.6,reject
21,32.14,15.84,20.1,18.09,47.1,25.7,reject
21,30.96,15.71,20.11,18.23,46.6,25.9,reject
21,30.8,15.58,19.97,18.06,46.6,25.9,reject
21,32.32,16.03,20.27,18.15,47.5,25.6,reject
21,32.49,16.17,20.37,17.87,48.0,25.4,reject
21,30.96,15.71,20.11,18.23,46.2,25.9,reject
21,31.8,15.84,20.13,18.24,46.9,25.8,reject
21,31.97,16.17,19.89,17.9,46.8,25.7,reject
21,31.97,15.77,20.05,18.15,47.1,25.7,reject
21,32.49,16.03,20.16,17.68,48.0,25.4,reject
21,32.14,15.97,19.96,17.89,47.5,25.6,reject
21,31.8,16.03,20.34,18.1,47.3,25.6,reject
21,32.14,16.03,20.34,18.1,47.4,25.6,reject
21,31.8,16.1,19.86,17.95,46.2,25.9,reject
21,30.96,15.71,20.05,17.97,46.7,25.7,reject
21,32.14,15.84,20.11,18.15,47.1,25.7,reject
21,31.29,15.64,20.1,18.32,47.1,25.9,reject
21,31.29,15.97,20.21,18.05,46.7,25.6,reject
21,31.97,15.9,20.23,18.25,47.2,25.7,reject
21,32.49,16.65,20.08,17.62,47.3,25.5,reject
21,32.14,16.3,19.99,17.86,46.7,25.6,reject
21,32.14,15.9,20.11,18.05,47.2,25.6,reject
21,31.8,15.97,20.34,18.23,47.0,25.6,reject
21,31.63,15.71,19.88,18.02,46.4,25.9,reject
21,32.32,16.58,20.07,17.76,47.3,25.6,reject
21,31.46,15.64,20.11,18.31,47.1,25.9,reject
21,31.8,16.1,20.34,17.96,47.7,25.6,reject
21,31.63,15.84,19.81,17.96,46.3,25.9,reject
21,31.97,15.9,19.89,17.96,46.8,25.7,reject
21,32.32,15.97,20.15,17.68,48.3,25.5,reject
21,31.97,15.77,19.99,18.05,47.1,25.7,reject
21,32.49,16.65,20.11,17.58,47.3,25.4,reject
21,32.32,16.1,20.0,17.68,47.6,25.5,reject
21,31.97,16.3,19.91,17.93,46.6,25.8,reject
21,31.46,15.9,20.22,17.64,47.4,25.4,reject
21,32.14,16.1,20.34,18.14,47.5,25.6,reject
21,32.49,16.58,20.1,17.56,47.7,25.4,reject
21,32.32,16.3,20.0,17.73,47.1,25.6,reject
21,32.32,16.03,20.34,18.05,47.8,25.6,reject
21,32.49,16.03,20.25,17.77,48.2,25.4,reject
21,31.97,16.37,19.93,17.95,46.8,25.7,reject
21,31.46,15.64,20.09,18.31,47.1,25.9,reject
21,31.63,15.58,20.0,18.24,47.1,25.9,reject
21,30.96,15.77,20.01,18.05,46.5,25.8,reject
21,32.32,16.58,20.08,17.77,46.9,25.6,reject
21,31.46,16.03,20.23,17.66,47.8,25.4,reject
21,32.14,16.03,20.34,18.05,47.8,25.6,reject
21,32.32,16.03,20.33,18.05,47.8,25.6,reject
21,31.46,16.03,20.27,17.88,47.6,25.6,reject
21,31.29,15.97,20.25,18.07,47.3,25.6,reject
21,31.12,15.84,20.12,18.05,46.8,25.7,reject
21,31.63,15.77,19.76,17.96,46.9,25.9,reject
21,31.29,15.71,20.11,18.25,47.1,25.9,reject
21,31.12,15.77,20.09,18.05,46.6,25.7,reject
21,30.96,15.77,20.12,18.17,46.2,25.9,reject
21,32.49,16.51,20.07,17.59,47.4,25.5,reject
21,32.14,16.37,19.97,17.86,47.2,25.6,reject
21,31.46,16.03,20.34,18.05,47.5,25.6,reject
21,32.49,16.58,20.1,17.55,47.7,25.4,reject
21,31.97,15.9,19.98,17.96,47.0,25.7,reject
21,32.14,16.24,19.93,17.86,47.2,25.6,reject
21,32.14,16.17,19.92,17.85,47.3,25.6,reject
21,31.29,15.84,20.21,18.21,47.0,25.7,reject
21,31.12,15.84,20.13,18.12,46.7,25.7,reject
21,32.32,16.24,19.99,17.68,47.5,25.6,reject
21,31.12,15.84,20.2,18.15,46.8,25.8,reject
21,32.14,16.51,20.0,17.87,46.7,25.6,reject
21,32.14,16.3,19.9,17.87,46.7,25.6,reject
21,31.8,16.24,19.8,17.93,46.7,25.9,reject
21,31.63,15.84,19.78,17.96,46.3,25.9,reject
21,32.14,16.03,20.0,17.86,47.5,25.6,reject
21,31.8,15.71,20.11,18.29,47.1,25.9,reject
21,32.49,16.17,20.34,18.04,47.8,25.6,reject
21,31.12,15.84,20.18,18.15,46.7,25.7,reject
21,32.14,16.51,20.04,17.87,46.6,25.6,reject
21,32.32,16.17,20.09,17.67,47.6,25.5,reject
21,32.49,16.1,20.33,17.85,48.0,25.4,reject
21,32.32,16.51,20.02,17.76,47.3,25.6,reject
21,31.8,15.64,20.0,18.23,47.1,25.9,reject
21,31.97,16.24,19.89,17.89,46.8,25.7,reject
21,31.63,15.71,20.1,18.3,47.1,25.9,reject
21,32.14,15.9,20.0,17.98,46.9,25.6,reject
21,31.97,16.37,19.91,17.95,46.8,25.7,reject
21,32.14,16.37,19.92,17.87,46.7,25.6,reject
21,31.12,15.84,20.16,18.15,47.0,25.7,reject
21,32.49,16.37,20.02,17.59,47.8,25.4,reject
21,32.32,16.3,20.01,17.62,47.6,25.5,reject
21,31.8,15.77,20.1,18.28,47.1,25.9,reject
21,31.97,16.1,19.89,17.95,46.9,25.7,reject
21,32.32,16.03,20.0,17.83,47.2,25.6,reject
21,31.29,16.03,20.23,18.09,46.7,25.6,reject
21,31.97,15.77,19.99,18.05,47.0,25.8,reject
21,31.29,15.97,20.24,18.1,47.3,25.6,reject
21,32.49,16.65,20.11,17.58,47.7,25.4,reject
21,32.49,16.03,20.23,17.76,48.0,25.4,reject
21,31.8,16.1,20.39,17.86,47.9,25.4,reject
21,31.8,16.17,19.88,17.95,46.2,25.9,reject
21,32.49,16.1,20.33,17.87,47.7,25.5,reject
21,31.63,15.71,19.88,17.99,46.4,25.9,reject
21,31.46,15.9,20.23,18.23,47.0,25.7,reject
21,31.97,16.3,19.89,17.9,46.5,25.8,reject
21,31.63,15.97,20.34,18.21,46.9,25.6,reject
21,31.63,16.03,20.33,18.05,47.2,25.6,reject
21,32.14,15.97,20.08,17.87,47.5,25.6,reject
21,31.63,15.77,19.78,17.98,46.3,25.9,reject
21,31.12,15.9,20.19,17.97,47.0,25.6,reject
21,32.14,15.9,20.21,18.22,47.1,25.7,reject
21,31.29,15.71,20.13,18.26,46.7,25.9,reject
21,31.63,15.97,19.75,17.95,46.8,25.9,reject
21,32.32,16.1,20.34,17.8,48.2,25.4,reject
21,31.46,16.03,20.29,18.09,46.9,25.6,reject
21,32.32,16.17,20.09,17.62,47.9,25.4,reject
21,32.32,15.97,20.21,18.07,47.5,25.6,reject
21,31.97,16.1,20.41,17.86,47.9,25.4,reject
21,32.49,16.58,20.03,17.64,47.3,25.5,reject
21,31.63,15.84,19.78,17.96,46.7,25.9,reject
21,31.8,15.77,20.15,18.29,46.5,25.9,reject
21,32.14,15.97,19.98,17.88,47.5,25.6,reject
21,31.8,15.97,19.77,17.95,46.8,25.9,reject
21,31.29,15.9,20.19,18.14,46.8,25.7,reject
21,32.32,16.1,20.35,18.15,47.5,25.6,reject
21,31.8,16.03,20.35,18.13,47.5,25.6,reject
21,32.49,16.51,20.0,17.64,47.5,25.6,reject
21,32.49,16.44,20.05,17.59,47.4,25.5,reject
21,32.14,16.37,19.98,17.86,46.7,25.7,reject
21,30.96,15.71,20.08,18.24,47.0,25.9,reject
21,31.63,15.58,19.89,18.05,46.8,25.9,reject
21,31.12,15.9,20.12,18.1,46.6,25.8,reject
21,31.8,16.03,19.79,17.92,46.6,25.8,reject
21,31.8,15.97,20.34,18.22,47.2,25.6,reject
21,32.32,16.1,20.1,17.68,47.6,25.4,reject
21,31.8,16.03,20.34,17.96,47.7,25.5,reject
21,31.8,16.24,19.79,17.94,46.7,25.9,reject
21,31.97,16.03,20.34,18.23,47.0,25.6,reject
21,32.32,16.1,20.11,17.68,47.6,25.4,reject
21,31.12,15.84,20.22,18.23,47.0,25.7,reject
21,31.63,16.17,19.88,17.96,46.1,26.0,reject
21,31.8,16.03,20.34,17.95,47.7,25.6,reject
21,31.46,15.97,20.34,18.17,47.1,25.6,reject
21,31.12,15.9,20.22,18.15,46.9,25.7,reject
21,31.29,15.9,20.12,17.68,47.3,25.5,reject
21,31.63,15.97,19.77,17.95,46.8,25.9,reject
21,31.29,15.97,20.22,17.9,47.4,25.6,reject
21,31.8,15.97,19.78,17.96,46.6,25.9,reject
21,32.32,16.24,20.34,18.04,47.8,25.6,reject
21,31.46,15.84,20.23,18.24,47.1,25.7,reject
21,32.32,16.3,20.0,17.68,47.5,25.6,reject
21,32.32,16.37,20.0,17.76,47.4,25.6,reject
21,31.46,15.77,20.12,18.23,46.9,25.8,reject
21,31.29,15.9,20.2,17.86,47.4,25.6,reject
21,32.32,16.1,20.35,17.83,48.2,25.4,reject
21,32.32,15.97,20.22,17.99,47.4,25.6,reject
21,31.8,16.17,19.77,17.95,46.8,25.9,reject
21,31.97,15.77,19.94,18.01,46.8,25.7,reject
21,31.8,16.17,19.89,17.96,46.2,25.9,reject
21,31.46,16.03,20.32,17.95,47.5,25.6,reject
21,31.63,16.17,19.88,17.96,46.2,25.9,reject
21,32.32,15.9,20.11,18.05,47.5,25.6,reject
21,32.14,16.51,20.05,17.86,46.6,25.6,reject
21,31.97,16.1,20.35,17.82,48.1,25.4,reject
21,31.97,16.17,19.89,17.89,46.8,25.7,reject
21,31.63,15.97,20.32,18.15,47.5,25.6,reject
21,32.49,16.58,20.11,17.59,47.7,25.4,reject
21,31.97,16.1,19.98,17.93,46.9,25.6,reject
21,30.96,15.84,20.09,18.13,46.6,25.8,reject
21,31.46,15.97,20.31,18.15,47.5,25.6,reject
21,31.46,15.97,20.25,18.0,47.2,25.6,reject
21,32.32,16.51,20.0,17.82,47.0,25.6,reject
21,31.63,15.71,20.18,18.32,46.5,25.9,reject
21,31.97,15.84,20.0,18.01,47.1,25.7,reject
21,32.14,16.58,20.06,17.86,46.6,25.6,reject
21,31.97,15.97,20.34,18.23,47.2,25.6,reject
21,31.46,15.71,20.18,18.31,46.4,25.9,reject
21,32.14,16.44,20.0,17.88,46.7,25.6,reject
21,31.63,15.84,20.22,18.25,47.2,25.7,reject
21,31.63,16.24,20.35,17.86,47.4,25.5,reject
21,31.46,15.97,20.34,18.16,47.1,25.6,reject
21,32.14,16.17,19.99,17.68,47.6,25.6,reject
21,31.12,15.9,20.16,18.15,46.7,25.8,reject
21,31.8,16.24,19.89,17.95,46.1,25.9,reject
21,31.63,15.97,20.34,18.05,47.7,25.6,reject
21,32.14,16.1,20.33,18.24,47.0,25.6,reject
21,31.8,16.03,20.34,18.09,47.3,25.6,reject
21,32.32,16.17,20.0,17.81,47.5,25.6,reject
21,32.14,16.1,20.0,17.68,47.7,25.6,reject
21,31.46,16.03,20.3,18.04,47.2,25.6,reject
21,32.49,16.03,20.11,17.68,47.9,25.4,reject
21,32.32,16.03,20.05,17.73,47.7,25.6,reject
21,32.32,16.37,20.0,17.72,47.0,25.6,reject
21,31.46,15.9,20.23,18.23,47.1,25.7,reject
21,31.29,15.71,20.16,18.28,46.4,25.9,reject
21,31.8,15.9,19.82,17.96,46.8,25.8,reject
21,31.97,16.1,20.34,17.8,48.1,25.4,reject
21,31.46,15.71,20.17,18.3,46.4,25.9,reject
21,31.8,16.17,19.87,17.95,46.5,25.9,reject
21,31.63,16.03,19.79,17.95,46.2,26.0,reject
21,31.63,16.17,19.87,17.96,46.1,26.0,reject
21,31.29,15.9,20.17,17.98,46.6,25.6,reject
21,31.46,16.03,20.3,17.96,47.5,25.6,reject
21,31.29,15.97,20.33,18.15,47.1,25.6,reject
21,31.29,15.97,20.19,17.88,46.9,25.6,reject
21,31.46,16.1,20.34,18.05,47.3,25.6,reject
21,32.49,16.58,20.01,17.64,47.4,25.5,reject
21,32.14,16.03,20.34,18.24,47.3,25.6,reject
21,31.63,15.84,19.8,17.96,46.3,25.9,reject
21,31.63,16.1,19.79,17.95,46.2,26.0,reject
21,32.32,16.24,20.42,17.95,47.7,25.5,reject
21,32.32,16.03,20.11,17.68,47.6,25.4,reject
21,32.14,16.17,19.9,17.86,47.4,25.6,reject
21,31.46,15.97,20.22,18.04,47.2,25.6,reject
21,32.32,16.17,20.34,18.03,47.8,25.6,reject
21,31.12,15.71,20.16,18.26,46.4,25.9,reject
21,31.29,15.97,20.23,18.08,47.4,25.6,reject
21,31.97,15.9,20.22,18.25,47.2,25.7,reject
21,32.14,15.9,20.11,17.86,47.7,25.6,reject
21,31.12,15.64,20.11,18.28,47.0,25.9,reject
21,32.49,16.37,20.01,17.59,47.8,25.4,reject
21,32.14,15.9,20.01,17.99,47.0,25.6,reject
21,31.63,15.58,19.8,18.05,47.0,25.9,reject
21,31.97,16.24,19.87,17.88,46.5,25.8,reject
21,30.96,15.64,20.02,18.0,46.6,25.7,reject
21,31.8,15.9,19.76,17.95,46.8,25.9,reject
21,32.14,16.17,19.98,17.87,46.8,25.6,reject
21,31.63,16.17,20.36,17.87,47.5,25.5,reject
21,31.29,16.03,20.25,18.14,46.8,25.6,reject
21,32.32,16.51,20.0,17.86,47.0,25.6,reject
21,32.32,16.3,20.01,17.6,47.5,25.5,reject
21,30.8,15.64,19.99,18.06,46.7,25.9,reject
21,32.32,16.17,20.42,17.87,47.9,25.4,reject
21,32.49,16.51,20.07,17.58,47.7,25.4,reject
21,31.97,16.17,19.89,17.91,46.8,25.7,reject
21,31.63,16.17,20.34,17.68,47.6,25.4,reject
21,31.97,16.24,19.88,17.88,46.5,25.8,reject
21,32.32,16.03,20.22,17.95,47.8,25.6,reject
21,31.29,15.97,20.23,18.06,47.3,25.6,reject
21,31.8,16.03,20.34,18.05,47.7,25.6,reject
21,31.12,15.84,20.19,17.97,46.8,25.6,reject
21,32.49,16.58,20.05,17.63,47.3,25.5,reject
21,32.14,16.24,19.99,17.68,47.5,25.6,reject
21,31.46,15.97,20.31,18.17,46.9,25.6,reject
21,31.29,15.9,20.22,18.19,47.0,25.7,reject
21,31.97,15.97,20.29,18.15,47.5,25.6,reject
21,31.29,15.9,20.22,18.05,47.4,25.6,reject
21,31.97,16.37,19.91,17.93,46.8,25.7,reject
21,32.32,16.3,19.94,17.85,47.2,25.6,reject
21,32.14,16.03,19.91,17.86,47.5,25.6,reject
21,32.14,16.24,19.99,17.77,47.1,25.6,reject
21,32.14,16.03,20.34,18.22,47.3,25.6,reject
21,31.46,16.1,20.32,17.9,47.5,25.6,reject
21,31.63,16.17,20.37,17.9,47.5,25.5,reject
21,31.12,15.84,20.18,18.17,46.9,25.7,reject
21,32.14,16.1,20.35,17.8,48.2,25.4,reject
21,31.8,15.9,20.23,18.24,47.1,25.7,reject
21,31.29,15.97,20.32,18.15,47.0,25.6,reject
21,31.12,15.84,20.11,18.06,46.5,25.8,reject
21,32.32,16.51,20.01,17.76,47.3,25.6,reject
21,31.29,16.03,20.23,18.06,46.7,25.6,reject
21,32.32,16.1,20.0,17.85,47.5,25.6,reject
21,30.96,15.71,20.01,18.15,46.8,25.9,reject
22,32.85,16.58,20.01,17.23,48.9,25.3,reject
22,32.32,16.37,20.35,17.41,48.8,25.2,reject
22,32.85,16.24,20.34,17.55,49.3,25.3,reject
22,32.67,16.51,20.0,17.31,48.4,25.3,reject
22,33.03,16.44,20.09,17.23,48.7,25.3,reject
22,33.03,16.24,20.08,17.28,49.1,25.3,reject
22,32.14,16.24,20.34,17.41,48.7,25.3,reject
22,32.14,16.24,20.4,17.58,48.5,25.4,reject
22,32.67,16.44,20.03,17.33,48.3,25.3,reject
22,32.85,16.44,20.0,17.3,48.2,25.4,reject
22,32.67,16.37,20.46,17.49,48.6,25.3,reject
22,32.14,16.24,20.4,17.49,49.0,25.3,reject
22,32.85,16.44,20.01,17.3,48.4,25.4,reject
22,32.67,16.44,20.0,17.3,48.4,25.4,reject
22,32.85,16.37,20.11,17.23,48.8,25.2,reject
22,33.03,16.72,20.11,17.22,48.7,25.3,reject
22,32.67,16.44,19.99,17.23,48.4,25.4,reject
22,32.85,16.24,20.09,17.34,48.6,25.3,reject
22,32.85,16.3,20.0,17.24,49.1,25.3,reject
22,33.03,16.58,20.1,17.22,48.7,25.3,reject
22,32.49,16.24,20.41,17.5,49.1,25.3,reject
22,31.97,16.24,20.31,17.31,48.7,25.3,reject
22,32.85,16.3,20.37,17.59,48.6,25.4,reject
22,32.14,16.37,20.42,17.41,48.5,25.2,reject
22,31.97,16.24,20.37,17.56,48.4,25.4,reject
22,32.32,16.24,20.45,17.68,48.4,25.3,reject
22,32.14,16.3,20.46,17.48,48.8,25.2,reject
22,32.14,16.17,20.35,17.68,48.2,25.4,reject
22,32.49,16.17,20.0,17.33,48.7,25.3,reject
22,32.14,16.17,20.23,17.27,48.9,25.2,reject
22,33.03,16.17,20.22,17.34,49.0,25.4,reject
22,32.85,16.3,20.39,17.58,48.6,25.4,reject
22,32.14,16.24,20.44,17.4,48.7,25.2,reject
22,33.03,16.79,20.11,17.22,48.8,25.4,reject
22,33.21,16.3,20.33,17.49,49.2,25.3,reject
22,32.67,16.1,20.11,17.4,48.5,25.4,reject
22,33.03,16.65,20.1,17.17,48.8,25.3,reject
22,32.49,16.17,20.0,17.35,48.7,25.4,reject
22,33.03,16.72,20.11,17.22,48.6,25.3,reject
22,32.85,16.3,20.11,17.23,48.9,25.3,reject
22,32.67,16.44,20.0,17.32,48.5,25.4,reject
22,33.03,16.1,20.2,17.44,49.3,25.3,reject
22,32.67,16.24,20.41,17.49,49.0,25.4,reject
22,33.03,16.3,20.02,17.23,49.1,25.3,reject
22,32.85,16.3,20.38,17.56,49.1,25.3,reject
22,31.97,16.17,20.34,17.58,48.6,25.4,reject
22,32.14,16.3,20.36,17.41,48.8,25.3,reject
22,32.14,16.3,20.34,17.4,48.3,25.3,reject
22,32.85,16.17,20.24,17.49,48.7,25.4,reject
22,32.67,16.51,20.01,17.31,48.3,25.4,reject
22,33.03,16.72,20.1,17.23,48.8,25.3,reject
22,33.03,16.58,20.09,17.23,48.4,25.3,reject
22,33.03,16.24,20.34,17.47,48.6,25.3,reject
22,33.03,16.58,20.04,17.23,49.2,25.2,reject
22,33.03,16.72,20.11,17.23,48.3,25.3,reject
22,33.03,16.37,20.09,17.22,49.0,25.2,reject
22,32.67,16.37,20.46,17.5,48.6,25.3,reject
22,32.85,16.24,20.02,17.31,49.0,25.3,reject
22,32.85,16.24,20.34,17.54,48.4,25.4,reject
22,32.14,16.3,20.33,17.32,49.0,25.2,reject
22,31.97,16.17,20.34,17.45,48.6,25.4,reject
22,32.67,16.17,20.11,17.34,48.5,25.4,reject
22,32.67,16.3,20.07,17.41,48.0,25.3,reject
22,32.67,16.24,20.08,17.42,48.0,25.3,reject
22,32.85,16.72,20.11,17.23,48.1,25.4,reject
22,31.8,16.24,20.34,17.44,48.2,25.4,reject
22,32.85,16.37,20.46,17.5,48.6,25.3,reject
22,33.21,16.79,20.11,17.17,48.5,25.4,reject
22,32.14,16.24,20.34,17.49,48.3,25.4,reject
22,31.63,16.1,20.23,17.57,47.8,25.4,reject
22,32.14,16.3,20.37,17.48,48.6,25.3,reject
22,32.67,16.65,20.01,17.31,48.4,25.4,reject
22,31.63,16.1,20.23,17.44,48.0,25.3,reject
22,32.85,16.44,20.11,17.24,48.5,25.3,reject
22,32.67,16.17,20.0,17.31,48.6,25.4,reject
22,33.03,16.72,20.12,17.23,48.4,25.3,reject
22,32.14,16.37,20.45,17.44,48.4,25.3,reject
22,33.03,16.37,20.4,17.49,49.1,25.4,reject
22,32.67,16.37,20.02,17.31,48.3,25.3,reject
22,32.67,16.58,20.05,17.4,47.8,25.4,reject
22,31.8,16.24,20.3,17.5,48.5,25.4,reject
22,33.03,16.79,20.1,17.24,48.8,25.3,reject
22,33.03,16.72,20.11,17.23,48.3,25.4,reject
22,32.85,16.44,20.0,17.23,48.9,25.3,reject
22,32.67,16.17,20.08,17.31,48.3,25.4,reject
22,32.49,16.37,20.0,17.42,48.0,25.4,reject
22,32.32,16.37,20.46,17.49,48.5,25.3,reject
22,33.03,16.79,20.11,17.22,48.6,25.3,reject
22,32.67,16.3,20.46,17.51,48.9,25.3,reject
22,32.32,16.3,20.34,17.41,48.7,25.4,reject
22,32.32,16.37,20.37,17.41,49.1,25.2,reject
22,32.67,16.58,20.01,17.41,47.8,25.4,reject
22,32.49,16.3,20.0,17.5,48.0,25.4,reject
22,32.85,16.3,20.35,17.58,48.7,25.4,reject
22,33.03,16.37,20.35,17.5,49.2,25.3,reject
22,32.85,16.58,20.0,17.24,48.2,25.4,reject
22,32.67,16.51,20.0,17.23,48.2,25.4,reject
22,32.67,16.1,20.29,17.68,48.2,25.4,reject
22,32.67,16.3,20.03,17.35,48.3,25.3,reject
22,32.67,16.58,20.1,17.4,47.9,25.3,reject
22,33.03,16.44,20.03,17.2,48.8,25.3,reject
22,31.97,16.24,20.35,17.47,48.5,25.3,reject
22,33.03,16.24,20.34,17.41,48.9,25.2,reject
22,32.67,16.24,20.03,17.31,48.5,25.4,reject
22,31.97,16.3,20.33,17.36,48.3,25.3,reject
22,33.03,16.24,20.11,17.27,48.9,25.4,reject
22,32.67,16.24,20.35,17.53,48.5,25.4,reject
22,33.03,16.58,20.04,17.23,48.8,25.3,reject
22,32.85,16.3,20.0,17.29,48.6,25.3,reject
22,32.14,16.24,20.34,17.47,49.2,25.3,reject
22,32.85,16.3,20.36,17.5,49.2,25.3,reject
22,32.67,16.72,20.11,17.33,48.2,25.3,reject
22,32.32,16.17,20.34,17.63,48.7,25.3,reject
22,32.67,16.72,20.11,17.39,47.9,25.3,reject
22,33.03,16.51,20.03,17.2,48.7,25.3,reject
22,32.85,16.65,20.0,17.23,48.2,25.4,reject
22,32.67,16.17,20.11,17.42,48.4,25.3,reject
22,32.67,16.17,20.33,17.6,48.5,25.3,reject
22,32.67,16.58,20.0,17.31,48.5,25.4,reject
22,32.49,16.1,20.07,17.49,48.1,25.4,reject
22,32.67,16.44,20.03,17.32,48.3,25.3,reject
22,33.21,16.79,20.11,17.21,48.8,25.2,reject
22,32.85,16.72,20.11,17.28,48.2,25.4,reject
22,32.32,16.24,20.34,17.49,49.2,25.3,reject
22,33.03,16.3,20.09,17.58,49.3,25.2,reject
22,33.03,16.37,20.45,17.55,48.9,25.3,reject
22,32.85,16.24,20.35,17.57,48.7,25.3,reject
22,31.8,16.3,20.35,17.59,47.8,25.3,reject
22,32.32,16.17,20.35,17.74,48.2,25.4,reject
22,32.49,16.65,20.07,17.49,47.8,25.4,reject
22,32.32,16.37,20.45,17.49,48.5,25.3,reject
22,32.67,16.17,20.35,17.68,48.2,25.4,reject
22,33.21,16.72,20.11,17.22,48.9,25.2,reject
22,32.85,16.37,20.11,17.23,48.5,25.3,reject
22,32.67,16.3,20.46,17.5,48.9,25.3,reject
22,32.14,16.24,20.36,17.48,48.9,25.3,reject
22,32.67,16.65,20.0,17.31,48.4,25.4,reject
22,32.67,16.24,20.43,17.49,49.1,25.3,reject
22,32.67,16.24,20.41,17.57,49.1,25.3,reject
22,33.03,16.65,20.0,17.23,48.9,25.3,reject
22,32.67,16.72,20.11,17.37,47.8,25.3,reject
22,32.67,16.24,20.08,17.41,48.4,25.3,reject
22,33.03,16.79,20.14,17.22,48.4,25.3,reject
22,32.49,16.24,20.44,17.68,48.4,25.3,reject
22,33.03,16.24,20.22,17.39,49.0,25.2,reject
22,32.67,16.65,20.1,17.4,47.8,25.4,reject
22,32.85,16.24,20.03,17.31,48.7,25.4,reject
22,33.03,16.72,20.11,17.23,48.7,25.3,reject
22,33.03,16.24,20.34,17.49,48.7,25.4,reject
22,33.03,16.79,20.14,17.23,48.7,25.3,reject
22,32.49,16.37,20.43,17.49,49.0,25.2,reject
22,33.03,16.3,20.34,17.5,49.2,25.3,reject
22,32.85,16.17,20.22,17.41,48.6,25.3,reject
22,33.03,16.58,20.05,17.21,48.7,25.4,reject
22,33.03,16.24,20.04,17.25,49.1,25.3,reject
22,32.85,16.72,20.11,17.24,48.4,25.4,reject
22,33.03,16.72,20.09,17.23,48.8,25.3,reject
22,32.32,16.3,20.34,17.4,49.2,25.2,reject
22,33.03,16.79,20.12,17.22,48.7,25.3,reject
22,31.8,16.17,20.34,17.67,48.0,25.4,reject
22,32.14,16.24,20.29,17.31,49.0,25.2,reject
22,32.85,16.1,20.22,17.44,48.7,25.4,reject
22,32.67,16.65,20.11,17.32,48.2,25.3,reject
22,32.85,16.3,20.36,17.49,49.2,25.3,reject
22,32.67,16.17,20.32,17.61,48.1,25.3,reject
22,33.03,16.72,20.11,17.23,48.8,25.3,reject
22,32.32,16.37,20.39,17.41,49.1,25.2,reject
22,32.85,16.65,20.09,17.24,48.1,25.4,reject
22,32.49,16.3,20.43,17.5,49.3,25.2,reject
22,32.49,16.3,20.45,17.49,49.3,25.2,reject
22,32.67,16.1,20.23,17.57,48.5,25.3,reject
22,32.67,16.44,20.0,17.23,48.4,25.4,reject
22,32.14,16.3,20.34,17.36,48.5,25.3,reject
22,33.03,16.17,20.21,17.32,49.4,25.2,reject
22,31.97,16.24,20.35,17.59,48.1,25.3,reject
22,32.85,16.37,20.45,17.49,48.8,25.3,reject
22,32.67,16.3,20.42,17.68,48.5,25.3,reject
22,32.49,16.24,20.34,17.51,49.3,25.3,reject
22,33.03,16.51,20.04,17.22,49.0,25.2,reject
22,32.67,16.65,20.09,17.39,47.8,25.4,reject
22,33.03,16.58,20.0,17.23,48.9,25.3,reject
22,31.97,16.24,20.34,17.49,48.3,25.4,reject
22,33.21,16.72,20.11,17.21,48.9,25.2,reject
22,32.67,16.24,20.37,17.58,48.7,25.4,reject
22,31.97,16.3,20.38,17.48,48.5,25.3,reject
22,32.67,16.1,20.23,17.59,48.8,25.4,reject
22,33.03,16.24,20.23,17.43,49.2,25.3,reject
22,32.32,16.17,20.34,17.59,48.7,25.4,reject
22,31.97,16.24,20.33,17.47,48.2,25.4,reject
22,32.85,16.24,20.41,17.49,49.2,25.3,reject
22,32.67,16.58,20.03,17.41,47.8,25.4,reject
22,32.49,16.24,20.44,17.68,48.5,25.3,reject
22,32.49,16.3,20.45,17.49,48.7,25.4,reject
22,31.8,16.24,20.35,17.65,47.9,25.3,reject
22,33.03,16.51,20.0,17.23,48.9,25.3,reject
22,32.14,16.3,20.38,17.49,48.6,25.3,reject
22,32.49,16.17,20.34,17.63,48.8,25.4,reject
22,32.85,16.72,20.04,17.29,48.1,25.4,reject
22,31.97,16.3,20.35,17.49,48.3,25.4,reject
22,33.03,16.24,20.11,17.24,48.9,25.4,reject
22,32.85,16.3,20.11,17.25,48.7,25.3,reject
22,32.85,16.3,20.36,17.58,48.7,25.4,reject
22,33.03,16.17,20.13,17.38,49.2,25.3,reject
22,32.32,16.3,20.0,17.5,48.0,25.4,reject
22,32.32,16.24,20.43,17.49,49.1,25.3,reject
22,33.03,16.65,20.11,17.23,48.4,25.3,reject
22,33.03,16.24,20.22,17.4,49.0,25.2,reject
22,32.85,16.37,20.0,17.23,49.1,25.3,reject
22,32.49,16.24,20.0,17.37,48.6,25.3,reject
22,32.14,16.24,20.35,17.47,48.9,25.3,reject
22,32.49,16.03,20.12,17.49,48.8,25.4,reject
22,31.97,16.3,20.37,17.64,47.9,25.4,reject
22,32.32,16.3,20.38,17.42,49.0,25.4,reject
22,32.14,16.3,20.35,17.4,48.9,25.3,reject
22,32.14,16.24,20.22,17.29,48.7,25.2,reject
22,31.8,16.17,20.33,17.6,48.0,25.4,reject
22,32.67,16.51,20.01,17.24,48.2,25.4,reject
22,32.14,16.24,20.33,17.29,48.1,25.3,reject
22,32.49,16.24,20.42,17.59,48.6,25.4,reject
22,31.97,16.24,20.35,17.55,48.3,25.4,reject
22,32.85,16.44,20.0,17.24,48.5,25.4,reject
22,32.32,16.37,20.41,17.5,48.9,25.2,reject
22,33.03,16.79,20.11,17.18,48.7,25.3,reject
22,32.85,16.51,20.01,17.24,48.9,25.3,reject
22,31.8,16.17,20.25,17.69,48.4,25.4,reject
22,32.85,16.17,20.11,17.3,49.1,25.3,reject
22,32.14,16.24,20.34,17.49,49.2,25.3,reject
22,32.85,16.24,20.11,17.31,48.9,25.3,reject
22,31.97,16.17,20.24,17.38,48.3,25.4,reject
22,32.14,16.3,20.32,17.39,48.9,25.3,reject
22,32.49,16.58,20.01,17.4,47.8,25.4,reject
22,33.03,16.44,20.02,17.26,49.3,25.2,reject
22,32.85,16.65,20.06,17.23,48.9,25.3,reject
22,33.03,16.37,20.45,17.5,49.1,25.2,reject
22,32.32,16.3,20.34,17.48,49.1,25.3,reject
22,32.49,16.1,20.0,17.38,48.7,25.3,reject
22,32.67,16.1,20.11,17.33,48.4,25.4,reject
22,32.85,16.37,20.44,17.49,49.4,25.2,reject
22,33.03,16.79,20.11,17.15,48.5,25.3,reject
22,32.85,16.3,20.41,17.49,49.0,25.3,reject
22,33.03,16.65,20.09,17.18,48.8,25.3,reject
22,33.03,16.3,20.1,17.23,48.9,25.3,reject
22,33.03,16.72,20.05,17.23,48.9,25.3,reject
22,33.03,16.17,20.11,17.32,49.1,25.3,reject
22,33.21,16.86,20.11,17.22,48.8,25.2,reject
22,33.03,16.58,20.11,17.2,48.7,25.3,reject
22,33.03,16.44,20.09,17.24,48.5,25.3,reject
22,32.67,16.24,20.42,17.68,48.5,25.3,reject
22,33.03,16.65,20.1,17.16,48.6,25.3,reject
22,32.85,16.24,20.11,17.3,48.9,25.3,reject
22,31.8,16.24,20.3,17.4,48.1,25.4,reject
22,32.32,16.37,20.34,17.4,48.8,25.2,reject
22,33.03,16.65,20.0,17.24,49.0,25.3,reject
22,33.03,16.72,20.1,17.18,48.8,25.3,reject
22,33.21,16.37,20.39,17.49,49.0,25.4,reject
22,31.63,15.9,20.15,17.49,47.7,25.4,reject
22,33.03,16.24,20.11,17.31,49.0,25.2,reject
22,32.49,16.3,20.41,17.45,49.0,25.4,reject
22,31.97,16.24,20.33,17.41,48.1,25.4,reject
22,33.03,16.65,20.07,17.22,48.8,25.3,reject
22,32.14,16.17,20.34,17.59,48.7,25.4,reject
22,32.67,16.1,20.22,17.59,48.1,25.3,reject
22,32.67,16.3,20.0,17.31,48.4,25.4,reject
22,32.14,16.24,20.44,17.65,48.4,25.3,reject
22,32.14,16.3,20.35,17.51,48.9,25.2,reject
22,32.85,16.65,20.07,17.21,48.8,25.3,reject
22,31.97,16.1,20.34,17.68,48.7,25.3,reject
22,32.14,16.37,20.46,17.41,48.7,25.3,reject
22,32.85,16.72,20.1,17.23,48.1,25.4,reject
22,31.97,16.24,20.36,17.42,49.0,25.3,reject
22,32.85,16.58,20.02,17.23,48.5,25.4,reject
22,33.03,16.86,20.11,17.23,48.7,25.3,reject
22,33.03,16.24,20.35,17.49,48.9,25.2,reject
22,32.14,16.37,20.46,17.47,48.5,25.3,reject
22,32.49,16.17,20.34,17.58,48.7,25.4,reject
22,32.85,16.24,20.34,17.54,49.3,25.3,reject
22,32.85,16.79,20.11,17.22,48.1,25.4,reject
22,32.14,16.37,20.38,17.42,48.5,25.3,reject
22,32.14,16.3,20.35,17.32,48.4,25.2,reject
22,32.67,16.72,20.1,17.4,47.7,25.4,reject
22,32.49,16.51,20.0,17.49,47.9,25.4,reject
22,32.85,16.3,20.45,17.49,48.7,25.3,reject
22,31.97,16.24,20.34,17.48,48.2,25.4,reject
22,33.03,16.65,20.03,17.23,48.8,25.3,reject
22,33.03,16.44,20.44,17.5,49.1,25.2,reject
22,32.85,16.37,20.45,17.49,48.9,25.3,reject
22,32.85,16.24,20.34,17.6,48.7,25.4,reject
22,32.14,16.37,20.46,17.4,48.7,25.3,reject
22,32.14,16.37,20.34,17.4,48.7,25.2,reject
22,32.85,16.72,20.02,17.31,48.1,25.4,reject
22,32.67,16.03,20.11,17.4,48.7,25.4,reject
22,33.03,16.37,20.03,17.25,49.3,25.2,reject
22,31.8,16.24,20.34,17.57,47.7,25.3,reject
22,33.03,16.51,20.1,17.23,48.7,25.3,reject
22,32.67,16.24,20.36,17.53,48.5,25.4,reject
22,32.49,16.24,20.37,17.57,48.7,25.4,reject
22,32.32,16.3,20.34,17.49,49.2,25.3,reject
22,31.97,16.24,20.44,17.68,48.0,25.3,reject
22,31.97,16.24,20.28,17.4,48.4,25.4,reject
22,32.67,16.1,20.0,17.38,48.6,25.4,reject
22,33.03,16.79,20.11,17.23,48.7,25.3,reject
22,33.03,16.44,20.09,17.22,48.7,25.3,reject
22,32.67,16.1,20.22,17.5,48.5,25.3,reject
22,32.85,16.24,20.09,17.23,49.1,25.3,reject
22,33.03,16.37,20.42,17.5,49.4,25.2,reject
22,32.14,16.44,20.46,17.42,48.3,25.3,reject
22,32.85,16.3,20.11,17.29,48.6,25.3,reject
22,32.49,16.44,20.0,17.49,47.9,25.4,reject
22,32.32,16.24,20.44,17.67,48.4,25.3,reject
22,32.85,16.3,20.44,17.5,48.7,25.3,reject
22,31.8,16.1,20.33,17.6,48.6,25.3,reject
22,32.67,16.65,20.11,17.4,47.7,25.4,reject
22,32.67,16.65,20.11,17.4,47.9,25.3,reject
22,32.67,16.24,20.42,17.52,49.0,25.4,reject
22,32.14,16.3,20.34,17.42,49.0,25.3,reject
22,32.85,16.72,20.1,17.23,48.4,25.4,reject
22,32.49,16.17,20.11,17.41,48.4,25.3,reject
22,32.32,16.17,20.35,17.69,48.2,25.4,reject
22,33.21,16.65,20.09,17.21,48.9,25.2,reject
22,31.97,16.24,20.34,17.42,48.5,25.4,reject
22,32.67,16.3,20.44,17.5,48.7,25.4,reject
22,31.97,16.1,20.23,17.29,48.7,25.3,reject
22,31.97,16.24,20.34,17.47,48.5,25.4,reject
22,31.8,16.17,20.3,17.53,48.6,25.4,reject
22,33.03,16.79,20.11,17.22,48.7,25.3,reject
22,33.03,16.58,20.06,17.23,49.0,25.2,reject
22,33.03,16.72,20.04,17.23,48.8,25.3,reject
22,33.03,16.37,20.45,17.5,48.8,25.3,reject
22,32.49,16.24,20.42,17.53,49.1,25.3,reject
22,33.03,16.51,20.11,17.23,48.8,25.3,reject
22,32.67,16.17,20.1,17.32,48.5,25.4,reject
22,32.49,16.3,19.99,17.32,48.6,25.4,reject
22,32.67,16.3,20.41,17.68,48.5,25.3,reject
22,32.67,16.24,20.43,17.68,48.5,25.3,reject
22,32.67,16.03,20.13,17.58,48.2,25.4,reject
22,33.03,16.44,20.02,17.27,49.3,25.2,reject
22,31.97,16.17,20.34,17.5,48.4,25.4,reject
22,32.67,16.37,20.04,17.4,48.0,25.4,reject
22,32.49,16.24,20.42,17.58,49.1,25.3,reject
22,32.14,16.37,20.37,17.48,49.0,25.2,reject
22,32.49,16.3,20.45,17.48,48.7,25.3,reject
22,32.49,16.17,20.0,17.34,48.7,25.4,reject
22,32.14,16.44,20.45,17.4,48.3,25.3,reject
22,32.49,16.17,20.0,17.49,48.1,25.4,reject
22,33.03,16.79,20.12,17.23,48.7,25.3,reject
22,33.03,16.65,20.07,17.2,48.8,25.3,reject
22,32.14,16.3,20.35,17.41,48.8,25.3,reject
22,32.67,16.1,20.11,17.4,48.4,25.4,reject
22,32.85,16.17,20.33,17.55,48.6,25.4,reject
22,32.85,16.1,20.22,17.47,49.1,25.3,reject
22,32.49,16.37,20.0,17.49,47.9,25.4,reject
22,32.67,16.44,20.0,17.42,47.9,25.4,reject
22,32.32,16.3,20.35,17.49,49.2,25.3,reject
22,32.85,16.1,20.11,17.36,49.1,25.3,reject
22,32.49,16.24,20.42,17.47,49.0,25.4,reject
22,32.85,16.58,20.11,17.23,48.8,25.3,reject
22,31.97,16.24,20.34,17.49,48.2,25.4,reject
22,33.03,16.65,20.11,17.22,48.7,25.3,reject
22,32.85,16.17,20.11,17.39,49.1,25.3,reject
22,33.03,16.44,20.11,17.23,48.5,25.3,reject
22,32.85,16.65,20.11,17.22,48.7,25.3,reject
22,33.03,16.17,20.17,17.32,48.8,25.4,reject
22,32.67,16.37,20.44,17.5,49.0,25.2,reject
22,32.14,16.24,20.34,17.49,48.9,25.3,reject
22,32.67,16.3,20.43,17.49,49.3,25.2,reject
22,32.67,16.44,20.0,17.4,47.9,25.4,reject
22,32.49,16.3,20.46,17.49,48.9,25.3,reject
22,32.49,16.24,20.43,17.68,48.5,25.3,reject
22,32.85,16.44,20.09,17.24,48.5,25.3,reject
22,33.03,16.79,20.11,17.19,48.5,25.4,reject
22,32.49,16.17,20.11,17.49,48.1,25.3,reject
22,31.97,16.24,20.36,17.49,48.3,25.4,reject
22,32.85,16.58,20.02,17.23,48.1,25.4,reject
22,31.8,16.1,20.34,17.64,48.7,25.3,reject
22,32.67,16.58,20.09,17.4,47.9,25.3,reject
22,32.67,16.58,20.04,17.4,47.8,25.4,reject
22,33.03,16.79,20.11,17.23,48.3,25.4,reject
22,33.03,16.51,20.0,17.23,49.0,25.3,reject
22,31.97,16.24,20.38,17.6,48.2,25.3,reject
22,33.03,16.37,20.44,17.49,48.8,25.3,reject
22,33.03,16.37,20.08,17.22,49.0,25.2,reject
22,33.03,16.51,20.09,17.22,48.7,25.3,reject
22,33.03,16.79,20.13,17.22,48.4,25.3,reject
22,32.49,16.1,20.14,17.52,48.1,25.3,reject
22,32.67,16.3,20.0,17.31,48.3,25.4,reject
22,31.8,16.17,20.23,17.35,48.1,25.4,reject
22,32.49,16.17,20.03,17.49,48.1,25.4,reject
22,32.49,16.37,20.0,17.49,48.0,25.4,reject
22,32.14,16.44,20.4,17.4,48.5,25.2,reject
22,32.85,16.3,20.35,17.5,49.2,25.3,reject
22,32.14,16.24,20.44,17.68,48.1,25.4,reject
22,32.85,16.3,20.43,17.5,49.4,25.2,reject
22,32.49,16.3,20.35,17.49,49.2,25.3,reject
22,32.32,16.24,20.41,17.49,49.0,25.3,reject
22,32.14,16.24,20.24,17.34,48.8,25.3,reject
22,32.85,16.65,20.05,17.31,48.4,25.4,reject
22,32.85,16.44,20.11,17.23,48.8,25.3,reject
22,33.03,16.3,20.41,17.49,49.1,25.4,reject
22,33.03,16.86,20.21,17.22,48.3,25.3,reject
22,32.67,16.24,20.37,17.52,48.4,25.4,reject
22,32.14,16.24,20.37,17.54,48.7,25.4,reject
22,32.49,16.3,20.45,17.49,48.8,25.3,reject
22,33.03,16.72,20.06,17.26,48.8,25.3,reject
22,32.14,16.3,20.42,17.45,48.7,25.4,reject
22,32.14,16.17,20.23,17.39,48.9,25.3,reject
22,32.85,16.3,20.0,17.31,48.3,25.4,reject
22,31.97,16.24,20.23,17.31,48.8,25.3,reject
22,32.85,16.24,20.0,17.28,49.2,25.3,reject
22,32.67,16.51,20.05,17.36,48.3,25.3,reject
22,32.49,16.3,20.43,17.49,49.3,25.2,reject
22,31.8,16.17,20.33,17.58,48.5,25.4,reject
22,32.85,16.24,20.11,17.31,48.6,25.3,reject
22,32.67,16.24,20.39,17.58,49.1,25.3,reject
22,33.03,16.79,20.11,17.21,48.7,25.3,reject
22,32.14,16.24,20.38,17.44,49.0,25.3,reject
22,32.85,16.17,20.22,17.39,48.9,25.2,reject
22,31.97,16.1,20.22,17.32,48.8,25.3,reject
22,32.32,16.17,20.36,17.68,48.2,25.4,reject
22,32.67,16.24,20.42,17.58,49.1,25.3,reject
22,32.85,16.65,20.1,17.31,48.3,25.4,reject
22,32.85,16.65,20.07,17.25,48.4,25.4,reject
22,33.03,16.58,20.0,17.25,49.0,25.3,reject
22,33.03,16.37,20.44,17.52,48.7,25.3,reject
22,32.85,16.37,20.09,17.23,48.5,25.3,reject
22,32.85,16.37,20.11,17.24,48.5,25.3,reject
22,31.8,16.17,20.34,17.59,48.6,25.4,reject
22,32.49,16.24,20.41,17.59,48.6,25.4,reject
22,32.49,16.3,20.44,17.52,48.7,25.4,reject
22,32.85,16.65,20.09,17.28,48.3,25.4,reject
22,32.67,16.24,20.36,17.52,48.5,25.4,reject
22,32.67,16.24,20.0,17.46,48.1,25.4,reject
22,33.03,16.44,20.05,17.23,49.0,25.2,reject
22,33.03,16.24,20.24,17.48,48.6,25.3,reject
22,33.03,16.17,20.22,17.4,49.2,25.3,reject
22,33.03,16.17,20.11,17.31,49.1,25.3,reject
22,32.85,16.79,20.11,17.23,48.4,25.4,reject
22,31.8,16.24,20.38,17.58,48.2,25.3,reject
22,32.85,16.58,20.1,17.23,48.4,25.4,reject
22,32.67,16.72,20.11,17.4,47.7,25.4,reject
22,33.03,16.72,20.04,17.23,48.9,25.3,reject
22,32.14,16.17,20.24,17.3,48.6,25.3,reject
22,32.67,16.1,20.15,17.49,48.4,25.3,reject
22,33.03,16.44,20.45,17.52,49.1,25.2,reject
22,33.21,16.65,20.09,17.23,48.9,25.2,reject
22,32.49,16.24,20.43,17.58,48.5,25.4,reject
22,33.03,16.58,20.03,17.19,48.7,25.3,reject
22,32.85,16.51,20.0,17.23,48.5,25.3,reject
22,33.21,16.79,20.11,17.18,48.5,25.3,reject
22,32.32,16.1,20.34,17.66,48.8,25.4,reject
22,32.85,16.37,20.0,17.23,49.0,25.3,reject
22,32.85,16.51,20.0,17.23,48.1,25.4,reject
22,32.67,16.58,20.0,17.31,48.4,25.3,reject
22,32.67,16.24,20.04,17.31,48.5,25.4,reject
22,33.03,16.37,20.1,17.23,48.7,25.3,reject
22,32.67,16.17,20.34,17.64,48.8,25.4,reject
22,32.14,16.24,20.33,17.49,49.1,25.3,reject
22,33.03,16.37,20.45,17.5,48.9,25.3,reject
22,32.14,16.24,20.33,17.44,49.1,25.3,reject
22,31.8,16.17,20.29,17.48,48.0,25.3,reject
22,32.67,16.24,20.34,17.59,48.7,25.4,reject
22,31.97,16.17,20.31,17.55,48.5,25.4,reject
22,33.03,16.44,20.02,17.16,48.7,25.3,reject
22,32.32,16.24,20.36,17.5,48.4,25.4,reject
22,32.49,16.24,20.0,17.41,48.1,25.4,reject
22,33.03,16.51,20.03,17.25,49.2,25.2,reject
22,32.85,16.24,20.19,17.31,48.6,25.3,reject
22,32.85,16.44,20.0,17.28,48.6,25.4,reject
22,31.8,16.17,20.33,17.64,48.0,25.4,reject
22,32.85,16.1,20.22,17.42,48.4,25.4,reject
22,32.49,16.24,20.34,17.49,49.3,25.3,reject
22,31.8,16.17,20.24,17.47,48.4,25.4,reject
22,32.67,16.44,20.04,17.41,48.0,25.3,reject
22,32.67,16.24,20.34,17.68,48.5,25.3,reject
22,33.03,16.79,20.11,17.23,48.6,25.3,reject
22,33.21,16.72,20.09,17.23,48.8,25.3,reject
22,32.67,16.37,20.01,17.31,48.4,25.4,reject
22,33.03,16.3,20.34,17.49,49.0,25.4,reject
22,32.49,16.24,20.45,17.68,48.1,25.4,reject
22,32.67,16.17,20.34,17.59,48.7,25.4,reject
22,31.8,16.1,20.22,17.34,48.0,25.4,reject
22,32.67,16.72,20.11,17.44,47.7,25.4,reject
22,32.85,16.37,20.0,17.26,49.0,25.3,reject
22,32.85,16.37,20.45,17.5,49.0,25.2,reject
22,32.14,16.3,20.28,17.37,48.9,25.3,reject
22,32.67,16.3,20.46,17.5,48.9,25.2,reject
22,31.97,16.17,20.27,17.49,48.4,25.4,reject
22,32.67,16.24,20.35,17.68,48.2,25.4,reject
22,33.03,16.86,20.11,17.2,48.5,25.3,reject
22,32.67,16.03,20.22,17.62,48.8,25.4,reject
22,32.85,16.24,20.42,17.49,49.2,25.3,reject
22,32.67,16.44,20.03,17.4,48.0,25.3,reject
22,31.97,16.24,20.33,17.41,48.4,25.4,reject
22,31.63,16.17,20.3,17.6,47.9,25.4,reject
22,32.49,16.3,20.46,17.49,48.9,25.2,reject
22,32.85,16.72,20.11,17.31,48.2,25.4,reject
22,32.67,16.58,20.0,17.31,48.4,25.4,reject
22,32.32,16.3,20.45,17.5,48.6,25.3,reject
22,33.03,16.44,20.0,17.23,48.9,25.3,reject
22,32.67,16.03,20.22,17.68,48.2,25.4,reject
22,33.21,16.79,20.11,17.19,48.6,25.4,reject
22,32.32,16.37,20.37,17.42,48.8,25.2,reject
22,32.32,16.37,20.34,17.39,49.0,25.2,reject
22,32.85,16.3,20.44,17.52,48.7,25.3,reject
22,32.85,16.1,20.22,17.38,49.1,25.3,reject
22,32.85,16.51,20.11,17.23,48.5,25.3,reject
22,32.85,16.3,20.0,17.28,49.0,25.3,reject
22,32.85,16.65,20.01,17.28,48.2,25.4,reject
22,32.14,16.3,20.45,17.45,48.8,25.2,reject
22,33.03,16.58,20.03,17.22,48.7,25.4,reject
22,32.67,16.24,20.34,17.72,48.2,25.4,reject
22,31.8,16.17,20.34,17.68,48.1,25.4,reject
22,32.14,16.24,20.36,17.5,48.4,25.4,reject
22,33.03,16.24,20.34,17.56,49.1,25.3,reject
22,32.67,16.65,20.02,17.31,48.4,25.4,reject
22,32.67,16.37,20.0,17.43,48.0,25.4,reject
22,31.97,16.24,20.34,17.44,49.0,25.3,reject
22,32.67,16.72,20.11,17.36,47.9,25.3,reject
22,32.32,16.37,20.35,17.41,49.1,25.2,reject
22,33.03,16.3,20.11,17.3,49.0,25.2,reject
22,32.32,16.24,20.37,17.53,48.7,25.4,reject
22,32.14,16.37,20.45,17.46,48.7,25.3,reject
22,31.8,16.17,20.32,17.64,48.4,25.3,reject
22,32.67,16.58,20.08,17.39,48.3,25.3,reject
22,32.14,16.3,20.37,17.43,48.7,25.4,reject
22,32.49,16.17,20.34,17.59,48.7,25.4,reject
22,32.14,16.37,20.45,17.41,48.4,25.3,reject
22,32.67,16.37,20.0,17.31,48.6,25.4,reject
22,32.67,16.24,20.42,17.57,49.2,25.3,reject
22,31.97,16.24,20.29,17.42,48.1,25.4,reject
22,33.03,16.79,20.11,17.22,48.2,25.3,reject
22,32.14,16.3,20.39,17.49,49.2,25.2,reject
22,32.14,16.24,20.35,17.52,48.7,25.4,reject
22,31.97,16.17,20.32,17.55,48.6,25.4,reject
22,33.03,16.17,20.22,17.49,49.3,25.3,reject
22,32.49,16.24,20.34,17.5,49.2,25.3,reject
22,32.49,16.37,20.0,17.31,48.6,25.4,reject
22,32.67,16.37,20.47,17.49,48.6,25.3,reject
22,32.85,16.17,20.11,17.32,49.1,25.3,reject
22,32.49,16.3,20.4,17.43,49.0,25.4,reject
22,32.85,16.51,20.0,17.23,48.9,25.3,reject
22,32.14,16.1,20.34,17.66,48.7,25.4,reject
22,32.67,16.24,20.39,17.59,48.6,25.4,reject
22,32.14,16.3,20.36,17.41,49.0,25.4,reject
22,32.32,16.3,20.41,17.58,48.5,25.4,reject
22,33.03,16.58,20.11,17.22,48.7,25.2,reject
22,32.67,16.65,20.1,17.4,47.7,25.4,reject
22,32.85,16.17,20.23,17.36,48.9,25.2,reject
22,32.85,16.72,20.1,17.31,48.2,25.4,reject
22,32.85,16.65,20.01,17.31,48.2,25.4,reject
22,33.03,16.72,20.11,17.25,48.7,25.3,reject
22,31.8,16.24,20.34,17.59,48.2,25.3,reject
22,32.14,16.24,20.32,17.41,49.1,25.3,reject
22,33.03,16.79,20.11,17.2,48.7,25.3,reject
22,32.67,16.51,20.0,17.31,48.5,25.4,reject
22,32.14,16.24,20.32,17.31,48.7,25.3,reject
22,33.03,16.72,20.11,17.15,48.6,25.4,reject
22,32.32,16.24,20.41,17.5,49.1,25.3,reject
22,33.03,16.86,20.13,17.23,48.2,25.3,reject
22,33.03,16.24,20.34,17.48,48.8,25.3,reject
22,32.67,16.1,20.17,17.41,48.5,25.3,reject
22,31.8,16.17,20.24,17.59,47.9,25.4,reject
22,32.85,16.3,20.12,17.25,48.5,25.3,reject
22,33.03,16.37,20.34,17.49,49.1,25.2,reject
22,32.14,16.24,20.45,17.68,48.1,25.4,reject
22,32.85,16.72,20.04,17.31,48.1,25.4,reject
22,32.85,16.58,20.01,17.31,48.3,25.4,reject
22,33.03,16.17,20.22,17.34,48.9,25.4,reject
22,31.97,16.17,20.29,17.33,48.7,25.3,reject
22,32.49,16.51,20.0,17.51,47.9,25.4,reject
22,33.03,16.58,20.06,17.22,48.8,25.3,reject
22,32.85,16.24,20.39,17.58,49.1,25.3,reject
22,32.49,16.37,20.46,17.59,48.5,25.3,reject
22,32.14,16.3,20.34,17.41,49.0,25.3,reject
22,32.14,16.24,20.29,17.4,49.0,25.3,reject
22,32.14,16.3,20.37,17.41,48.9,25.3,reject
22,31.97,16.17,20.35,17.68,48.2,25.4,reject
22,32.85,16.3,20.13,17.31,48.5,25.3,reject
22,31.63,16.1,20.32,17.61,48.1,25.4,reject
22,32.67,16.72,20.11,17.41,47.7,25.4,reject
22,32.85,16.17,20.23,17.39,48.6,25.3,reject
22,33.03,16.72,20.11,17.22,48.8,25.3,reject
22,32.85,16.3,20.44,17.49,49.4,25.2,reject
22,32.67,16.37,19.99,17.23,48.4,25.4,reject
22,33.03,16.24,20.11,17.31,49.3,25.2,reject
22,33.03,16.72,20.11,17.21,48.6,25.3,reject
22,33.03,16.65,20.03,17.24,48.5,25.4,reject
22,32.14,16.3,20.45,17.41,48.7,25.2,reject
22,32.67,16.44,20.01,17.3,48.4,25.4,reject
22,33.21,16.79,20.11,17.22,48.8,25.2,reject
22,31.97,16.1,20.21,17.25,48.8,25.3,reject
22,33.03,16.65,20.02,17.23,48.8,25.3,reject
22,32.32,16.3,20.45,17.48,48.7,25.3,reject
22,32.85,16.58,20.01,17.23,48.1,25.4,reject
22,32.85,16.44,19.99,17.23,49.1,25.3,reject
22,31.97,16.1,20.34,17.63,48.7,25.3,reject
22,32.85,16.65,20.05,17.23,48.1,25.4,reject
22,32.85,16.3,20.11,17.31,48.6,25.3,reject
22,32.67,16.24,20.34,17.68,48.2,25.4,reject
22,32.85,16.44,20.0,17.26,48.2,25.4,reject
22,32.67,16.1,20.03,17.39,48.6,25.4,reject
22,32.85,16.17,20.24,17.49,48.4,25.4,reject
22,31.97,16.24,20.34,17.5,48.6,25.4,reject
22,32.85,16.72,20.09,17.24,48.4,25.3,reject
22,33.03,16.79,20.15,17.22,48.3,25.3,reject
22,33.03,16.51,20.01,17.23,48.9,25.3,reject
22,33.03,16.65,20.11,17.31,48.3,25.3,reject
22,32.14,16.3,20.32,17.41,49.0,25.3,reject
22,31.97,16.1,20.22,17.31,48.3,25.4,reject
22,33.03,16.24,20.34,17.55,49.3,25.3,reject
22,32.85,16.17,20.23,17.49,48.6,25.4,reject
22,32.14,16.3,20.34,17.41,48.8,25.3,reject
22,32.14,16.3,20.34,17.32,48.7,25.3,reject
22,32.14,16.17,20.34,17.68,48.2,25.4,reject
22,32.85,16.58,20.11,17.23,48.4,25.4,reject
22,33.03,16.37,20.46,17.51,48.6,25.3,reject
22,32.67,16.1,20.13,17.44,48.7,25.4,reject
22,32.67,16.58,20.09,17.37,48.3,25.3,reject
22,32.85,16.44,20.08,17.23,48.4,25.3,reject
22,32.49,16.58,20.05,17.49,47.8,25.4,reject
22,33.03,16.17,20.13,17.31,49.3,25.2,reject
22,32.49,16.17,20.35,17.71,48.2,25.4,reject
22,32.85,16.3,20.43,17.49,49.4,25.2,reject
22,31.8,16.17,20.33,17.6,48.6,25.4,reject
22,32.85,16.24,20.11,17.31,48.8,25.4,reject
22,32.49,16.03,20.11,17.48,48.7,25.3,reject
22,33.03,16.3,20.34,17.48,49.4,25.2,reject
22,33.03,16.58,20.11,17.22,48.4,25.3,reject
22,32.85,16.37,20.42,17.49,48.7,25.3,reject
22,31.8,16.17,20.34,17.6,47.9,25.3,reject
22,32.67,16.3,20.43,17.68,48.2,25.4,reject
22,32.14,16.24,20.34,17.45,49.1,25.3,reject
22,33.21,16.65,20.07,17.16,48.6,25.3,reject
22,31.63,16.17,20.34,17.66,48.0,25.4,reject
22,33.03,16.24,20.11,17.27,49.3,25.2,reject
22,32.67,16.3,20.04,17.4,48.4,25.3,reject
22,31.8,16.3,20.37,17.63,47.9,25.4,reject
22,31.97,16.24,20.41,17.64,48.4,25.3,reject
22,32.49,16.24,20.1,17.49,48.1,25.3,reject
22,32.14,16.24,20.32,17.32,48.4,25.3,reject
22,32.49,16.24,20.38,17.55,48.7,25.4,reject
22,33.03,16.17,20.32,17.49,49.1,25.3,reject
22,33.03,16.37,20.0,17.24,49.1,25.3,reject
22,33.03,16.65,20.11,17.23,48.3,25.4,reject
22,33.03,16.3,20.42,17.51,49.0,25.3,reject
22,33.03,16.1,20.11,17.4,49.3,25.3,reject
22,32.14,16.17,20.34,17.49,48.9,25.3,reject
22,33.03,16.58,20.1,17.23,48.7,25.3,reject
22,31.8,16.17,20.33,17.67,48.1,25.4,reject
22,32.49,16.58,20.03,17.53,47.9,25.4,reject
22,33.03,16.24,20.34,17.49,49.2,25.3,reject
22,33.03,16.72,20.02,17.23,48.9,25.3,reject
22,32.49,16.24,20.37,17.53,48.4,25.4,reject
22,32.14,16.3,20.34,17.33,48.4,25.3,reject
22,32.85,16.58,20.03,17.31,48.3,25.4,reject
22,33.03,16.3,20.0,17.27,49.2,25.3,reject
22,32.85,16.17,20.22,17.31,48.9,25.4,reject
22,32.85,16.65,20.1,17.3,48.3,25.4,reject
22,31.8,16.03,20.22,17.35,48.1,25.4,reject
22,33.21,16.37,20.34,17.5,49.2,25.3,reject
22,32.67,16.17,20.34,17.64,48.7,25.3,reject
22,32.14,16.3,20.45,17.41,48.4,25.3,reject
22,32.49,16.24,20.38,17.5,48.4,25.4,reject
22,33.03,16.51,20.11,17.23,48.5,25.3,reject
22,32.85,16.17,20.1,17.36,48.6,25.3,reject
22,32.67,16.51,20.0,17.52,47.9,25.4,reject
22,32.85,16.24,20.06,17.23,49.1,25.3,reject
22,31.8,16.24,20.34,17.5,48.1,25.3,reject
22,33.03,16.51,20.06,17.22,49.0,25.2,reject
22,32.14,16.3,20.36,17.42,49.2,25.2,reject
22,32.85,16.3,20.42,17.49,49.0,25.3,reject
22,32.67,16.3,20.01,17.31,48.3,25.4,reject
22,31.97,16.24,20.34,17.49,48.6,25.4,reject
22,32.14,16.24,20.35,17.4,48.7,25.4,reject
22,32.85,16.3,20.46,17.49,48.9,25.2,reject
22,32.49,16.03,20.1,17.42,48.7,25.3,reject
22,31.97,16.17,20.34,17.59,48.7,25.4,reject
22,32.67,16.65,20.05,17.3,48.4,25.4,reject
22,32.85,16.17,20.21,17.36,48.6,25.3,reject
22,31.97,16.24,20.35,17.5,48.3,25.4,reject
22,32.49,16.3,20.46,17.49,48.6,25.3,reject
22,32.32,16.3,20.44,17.49,48.7,25.4,reject
22,32.67,16.58,20.0,17.23,48.2,25.4,reject
22,33.03,16.79,20.11,17.25,48.3,25.4,reject
22,33.03,16.65,20.06,17.23,48.9,25.3,reject
22,32.14,16.37,20.37,17.41,48.6,25.4,reject
22,32.49,16.58,20.03,17.49,47.9,25.4,reject
22,32.67,16.3,20.0,17.31,48.6,25.4,reject
22,32.67,16.24,20.37,17.57,48.7,25.4,reject
22,32.14,16.24,20.32,17.38,48.7,25.3,reject
22,33.03,16.3,20.4,17.49,49.2,25.3,reject
22,31.97,16.17,20.35,17.41,49.0,25.3,reject
22,33.03,16.37,20.04,17.22,48.8,25.3,reject
22,31.8,16.24,20.38,17.64,48.3,25.3,reject
22,32.32,16.37,20.37,17.45,48.8,25.2,reject
22,32.14,16.24,20.34,17.41,48.8,25.3,reject
22,32.67,16.1,20.18,17.4,48.4,25.4,reject
22,33.03,16.58,20.11,17.23,48.4,25.3,reject
22,32.14,16.37,20.42,17.43,48.7,25.4,reject
22,32.85,16.3,20.0,17.27,49.0,25.3,reject
22,32.85,16.58,20.02,17.23,48.9,25.3,reject
22,32.85,16.17,20.23,17.4,49.1,25.3,reject
22,33.03,16.44,20.06,17.23,49.0,25.2,reject
22,32.14,16.24,20.34,17.41,49.1,25.3,reject
22,32.32,16.37,20.34,17.36,49.0,25.2,reject
22,31.8,16.17,20.3,17.53,47.6,25.3,reject
22,32.85,16.24,20.15,17.33,48.6,25.3,reject
22,33.03,16.44,20.46,17.52,48.6,25.3,reject
22,31.63,16.03,20.22,17.48,48.3,25.4,reject
22,32.67,16.24,20.0,17.29,48.5,25.4,reject
22,32.85,16.1,20.11,17.4,48.7,25.4,reject
22,33.03,16.24,20.25,17.4,49.0,25.4,reject
22,32.67,16.72,20.11,17.31,48.2,25.3,reject
22,33.03,16.37,20.4,17.58,48.7,25.4,reject
22,32.49,16.3,20.43,17.5,48.7,25.4,reject
22,32.67,16.24,20.44,17.68,48.1,25.3,reject
22,32.14,16.24,20.36,17.49,49.0,25.3,reject
22,33.03,16.3,20.34,17.57,49.3,25.3,reject
22,33.03,16.79,20.16,17.23,48.7,25.3,reject
22,31.97,16.24,20.34,17.49,48.5,25.4,reject
22,32.14,16.37,20.35,17.4,48.5,25.3,reject
22,33.03,16.65,20.01,17.23,48.9,25.3,reject
22,33.03,16.65,20.09,17.15,48.6,25.3,reject
22,33.03,16.37,20.45,17.5,48.6,25.3,reject
22,31.97,16.24,20.34,17.45,48.3,25.4,reject
22,32.14,16.37,20.41,17.35,48.3,25.3,reject
22,32.85,16.37,20.11,17.25,48.7,25.3,reject
22,32.49,16.1,20.11,17.5,48.1,25.3,reject
22,32.14,16.3,20.37,17.43,48.9,25.3,reject
22,32.85,16.37,20.0,17.27,48.6,25.4,reject
22,33.03,16.24,20.33,17.48,49.2,25.3,reject
22,32.85,16.3,20.45,17.49,48.8,25.3,reject
22,33.03,16.79,20.12,17.23,48.6,25.3,reject
22,32.67,16.44,20.03,17.41,48.0,25.4,reject
22,32.14,16.37,20.45,17.45,48.4,25.3,reject
22,32.85,16.79,20.13,17.22,48.4,25.3,reject
22,32.67,16.58,20.08,17.4,47.9,25.3,reject
22,32.85,16.1,20.22,17.4,49.1,25.3,reject
22,32.85,16.24,20.0,17.31,49.2,25.3,reject
22,32.32,16.37,20.4,17.42,48.6,25.4,reject
22,32.85,16.51,20.02,17.31,48.3,25.4,reject
22,32.67,16.24,20.45,17.49,48.8,25.3,reject
22,33.03,16.72,20.11,17.23,48.6,25.3,reject
22,33.03,16.72,20.11,17.23,48.4,25.4,reject
22,31.8,16.1,20.33,17.59,48.7,25.4,reject
22,32.85,16.24,20.01,17.28,49.0,25.3,reject
22,32.49,16.37,20.45,17.5,49.0,25.2,reject
22,33.03,16.72,20.03,17.23,48.9,25.3,reject
22,32.49,16.17,20.34,17.68,48.2,25.4,reject
22,33.03,16.17,20.3,17.4,48.8,25.3,reject
22,32.85,16.24,20.11,17.28,48.8,25.3,reject
22,31.97,16.24,20.39,17.57,48.4,25.4,reject
22,32.85,16.3,20.35,17.53,48.4,25.4,reject
22,32.49,16.24,20.44,17.68,48.1,25.4,reject
22,33.03,16.72,20.12,17.22,48.4,25.3,reject
22,32.85,16.24,20.06,17.32,49.0,25.3,reject
22,32.85,16.58,20.01,17.23,48.5,25.4,reject
22,32.14,16.3,20.43,17.49,48.6,25.3,reject
22,33.03,16.24,20.11,17.64,49.3,25.2,reject
22,33.03,16.58,20.0,17.23,49.0,25.3,reject
22,32.32,16.3,20.42,17.47,49.2,25.2,reject
22,32.67,16.37,20.0,17.41,47.9,25.4,reject
22,32.14,16.24,20.34,17.4,48.9,25.4,reject
22,32.67,16.51,20.04,17.32,48.3,25.3,reject
22,32.85,16.51,20.0,17.23,48.3,25.4,reject
22,33.03,16.58,20.03,17.22,48.8,25.3,reject
22,31.8,16.17,20.3,17.68,48.4,25.3,reject
22,32.67,16.65,20.07,17.4,47.8,25.4,reject
22,32.14,16.37,20.45,17.4,48.7,25.3,reject
22,32.67,16.03,20.1,17.4,48.7,25.4,reject
22,32.14,16.24,20.4,17.57,48.5,25.4,reject
22,33.03,16.65,20.11,17.23,48.7,25.3,reject
22,32.85,16.3,20.11,17.23,48.7,25.3,reject
22,33.21,16.51,20.0,17.23,48.9,25.3,reject
22,31.97,16.24,20.42,17.68,48.1,25.4,reject
22,32.67,16.51,20.0,17.4,47.9,25.4,reject
22,33.03,16.79,20.11,17.16,48.6,25.4,reject
22,32.49,16.58,20.0,17.49,47.9,25.4,reject
22,33.03,16.3,20.0,17.28,49.1,25.3,reject
22,32.32,16.24,20.37,17.5,48.4,25.4,reject
23,33.21,16.44,20.11,17.68,49.1,25.2,reject
23,33.03,16.37,20.46,17.59,49.1,25.2,reject
23,33.03,16.1,20.17,17.43,49.6,25.3,reject
23,33.21,16.44,20.13,17.73,49.0,25.1,reject
23,33.21,16.51,20.09,17.23,49.0,25.2,reject
23,32.49,16.37,20.44,17.64,49.3,25.2,reject
23,33.21,16.44,20.11,17.31,49.0,25.2,reject
23,32.67,16.37,20.43,17.46,49.1,25.3,reject
23,33.4,16.72,20.13,17.23,48.6,25.2,reject
23,33.03,16.58,20.0,17.23,49.3,25.3,reject
23,33.03,16.37,20.45,17.59,49.1,25.2,reject
23,33.21,16.72,20.12,17.23,48.7,25.2,reject
23,32.49,16.37,20.45,17.48,49.0,25.3,reject
23,33.4,16.3,20.34,17.49,48.9,25.2,reject
23,32.85,16.37,20.46,17.95,49.2,25.2,reject
23,33.4,16.79,20.11,17.23,48.5,25.2,reject
23,32.67,16.44,20.49,17.56,48.8,25.2,reject
23,33.21,16.3,20.17,17.31,49.0,25.2,reject
23,33.21,16.72,20.11,17.23,48.7,25.2,reject
23,33.4,16.79,20.18,17.23,48.5,25.2,reject
23,33.03,16.44,20.57,18.24,48.9,25.1,reject
23,33.4,16.3,20.11,17.42,49.2,25.2,reject
23,32.49,16.37,20.45,17.95,49.1,25.2,reject
23,33.4,16.37,20.11,17.28,48.9,25.2,reject
23,32.14,16.3,20.34,17.46,49.4,25.3,reject
23,33.4,16.93,20.22,17.23,48.4,25.2,reject
23,33.4,16.65,20.11,17.68,48.8,25.2,reject
23,33.4,16.72,20.12,17.68,48.7,25.2,reject
23,33.4,16.79,20.11,17.68,48.7,25.2,reject
23,33.21,16.37,20.11,17.68,49.1,25.2,reject
23,33.21,16.79,20.07,17.22,48.9,25.3,reject
23,33.4,16.72,20.21,17.95,48.7,25.1,reject
23,33.21,16.44,20.11,17.3,48.9,25.2,reject
23,33.21,16.79,20.09,17.22,48.9,25.3,reject
23,33.4,16.44,20.44,17.67,49.4,25.3,reject
23,33.4,16.79,20.14,17.56,48.9,25.2,reject
23,33.21,16.72,20.11,17.68,49.0,25.2,reject
23,33.21,16.72,20.11,17.23,48.8,25.2,reject
23,33.4,16.79,20.12,17.23,48.7,25.3,reject
23,32.32,16.24,20.26,17.48,49.0,25.2,reject
23,33.21,16.65,20.12,17.68,48.9,25.1,reject
23,33.4,16.44,20.45,18.05,49.0,25.2,reject
23,33.21,16.24,20.24,17.77,49.2,25.2,reject
23,33.21,16.37,20.46,18.05,49.4,25.2,reject
23,33.21,16.37,20.1,17.22,49.0,25.3,reject
23,32.49,16.37,20.44,17.63,49.3,25.2,reject
23,33.4,16.72,20.11,17.31,49.0,25.2,reject
23,33.21,16.24,20.22,17.85,49.2,25.2,reject
23,33.4,16.86,20.12,17.23,48.8,25.3,reject
23,33.21,16.51,20.11,17.68,49.0,25.1,reject
23,33.4,16.93,20.22,17.27,48.5,25.2,reject
23,33.4,16.3,20.24,17.4,48.8,25.2,reject
23,32.49,16.37,20.44,17.89,48.7,25.1,reject
23,32.32,16.3,20.38,17.46,49.1,25.2,reject
23,33.03,16.37,20.45,18.05,49.3,25.2,reject
23,33.21,16.44,20.43,17.49,49.1,25.3,reject
23,33.03,16.44,20.0,17.23,49.4,25.3,reject
23,33.21,16.44,20.54,17.59,48.9,25.2,reject
23,33.4,16.44,20.45,17.53,49.2,25.2,reject
23,32.49,16.51,20.44,17.47,49.0,25.2,reject
23,33.21,16.24,20.22,17.44,49.0,25.2,reject
23,33.03,16.3,20.45,17.68,49.3,25.2,reject
23,33.58,16.44,20.45,17.52,49.2,25.2,reject
23,32.32,16.37,20.33,17.31,48.8,25.3,reject
23,33.4,16.3,20.23,17.4,49.1,25.2,reject
23,33.4,16.58,20.11,17.23,49.0,25.2,reject
23,33.4,16.65,20.11,17.32,49.0,25.2,reject
23,33.4,16.86,20.22,17.23,48.5,25.2,reject
23,33.4,16.44,20.52,18.06,49.2,25.1,reject
23,32.85,16.3,20.46,17.95,49.1,25.2,reject
23,33.21,16.58,20.11,17.31,48.9,25.2,reject
23,33.4,16.86,20.2,17.23,48.6,25.2,reject
23,33.21,16.37,20.11,17.3,48.8,25.2,reject
23,33.21,16.44,20.53,18.07,49.2,25.1,reject
23,33.4,16.24,20.27,17.95,49.1,25.3,reject
23,32.67,16.37,20.45,17.63,49.3,25.2,reject
23,33.21,16.44,20.51,17.58,48.9,25.2,reject
23,33.21,16.51,20.57,18.24,48.9,25.1,reject
23,32.49,16.44,20.45,17.43,48.7,25.2,reject
23,32.85,16.24,20.34,17.52,49.6,25.3,reject
23,33.21,16.72,20.0,17.23,49.0,25.3,reject
23,33.21,16.79,20.06,17.22,48.9,25.3,reject
23,32.85,16.3,20.45,18.02,49.3,25.2,reject
23,33.21,16.17,20.14,17.4,49.3,25.3,reject
23,33.03,16.17,20.22,17.45,49.6,25.3,reject
23,33.4,16.79,20.11,17.59,49.0,25.2,reject
23,33.03,16.79,20.11,17.23,49.1,25.2,reject
23,33.21,16.65,20.11,17.58,49.0,25.2,reject
23,33.4,16.58,20.13,17.29,48.7,25.2,reject
23,33.4,16.79,20.12,17.23,48.7,25.2,reject
23,32.67,16.44,20.45,18.05,48.5,25.1,reject
23,32.14,16.17,20.23,17.32,49.2,25.3,reject
23,33.4,16.44,20.46,18.05,49.0,25.2,reject
23,33.4,16.86,20.19,17.23,48.6,25.2,reject
23,32.49,16.3,20.39,17.96,48.4,25.2,reject
23,33.21,16.37,20.45,17.95,49.2,25.2,reject
23,32.85,16.37,20.56,18.05,49.1,25.1,reject
23,33.21,16.37,20.47,18.05,49.0,25.2,reject
23,32.85,16.37,20.45,17.5,49.1,25.3,reject
23,33.21,16.3,20.22,17.77,49.1,25.2,reject
23,33.21,16.86,20.13,17.24,48.8,25.2,reject
23,33.4,16.3,20.34,18.05,48.8,25.1,reject
23,33.4,16.37,20.12,17.77,49.0,25.3,reject
23,33.4,16.86,20.15,17.23,48.6,25.3,reject
23,32.67,16.3,20.45,17.51,49.1,25.2,reject
23,33.21,16.37,20.45,17.68,49.4,25.3,reject
23,32.49,16.37,20.45,17.96,48.9,25.2,reject
23,32.49,16.44,20.44,17.96,48.9,25.3,reject
23,32.67,16.51,20.57,18.16,48.8,25.1,reject
23,32.85,16.3,20.34,17.49,49.4,25.3,reject
23,33.03,16.37,20.56,18.06,49.2,25.2,reject
23,33.21,16.44,20.47,17.57,49.0,25.2,reject
23,32.32,16.37,20.43,17.49,49.0,25.2,reject
23,32.49,16.37,20.45,17.49,48.8,25.2,reject
23,32.32,16.3,20.34,17.47,49.4,25.3,reject
23,33.21,16.37,20.45,17.57,49.2,25.2,reject
23,33.4,16.79,20.12,17.55,48.9,25.2,reject
23,33.21,16.65,20.1,17.23,48.9,25.2,reject
23,33.21,16.3,20.11,17.7,49.2,25.2,reject
23,33.21,16.24,20.11,17.23,49.0,25.3,reject
23,33.21,16.58,20.11,17.68,49.0,25.2,reject
23,33.21,16.72,20.11,17.22,48.8,25.2,reject
23,33.21,16.44,20.1,17.4,49.1,25.2,reject
23,32.67,16.37,20.46,18.03,49.0,25.2,reject
23,33.21,16.58,20.11,17.24,48.8,25.2,reject
23,33.21,16.3,20.38,17.96,49.2,25.2,reject
23,33.21,16.79,20.04,17.22,48.9,25.3,reject
23,33.21,16.24,20.22,17.37,49.1,25.3,reject
23,32.49,16.44,20.4,17.43,48.9,25.2,reject
23,32.49,16.37,20.51,18.04,49.0,25.1,reject
23,33.03,16.44,20.52,17.56,48.9,25.2,reject
23,33.58,16.37,20.34,17.49,49.1,25.2,reject
23,33.4,16.79,20.2,17.3,48.5,25.2,reject
23,32.49,16.51,20.45,17.45,48.7,25.2,reject
23,33.21,16.58,20.0,17.23,49.1,25.3,reject
23,33.21,16.79,20.16,17.23,48.7,25.2,reject
23,33.4,16.37,20.11,17.77,49.0,25.3,reject
23,33.4,16.51,20.16,17.31,48.7,25.2,reject
23,33.21,16.58,20.11,17.58,49.0,25.2,reject
23,33.21,16.79,20.11,17.24,48.8,25.2,reject
23,33.4,16.37,20.39,18.03,49.2,25.3,reject
23,32.49,16.44,20.38,17.43,48.8,25.2,reject
23,33.4,16.86,20.11,17.31,48.9,25.2,reject
23,33.58,16.79,20.19,17.23,48.5,25.2,reject
23,33.4,16.51,20.09,17.36,49.1,25.2,reject
23,32.85,16.37,20.46,18.05,49.2,25.3,reject
23,33.4,16.86,20.19,17.72,48.7,25.3,reject
23,33.4,16.86,20.21,17.31,48.6,25.2,reject
23,33.4,16.24,20.22,17.87,49.1,25.3,reject
23,33.03,16.17,20.07,17.31,49.5,25.3,reject
23,33.4,16.51,20.11,17.23,48.9,25.3,reject
23,33.21,16.72,20.0,17.23,49.3,25.3,reject
23,32.67,16.37,20.45,17.99,48.9,25.2,reject
23,33.03,16.1,20.11,17.35,49.6,25.3,reject
23,33.4,16.79,20.11,17.14,48.7,25.3,reject
23,32.32,16.3,20.34,17.31,48.4,25.2,reject
23,32.49,16.37,20.35,17.57,49.0,25.2,reject
23,33.03,16.37,20.0,17.25,49.4,25.3,reject
23,32.49,16.37,20.45,17.49,49.0,25.2,reject
23,33.21,16.37,20.46,18.05,49.0,25.2,reject
23,32.32,16.24,20.34,17.41,49.3,25.3,reject
23,33.4,16.58,20.11,17.41,48.7,25.2,reject
23,33.4,16.72,20.11,17.32,49.0,25.2,reject
23,32.49,16.44,20.41,17.42,48.8,25.2,reject
23,33.4,16.79,20.16,17.28,48.5,25.2,reject
23,33.4,16.79,20.11,17.57,49.0,25.2,reject
23,33.4,16.24,20.34,17.49,49.0,25.2,reject
23,33.03,16.3,20.45,17.67,49.3,25.2,reject
23,33.21,16.3,20.11,17.23,49.0,25.3,reject
23,33.4,16.44,20.46,17.59,49.0,25.2,reject
23,32.67,16.44,20.5,17.55,48.8,25.2,reject
23,33.21,16.72,20.11,17.25,48.8,25.2,reject
23,33.03,16.51,20.0,17.23,49.3,25.3,reject
23,33.21,16.37,20.12,17.31,48.9,25.2,reject
23,32.32,16.24,20.33,17.32,48.7,25.3,reject
23,33.4,16.93,20.23,17.23,48.4,25.2,reject
23,33.4,16.37,20.22,17.31,48.8,25.2,reject
23,33.21,16.24,20.21,17.39,49.1,25.2,reject
23,33.03,16.3,20.34,17.52,49.6,25.3,reject
23,33.4,16.24,20.34,17.96,49.3,25.2,reject
23,33.4,16.65,20.11,17.22,48.7,25.3,reject
23,33.4,16.65,20.11,17.22,48.9,25.2,reject
23,33.4,16.51,20.11,17.23,49.0,25.2,reject
23,33.4,16.44,20.45,18.05,49.2,25.3,reject
23,33.4,16.72,20.15,17.23,48.6,25.2,reject
23,32.85,16.24,20.34,17.5,49.6,25.3,reject
23,32.49,16.44,20.47,17.5,48.8,25.2,reject
23,33.21,16.24,20.32,17.48,49.2,25.2,reject
23,33.21,16.3,20.13,17.32,49.0,25.2,reject
23,33.4,16.86,20.19,17.69,48.7,25.3,reject
23,32.49,16.37,20.45,17.98,48.9,25.2,reject
23,32.49,16.3,20.34,17.49,49.3,25.3,reject
23,33.4,16.51,20.51,17.6,48.9,25.2,reject
23,33.21,16.51,20.11,17.24,48.8,25.2,reject
23,33.4,16.58,20.09,17.33,49.1,25.2,reject
23,32.49,16.44,20.45,17.95,48.8,25.2,reject
23,32.32,16.3,20.4,17.49,49.1,25.2,reject
23,33.03,16.37,20.44,17.49,49.1,25.3,reject
23,33.4,16.3,20.36,17.97,49.0,25.2,reject
23,33.03,16.65,20.0,17.23,49.3,25.3,reject
23,33.4,16.58,20.11,17.68,48.8,25.2,reject
23,33.21,16.72,20.01,17.23,49.2,25.3,reject
23,32.49,16.44,20.43,17.94,48.7,25.2,reject
23,33.4,16.79,20.12,17.68,48.7,25.2,reject
23,32.32,16.24,20.33,17.42,49.3,25.3,reject
23,33.4,16.86,20.13,17.23,48.5,25.2,reject
23,32.85,16.37,20.45,17.66,49.3,25.2,reject
23,33.03,16.37,20.44,17.48,49.1,25.3,reject
23,33.4,16.24,20.22,17.5,49.3,25.2,reject
23,32.49,16.37,20.35,17.86,48.6,25.2,reject
23,32.67,16.37,20.45,17.58,49.0,25.2,reject
23,33.21,16.3,20.11,17.4,49.2,25.2,reject
23,32.49,16.44,20.45,17.4,48.6,25.2,reject
23,33.21,16.44,20.45,17.59,49.1,25.2,reject
23,32.49,16.3,20.46,17.5,49.0,25.2,reject
23,33.21,16.79,20.11,17.23,48.8,25.3,reject
23,33.4,16.79,20.11,17.31,48.9,25.2,reject
23,33.21,16.79,20.12,17.25,48.8,25.2,reject
23,33.03,16.44,20.52,17.59,48.9,25.2,reject
23,32.85,16.3,20.45,17.67,49.3,25.2,reject
23,32.67,16.44,20.45,17.49,49.1,25.2,reject
23,33.21,16.44,20.53,17.58,48.9,25.2,reject
23,33.4,16.58,20.11,17.23,48.7,25.2,reject
23,32.49,16.37,20.43,17.62,49.2,25.2,reject
23,32.49,16.44,20.45,17.87,49.0,25.2,reject
23,32.49,16.44,20.46,17.5,48.8,25.2,reject
23,32.32,16.3,20.33,17.41,49.3,25.3,reject
23,32.67,16.37,20.45,17.59,49.0,25.2,reject
23,33.21,16.24,20.02,17.3,49.3,25.3,reject
23,33.21,16.37,20.46,18.05,49.2,25.3,reject
23,33.4,16.72,20.12,17.23,48.7,25.2,reject
23,33.21,16.51,20.11,17.3,48.9,25.2,reject
23,33.4,16.3,20.34,17.96,49.1,25.3,reject
23,33.4,16.86,20.11,17.23,48.5,25.2,reject
23,33.4,16.79,20.21,17.25,48.5,25.2,reject
23,32.49,16.37,20.42,17.47,48.9,25.3,reject
23,32.14,16.24,20.24,17.38,49.2,25.2,reject
23,33.21,16.37,20.45,18.05,49.2,25.3,reject
23,33.4,16.3,20.43,18.14,48.8,25.1,reject
23,33.21,16.79,20.15,17.23,48.7,25.2,reject
23,33.4,16.79,20.22,17.94,48.6,25.1,reject
23,33.4,16.72,20.11,17.23,48.6,25.2,reject
23,33.21,16.44,20.11,17.31,48.8,25.2,reject
23,33.21,16.86,20.11,17.14,48.7,25.3,reject
23,33.21,16.72,20.01,17.22,48.9,25.3,reject
23,33.4,16.86,20.15,17.68,48.7,25.2,reject
23,32.49,16.44,20.36,17.41,48.9,25.2,reject
23,33.4,16.72,20.11,17.68,48.9,25.2,reject
23,32.49,16.37,20.45,17.5,49.1,25.2,reject
23,33.03,16.65,20.07,17.27,49.2,25.2,reject
23,32.49,16.37,20.45,17.5,49.0,25.2,reject
23,33.03,16.58,20.06,17.23,49.2,25.2,reject
23,33.21,16.65,20.12,17.31,48.6,25.2,reject
23,32.49,16.37,20.45,17.49,48.9,25.2,reject
23,33.21,16.72,20.11,17.54,49.0,25.2,reject
23,33.21,16.72,20.1,17.14,48.7,25.3,reject
23,33.21,16.51,20.0,17.23,49.1,25.3,reject
23,32.49,16.44,20.43,17.42,48.8,25.3,reject
23,32.67,16.3,20.46,17.5,49.0,25.2,reject
23,33.21,16.44,20.45,17.55,49.2,25.2,reject
23,32.49,16.51,20.57,18.16,48.7,25.1,reject
23,33.4,16.72,20.11,17.68,48.7,25.2,reject
23,33.21,16.51,20.07,17.23,49.0,25.2,reject
23,33.4,16.58,20.11,17.27,48.8,25.2,reject
23,33.21,16.3,20.15,17.77,49.0,25.2,reject
23,33.21,16.44,20.57,18.24,48.9,25.1,reject
23,32.85,16.3,20.45,17.55,49.2,25.2,reject
23,32.49,16.37,20.45,17.94,49.1,25.2,reject
23,33.4,16.44,20.11,17.26,48.9,25.2,reject
23,33.21,16.58,20.11,17.35,48.9,25.2,reject
23,33.4,16.79,20.13,17.68,48.7,25.2,reject
23,33.21,16.58,20.11,17.23,48.7,25.2,reject
23,32.67,16.37,20.46,17.59,49.0,25.2,reject
23,32.49,16.44,20.42,17.41,48.8,25.3,reject
23,33.4,16.58,20.1,17.32,49.0,25.2,reject
23,32.32,16.3,20.43,17.46,49.0,25.2,reject
23,33.4,16.93,20.21,17.23,48.5,25.2,reject
23,33.4,16.86,20.13,17.23,48.6,25.3,reject
23,32.49,16.3,20.34,17.83,48.5,25.2,reject
23,33.4,16.86,20.22,17.68,48.7,25.2,reject
23,33.03,16.72,20.1,17.22,49.2,25.2,reject
23,33.21,16.44,20.12,17.7,49.0,25.1,reject
23,32.85,16.44,20.51,17.59,48.9,25.2,reject
23,33.21,16.37,20.13,17.31,48.9,25.2,reject
23,33.03,16.37,20.0,17.27,49.4,25.3,reject
23,33.4,16.93,20.18,17.23,48.5,25.2,reject
23,33.4,16.3,20.24,17.41,48.9,25.2,reject
23,32.32,16.44,20.36,17.4,48.9,25.3,reject
23,32.32,16.3,20.35,17.47,49.0,25.2,reject
23,32.49,16.37,20.45,17.91,49.1,25.2,reject
23,32.49,16.37,20.45,17.96,49.3,25.2,reject
23,32.49,16.37,20.38,17.41,49.0,25.3,reject
23,33.21,16.58,20.11,17.25,48.8,25.2,reject
23,33.4,16.86,20.21,17.23,48.5,25.2,reject
23,33.4,16.37,20.39,17.49,48.9,25.2,reject
23,33.4,16.86,20.22,17.68,49.0,25.2,reject
23,32.85,16.37,20.51,17.58,49.0,25.2,reject
23,33.4,16.86,20.22,17.68,48.6,25.2,reject
23,33.4,16.79,20.11,17.68,48.9,25.2,reject
23,33.21,16.37,20.34,17.49,49.4,25.3,reject
23,33.21,16.65,20.11,17.31,48.9,25.2,reject
23,32.32,16.37,20.44,17.46,48.6,25.2,reject
23,33.4,16.86,20.11,17.14,48.7,25.3,reject
23,32.32,16.37,20.44,18.0,49.0,25.2,reject
23,32.67,16.3,20.45,17.51,49.2,25.2,reject
23,32.49,16.37,20.46,17.88,49.0,25.2,reject
23,33.21,16.37,20.34,17.41,49.1,25.3,reject
23,33.03,16.65,20.0,17.24,49.3,25.3,reject
23,33.4,16.51,20.52,17.58,49.0,25.2,reject
23,33.21,16.79,20.03,17.22,48.9,25.3,reject
23,33.21,16.24,20.22,17.86,49.3,25.2,reject
23,32.49,16.37,20.37,17.81,48.8,25.2,reject
23,33.21,16.3,20.21,17.31,48.9,25.2,reject
23,33.21,16.65,20.11,17.68,49.0,25.2,reject
23,32.49,16.51,20.47,18.08,48.5,25.1,reject
23,32.67,16.37,20.45,17.49,49.0,25.3,reject
23,32.14,16.24,20.34,17.83,48.9,25.2,reject
23,33.21,16.58,20.11,17.23,48.8,25.2,reject
23,33.4,16.3,20.22,17.86,49.1,25.3,reject
23,32.49,16.44,20.53,18.03,48.9,25.1,reject
23,32.49,16.3,20.45,17.96,49.3,25.2,reject
23,33.4,16.93,20.22,17.68,48.7,25.2,reject
23,32.67,16.24,20.35,17.5,49.6,25.3,reject
23,32.49,16.3,20.43,17.49,49.1,25.2,reject
23,33.21,16.72,20.0,17.22,48.9,25.3,reject
23,33.4,16.51,20.11,17.23,48.8,25.3,reject
23,33.4,16.3,20.13,17.81,49.1,25.3,reject
23,33.21,16.24,20.33,17.41,49.0,25.2,reject
23,33.4,16.72,20.11,17.23,48.9,25.2,reject
23,33.4,16.72,20.11,17.52,49.0,25.2,reject
23,33.21,16.24,20.34,17.85,49.2,25.2,reject
23,33.03,16.37,20.45,18.05,49.1,25.2,reject
23,32.85,16.37,20.45,18.05,49.2,25.3,reject
23,33.21,16.24,20.22,17.32,49.1,25.3,reject
23,33.03,16.3,20.0,17.27,49.5,25.3,reject
23,33.21,16.37,20.16,17.31,49.0,25.3,reject
23,33.21,16.24,20.22,17.42,49.4,25.3,reject
23,33.21,16.24,20.34,17.94,49.1,25.1,reject
23,33.21,16.44,20.11,17.31,48.9,25.2,reject
23,33.21,16.3,20.0,17.23,49.2,25.3,reject
23,32.32,16.37,20.36,17.41,48.7,25.2,reject
23,33.21,16.24,20.13,17.32,49.1,25.2,reject
23,33.21,16.37,20.11,17.34,49.0,25.2,reject
23,32.85,16.37,20.45,17.95,49.2,25.2,reject
23,32.67,16.37,20.46,17.56,49.0,25.2,reject
23,33.03,16.79,20.11,17.22,49.1,25.2,reject
23,32.32,16.37,20.34,17.4,48.9,25.3,reject
23,33.4,16.86,20.12,17.31,48.9,25.2,reject
23,33.03,16.72,20.0,17.23,49.3,25.3,reject
23,32.49,16.44,20.44,17.44,48.5,25.2,reject
23,32.67,16.24,20.34,17.52,49.6,25.3,reject
23,33.21,16.44,20.0,17.23,49.1,25.3,reject
23,33.21,16.24,20.22,17.31,49.1,25.3,reject
23,32.67,16.37,20.5,17.58,48.9,25.2,reject
23,33.03,16.37,20.46,17.5,49.1,25.3,reject
23,33.03,16.1,20.11,17.4,49.6,25.3,reject
23,32.49,16.44,20.41,17.58,49.0,25.2,reject
23,33.4,16.3,20.22,17.32,49.0,25.3,reject
23,33.21,16.93,20.19,17.28,48.7,25.2,reject
23,33.4,16.86,20.11,17.23,48.8,25.2,reject
23,33.21,16.17,20.11,17.34,49.3,25.3,reject
23,32.49,16.44,20.51,18.01,48.9,25.1,reject
23,33.21,16.65,20.11,17.23,48.7,25.2,reject
23,33.21,16.37,20.45,18.05,49.4,25.2,reject
23,33.4,16.44,20.51,17.58,49.0,25.2,reject
23,32.32,16.37,20.34,17.33,48.8,25.3,reject
23,33.21,16.37,20.46,18.05,49.3,25.2,reject
23,33.4,16.37,20.42,17.54,48.9,25.2,reject
23,32.49,16.44,20.46,17.49,48.8,25.2,reject
23,32.85,16.37,20.43,17.47,49.1,25.3,reject
23,32.67,16.44,20.48,17.51,48.9,25.2,reject
23,32.14,16.24,20.23,17.31,49.1,25.3,reject
23,33.4,16.44,20.11,17.68,48.9,25.2,reject
23,32.67,16.51,20.57,18.16,48.7,25.1,reject
23,33.21,16.79,20.19,17.23,48.6,25.2,reject
23,33.4,16.44,20.21,17.31,48.8,25.2,reject
23,32.49,16.37,20.46,17.96,49.0,25.1,reject
23,32.32,16.3,20.34,17.47,49.3,25.3,reject
23,33.4,16.65,20.12,17.31,48.6,25.2,reject
23,33.21,16.44,20.11,17.28,48.8,25.2,reject
23,33.21,16.37,20.1,17.22,48.9,25.3,reject
23,33.4,16.86,20.22,17.28,48.5,25.2,reject
23,32.32,16.37,20.45,17.49,48.8,25.2,reject
23,33.21,16.44,20.46,18.05,49.0,25.2,reject
23,33.21,16.3,20.2,17.4,49.0,25.2,reject
23,33.21,16.44,20.11,17.68,48.9,25.2,reject
23,33.21,16.51,20.1,17.68,49.0,25.2,reject
23,32.32,16.24,20.34,17.49,49.5,25.3,reject
23,32.67,16.37,20.46,17.94,49.1,25.2,reject
23,32.49,16.44,20.45,17.48,48.6,25.2,reject
23,32.32,16.17,20.31,17.77,48.9,25.2,reject
23,32.32,16.3,20.34,17.39,48.9,25.3,reject
23,32.49,16.44,20.45,17.46,49.0,25.2,reject
23,33.21,16.72,20.11,17.23,48.8,25.3,reject
23,33.03,16.37,20.45,17.51,49.1,25.3,reject
23,33.4,16.65,20.2,17.92,48.7,25.1,reject
23,33.03,16.3,20.46,17.58,49.1,25.2,reject
23,33.4,16.72,20.22,17.91,48.6,25.1,reject
23,32.49,16.37,20.45,17.96,49.2,25.2,reject
23,32.14,16.3,20.45,17.96,49.2,25.2,reject
23,31.97,16.1,20.22,17.31,49.2,25.3,reject
23,33.4,16.86,20.12,17.68,48.9,25.2,reject
23,32.49,16.37,20.35,17.36,48.7,25.3,reject
23,32.32,16.24,20.34,17.49,49.6,25.3,reject
23,33.4,16.79,20.21,17.68,48.9,25.1,reject
23,32.49,16.44,20.39,17.41,48.7,25.2,reject
23,33.4,16.24,20.15,17.47,49.2,25.2,reject
23,32.49,16.37,20.4,17.41,49.0,25.3,reject
23,32.49,16.37,20.43,17.61,49.2,25.2,reject
23,33.03,16.65,20.09,17.23,49.2,25.2,reject
23,33.21,16.58,20.12,17.31,48.6,25.2,reject
23,33.4,16.37,20.45,18.16,48.9,25.1,reject
23,33.4,16.44,20.46,17.58,49.0,25.2,reject
23,32.49,16.37,20.43,17.93,49.0,25.2,reject
23,32.32,16.44,20.34,17.39,48.8,25.3,reject
23,32.32,16.3,20.35,17.39,48.5,25.2,reject
23,32.49,16.44,20.48,17.96,48.9,25.1,reject
23,32.14,16.37,20.34,17.4,48.7,25.2,reject
23,33.03,16.58,20.0,17.24,49.3,25.3,reject
23,32.49,16.44,20.43,17.95,48.9,25.3,reject
23,33.21,16.37,20.36,17.59,49.1,25.2,reject
23,33.21,16.44,20.14,17.31,48.7,25.2,reject
23,33.4,16.72,20.11,17.23,48.7,25.2,reject
23,33.21,16.44,20.11,17.59,49.1,25.2,reject
23,33.03,16.3,20.45,18.03,49.3,25.2,reject
23,33.4,16.65,20.21,17.95,48.7,25.1,reject
23,32.49,16.37,20.37,17.34,48.5,25.2,reject
23,33.4,16.79,20.12,17.68,48.9,25.2,reject
23,33.21,16.3,20.11,17.63,49.1,25.2,reject
23,32.49,16.37,20.46,17.5,48.9,25.2,reject
23,33.21,16.44,20.46,17.58,49.1,25.2,reject
23,33.4,16.3,20.22,17.37,49.1,25.2,reject
23,32.49,16.44,20.45,17.49,49.0,25.2,reject
23,33.4,16.65,20.11,17.58,49.0,25.2,reject
23,32.67,16.44,20.48,17.49,48.8,25.2,reject
23,33.21,16.65,20.0,17.23,49.0,25.3,reject
23,33.21,16.65,20.11,17.22,48.8,25.2,reject
23,33.21,16.93,20.21,17.3,48.7,25.2,reject
23,33.4,16.65,20.11,17.68,49.0,25.2,reject
23,33.4,16.65,20.12,17.3,48.6,25.2,reject
23,33.4,16.37,20.45,18.04,49.3,25.2,reject
23,33.21,16.3,20.35,17.51,49.2,25.2,reject
23,32.49,16.3,20.33,17.49,49.0,25.2,reject
23,32.67,16.37,20.45,18.04,49.1,25.3,reject
23,33.21,16.24,20.23,17.38,49.0,25.2,reject
23,33.4,16.24,20.26,17.87,49.0,25.2,reject
23,32.32,16.17,20.26,17.79,48.7,25.3,reject
23,33.4,16.37,20.22,17.95,48.8,25.1,reject
23,32.32,16.3,20.34,17.69,48.7,25.2,reject
23,33.4,16.86,20.11,17.22,48.8,25.3,reject
23,33.03,16.44,20.54,17.58,48.9,25.2,reject
23,33.4,16.3,20.23,17.38,48.8,25.2,reject
23,32.14,16.17,20.32,17.43,49.4,25.2,reject
23,32.49,16.3,20.34,17.86,48.8,25.3,reject
23,32.49,16.44,20.44,17.47,48.8,25.2,reject
23,33.4,16.86,20.22,17.86,48.6,25.1,reject
23,33.21,16.37,20.46,17.59,49.1,25.2,reject
23,33.21,16.58,20.06,17.14,48.8,25.3,reject
23,33.21,16.3,20.34,17.53,49.1,25.2,reject
23,33.4,16.86,20.2,17.68,48.7,25.2,reject
23,33.21,16.24,20.3,17.92,49.3,25.2,reject
23,33.4,16.51,20.51,17.58,49.0,25.2,reject
23,33.21,16.51,20.12,17.41,48.7,25.2,reject
23,32.85,16.37,20.5,17.58,49.0,25.2,reject
23,32.85,16.3,20.45,18.03,49.3,25.2,reject
23,33.21,16.44,20.44,17.49,49.1,25.3,reject
23,33.21,16.24,20.22,17.49,49.3,25.2,reject
23,33.03,16.44,20.0,17.24,49.4,25.3,reject
23,32.49,16.37,20.41,17.89,49.0,25.2,reject
23,32.49,16.37,20.39,17.95,48.8,25.2,reject
23,32.32,16.24,20.23,17.26,48.7,25.3,reject
23,33.4,16.3,20.11,17.4,49.2,25.2,reject
23,33.4,16.37,20.2,17.31,48.8,25.2,reject
23,32.67,16.44,20.45,17.96,48.8,25.2,reject
23,33.4,16.44,20.17,17.31,48.7,25.2,reject
23,33.4,16.51,20.14,17.29,48.7,25.2,reject
23,33.4,16.72,20.11,17.68,49.0,25.2,reject
23,33.21,16.24,20.23,17.7,49.2,25.2,reject
23,32.85,16.44,20.52,17.58,48.9,25.2,reject
23,33.4,16.86,20.18,17.68,48.7,25.2,reject
23,33.21,16.37,20.45,17.68,49.3,25.2,reject
23,33.4,16.72,20.11,17.22,48.9,25.2,reject
23,33.4,16.86,20.21,17.24,48.6,25.2,reject
23,32.67,16.44,20.45,17.49,49.0,25.2,reject
23,33.4,16.79,20.17,17.68,48.9,25.1,reject
23,32.49,16.44,20.45,17.48,48.7,25.2,reject
23,32.85,16.3,20.45,17.51,49.2,25.2,reject
23,33.4,16.44,20.52,18.05,49.2,25.1,reject
23,33.21,16.44,20.45,17.51,49.0,25.2,reject
23,32.32,16.3,20.28,17.4,49.1,25.3,reject
23,32.67,16.37,20.49,17.59,48.9,25.2,reject
23,33.4,16.86,20.22,17.83,48.6,25.1,reject
23,33.4,16.72,20.13,17.29,48.6,25.2,reject
23,33.4,16.37,20.45,18.05,49.3,25.2,reject
23,33.4,16.51,20.45,17.54,49.2,25.2,reject
23,33.03,16.44,20.46,17.5,49.2,25.2,reject
23,33.21,16.79,20.12,17.24,48.7,25.2,reject
23,32.32,16.3,20.32,17.4,49.2,25.3,reject
23,32.49,16.37,20.45,18.0,49.0,25.2,reject
23,33.4,16.37,20.43,17.68,49.4,25.3,reject
23,33.21,16.51,20.11,17.31,48.9,25.2,reject
23,32.67,16.44,20.46,17.5,49.1,25.2,reject
23,33.21,16.51,20.12,17.68,49.0,25.1,reject
23,33.21,16.3,20.11,17.31,49.1,25.2,reject
23,33.4,16.44,20.45,17.68,49.3,25.2,reject
23,32.49,16.37,20.38,17.46,49.0,25.2,reject
23,33.21,16.37,20.45,17.94,49.2,25.2,reject
23,32.49,16.3,20.34,17.32,48.5,25.2,reject
23,32.85,16.44,20.57,18.17,48.8,25.1,reject
23,32.49,16.3,20.44,17.49,49.0,25.2,reject
23,32.14,16.24,20.28,17.4,49.2,25.2,reject
23,33.03,16.44,20.51,17.59,48.9,25.2,reject
23,32.49,16.37,20.44,17.46,49.1,25.2,reject
23,32.49,16.37,20.45,17.87,49.1,25.2,reject
23,33.4,16.37,20.13,17.3,49.0,25.3,reject
23,32.49,16.37,20.34,17.53,49.0,25.2,reject
23,33.4,16.93,20.22,17.31,48.7,25.2,reject
23,33.4,16.65,20.11,17.24,48.8,25.2,reject
23,32.32,16.44,20.43,17.46,48.8,25.2,reject
23,33.03,16.37,20.45,18.05,49.2,25.3,reject
23,33.4,16.51,20.11,17.68,48.9,25.2,reject
23,32.49,16.37,20.45,17.54,49.0,25.2,reject
23,32.85,16.37,20.46,18.05,49.0,25.2,reject
23,32.85,16.3,20.35,17.54,49.6,25.3,reject
23,33.21,16.72,20.12,17.25,48.7,25.2,reject
23,33.21,16.37,20.15,17.75,49.1,25.2,reject
23,32.49,16.44,20.41,17.39,48.6,25.2,reject
23,32.49,16.3,20.35,17.32,48.4,25.2,reject
23,32.67,16.37,20.45,17.49,49.0,25.2,reject
23,33.4,16.44,20.49,17.64,48.9,25.2,reject
23,33.4,16.37,20.43,17.49,49.1,25.3,reject
23,33.21,16.37,20.11,17.59,49.1,25.2,reject
23,33.21,16.44,20.09,17.27,49.0,25.2,reject
23,33.21,16.79,20.11,17.23,48.8,25.2,reject
23,33.21,16.37,20.0,17.23,49.2,25.3,reject
23,33.4,16.44,20.46,18.05,49.2,25.3,reject
23,33.21,16.37,20.11,17.31,49.0,25.2,reject
23,33.21,16.3,20.16,17.31,48.9,25.2,reject
23,33.4,16.79,20.19,17.68,48.9,25.1,reject
23,33.4,16.93,20.22,17.5,48.6,25.1,reject
23,32.85,16.37,20.46,18.04,49.0,25.2,reject
23,33.03,16.37,20.45,17.68,49.4,25.3,reject
23,32.32,16.24,20.29,17.4,49.3,25.3,reject
23,33.21,16.44,20.17,17.31,48.7,25.2,reject
23,33.03,16.37,20.45,17.56,49.2,25.2,reject
23,33.21,16.44,20.45,17.5,49.0,25.2,reject
23,33.4,16.86,20.22,17.85,48.6,25.1,reject
23,33.4,16.93,20.22,17.58,48.6,25.1,reject
23,33.21,16.37,20.11,17.32,49.0,25.2,reject
23,33.21,16.37,20.11,17.29,49.0,25.2,reject
23,32.49,16.44,20.46,17.49,48.6,25.2,reject
23,33.4,16.79,20.11,17.23,48.7,25.3,reject
23,32.49,16.3,20.45,17.87,49.0,25.2,reject
23,33.03,16.65,20.09,17.22,49.2,25.2,reject
23,32.49,16.3,20.44,17.86,49.0,25.2,reject
23,33.21,16.44,20.54,18.06,49.2,25.1,reject
23,33.4,16.58,20.11,17.23,48.8,25.3,reject
23,32.32,16.3,20.34,17.45,49.3,25.3,reject
23,32.49,16.44,20.45,17.49,48.9,25.2,reject
23,33.4,16.37,20.34,17.49,49.1,25.3,reject
23,33.03,16.37,20.47,17.57,49.0,25.2,reject
23,32.67,16.51,20.56,18.15,48.7,25.1,reject
23,33.21,16.44,20.42,17.49,49.1,25.3,reject
23,32.49,16.37,20.34,17.86,48.8,25.3,reject
23,32.85,16.3,20.45,17.53,49.2,25.2,reject
23,33.4,16.79,20.11,17.23,48.8,25.2,reject
23,33.21,16.37,20.11,17.4,49.2,25.2,reject
23,32.49,16.37,20.46,17.5,48.8,25.2,reject
23,33.03,16.37,20.55,18.06,49.2,25.1,reject
23,32.67,16.24,20.34,17.49,49.3,25.3,reject
23,33.4,16.3,20.22,17.31,49.0,25.3,reject
23,33.21,16.24,20.34,17.49,49.0,25.2,reject
23,33.4,16.86,20.16,17.23,48.5,25.2,reject
23,33.58,16.51,20.46,17.52,49.1,25.3,reject
23,32.49,16.37,20.41,17.49,49.0,25.2,reject
23,33.4,16.44,20.45,17.59,48.9,25.2,reject
23,32.49,16.24,20.34,17.5,49.6,25.3,reject
23,32.49,16.3,20.44,17.95,49.2,25.2,reject
23,33.21,16.44,20.07,17.22,48.9,25.3,reject
23,32.85,16.37,20.45,17.49,49.1,25.2,reject
23,32.85,16.3,20.46,17.58,49.0,25.2,reject
23,33.21,16.58,20.11,17.68,49.0,25.1,reject
23,33.21,16.24,20.23,17.41,49.0,25.2,reject
23,32.49,16.44,20.44,17.95,48.7,25.2,reject
23,33.4,16.72,20.11,17.14,48.7,25.3,reject
23,33.4,16.86,20.16,17.24,48.7,25.2,reject
23,33.4,16.72,20.12,17.31,48.6,25.2,reject
23,32.49,16.37,20.45,17.5,48.9,25.2,reject
23,32.32,16.37,20.35,17.41,48.9,25.3,reject
23,33.4,16.86,20.14,17.22,48.6,25.2,reject
23,33.21,16.3,20.36,17.86,49.2,25.2,reject
23,33.4,16.3,20.2,17.78,49.0,25.2,reject
23,32.49,16.3,20.38,17.59,49.3,25.3,reject
23,32.49,16.44,20.38,17.58,49.0,25.2,reject
23,32.32,16.3,20.4,17.48,49.0,25.2,reject
23,33.4,16.65,20.09,17.32,49.0,25.2,reject
23,33.4,16.44,20.11,17.28,49.1,25.2,reject
23,33.21,16.24,20.25,17.49,49.4,25.3,reject
23,33.4,16.44,20.45,17.51,49.1,25.3,reject
23,32.67,16.51,20.54,18.15,48.6,25.1,reject
23,33.03,16.65,20.07,17.23,49.2,25.2,reject
23,32.85,16.37,20.45,17.57,49.1,25.2,reject
23,33.4,16.3,20.34,17.59,49.3,25.2,reject
23,33.4,16.72,20.11,17.31,48.9,25.2,reject
23,32.49,16.44,20.45,17.96,48.8,25.2,reject
23,33.4,16.44,20.22,17.87,48.7,25.1,reject
23,33.03,16.37,20.45,17.95,49.2,25.2,reject
23,33.4,16.86,20.2,17.25,48.5,25.2,reject
23,33.4,16.3,20.19,17.82,49.1,25.3,reject
23,33.21,16.24,20.23,17.4,49.0,25.2,reject
23,33.58,16.51,20.51,17.57,48.9,25.2,reject
23,32.49,16.37,20.43,17.58,49.2,25.3,reject
23,32.49,16.44,20.45,17.49,48.7,25.2,reject
23,32.49,16.37,20.42,17.85,48.9,25.2,reject
23,32.32,16.24,20.34,17.49,49.4,25.2,reject
23,33.21,16.24,20.17,17.82,49.2,25.2,reject
23,33.4,16.93,20.21,17.26,48.7,25.2,reject
23,32.85,16.37,20.47,18.05,49.0,25.2,reject
23,33.4,16.24,20.22,17.86,49.0,25.2,reject
23,32.32,16.37,20.38,17.88,49.0,25.2,reject
23,33.4,16.58,20.21,17.88,48.7,25.1,reject
23,33.4,16.86,20.16,17.72,48.7,25.3,reject
23,32.85,16.37,20.44,17.47,49.1,25.3,reject
23,33.03,16.37,20.44,17.47,49.1,25.3,reject
23,33.4,16.3,20.32,17.4,48.9,25.2,reject
23,33.21,16.17,20.22,17.86,49.3,25.2,reject
23,33.03,16.44,20.58,18.23,48.8,25.1,reject
23,32.49,16.37,20.47,17.55,48.9,25.2,reject
23,33.21,16.65,20.07,17.14,48.8,25.3,reject
23,33.21,16.24,20.21,17.68,49.2,25.2,reject
23,33.03,16.37,20.46,17.58,49.0,25.2,reject
23,32.32,16.3,20.32,17.37,48.8,25.2,reject
23,32.49,16.37,20.45,17.49,49.1,25.2,reject
23,32.14,16.24,20.23,17.33,49.1,25.3,reject
23,33.21,16.58,20.11,17.4,48.7,25.2,reject
23,33.03,16.72,20.11,17.22,49.1,25.2,reject
23,33.21,16.51,20.05,17.14,48.8,25.3,reject
23,33.4,16.51,20.5,17.6,48.9,25.2,reject
23,32.67,16.3,20.45,17.66,49.3,25.2,reject
23,32.49,16.51,20.46,17.49,48.6,25.2,reject
23,33.21,16.3,20.22,17.35,48.9,25.2,reject
23,33.4,16.51,20.12,17.52,48.7,25.2,reject
23,33.21,16.24,20.32,17.87,49.1,25.1,reject
23,33.03,16.24,20.0,17.31,49.5,25.3,reject
23,33.21,16.51,20.1,17.59,49.0,25.2,reject
23,33.4,16.72,20.11,17.68,48.8,25.2,reject
23,33.21,16.3,20.22,17.34,49.1,25.3,reject
23,32.49,16.44,20.56,18.15,48.7,25.1,reject
23,32.49,16.44,20.46,17.96,48.9,25.2,reject
23,33.21,16.44,20.46,17.57,49.2,25.2,reject
23,33.21,16.37,20.11,17.72,49.0,25.2,reject
23,32.32,16.24,20.34,17.47,49.5,25.3,reject
23,33.4,16.3,20.22,17.31,49.1,25.2,reject
23,33.03,16.3,20.34,17.5,49.6,25.3,reject
23,33.03,16.79,20.11,17.2,49.1,25.2,reject
23,33.21,16.37,20.45,17.56,49.2,25.2,reject
23,33.4,16.44,20.46,17.55,48.9,25.2,reject
23,33.03,16.3,20.34,17.56,49.6,25.3,reject
23,32.49,16.44,20.45,17.47,49.0,25.2,reject
23,33.03,16.37,20.45,17.5,49.1,25.3,reject
23,33.03,16.44,20.46,17.51,49.2,25.2,reject
23,33.4,16.44,20.45,17.61,49.1,25.2,reject
23,33.21,16.58,20.0,17.23,49.0,25.3,reject
23,32.67,16.3,20.45,18.01,49.3,25.2,reject
23,33.21,16.37,20.16,17.77,49.1,25.2,reject
23,33.21,16.72,20.11,17.3,48.8,25.2,reject
23,33.21,16.44,20.49,17.58,49.0,25.2,reject
23,33.03,16.17,20.02,17.31,49.5,25.3,reject
23,32.85,16.44,20.57,18.22,48.8,25.1,reject
23,33.4,16.86,20.22,17.24,48.5,25.2,reject
23,33.21,16.3,20.39,17.52,49.0,25.2,reject
23,33.4,16.51,20.57,18.24,48.9,25.1,reject
23,32.32,16.3,20.34,17.32,48.7,25.3,reject
23,32.14,16.1,20.2,17.28,49.0,25.3,reject
23,32.14,16.24,20.25,17.31,48.8,25.2,reject
23,32.67,16.37,20.45,17.5,49.1,25.3,reject
23,33.03,16.44,20.53,17.59,48.9,25.2,reject
23,33.21,16.65,20.1,17.14,48.8,25.3,reject
23,33.21,16.37,20.44,17.56,49.2,25.2,reject
23,32.49,16.3,20.37,17.87,48.7,25.1,reject
23,33.4,16.65,20.13,17.23,48.6,25.2,reject
23,33.03,16.37,20.45,17.67,49.4,25.3,reject
23,33.21,16.3,20.45,17.51,49.0,25.2,reject
23,32.67,16.3,20.34,17.49,49.4,25.3,reject
23,32.49,16.3,20.42,17.59,49.3,25.3,reject
23,33.4,16.51,20.11,17.71,48.9,25.3,reject
23,32.67,16.37,20.49,17.58,48.9,25.2,reject
23,32.32,16.37,20.35,17.41,49.0,25.3,reject
23,33.03,16.72,20.1,17.23,49.1,25.2,reject
23,32.32,16.37,20.34,17.4,49.0,25.3,reject
23,32.85,16.44,20.51,17.55,48.9,25.2,reject
23,33.4,16.44,20.11,17.26,49.0,25.2,reject
23,33.4,16.65,20.11,17.23,48.7,25.3,reject
23,33.21,16.24,20.14,17.31,49.1,25.3,reject
23,33.4,16.44,20.11,17.73,48.9,25.2,reject
23,32.85,16.37,20.56,18.06,49.1,25.1,reject
23,32.67,16.44,20.49,17.5,48.9,25.2,reject
23,32.67,16.37,20.46,18.05,49.2,25.3,reject
23,32.49,16.37,20.37,17.4,48.7,25.2,reject
23,32.32,16.17,20.32,17.78,48.6,25.2,reject
23,33.4,16.72,20.21,17.96,48.7,25.1,reject
23,32.32,16.37,20.37,17.45,49.0,25.2,reject
23,32.49,16.37,20.45,17.9,49.1,25.2,reject
24,33.4,16.58,20.0,17.14,49.1,25.2,reject
24,33.21,16.51,20.0,17.23,49.3,25.2,reject
24,33.21,16.37,20.0,17.23,49.4,25.2,reject
24,33.58,16.79,20.08,16.96,48.9,25.1,reject
24,33.21,16.3,20.0,17.22,49.5,25.2,reject
24,32.49,16.1,20.12,17.2,49.7,25.1,reject
24,33.21,16.44,20.0,17.22,49.4,25.2,reject
24,33.03,16.3,20.35,17.49,49.7,25.2,reject
24,33.03,15.97,19.89,16.99,49.6,25.1,reject
24,33.21,16.1,20.11,17.4,49.7,25.2,reject
24,33.03,16.17,19.78,16.71,49.6,25.1,reject
24,32.49,16.24,20.15,17.19,49.2,25.2,reject
24,33.03,16.17,20.22,17.42,49.7,25.2,reject
24,33.4,16.24,20.11,17.22,49.4,25.2,reject
24,32.67,16.3,20.35,17.48,49.7,25.2,reject
24,33.4,16.37,20.36,17.4,49.5,25.2,reject
24,32.49,16.24,20.31,17.32,49.6,25.1,reject
24,33.4,16.24,20.11,17.14,49.3,25.1,reject
24,32.67,16.1,20.22,17.4,49.7,25.2,reject
24,33.21,16.37,20.1,17.26,49.5,25.1,reject
24,33.4,16.58,19.89,17.02,49.0,25.2,reject
24,33.21,16.24,20.3,17.41,49.7,25.1,reject
24,32.32,16.1,20.04,17.04,49.1,25.2,reject
24,32.67,16.1,20.19,17.22,49.6,25.1,reject
24,33.21,16.44,19.89,17.06,49.6,25.2,reject
24,33.03,16.37,19.73,16.79,49.6,25.1,reject
24,33.21,16.24,20.22,17.27,49.4,25.1,reject
24,33.03,16.37,19.67,16.86,49.4,25.1,reject
24,33.4,16.24,20.11,17.1,49.3,25.1,reject
24,33.21,16.44,19.89,17.05,49.6,25.2,reject
24,32.49,16.3,20.32,17.41,49.2,25.2,reject
24,32.67,16.3,20.34,17.39,49.5,25.2,reject
24,33.03,16.37,19.78,16.82,49.4,25.0,reject
24,33.21,16.3,20.0,17.23,49.6,25.2,reject
24,33.03,16.37,19.67,16.87,49.3,25.1,reject
24,33.21,16.37,19.92,17.21,49.4,25.2,reject
24,32.32,16.1,20.02,17.05,49.6,25.1,reject
24,33.03,16.24,20.21,17.26,49.4,25.1,reject
24,33.21,16.1,20.06,17.14,49.7,25.1,reject
24,32.85,16.24,20.31,17.49,49.6,25.2,reject
24,33.03,16.17,19.87,17.14,49.5,25.2,reject
24,33.4,16.24,20.1,17.2,49.3,25.2,reject
24,33.4,16.58,19.95,17.11,49.3,25.2,reject
24,33.21,16.37,20.38,17.36,49.4,25.2,reject
24,33.4,16.58,20.01,17.1,49.1,25.2,reject
24,33.4,16.65,20.02,17.14,49.3,25.2,reject
24,33.21,16.37,19.78,16.87,49.2,25.0,reject
24,32.49,16.37,20.45,17.48,49.3,25.1,reject
24,32.32,15.97,20.0,17.13,49.9,25.2,reject
24,33.21,16.1,19.89,17.12,49.4,25.2,reject
24,33.21,16.24,20.19,17.32,49.5,25.1,reject
24,33.4,16.51,20.0,16.96,49.1,25.1,reject
24,33.03,16.03,20.11,17.27,49.6,25.1,reject
24,33.03,16.3,20.35,17.22,49.4,25.1,reject
24,33.21,16.24,19.99,17.22,49.5,25.2,reject
24,32.85,16.44,20.52,17.45,49.1,25.1,reject
24,33.21,16.03,20.0,17.05,49.5,25.1,reject
24,33.4,16.72,20.0,17.11,49.2,25.2,reject
24,33.4,16.58,20.0,16.96,49.0,25.1,reject
24,33.21,16.17,20.0,17.23,49.5,25.2,reject
24,32.49,16.24,20.23,16.99,49.0,25.1,reject
24,33.21,16.3,19.78,16.9,49.4,25.1,reject
24,33.21,16.24,20.22,17.32,49.5,25.2,reject
24,33.21,16.44,20.0,17.16,49.5,25.2,reject
24,33.4,16.44,19.99,16.96,49.2,25.1,reject
24,32.49,16.44,20.43,17.45,49.2,25.1,reject
24,32.49,16.24,20.14,17.05,49.3,25.1,reject
24,33.4,16.65,20.0,17.07,49.2,25.2,reject
24,33.21,16.51,20.0,17.15,49.5,25.2,reject
24,33.03,16.03,20.08,17.14,49.7,25.2,reject
24,33.03,15.97,20.0,17.09,49.6,25.1,reject
24,33.21,16.44,19.92,17.14,49.3,25.2,reject
24,32.49,16.24,20.33,17.31,49.0,25.1,reject
24,33.21,16.37,19.84,17.12,49.5,25.2,reject
24,32.49,16.3,20.34,17.31,49.2,25.2,reject
24,32.67,16.1,20.12,17.2,49.7,25.1,reject
24,33.03,16.44,19.67,16.83,49.4,25.2,reject
24,33.21,16.17,20.11,17.21,49.7,25.1,reject
24,32.49,16.24,20.14,17.17,49.2,25.2,reject
24,32.49,16.37,20.26,17.14,49.1,25.1,reject
24,32.49,16.24,20.25,17.16,49.0,25.2,reject
24,32.49,16.3,20.26,17.41,49.4,25.2,reject
24,33.21,16.24,20.22,17.41,49.7,25.2,reject
24,33.21,16.58,20.1,17.23,49.4,25.1,reject
24,33.21,16.65,19.89,17.05,49.0,25.2,reject
24,33.4,16.93,20.21,17.23,48.7,25.1,reject
24,33.4,16.79,20.1,17.14,49.3,25.2,reject
24,33.4,16.58,20.0,17.14,49.2,25.2,reject
24,33.4,16.3,20.34,17.33,49.2,25.1,reject
24,32.49,16.37,20.32,17.08,49.1,25.1,reject
24,33.21,16.3,20.34,17.49,49.5,25.1,reject
24,32.49,16.1,20.13,16.96,49.5,25.0,reject
24,33.4,16.17,20.22,17.31,49.4,25.2,reject
24,33.21,16.58,20.0,17.26,49.3,25.2,reject
24,33.4,16.58,19.89,17.01,49.0,25.2,reject
24,32.85,16.3,20.34,17.28,49.3,25.1,reject
24,33.4,16.65,20.01,17.07,49.1,25.2,reject
24,33.21,16.3,19.78,16.88,49.4,25.1,reject
24,32.49,16.17,20.13,16.96,49.5,25.0,reject
24,33.4,16.51,20.12,17.16,49.1,25.1,reject
24,33.21,16.37,20.36,17.4,49.5,25.2,reject
24,33.21,16.3,20.31,17.49,49.6,25.2,reject
24,33.4,16.79,20.11,17.05,49.0,25.2,reject
24,33.4,16.37,20.0,16.99,49.2,25.1,reject
24,33.4,16.17,20.22,17.23,49.3,25.2,reject
24,32.85,16.17,20.22,17.24,49.4,25.1,reject
24,33.03,16.37,20.45,17.56,49.5,25.1,reject
24,32.49,16.17,20.33,17.39,49.6,25.1,reject
24,33.21,16.17,20.22,17.4,49.5,25.1,reject
24,32.49,16.24,20.21,17.16,49.2,25.1,reject
24,32.67,16.44,20.46,17.4,49.0,25.1,reject
24,33.4,16.37,20.35,17.4,49.5,25.2,reject
24,33.21,16.17,20.02,17.23,49.5,25.2,reject
24,33.21,16.58,19.89,17.0,49.1,25.2,reject
24,32.85,16.1,20.22,17.41,49.7,25.2,reject
24,32.49,16.17,20.16,17.09,49.4,25.0,reject
24,32.85,16.3,20.35,17.22,49.3,25.1,reject
24,32.32,16.1,20.12,16.96,49.5,25.0,reject
24,33.21,16.58,19.89,16.8,49.1,25.1,reject
24,32.67,16.3,20.34,17.21,49.3,25.1,reject
24,33.4,16.58,20.11,17.14,49.1,25.1,reject
24,33.4,16.3,20.0,17.03,49.3,25.1,reject
24,33.03,16.3,19.78,16.71,49.5,25.1,reject
24,33.4,16.79,20.05,16.96,48.9,25.1,reject
24,33.03,16.24,19.67,16.79,49.7,25.1,reject
24,33.21,16.65,19.89,17.0,49.0,25.2,reject
24,32.67,16.1,20.15,16.98,49.6,25.1,reject
24,33.21,16.58,19.94,17.05,49.4,25.1,reject
24,33.4,16.44,20.0,17.14,49.5,25.2,reject
24,33.21,16.37,20.45,17.57,49.5,25.1,reject
24,33.21,16.37,19.92,17.2,49.4,25.2,reject
24,33.4,16.58,20.0,16.96,49.1,25.1,reject
24,33.21,16.58,19.89,16.96,49.1,25.1,reject
24,32.67,16.17,20.22,17.32,49.5,25.2,reject
24,32.32,16.17,20.11,17.14,49.0,25.1,reject
24,32.67,16.24,20.22,17.31,49.5,25.2,reject
24,33.4,16.65,20.04,17.12,49.0,25.2,reject
24,32.49,16.24,20.17,17.05,49.0,25.1,reject
24,33.21,16.37,20.34,17.29,49.4,25.1,reject
24,33.21,16.24,20.11,17.31,49.5,25.1,reject
24,32.85,16.03,20.03,17.13,49.9,25.1,reject
24,33.21,16.51,19.84,16.8,49.2,25.1,reject
24,32.49,16.24,20.19,17.14,49.2,25.2,reject
24,33.21,16.1,19.88,16.95,49.3,25.0,reject
24,33.4,16.58,19.99,17.07,49.2,25.2,reject
24,33.03,15.97,19.89,17.04,49.6,25.1,reject
24,32.85,15.84,19.88,16.96,49.9,25.1,reject
24,32.32,16.17,20.22,17.31,49.1,25.2,reject
24,33.21,16.37,19.78,16.93,49.4,25.1,reject
24,33.21,16.03,20.0,17.17,49.4,25.2,reject
24,33.21,16.1,20.15,17.34,49.5,25.2,reject
24,32.49,16.3,20.43,17.48,49.3,25.1,reject
24,33.03,16.1,20.11,17.23,49.7,25.2,reject
24,33.21,16.37,19.78,16.88,49.3,25.1,reject
24,33.21,16.1,19.89,17.01,49.4,25.2,reject
24,32.49,16.1,20.22,17.37,49.7,25.2,reject
24,33.21,16.24,20.21,17.25,49.4,25.1,reject
24,32.67,16.24,20.34,17.49,49.5,25.2,reject
24,32.85,16.3,20.39,17.32,49.3,25.2,reject
24,32.49,16.24,20.21,17.3,49.3,25.2,reject
24,32.14,15.97,20.0,17.05,49.8,25.1,reject
24,33.21,16.1,20.04,17.12,49.5,25.1,reject
24,32.32,16.17,20.13,17.14,49.3,25.1,reject
24,33.21,16.58,19.96,17.05,49.4,25.1,reject
24,33.4,16.37,20.38,17.37,49.4,25.2,reject
24,33.03,16.17,20.22,17.41,49.7,25.2,reject
24,33.21,16.03,20.0,17.13,49.4,25.1,reject
24,33.21,16.37,20.34,17.21,49.4,25.1,reject
24,32.32,16.17,20.11,17.14,49.6,25.1,reject
24,32.32,16.1,20.12,17.05,49.4,25.0,reject
24,33.4,16.65,20.0,16.96,49.0,25.1,reject
24,33.21,16.37,19.89,17.08,49.6,25.2,reject
24,33.21,16.03,19.9,17.23,49.7,25.2,reject
24,32.49,16.37,20.45,17.47,49.3,25.1,reject
24,33.03,16.1,19.99,17.16,49.6,25.1,reject
24,33.21,16.3,19.83,17.12,49.5,25.2,reject
24,32.85,16.03,19.66,16.88,49.6,25.1,reject
24,33.03,16.3,19.78,16.71,49.5,25.0,reject
24,33.03,16.17,20.1,17.27,49.5,25.2,reject
24,33.21,16.1,19.78,16.96,49.5,25.1,reject
24,33.58,16.86,20.2,17.22,48.8,25.2,reject
24,33.21,16.51,19.88,17.1,49.4,25.2,reject
24,32.49,16.3,20.35,17.32,49.3,25.2,reject
24,33.4,16.65,20.0,17.14,49.4,25.2,reject
24,33.21,16.65,20.1,17.23,49.4,25.1,reject
24,33.21,16.37,20.0,17.08,49.2,25.2,reject
24,33.4,16.79,20.03,16.88,49.1,25.1,reject
24,32.67,15.97,20.05,17.13,49.9,25.1,reject
24,32.32,16.1,20.0,17.03,49.4,25.1,reject
24,32.32,16.1,20.05,16.88,49.2,25.0,reject
24,32.14,16.03,20.06,17.07,49.7,25.1,reject
24,33.21,16.37,19.89,17.07,49.6,25.2,reject
24,33.4,16.24,20.01,17.05,49.3,25.1,reject
24,33.21,16.37,20.38,17.37,49.4,25.2,reject
24,33.03,16.1,19.89,17.16,49.6,25.2,reject
24,32.14,16.03,19.91,17.05,49.5,25.1,reject
24,32.49,16.1,20.22,17.39,49.7,25.2,reject
24,33.03,16.3,20.34,17.3,49.4,25.1,reject
24,33.58,16.93,20.22,17.22,48.7,25.1,reject
24,33.03,16.1,19.66,16.88,49.6,25.1,reject
24,33.03,16.1,20.0,17.21,49.6,25.1,reject
24,32.32,15.97,20.05,17.1,49.8,25.1,reject
24,32.49,16.3,20.31,17.32,49.4,25.2,reject
24,32.49,16.3,20.45,17.49,49.4,25.1,reject
24,32.32,16.24,20.31,17.36,49.4,25.1,reject
24,32.49,16.17,20.15,17.06,49.4,25.1,reject
24,32.49,16.1,20.11,17.15,49.6,25.1,reject
24,33.4,16.24,20.0,17.05,49.3,25.1,reject
24,33.03,16.44,19.67,16.84,49.4,25.2,reject
24,33.03,16.17,20.22,17.25,49.4,25.1,reject
24,33.21,16.24,20.21,17.42,49.7,25.2,reject
24,33.4,16.24,20.24,17.42,49.7,25.2,reject
24,32.32,16.1,20.05,17.07,49.0,25.1,reject
24,33.21,16.1,20.11,17.35,49.7,25.2,reject
24,32.85,15.97,20.0,17.16,49.8,25.1,reject
24,33.4,16.51,19.93,17.13,49.3,25.2,reject
24,32.67,16.3,20.34,17.2,49.3,25.1,reject
24,32.49,16.3,20.35,17.4,49.5,25.2,reject
24,32.85,16.17,20.2,17.14,49.5,25.1,reject
24,32.49,16.3,20.24,17.41,49.4,25.2,reject
24,33.21,16.17,20.11,17.03,49.4,25.1,reject
24,33.21,16.58,19.92,17.05,49.5,25.2,reject
24,33.4,16.72,20.01,16.89,49.2,25.1,reject
24,33.21,16.51,20.09,17.23,49.4,25.1,reject
24,33.21,16.37,19.78,16.88,49.4,25.1,reject
24,33.21,16.17,20.11,17.31,49.5,25.2,reject
24,33.03,16.03,19.66,16.87,49.6,25.1,reject
24,33.21,16.24,20.02,17.23,49.6,25.2,reject
24,32.85,16.24,20.31,17.5,49.6,25.2,reject
24,33.03,16.1,19.64,16.87,49.5,25.1,reject
24,33.58,16.79,20.1,17.14,49.0,25.2,reject
24,33.03,16.17,20.13,17.23,49.6,25.1,reject
24,33.03,16.17,20.12,17.05,49.7,25.0,reject
24,33.03,16.3,19.66,16.86,49.5,25.2,reject
24,32.67,16.3,20.34,17.24,49.4,25.2,reject
24,32.32,16.03,20.01,17.04,49.6,25.1,reject
24,32.49,16.3,20.34,17.42,49.3,25.2,reject
24,33.4,16.72,20.0,16.96,49.0,25.1,reject
24,33.4,16.44,20.0,17.14,49.2,25.2,reject
24,32.49,16.24,20.11,16.97,49.3,25.0,reject
24,33.21,16.65,19.99,17.05,49.4,25.1,reject
24,32.85,15.84,19.8,17.05,49.8,25.1,reject
24,32.85,16.17,20.13,17.05,49.6,25.0,reject
24,33.4,16.65,20.0,16.88,49.2,25.1,reject
24,33.03,16.03,19.89,17.2,49.6,25.2,reject
24,33.03,16.37,19.78,16.72,49.5,25.1,reject
24,32.49,16.3,20.34,17.47,49.3,25.2,reject
24,33.21,16.03,20.0,17.27,49.7,25.2,reject
24,32.67,16.17,20.22,17.24,49.4,25.1,reject
24,33.03,15.97,19.89,16.96,49.6,25.1,reject
24,33.03,16.1,19.78,16.96,49.5,25.1,reject
24,33.03,16.44,20.53,17.46,49.2,25.1,reject
24,33.21,16.65,20.11,17.23,49.4,25.1,reject
24,33.21,16.1,20.11,17.37,49.6,25.2,reject
24,33.21,16.51,19.86,16.84,49.3,25.0,reject
24,32.49,16.37,20.45,17.49,49.3,25.1,reject
24,32.67,16.51,20.46,17.36,48.9,25.1,reject
24,33.21,16.44,19.88,17.02,49.2,25.2,reject
24,33.4,16.37,20.0,17.14,49.2,25.2,reject
24,33.03,16.1,19.87,16.89,49.3,25.0,reject
24,32.49,16.37,20.37,17.31,49.2,25.2,reject
24,33.03,16.24,19.67,16.87,49.4,25.1,reject
24,32.85,16.17,20.12,17.05,49.6,25.0,reject
24,33.03,16.37,20.46,17.57,49.5,25.1,reject
24,32.49,16.3,20.33,17.39,49.5,25.2,reject
24,33.21,16.24,19.85,17.13,49.5,25.2,reject
24,32.49,16.24,20.22,17.07,49.0,25.1,reject
24,32.49,16.37,20.34,17.23,49.0,25.2,reject
24,33.03,16.24,20.29,17.49,49.6,25.2,reject
24,32.32,16.17,20.23,17.32,49.1,25.2,reject
24,32.67,16.51,20.45,17.31,48.8,25.1,reject
24,33.21,16.37,20.45,17.56,49.5,25.1,reject
24,33.03,16.24,20.31,17.49,49.6,25.2,reject
24,33.03,16.17,19.78,16.92,49.5,25.1,reject
24,32.49,16.17,20.21,17.22,49.3,25.1,reject
24,32.49,16.3,20.23,17.4,49.3,25.2,reject
24,33.4,16.37,20.34,17.22,49.4,25.1,reject
24,33.21,16.37,20.35,17.4,49.5,25.2,reject
24,33.21,16.58,19.89,17.07,49.3,25.2,reject
24,33.03,16.24,20.19,17.17,49.5,25.1,reject
24,33.4,16.65,20.0,17.06,49.2,25.2,reject
24,32.67,16.51,20.46,17.35,48.9,25.1,reject
24,32.49,16.24,20.16,17.06,49.3,25.1,reject
24,32.49,16.3,20.34,17.31,49.4,25.2,reject
24,32.67,15.97,20.0,17.16,49.9,25.1,reject
24,32.49,16.3,20.23,17.05,49.0,25.1,reject
24,33.21,16.44,19.78,16.88,49.3,25.1,reject
24,32.67,16.24,20.33,17.4,49.6,25.1,reject
24,32.67,16.24,20.31,17.5,49.6,25.2,reject
24,32.85,16.24,20.34,17.5,49.5,25.2,reject
24,33.03,15.97,19.89,16.97,49.6,25.1,reject
24,33.21,16.44,20.0,16.93,49.3,25.1,reject
24,33.21,16.1,19.9,17.14,49.4,25.2,reject
24,33.03,16.17,19.91,17.14,49.6,25.1,reject
24,32.67,16.17,20.22,17.23,49.4,25.1,reject
24,33.03,16.24,20.22,17.32,49.5,25.2,reject
24,32.67,16.24,20.32,17.4,49.6,25.1,reject
24,33.21,16.37,20.0,17.18,49.5,25.2,reject
24,33.4,16.86,20.19,17.23,48.8,25.2,reject
24,33.21,16.3,19.78,16.87,49.2,25.0,reject
24,33.03,16.37,19.69,16.79,49.6,25.1,reject
24,33.21,16.51,19.85,16.89,49.4,25.1,reject
24,33.21,16.3,19.85,17.05,49.3,25.1,reject
24,33.4,16.24,20.23,17.31,49.5,25.2,reject
24,33.4,16.37,20.33,17.3,49.4,25.1,reject
24,33.21,16.24,19.78,16.87,49.3,25.1,reject
24,33.21,16.37,19.78,16.9,49.4,25.1,reject
24,32.14,16.03,20.03,17.05,49.7,25.1,reject
24,33.03,16.03,19.89,16.96,49.4,25.1,reject
24,33.03,16.1,19.82,16.86,49.6,25.1,reject
24,32.85,15.84,19.78,16.94,49.9,25.1,reject
24,33.4,16.37,20.22,17.23,49.2,25.1,reject
24,33.21,16.58,19.89,17.01,49.1,25.2,reject
24,33.4,16.72,20.01,16.96,49.0,25.1,reject
24,33.4,16.51,20.48,17.49,49.2,25.1,reject
24,33.03,16.44,20.51,17.48,49.2,25.1,reject
24,33.4,16.17,20.11,17.05,49.4,25.1,reject
24,33.21,16.24,19.89,17.13,49.6,25.1,reject
24,32.49,16.1,20.11,17.17,49.6,25.1,reject
24,33.21,16.44,20.52,17.48,49.2,25.1,reject
24,33.4,16.37,20.14,17.22,49.1,25.1,reject
24,32.32,16.03,20.03,17.05,49.2,25.1,reject
24,33.21,16.58,19.88,16.8,49.1,25.1,reject
24,33.03,16.17,20.11,17.14,49.6,25.0,reject
24,32.32,16.1,20.17,17.32,49.6,25.2,reject
24,33.21,16.37,20.0,17.03,49.3,25.1,reject
24,32.32,16.17,20.11,17.12,49.4,25.1,reject
24,33.21,16.37,20.0,17.22,49.5,25.2,reject
24,33.21,16.24,19.78,16.88,49.3,25.1,reject
24,33.03,16.37,19.75,16.79,49.6,25.1,reject
24,33.4,16.79,20.11,17.23,49.3,25.1,reject
24,32.32,16.24,20.33,17.49,49.4,25.2,reject
24,32.49,16.37,20.4,17.4,49.2,25.1,reject
24,32.32,16.17,20.19,17.31,49.6,25.2,reject
24,33.4,16.79,20.01,16.96,48.9,25.1,reject
24,33.4,16.65,19.89,17.01,49.0,25.2,reject
24,32.49,16.17,20.13,17.04,49.4,25.0,reject
24,33.4,16.72,20.02,16.88,49.1,25.1,reject
24,32.49,16.17,20.22,17.3,49.3,25.2,reject
24,32.85,16.17,20.21,17.14,49.5,25.1,reject
24,33.4,16.51,20.0,17.06,49.2,25.2,reject
24,33.21,16.17,20.11,17.14,49.5,25.1,reject
24,32.49,16.3,20.22,17.13,49.1,25.1,reject
24,32.85,16.03,20.01,17.13,49.9,25.1,reject
24,33.03,16.03,19.99,17.15,49.8,25.1,reject
24,32.32,16.1,20.11,17.14,49.6,25.1,reject
24,32.67,15.97,20.0,17.15,49.9,25.2,reject
24,33.03,16.1,20.07,17.23,49.6,25.1,reject
24,32.32,16.17,20.11,17.14,49.5,25.1,reject
24,33.21,16.17,20.14,17.4,49.6,25.2,reject
24,33.03,16.17,20.13,17.05,49.7,25.0,reject
24,33.21,16.24,20.16,17.14,49.5,25.1,reject
24,33.21,16.51,19.88,17.09,49.3,25.2,reject
24,33.4,16.51,20.49,17.48,49.2,25.1,reject
24,32.49,15.97,20.0,17.14,49.8,25.1,reject
24,33.03,16.17,20.18,17.14,49.5,25.1,reject
24,33.21,16.37,20.0,16.95,49.3,25.1,reject
24,33.4,16.79,20.19,17.21,49.0,25.1,reject
24,33.03,16.24,19.89,17.13,49.6,25.1,reject
24,32.49,15.97,20.06,17.12,49.9,25.1,reject
24,32.32,16.1,20.08,17.09,49.3,25.1,reject
24,33.03,16.37,19.86,17.1,49.4,25.2,reject
24,33.4,16.24,20.11,17.14,49.3,25.2,reject
24,32.49,16.3,20.34,17.37,49.1,25.1,reject
24,32.85,15.84,19.77,16.89,49.9,25.1,reject
24,33.03,16.17,20.22,17.38,49.7,25.1,reject
24,33.21,16.37,20.0,17.21,49.4,25.2,reject
24,33.21,16.17,19.88,16.97,49.3,25.1,reject
24,33.03,16.03,19.88,16.96,49.6,25.1,reject
24,32.14,15.84,19.87,16.96,49.4,25.1,reject
24,33.21,16.24,20.24,17.47,49.5,25.2,reject
24,33.4,16.58,20.0,17.13,49.1,25.2,reject
24,33.21,16.1,20.11,17.25,49.5,25.2,reject
24,33.03,16.44,19.7,16.83,49.3,25.1,reject
24,33.21,16.3,20.34,17.5,49.5,25.2,reject
24,33.21,16.51,19.88,17.09,49.4,25.2,reject
24,32.85,16.44,20.5,17.42,49.1,25.1,reject
24,33.4,16.37,20.37,17.37,49.4,25.2,reject
24,33.03,16.3,20.34,17.28,49.3,25.1,reject
24,33.21,16.51,19.83,16.83,49.4,25.0,reject
24,32.85,16.1,20.17,17.23,49.6,25.1,reject
24,33.21,16.37,19.88,17.03,49.2,25.2,reject
24,33.21,16.51,19.82,16.95,49.5,25.2,reject
24,32.32,15.97,20.06,17.11,49.8,25.1,reject
24,33.4,16.17,20.11,17.31,49.6,25.2,reject
24,33.21,16.37,20.34,17.3,49.4,25.1,reject
24,33.21,16.51,19.8,16.94,49.4,25.1,reject
24,33.21,16.24,20.19,17.14,49.5,25.1,reject
24,32.49,16.3,20.24,17.19,49.3,25.1,reject
24,32.85,16.1,20.13,17.21,49.7,25.1,reject
24,33.21,16.17,19.78,16.9,49.5,25.1,reject
24,32.14,15.97,20.04,17.07,49.8,25.1,reject
24,33.4,16.37,20.37,17.36,49.4,25.2,reject
24,33.21,16.58,20.0,17.25,49.3,25.2,reject
24,32.32,15.97,20.0,17.12,49.8,25.2,reject
24,33.21,16.24,19.85,17.14,49.5,25.2,reject
24,32.85,16.17,19.67,16.79,49.7,25.1,reject
24,32.67,16.3,20.37,17.32,49.3,25.2,reject
24,32.67,16.1,20.2,17.23,49.6,25.1,reject
24,33.03,16.03,19.87,16.96,49.6,25.1,reject
24,33.4,16.72,20.07,17.14,49.0,25.2,reject
24,33.21,16.3,19.85,17.03,49.3,25.1,reject
24,33.03,16.03,19.99,17.16,49.8,25.1,reject
24,32.32,16.24,20.12,17.16,49.1,25.1,reject
24,33.4,16.72,20.11,17.23,49.3,25.1,reject
24,33.4,16.86,20.1,16.96,48.9,25.1,reject
24,33.21,16.03,19.97,17.04,49.4,25.1,reject
24,33.03,16.1,19.8,16.96,49.6,25.2,reject
24,32.32,16.17,20.22,17.15,49.1,25.2,reject
24,33.4,16.58,20.0,17.14,49.4,25.2,reject
24,33.21,16.17,20.04,17.23,49.5,25.2,reject
24,33.4,16.65,20.0,17.14,49.1,25.2,reject
24,33.4,16.86,20.21,17.19,48.9,25.1,reject
24,32.49,16.17,20.1,16.96,49.2,25.1,reject
24,32.49,16.24,20.29,17.48,49.6,25.2,reject
24,33.21,16.3,19.88,17.05,49.3,25.2,reject
24,33.21,16.03,20.0,17.09,49.7,25.1,reject
24,33.21,16.3,19.86,16.99,49.3,25.1,reject
24,33.21,16.3,20.34,17.29,49.4,25.1,reject
24,33.03,16.24,19.78,16.96,49.5,25.1,reject
24,33.21,16.24,20.3,17.49,49.6,25.2,reject
24,33.21,16.58,20.0,16.9,49.2,25.1,reject
24,33.21,16.37,20.34,17.22,49.4,25.1,reject
24,33.21,16.51,19.89,16.96,49.2,25.1,reject
24,32.49,16.37,20.45,17.5,49.4,25.1,reject
24,32.49,16.24,20.22,17.3,49.3,25.2,reject
24,32.49,16.17,20.2,17.3,49.4,25.2,reject
24,33.21,16.51,19.83,16.79,49.2,25.1,reject
24,32.67,16.1,20.12,17.18,49.7,25.1,reject
24,33.21,16.17,20.12,17.31,49.5,25.2,reject
24,33.03,16.03,20.02,17.05,49.7,25.1,reject
24,33.03,15.97,19.94,16.96,49.6,25.0,reject
24,33.21,16.37,20.0,16.96,49.3,25.1,reject
24,32.49,16.17,20.22,17.14,49.0,25.2,reject
24,33.21,16.65,19.98,17.05,49.4,25.1,reject
24,33.4,16.51,19.93,17.14,49.3,25.2,reject
24,33.58,16.65,19.88,16.88,49.2,25.1,reject
24,33.03,16.1,20.12,17.31,49.7,25.1,reject
24,33.21,16.51,19.9,17.05,49.5,25.2,reject
24,33.21,16.37,19.87,16.97,49.2,25.1,reject
24,33.21,16.44,20.0,17.08,49.2,25.2,reject
24,32.85,15.9,19.89,17.05,49.9,25.1,reject
24,32.67,16.17,20.22,17.31,49.5,25.2,reject
24,33.4,16.86,20.22,17.18,48.9,25.1,reject
24,33.4,16.72,20.15,17.2,49.0,25.1,reject
24,32.49,16.37,20.34,17.32,49.3,25.2,reject
24,32.14,16.03,19.99,17.1,49.7,25.1,reject
24,32.85,16.03,19.67,16.83,49.8,25.1,reject
24,33.4,16.24,20.24,17.29,49.4,25.2,reject
24,32.32,16.17,20.18,17.32,49.2,25.2,reject
24,33.21,16.3,20.0,16.96,49.3,25.1,reject
24,32.67,16.44,20.48,17.4,49.0,25.1,reject
24,33.21,16.37,19.87,17.03,49.2,25.2,reject
24,33.4,16.72,20.16,17.2,49.0,25.1,reject
24,32.85,16.37,20.45,17.57,49.5,25.1,reject
24,32.49,16.24,20.25,17.31,49.5,25.1,reject
24,33.4,16.37,20.34,17.3,49.4,25.1,reject
24,33.21,16.51,20.0,16.94,49.3,25.1,reject
24,33.21,16.24,20.22,17.43,49.6,25.2,reject
24,33.4,16.3,20.34,17.49,49.7,25.2,reject
24,32.67,16.37,20.34,17.14,49.2,25.1,reject
24,32.85,16.24,20.32,17.4,49.7,25.1,reject
24,33.03,16.24,19.66,16.86,49.4,25.1,reject
24,33.21,16.58,20.0,17.07,49.1,25.2,reject
24,32.14,15.97,19.99,16.96,49.4,25.1,reject
24,32.85,15.97,19.66,16.88,49.7,25.1,reject
24,32.32,16.24,20.27,17.44,49.5,25.2,reject
24,32.32,16.17,20.11,17.23,49.5,25.2,reject
24,33.4,16.72,20.03,17.14,49.0,25.2,reject
24,32.67,16.44,20.47,17.4,49.0,25.1,reject
24,32.14,15.9,19.95,17.09,49.8,25.1,reject
24,33.21,16.44,19.88,16.96,49.2,25.1,reject
24,33.21,16.24,20.22,17.4,49.5,25.1,reject
24,32.49,16.24,20.12,17.04,49.3,25.1,reject
24,33.21,16.58,19.89,16.99,49.1,25.2,reject
24,33.21,16.72,20.11,17.23,49.3,25.1,reject
24,33.21,16.17,20.11,17.22,49.7,25.1,reject
24,33.03,16.1,19.78,16.83,49.5,25.0,reject
24,33.4,16.65,20.11,17.23,49.3,25.1,reject
24,33.03,16.3,20.45,17.55,49.5,25.1,reject
24,32.49,16.3,20.27,17.18,49.3,25.1,reject
24,32.67,16.3,20.34,17.23,49.3,25.1,reject
24,32.85,16.24,20.36,17.49,49.7,25.2,reject
24,32.85,15.9,19.67,16.9,49.7,25.1,reject
24,32.32,16.24,20.17,17.28,49.3,25.2,reject
24,33.21,16.58,19.89,16.95,49.2,25.2,reject
24,33.21,16.24,20.1,17.01,49.4,25.1,reject
24,32.85,16.1,19.67,16.79,49.7,25.1,reject
24,33.21,16.44,19.79,16.88,49.4,25.1,reject
24,33.03,16.44,19.68,16.83,49.4,25.2,reject
24,33.4,16.72,20.0,16.88,49.2,25.1,reject
24,33.21,16.51,20.0,17.22,49.3,25.2,reject
24,33.21,16.3,19.78,16.88,49.3,25.1,reject
24,32.49,16.3,20.34,17.14,49.3,25.1,reject
24,32.32,16.1,20.13,17.31,49.6,25.2,reject
24,32.85,16.1,20.12,17.22,49.7,25.1,reject
24,32.67,16.51,20.47,17.4,48.9,25.1,reject
24,33.03,16.3,19.67,16.86,49.4,25.1,reject
24,33.4,16.72,20.03,17.14,49.3,25.2,reject
24,33.4,16.65,19.99,17.06,49.2,25.2,reject
24,32.49,16.3,20.34,17.36,49.4,25.2,reject
24,33.03,16.17,20.12,17.14,49.6,25.0,reject
24,33.4,16.86,20.21,17.17,49.0,25.1,reject
24,33.03,16.3,20.34,17.49,49.5,25.2,reject
24,33.21,16.65,20.0,16.88,49.2,25.1,reject
24,33.21,16.51,19.78,16.88,49.3,25.1,reject
24,33.21,16.17,20.17,17.07,49.4,25.1,reject
24,32.49,16.24,20.34,17.49,49.5,25.2,reject
24,33.21,16.65,20.0,17.23,49.3,25.2,reject
24,33.21,16.65,20.11,17.23,49.3,25.1,reject
24,33.21,16.3,20.11,17.28,49.5,25.1,reject
24,33.21,16.51,19.87,16.86,49.3,25.0,reject
24,33.4,16.37,20.0,16.97,49.2,25.1,reject
24,33.03,16.24,20.32,17.41,49.7,25.1,reject
24,32.49,16.24,20.31,17.33,49.4,25.1,reject
24,32.32,16.17,20.11,17.14,49.3,25.1,reject
24,32.67,15.97,20.06,17.14,49.9,25.1,reject
24,33.21,16.17,19.88,17.05,49.3,25.2,reject
24,32.32,16.1,20.12,17.29,49.2,25.2,reject
24,33.03,15.97,20.0,17.16,49.9,25.1,reject
24,32.49,16.37,20.34,17.31,49.3,25.2,reject
24,32.49,16.24,20.26,17.42,49.5,25.2,reject
24,33.03,16.17,19.89,17.14,49.6,25.2,reject
24,33.4,16.24,20.22,17.33,49.5,25.2,reject
24,33.21,16.44,19.87,17.09,49.4,25.2,reject
24,32.32,16.1,20.1,17.13,49.6,25.1,reject
24,33.03,15.97,19.89,17.01,49.6,25.1,reject
24,33.21,16.58,19.87,16.87,49.2,25.1,reject
24,33.21,16.24,20.22,17.24,49.4,25.1,reject
24,32.49,16.37,20.34,17.28,49.0,25.2,reject
24,32.32,16.03,19.99,17.12,49.8,25.2,reject
24,32.32,16.17,20.09,17.06,49.1,25.2,reject
24,32.49,16.17,20.18,17.27,49.4,25.2,reject
24,33.4,16.17,20.11,17.23,49.4,25.2,reject
24,33.21,16.17,20.22,17.4,49.5,25.2,reject
24,33.21,16.51,19.79,16.88,49.3,25.1,reject
24,32.49,16.3,20.34,17.16,49.3,25.1,reject
24,32.32,16.17,20.13,17.03,49.4,25.0,reject
24,33.4,16.3,20.22,17.23,49.2,25.1,reject
24,33.21,16.44,20.5,17.49,49.2,25.1,reject
24,33.03,16.3,20.0,17.23,49.5,25.2,reject
24,33.21,16.3,19.95,17.2,49.4,25.2,reject
24,32.14,16.03,20.0,17.13,49.8,25.2,reject
24,32.32,16.17,20.11,17.05,49.4,25.1,reject
24,33.03,16.24,19.78,16.71,49.5,25.0,reject
24,32.49,16.3,20.34,17.45,49.3,25.2,reject
24,32.32,16.17,20.12,17.26,49.5,25.2,reject
24,33.21,16.51,19.89,17.05,49.5,25.2,reject
24,33.03,16.03,20.01,17.13,49.9,25.1,reject
24,33.03,16.03,20.0,17.16,49.9,25.1,reject
24,33.21,16.03,20.0,17.14,49.4,25.1,reject
24,32.67,16.1,20.14,16.96,49.5,25.0,reject
24,32.85,15.97,19.67,16.86,49.8,25.1,reject
24,32.85,16.1,20.16,17.23,49.6,25.1,reject
24,33.03,16.3,20.37,17.4,49.5,25.2,reject
24,33.21,16.24,19.78,16.88,49.4,25.1,reject
24,33.21,16.24,20.06,17.23,49.6,25.2,reject
24,33.4,16.3,20.26,17.31,49.2,25.1,reject
24,32.14,15.9,19.89,16.98,49.4,25.1,reject
24,32.49,16.24,20.32,17.34,49.6,25.1,reject
24,33.4,16.17,20.11,17.15,49.3,25.2,reject
24,33.21,16.58,20.0,17.23,49.3,25.2,reject
24,32.67,16.37,20.39,17.32,49.3,25.2,reject
24,33.21,16.17,20.12,17.23,49.4,25.1,reject
24,33.4,16.65,20.03,17.09,49.1,25.2,reject
24,33.21,16.44,19.89,16.97,49.2,25.1,reject
24,33.03,16.17,19.65,16.87,49.5,25.1,reject
24,33.03,16.24,20.0,17.23,49.5,25.2,reject
24,32.14,16.03,20.0,17.01,49.5,25.1,reject
24,32.49,16.24,20.15,17.24,49.2,25.2,reject
24,32.67,16.37,20.28,17.15,49.1,25.1,reject
24,33.21,16.44,20.08,17.24,49.4,25.1,reject
24,33.21,16.37,19.85,17.1,49.5,25.2,reject
24,33.03,16.24,19.66,16.87,49.4,25.1,reject
24,32.49,16.24,20.22,17.2,49.3,25.1,reject
24,33.03,16.24,19.86,17.04,49.3,25.1,reject
24,33.21,16.58,19.89,17.08,49.3,25.2,reject
24,32.49,16.37,20.35,17.31,49.1,25.2,reject
24,33.21,16.58,19.93,17.05,49.5,25.2,reject
24,32.49,16.24,20.34,17.4,49.6,25.2,reject
24,33.21,16.24,19.87,17.05,49.3,25.1,reject
24,33.21,16.37,20.01,17.09,49.2,25.2,reject
24,33.4,16.58,20.11,17.14,49.0,25.1,reject
24,33.21,16.3,20.34,17.49,49.5,25.2,reject
24,33.4,16.44,20.45,17.42,49.2,25.1,reject
24,32.85,16.3,20.4,17.34,49.3,25.2,reject
24,33.03,16.03,19.85,16.87,49.6,25.1,reject
24,33.03,16.3,19.67,16.86,49.5,25.2,reject
24,33.21,16.3,20.03,17.16,49.3,25.2,reject
24,33.21,16.51,19.89,16.96,49.1,25.1,reject
24,33.21,16.58,20.0,17.24,49.3,25.2,reject
24,32.32,16.1,20.0,16.9,49.1,25.1,reject
24,32.49,16.37,20.35,17.3,49.1,25.2,reject
24,33.03,16.03,19.91,17.05,49.4,25.1,reject
24,33.4,16.44,20.0,17.13,49.2,25.2,reject
24,33.03,16.1,20.0,17.22,49.6,25.1,reject
24,33.4,16.72,20.06,17.09,49.0,25.2,reject
24,33.21,16.58,19.87,16.8,49.1,25.0,reject
24,32.85,16.1,19.67,16.8,49.8,25.1,reject
24,33.4,16.65,20.01,17.14,49.3,25.2,reject
24,33.21,16.51,19.82,16.93,49.5,25.2,reject
24,32.85,16.24,20.32,17.49,49.6,25.2,reject
24,32.67,16.37,20.31,17.17,49.2,25.1,reject
24,33.21,16.44,19.81,16.8,49.2,25.1,reject
24,32.49,16.24,20.23,17.41,49.5,25.2,reject
24,32.49,16.24,20.12,17.05,49.3,25.1,reject
24,33.21,16.24,19.77,16.88,49.4,25.1,reject
24,33.21,16.17,20.17,17.32,49.7,25.2,reject
24,33.03,15.84,19.78,17.03,49.8,25.1,reject
24,33.03,16.17,20.14,17.23,49.6,25.1,reject
24,33.4,16.86,20.22,17.19,48.9,25.1,reject
24,33.4,16.3,20.34,17.32,49.4,25.2,reject
24,33.21,16.44,19.93,17.14,49.3,25.2,reject
24,32.49,16.3,20.26,17.23,49.3,25.1,reject
24,32.49,16.3,20.31,17.22,49.0,25.2,reject
24,33.03,16.17,20.2,17.14,49.5,25.1,reject
24,32.49,16.17,20.3,17.42,49.4,25.2,reject
24,33.21,16.51,19.89,17.01,49.1,25.2,reject
24,32.32,16.1,20.11,16.98,49.5,25.0,reject
24,33.4,16.51,20.0,17.14,49.4,25.2,reject
24,33.21,16.03,19.97,17.14,49.4,25.2,reject
24,33.21,16.24,20.23,17.32,49.5,25.2,reject
24,33.4,16.51,19.89,17.01,49.1,25.2,reject
24,32.49,16.17,20.18,17.19,49.3,25.1,reject
24,32.85,15.84,19.77,16.96,49.8,25.2,reject
24,33.21,16.58,19.87,16.88,49.3,25.1,reject
24,33.03,16.24,19.66,16.84,49.5,25.1,reject
24,33.21,16.58,19.88,16.79,49.1,25.1,reject
24,33.21,16.3,19.87,17.05,49.3,25.2,reject
24,32.32,16.17,20.06,17.05,49.4,25.1,reject
24,32.49,16.37,20.32,17.21,49.2,25.1,reject
24,32.49,16.24,20.2,17.16,49.2,25.1,reject
24,32.49,16.3,20.33,17.4,49.2,25.2,reject
24,32.32,16.17,20.17,17.19,49.3,25.1,reject
24,32.85,16.03,19.67,16.82,49.8,25.1,reject
24,32.32,16.17,20.13,17.01,49.4,25.0,reject
24,33.03,16.17,19.79,16.88,49.3,25.1,reject
24,33.03,16.37,19.67,16.86,49.3,25.1,reject
24,33.03,16.17,19.78,16.72,49.6,25.1,reject
24,33.21,16.03,20.0,17.31,49.7,25.2,reject
24,33.21,16.24,20.31,17.49,49.6,25.2,reject
24,33.21,16.58,19.85,16.87,49.3,25.1,reject
24,32.32,15.97,20.0,17.14,49.9,25.2,reject
24,32.67,16.3,20.45,17.53,49.5,25.1,reject
24,33.4,16.3,20.29,17.49,49.6,25.2,reject
24,33.21,16.44,19.86,17.08,49.4,25.2,reject
24,32.85,15.97,19.67,16.88,49.8,25.1,reject
24,32.32,16.1,20.11,17.05,49.4,25.1,reject
24,32.49,16.3,20.35,17.44,49.6,25.2,reject
24,33.03,16.24,20.31,17.4,49.7,25.1,reject
24,32.32,16.17,20.14,17.3,49.5,25.2,reject
24,33.58,16.93,20.22,17.23,48.8,25.2,reject
24,32.32,16.17,20.2,17.31,49.6,25.2,reject
24,33.21,16.37,20.36,17.41,49.5,25.2,reject
24,33.03,16.03,19.98,17.09,49.4,25.1,reject
24,33.03,16.44,19.8,16.85,49.4,25.0,reject
24,33.03,16.3,19.78,16.95,49.5,25.2,reject
24,32.85,16.1,19.67,16.81,49.8,25.1,reject
24,32.85,16.24,20.37,17.49,49.6,25.1,reject
24,33.21,16.1,19.79,16.96,49.5,25.1,reject
24,32.14,15.84,19.89,16.89,49.4,25.1,reject
24,33.21,16.58,19.88,16.88,49.3,25.1,reject
24,32.49,16.24,20.22,17.19,49.3,25.1,reject
24,33.03,16.03,19.97,17.23,49.7,25.2,reject
24,33.21,16.44,20.1,17.23,49.4,25.1,reject
24,32.49,16.17,20.21,17.31,49.4,25.2,reject
24,33.21,16.51,20.0,16.93,49.3,25.1,reject
24,33.03,16.03,19.88,16.87,49.6,25.1,reject
24,33.21,16.1,20.11,17.31,49.5,25.2,reject
24,32.49,16.3,20.34,17.22,48.7,25.2,reject
24,32.49,16.37,20.3,17.27,49.1,25.2,reject
24,33.4,16.72,20.05,17.14,49.3,25.2,reject
24,32.49,16.17,20.11,17.14,49.1,25.1,reject
24,33.4,16.24,20.06,17.06,49.3,25.1,reject
24,33.4,16.79,20.11,17.14,49.0,25.2,reject
24,32.67,16.44,20.42,17.31,48.7,25.1,reject
24,32.49,16.3,20.23,17.15,49.3,25.1,reject
24,32.49,16.37,20.34,17.24,49.0,25.2,reject
24,33.21,16.3,20.34,17.22,49.4,25.1,reject
24,33.21,16.51,20.0,17.22,49.4,25.2,reject
24,33.03,16.3,20.34,17.5,49.5,25.2,reject
24,32.49,16.37,20.34,17.14,49.2,25.1,reject
24,32.32,16.1,20.12,17.14,49.4,25.1,reject
24,32.49,16.37,20.34,17.22,49.2,25.1,reject
24,32.14,15.97,19.97,17.11,49.8,25.1,reject
24,32.49,16.24,20.25,17.44,49.5,25.2,reject
24,32.85,16.03,20.02,17.14,49.9,25.1,reject
24,32.32,16.1,20.12,16.99,49.5,25.0,reject
24,32.49,16.3,20.34,17.41,49.6,25.2,reject
24,33.58,16.86,20.22,17.18,48.9,25.1,reject
24,32.49,16.24,20.12,16.97,49.3,25.0,reject
24,33.21,16.3,20.3,17.42,49.7,25.1,reject
24,32.49,15.97,20.0,17.14,49.9,25.2,reject
24,33.03,16.3,20.36,17.49,49.7,25.2,reject
24,33.21,16.44,20.09,17.23,49.4,25.1,reject
24,32.14,15.97,19.98,17.11,49.8,25.2,reject
24,32.67,16.1,20.15,16.99,49.6,25.0,reject
24,32.49,16.24,20.31,17.32,49.5,25.1,reject
24,32.85,15.97,20.0,17.15,49.8,25.1,reject
24,33.21,16.24,19.97,17.2,49.5,25.2,reject
24,32.49,16.37,20.45,17.38,49.0,25.1,reject
24,32.49,16.3,20.27,17.29,49.4,25.1,reject
24,33.03,15.97,19.98,17.09,49.6,25.1,reject
24,33.4,16.37,20.35,17.5,49.7,25.2,reject
24,32.85,16.17,20.22,17.41,49.7,25.2,reject
24,32.49,16.24,20.33,17.22,49.3,25.1,reject
24,32.49,16.3,20.34,17.4,49.6,25.2,reject
24,33.21,16.51,19.85,16.92,49.4,25.1,reject
24,33.03,16.37,19.67,16.84,49.3,25.1,reject
24,33.03,16.3,19.67,16.79,49.7,25.1,reject
24,32.67,16.03,20.03,17.13,49.9,25.1,reject
24,32.49,16.17,20.22,17.22,49.3,25.1,reject
24,32.49,16.24,20.34,17.48,49.4,25.2,reject
24,33.03,16.17,19.88,16.96,49.3,25.1,reject
24,33.03,16.3,20.39,17.36,49.4,25.2,reject
24,33.21,16.44,19.79,16.82,49.4,25.0,reject
24,33.4,16.72,20.0,17.14,49.2,25.2,reject
24,32.14,16.03,19.99,17.08,49.7,25.1,reject
24,32.85,16.3,20.36,17.39,49.5,25.2,reject
24,33.4,16.24,20.22,17.14,49.4,25.1,reject
24,32.85,16.24,19.67,16.79,49.7,25.1,reject
24,33.21,16.24,19.88,17.05,49.3,25.2,reject
24,32.32,16.17,20.14,17.06,49.2,25.1,reject
24,32.14,15.97,20.0,16.97,49.2,25.1,reject
24,33.21,16.44,19.81,16.79,49.2,25.1,reject
24,33.03,16.24,20.32,17.42,49.7,25.1,reject
24,32.85,15.84,19.8,16.96,49.9,25.1,reject
24,33.21,16.3,19.94,17.18,49.4,25.2,reject
24,33.21,16.17,20.12,17.21,49.7,25.1,reject
24,32.49,16.3,20.34,17.38,49.5,25.2,reject
24,33.21,16.37,20.0,17.2,49.5,25.2,reject
24,33.4,16.72,20.07,17.14,49.3,25.2,reject
24,33.4,16.58,19.98,17.08,49.2,25.2,reject
24,32.49,16.24,20.23,17.22,49.1,25.2,reject
24,33.21,16.1,20.1,17.2,49.4,25.1,reject
24,33.4,16.51,20.0,16.92,49.3,25.1,reject
24,33.03,16.17,20.11,17.21,49.7,25.1,reject
24,32.85,16.3,20.36,17.22,49.4,25.1,reject
24,33.21,16.24,20.01,16.96,49.3,25.1,reject
24,33.4,16.3,20.24,17.24,49.3,25.1,reject
24,33.4,16.72,20.0,17.14,49.1,25.2,reject
24,33.03,16.24,20.34,17.5,49.5,25.2,reject
24,32.85,16.3,20.35,17.4,49.5,25.2,reject
24,32.32,16.1,20.2,17.33,49.6,25.2,reject
24,33.21,16.3,19.85,17.13,49.5,25.2,reject
24,32.32,16.17,20.2,17.32,49.6,25.2,reject
24,32.67,16.1,20.17,17.23,49.6,25.1,reject
24,32.32,16.03,20.07,17.18,49.4,25.2,reject
24,33.03,16.24,19.78,16.9,49.5,25.1,reject
24,33.4,16.86,20.22,17.16,48.9,25.1,reject
24,32.14,15.97,19.95,16.95,49.4,25.1,reject
24,32.67,16.24,20.32,17.49,49.6,25.2,reject
24,32.32,16.24,20.11,17.02,49.3,25.1,reject
24,33.4,16.79,20.08,17.14,49.3,25.2,reject
24,32.85,16.24,20.32,17.4,49.6,25.1,reject
24,33.21,16.03,20.0,17.23,49.4,25.2,reject
24,33.4,16.44,20.13,17.22,49.1,25.1,reject
24,32.49,16.37,20.34,17.31,49.2,25.2,reject
24,33.21,16.58,19.87,16.88,49.3,25.0,reject
24,33.03,16.44,19.89,17.05,49.5,25.2,reject
24,32.67,16.37,20.33,17.13,49.1,25.1,reject
24,33.4,16.3,20.28,17.16,49.4,25.1,reject
24,33.4,16.51,20.12,17.18,49.1,25.1,reject
24,32.49,15.97,20.07,17.14,49.9,25.1,reject
24,32.49,15.97,20.07,17.13,49.9,25.1,reject
24,32.49,16.24,20.34,17.41,49.6,25.2,reject
24,33.03,16.44,20.53,17.47,49.2,25.1,reject
24,32.49,16.37,20.33,17.22,49.2,25.1,reject
24,33.03,16.3,20.37,17.49,49.7,25.2,reject
24,33.03,15.97,19.89,16.89,49.6,25.1,reject
24,32.67,16.3,20.35,17.18,49.3,25.1,reject
24,32.85,16.17,20.22,17.32,49.5,25.2,reject
24,33.21,16.58,20.0,16.88,49.2,25.1,reject
24,32.67,16.37,20.45,17.54,49.4,25.1,reject
24,32.49,16.1,20.19,17.22,49.5,25.1,reject
25,32.67,15.71,19.35,16.33,49.6,25.1,reject
25,32.32,16.1,19.9,16.54,49.3,25.0,reject
25,32.85,16.17,19.45,15.35,49.7,25.1,reject
25,31.97,15.77,19.66,16.64,49.7,25.1,reject
25,32.85,16.17,19.39,16.29,49.4,25.1,reject
25,32.85,15.84,19.69,16.45,49.8,25.0,reject
25,32.67,15.71,19.3,16.45,49.8,25.1,reject
25,32.85,15.84,19.48,15.9,49.7,25.1,reject
25,32.14,15.84,19.87,16.44,50.0,25.1,reject
25,32.85,15.9,19.57,16.32,49.7,25.0,reject
25,32.14,15.84,19.78,15.98,49.8,25.1,reject
25,32.85,16.03,19.46,15.59,49.5,25.0,reject
25,32.32,15.97,20.0,17.0,49.6,25.1,reject
25,32.67,15.77,19.67,16.62,49.8,25.1,reject
25,32.85,16.17,19.45,15.5,49.7,25.0,reject
25,32.14,15.97,19.89,16.79,49.6,25.1,reject
25,32.32,16.1,19.98,17.05,49.3,25.1,reject
25,32.85,16.17,19.48,16.08,49.5,25.1,reject
25,32.85,15.71,19.5,15.84,49.8,25.1,reject
25,32.14,15.84,19.68,15.61,49.5,25.0,reject
25,32.85,15.77,19.67,16.4,50.0,25.1,reject
25,33.03,16.37,19.6,16.38,49.3,25.1,reject
25,32.85,15.97,19.35,15.2,49.6,25.1,reject
25,32.32,15.9,19.83,15.81,49.5,25.0,reject
25,32.85,15.97,19.46,15.64,49.5,25.0,reject
25,32.67,15.97,19.96,16.58,49.8,25.0,reject
25,32.14,15.9,19.77,15.99,49.6,25.1,reject
25,32.67,15.9,19.88,16.25,49.6,25.1,reject
25,32.85,16.3,19.53,15.73,49.5,25.1,reject
25,32.85,15.9,19.36,15.39,49.9,25.1,reject
25,32.14,16.03,19.79,15.77,49.3,25.0,reject
25,32.14,15.97,19.98,16.96,49.5,25.1,reject
25,32.49,15.97,20.0,16.99,49.7,25.1,reject
25,32.85,15.9,19.46,15.9,49.7,25.1,reject
25,32.14,15.84,19.67,16.46,49.4,25.1,reject
25,32.85,16.17,19.56,16.29,49.6,25.0,reject
25,32.14,15.97,19.8,16.29,49.7,25.1,reject
25,33.03,16.3,19.55,15.76,49.4,25.1,reject
25,32.85,15.9,19.45,15.51,49.8,25.0,reject
25,32.85,16.1,19.45,15.5,49.7,25.0,reject
25,32.14,15.77,19.67,16.54,49.7,25.1,reject
25,33.03,16.3,19.56,16.39,49.4,25.1,reject
25,32.67,15.77,19.65,16.73,49.9,25.1,reject
25,32.85,15.84,19.59,16.54,49.7,25.1,reject
25,31.97,15.71,19.67,16.71,49.8,25.1,reject
25,32.85,16.03,20.0,17.14,49.5,25.1,reject
25,32.14,15.9,19.89,16.86,49.8,25.1,reject
25,32.85,16.03,19.45,15.86,49.6,25.1,reject
25,32.32,15.97,19.96,16.57,49.7,25.0,reject
25,33.03,16.37,19.66,16.29,49.5,25.0,reject
25,32.85,16.03,19.59,16.7,49.5,25.1,reject
25,33.03,16.3,19.63,16.29,49.5,25.0,reject
25,32.85,15.77,19.55,15.94,49.7,25.1,reject
25,32.85,16.1,19.38,15.2,49.5,25.1,reject
25,32.14,15.9,19.89,16.82,49.8,25.1,reject
25,32.85,15.9,19.78,16.07,49.9,25.1,reject
25,32.67,15.64,19.44,16.37,49.7,25.1,reject
25,32.67,15.9,19.83,16.35,49.9,25.1,reject
25,32.49,15.84,19.88,16.54,50.0,25.1,reject
25,32.85,16.24,19.49,15.89,49.5,25.1,reject
25,32.85,15.97,19.45,15.81,49.7,25.1,reject
25,32.85,16.17,19.53,16.2,49.7,25.1,reject
25,32.14,16.1,20.0,17.06,49.4,25.1,reject
25,32.85,16.03,19.95,16.64,49.6,25.0,reject
25,32.85,15.97,19.81,15.82,49.6,25.0,reject
25,32.85,15.97,19.98,16.98,49.7,25.1,reject
25,33.03,15.9,19.78,15.96,49.8,25.1,reject
25,32.85,16.17,19.46,15.5,49.7,25.0,reject
25,32.85,15.84,19.78,16.85,49.6,25.1,reject
25,32.85,16.1,19.4,15.35,49.8,25.1,reject
25,32.32,15.9,19.87,16.13,49.7,25.1,reject
25,31.97,15.77,19.67,16.54,49.6,25.1,reject
25,32.49,16.03,20.0,17.14,49.5,25.1,reject
25,32.49,15.84,19.75,15.64,50.1,25.1,reject
25,32.14,15.84,19.67,15.53,49.9,25.1,reject
25,32.85,16.03,19.56,16.55,49.7,25.1,reject
25,32.85,15.84,19.35,15.26,49.7,25.1,reject
25,32.49,15.71,19.31,16.45,49.8,25.1,reject
25,32.49,15.64,19.34,16.45,49.8,25.1,reject
25,33.03,16.37,19.61,16.42,49.3,25.1,reject
25,32.67,15.77,19.69,16.62,49.8,25.1,reject
25,32.14,15.84,19.78,16.12,49.6,25.1,reject
25,32.85,15.97,19.34,15.2,49.6,25.1,reject
25,32.14,15.9,19.79,15.81,49.5,25.0,reject
25,32.85,15.9,19.68,15.5,50.0,25.1,reject
25,32.85,16.03,19.34,16.45,49.6,25.1,reject
25,32.14,15.97,19.91,16.54,49.7,25.0,reject
25,32.14,15.9,19.84,16.44,49.3,25.0,reject
25,31.8,15.51,19.44,16.54,49.6,25.1,reject
25,33.03,16.17,19.52,15.97,49.4,25.1,reject
25,32.85,16.03,19.46,16.13,49.6,25.1,reject
25,32.85,16.1,19.49,16.21,49.8,25.1,reject
25,33.03,16.37,19.66,16.7,49.4,25.1,reject
25,32.14,15.97,19.87,16.7,49.5,25.1,reject
25,32.49,15.84,19.78,16.06,49.9,25.1,reject
25,32.14,15.97,19.88,16.7,49.7,25.1,reject
25,32.85,15.9,19.61,16.31,49.7,25.0,reject
25,32.14,15.97,19.76,15.72,49.3,25.0,reject
25,32.85,15.84,19.67,16.55,49.7,25.1,reject
25,33.03,16.24,19.55,15.97,49.4,25.1,reject
25,33.03,16.3,19.58,16.54,49.5,25.1,reject
25,33.03,16.3,19.56,16.05,49.4,25.1,reject
25,32.67,15.64,19.56,15.55,50.1,25.1,reject
25,32.85,15.9,19.45,15.81,49.7,25.1,reject
25,32.67,15.77,19.34,16.31,49.6,25.1,reject
25,32.14,15.84,19.67,16.49,49.5,25.1,reject
25,32.49,15.9,19.8,15.78,49.9,25.0,reject
25,31.97,15.71,19.56,16.54,49.4,25.1,reject
25,32.14,15.9,19.78,15.73,49.7,25.0,reject
25,32.14,15.9,19.83,16.13,49.7,25.1,reject
25,33.03,16.37,19.67,16.77,49.3,25.2,reject
25,32.85,16.17,19.51,16.21,49.7,25.1,reject
25,32.85,16.1,19.56,16.43,49.5,25.1,reject
25,32.49,15.97,19.97,16.54,49.7,25.0,reject
25,32.85,16.1,19.59,16.7,49.5,25.1,reject
25,32.14,15.9,19.88,16.44,49.9,25.1,reject
25,31.97,15.77,19.56,16.7,49.8,25.1,reject
25,32.85,16.1,19.49,15.97,49.4,25.1,reject
25,32.32,16.03,19.88,16.48,49.2,25.0,reject
25,32.49,15.84,19.78,16.07,49.9,25.1,reject
25,32.32,15.9,19.85,16.32,49.9,25.1,reject
25,33.03,16.1,19.94,16.71,49.6,25.0,reject
25,32.14,15.9,19.77,15.65,49.5,25.0,reject
25,33.03,16.24,19.56,16.29,49.6,25.0,reject
25,33.03,16.3,19.58,16.29,49.5,25.0,reject
25,32.85,15.71,19.46,15.35,49.9,25.1,reject
25,31.97,15.71,19.66,16.69,49.8,25.1,reject
25,31.97,15.77,19.69,16.54,49.6,25.1,reject
25,33.03,16.1,19.56,16.43,49.5,25.1,reject
25,32.85,16.03,19.45,15.81,49.7,25.1,reject
25,32.49,15.9,19.87,16.36,49.9,25.1,reject
25,32.85,15.97,19.45,15.67,49.5,25.1,reject
25,32.85,16.17,19.54,16.21,49.7,25.1,reject
25,32.14,16.03,19.88,16.62,49.5,25.1,reject
25,32.85,15.84,19.72,15.77,49.6,25.0,reject
25,32.49,15.71,19.67,16.72,49.9,25.1,reject
25,32.67,15.64,19.48,15.49,50.1,25.1,reject
25,32.85,15.9,19.47,15.59,49.5,25.0,reject
25,32.14,15.97,19.78,15.69,49.6,25.0,reject
25,32.85,16.17,19.46,15.81,49.5,25.1,reject
25,33.03,16.1,19.57,16.35,49.4,25.0,reject
25,33.03,16.37,19.67,16.68,49.3,25.1,reject
25,32.49,15.77,19.76,15.62,50.1,25.1,reject
25,32.14,16.03,19.85,16.6,49.5,25.1,reject
25,32.67,15.64,19.49,16.45,49.7,25.1,reject
25,32.85,15.9,19.83,16.24,49.7,25.1,reject
25,32.67,15.97,19.34,16.29,49.5,25.1,reject
25,32.32,15.71,19.67,16.71,49.9,25.1,reject
25,32.85,15.97,19.82,16.24,49.7,25.1,reject
25,32.85,16.03,19.47,16.21,49.8,25.1,reject
25,33.03,16.17,19.6,16.67,49.4,25.1,reject
25,32.67,15.77,19.65,16.71,49.9,25.1,reject
25,32.14,15.97,19.78,15.72,49.6,25.0,reject
25,32.32,15.97,19.83,16.2,49.4,25.1,reject
25,32.14,15.9,19.83,16.29,49.9,25.1,reject
25,32.85,16.17,19.44,15.35,49.8,25.1,reject
25,32.14,15.84,19.89,16.45,50.0,25.1,reject
25,32.85,15.97,19.84,16.24,49.7,25.1,reject
25,33.03,16.3,19.59,16.37,49.3,25.1,reject
25,31.97,15.84,19.68,15.89,49.5,25.1,reject
25,32.67,15.84,19.73,15.5,50.0,25.1,reject
25,32.85,15.84,19.45,15.57,49.9,25.0,reject
25,32.85,16.24,19.47,15.5,49.7,25.0,reject
25,32.85,16.1,19.36,16.29,49.4,25.1,reject
25,32.67,15.77,19.56,16.29,50.0,25.1,reject
25,32.67,16.03,19.34,16.45,49.6,25.1,reject
25,32.67,15.9,19.8,15.77,49.9,25.0,reject
25,32.14,15.84,19.87,16.42,50.0,25.1,reject
25,32.85,15.77,19.67,16.03,49.9,25.1,reject
25,33.03,15.9,19.78,16.96,49.5,25.1,reject
25,32.85,15.77,19.63,16.21,49.8,25.1,reject
25,32.67,15.9,19.78,15.97,49.8,25.1,reject
25,32.85,16.1,19.46,16.09,49.5,25.1,reject
25,33.03,16.37,19.63,16.29,49.6,25.1,reject
25,32.67,15.71,19.56,15.97,49.7,25.1,reject
25,32.49,15.58,19.45,16.62,49.9,25.1,reject
25,32.85,15.77,19.56,16.13,49.8,25.1,reject
25,32.49,15.9,19.87,16.13,49.7,25.1,reject
25,33.03,16.24,19.45,15.66,49.4,25.1,reject
25,32.49,15.77,19.28,16.45,49.8,25.1,reject
25,31.97,15.71,19.49,16.62,49.7,25.1,reject
25,32.32,15.9,19.84,15.81,49.6,25.0,reject
25,32.32,15.9,19.81,15.74,49.9,25.0,reject
25,32.14,15.84,19.78,15.89,49.7,25.1,reject
25,32.14,15.97,19.88,16.22,49.6,25.1,reject
25,32.67,15.77,19.34,16.3,49.6,25.1,reject
25,32.14,15.9,19.72,15.57,49.9,25.1,reject
25,32.85,15.84,19.54,15.65,49.6,25.0,reject
25,32.85,16.17,19.43,15.35,49.8,25.1,reject
25,33.03,16.17,19.48,15.58,49.4,25.0,reject
25,32.32,16.03,19.8,15.79,49.4,25.0,reject
25,32.85,15.9,19.88,16.94,49.6,25.1,reject
25,32.85,16.03,19.45,15.5,49.7,25.0,reject
25,32.85,16.1,19.46,15.82,49.5,25.1,reject
25,32.14,15.77,19.67,16.05,49.3,25.1,reject
25,32.67,15.71,19.55,15.59,49.9,25.0,reject
25,32.85,16.03,19.61,16.37,49.4,25.0,reject
25,32.85,16.24,19.45,15.35,49.7,25.1,reject
25,32.67,15.84,19.45,15.89,49.7,25.1,reject
25,31.97,15.77,19.66,16.62,49.6,25.1,reject
25,32.85,15.84,19.79,16.52,50.0,25.1,reject
25,32.85,15.9,19.51,15.99,49.5,25.1,reject
25,32.85,15.71,19.58,15.66,49.9,25.0,reject
25,32.85,15.97,19.84,15.82,49.6,25.0,reject
25,32.14,15.84,19.67,16.52,49.5,25.1,reject
25,32.85,15.97,19.89,16.88,49.8,25.1,reject
25,32.85,15.9,19.78,16.15,49.8,25.1,reject
25,32.85,15.84,19.77,16.79,49.8,25.1,reject
25,33.03,16.37,19.66,16.68,49.4,25.1,reject
25,32.32,16.03,19.92,16.55,49.4,25.0,reject
25,32.14,15.9,19.71,15.66,49.2,25.0,reject
25,32.85,16.1,19.41,15.35,49.8,25.1,reject
25,33.03,16.17,19.66,16.8,49.3,25.1,reject
25,32.14,15.9,19.74,15.58,49.9,25.1,reject
25,31.97,15.84,19.67,16.46,49.4,25.1,reject
25,32.32,15.84,19.78,16.02,49.8,25.1,reject
25,32.14,15.84,19.7,15.45,49.9,25.1,reject
25,32.85,16.17,19.49,15.88,49.5,25.1,reject
25,32.14,15.9,19.86,16.37,49.7,25.1,reject
25,32.49,15.77,19.68,16.59,49.8,25.1,reject
25,32.85,15.9,19.89,16.84,49.9,25.1,reject
25,33.03,16.24,19.45,15.2,49.4,25.1,reject
25,32.85,15.77,19.56,15.66,49.6,25.0,reject
25,32.67,15.84,19.88,16.53,50.0,25.1,reject
25,32.85,16.03,19.45,15.74,49.6,25.1,reject
25,32.85,16.1,19.59,16.67,49.5,25.1,reject
25,32.85,15.84,19.73,15.63,50.1,25.1,reject
25,32.85,15.9,19.56,16.31,49.7,25.0,reject
25,32.85,15.97,19.8,16.37,49.9,25.1,reject
25,32.67,16.1,19.34,16.45,49.6,25.1,reject
25,32.85,15.97,19.47,16.21,49.9,25.1,reject
25,32.85,15.9,19.45,15.89,49.6,25.1,reject
25,32.85,15.97,19.45,15.66,49.5,25.1,reject
25,32.85,15.84,19.67,16.58,49.7,25.1,reject
25,32.32,16.03,19.91,16.55,49.5,25.1,reject
25,32.67,15.97,19.95,16.57,49.8,25.0,reject
25,32.67,15.9,19.3,16.45,49.7,25.1,reject
25,32.85,15.9,19.78,16.05,49.9,25.1,reject
25,32.85,16.24,19.55,16.2,49.7,25.1,reject
25,33.03,15.97,19.67,16.87,49.5,25.2,reject
25,32.14,15.97,19.98,17.06,49.4,25.1,reject
25,32.85,15.84,19.67,15.9,49.8,25.1,reject
25,33.03,16.3,19.5,15.77,49.5,25.1,reject
25,32.14,15.97,19.89,16.7,49.7,25.1,reject
25,32.85,15.84,19.67,16.37,49.7,25.0,reject
25,33.03,16.24,19.45,15.78,49.5,25.1,reject
25,32.49,15.84,19.89,16.48,50.0,25.1,reject
25,33.03,16.24,19.44,15.2,49.5,25.1,reject
25,32.85,15.77,19.72,16.71,49.8,25.1,reject
25,32.14,15.97,19.89,16.7,49.6,25.1,reject
25,32.85,15.77,19.46,15.73,49.7,25.1,reject
25,32.85,15.84,19.73,15.62,50.1,25.1,reject
25,32.85,15.97,19.99,16.98,49.7,25.1,reject
25,32.85,15.84,19.7,16.62,49.7,25.1,reject
25,33.03,16.17,19.56,16.44,49.4,25.1,reject
25,32.14,15.97,19.99,16.96,49.6,25.1,reject
25,32.85,15.84,19.55,16.04,49.6,25.1,reject
25,33.03,16.3,19.64,16.31,49.3,25.0,reject
25,33.03,16.24,19.53,16.05,49.4,25.1,reject
25,32.85,16.03,19.98,16.99,49.7,25.1,reject
25,33.03,15.97,19.82,15.86,49.6,25.0,reject
25,32.85,16.03,19.45,15.77,49.6,25.1,reject
25,32.85,15.71,19.63,16.11,49.6,25.1,reject
25,33.03,16.24,19.56,16.37,49.4,25.1,reject
25,31.97,15.71,19.67,16.2,49.5,25.1,reject
25,32.49,15.9,19.89,16.23,49.6,25.1,reject
25,32.49,15.97,19.96,16.54,49.7,25.0,reject
25,32.32,15.77,19.77,15.62,50.1,25.1,reject
25,33.03,15.9,19.67,16.88,49.5,25.1,reject
25,32.85,16.1,19.45,15.74,49.6,25.1,reject
25,32.67,15.9,19.85,16.37,49.9,25.1,reject
25,32.49,15.97,19.99,16.98,49.6,25.1,reject
25,32.67,15.97,19.33,16.45,49.7,25.1,reject
25,32.85,16.03,19.36,15.42,49.9,25.1,reject
25,32.67,15.9,19.86,16.13,49.8,25.1,reject
25,32.85,16.17,19.4,15.2,49.5,25.1,reject
25,32.67,15.71,19.66,16.73,49.9,25.1,reject
25,32.14,15.97,19.89,16.79,49.5,25.1,reject
25,32.32,15.77,19.68,16.58,49.8,25.1,reject
25,32.85,16.3,19.55,15.81,49.4,25.1,reject
25,33.03,16.17,19.45,15.67,49.4,25.1,reject
25,32.67,15.77,19.65,16.74,49.9,25.1,reject
25,32.67,15.97,19.89,16.71,49.8,25.1,reject
25,32.85,15.77,19.56,16.05,49.6,25.1,reject
25,32.85,15.71,19.45,15.34,49.9,25.1,reject
25,32.85,16.1,19.35,16.29,49.4,25.1,reject
25,32.85,15.9,19.47,16.11,49.7,25.1,reject
25,32.85,16.03,19.95,16.62,49.8,25.0,reject
25,33.03,16.24,19.56,16.54,49.5,25.1,reject
25,32.85,16.24,19.56,16.53,49.5,25.1,reject
25,33.03,16.37,19.66,16.34,49.3,25.0,reject
25,32.85,16.03,19.94,16.62,49.8,25.0,reject
25,31.97,15.84,19.77,16.29,49.6,25.1,reject
25,32.85,16.1,19.51,16.21,49.7,25.1,reject
25,32.14,15.84,19.78,16.37,49.3,25.0,reject
25,32.14,15.84,19.78,16.01,49.8,25.1,reject
25,32.49,15.9,19.89,16.87,49.8,25.1,reject
25,32.85,15.97,19.89,16.82,49.8,25.1,reject
25,31.97,15.77,19.61,16.61,49.5,25.1,reject
25,32.67,15.97,19.33,16.44,49.7,25.1,reject
25,33.03,16.17,19.53,15.97,49.4,25.1,reject
25,33.03,16.17,19.56,16.45,49.4,25.1,reject
25,32.67,15.84,19.45,15.53,49.8,25.0,reject
25,32.14,15.97,19.78,15.89,49.6,25.1,reject
25,32.14,15.97,19.84,15.8,49.5,25.0,reject
25,32.14,15.84,19.78,16.02,49.8,25.1,reject
25,32.67,15.84,19.52,15.89,49.7,25.1,reject
25,32.14,16.03,19.89,16.68,49.6,25.1,reject
25,32.14,15.97,19.79,15.74,49.7,25.0,reject
25,32.14,16.03,19.89,16.96,49.3,25.1,reject
25,32.85,16.03,20.0,17.14,49.6,25.1,reject
25,33.03,16.17,19.57,16.37,49.4,25.0,reject
25,32.49,15.84,19.88,16.45,50.0,25.1,reject
25,33.03,16.3,19.66,16.79,49.3,25.1,reject
25,32.67,15.84,19.78,16.05,49.9,25.1,reject
25,33.03,16.3,19.53,15.66,49.3,25.1,reject
25,32.85,15.71,19.66,16.05,49.8,25.1,reject
25,32.49,15.9,19.86,16.37,49.9,25.1,reject
25,32.85,16.03,19.62,16.7,49.5,25.1,reject
25,32.49,15.9,19.85,15.81,49.6,25.0,reject
25,33.03,16.37,19.66,16.66,49.4,25.1,reject
25,32.85,15.84,19.77,15.78,49.9,25.0,reject
25,32.85,15.84,19.78,16.62,49.7,25.1,reject
25,32.85,16.24,19.55,15.97,49.3,25.1,reject
25,32.67,15.97,19.99,17.0,49.7,25.1,reject
25,32.14,15.9,19.78,15.77,49.5,25.0,reject
25,32.49,15.9,19.78,15.95,49.8,25.1,reject
25,32.32,15.84,19.78,16.05,49.9,25.1,reject
25,33.03,16.44,19.67,16.37,49.2,25.0,reject
25,32.85,15.9,19.8,16.37,49.9,25.1,reject
25,33.03,16.1,19.45,15.66,49.4,25.0,reject
25,32.49,15.9,19.88,16.23,49.6,25.1,reject
25,32.85,15.97,19.34,16.29,49.5,25.1,reject
25,32.67,15.9,19.85,15.81,49.6,25.0,reject
25,32.49,15.71,19.66,16.73,49.9,25.1,reject
25,32.85,15.97,19.98,16.99,49.7,25.1,reject
25,32.14,15.9,19.76,15.95,49.6,25.1,reject
25,32.67,15.9,19.79,15.77,49.9,25.0,reject
25,32.85,15.77,19.42,15.28,49.8,25.1,reject
25,32.14,15.97,19.89,16.66,49.6,25.1,reject
25,32.14,16.03,19.89,16.9,49.3,25.1,reject
25,32.14,16.03,19.89,16.64,49.5,25.1,reject
25,31.97,15.64,19.45,16.56,49.6,25.1,reject
25,32.85,15.77,19.52,15.58,49.9,25.0,reject
25,32.14,15.77,19.58,15.35,49.6,25.1,reject
25,33.03,15.9,19.45,15.69,49.6,25.1,reject
25,32.32,15.9,19.89,16.23,49.6,25.1,reject
25,32.14,15.9,19.83,16.21,49.5,25.1,reject
25,32.32,16.1,19.97,17.05,49.3,25.1,reject
25,33.03,16.3,19.56,16.12,49.4,25.1,reject
25,32.14,15.9,19.78,16.02,49.7,25.1,reject
25,32.85,15.9,19.48,15.99,49.5,25.1,reject
25,32.14,15.97,19.83,16.09,49.5,25.1,reject
25,32.85,15.97,19.45,15.5,49.8,25.0,reject
25,32.85,16.24,19.51,15.87,49.4,25.1,reject
25,32.85,15.97,19.45,15.89,49.6,25.1,reject
25,33.03,16.37,19.66,16.33,49.2,25.0,reject
25,32.85,16.03,19.36,15.2,49.6,25.1,reject
25,33.03,16.3,19.5,15.66,49.3,25.1,reject
25,32.85,16.24,19.45,15.34,49.7,25.1,reject
25,32.85,15.9,19.67,16.73,49.6,25.1,reject
25,31.97,15.77,19.57,16.58,49.5,25.1,reject
25,32.85,16.1,19.34,16.29,49.4,25.1,reject
25,33.03,16.17,19.48,15.6,49.4,25.0,reject
25,32.49,16.03,19.96,16.62,49.5,25.0,reject
25,32.85,16.1,19.39,15.2,49.5,25.1,reject
25,32.14,15.9,19.74,16.11,49.3,25.1,reject
25,32.85,15.84,19.77,16.45,49.8,25.0,reject
25,32.67,15.58,19.5,16.62,49.9,25.1,reject
25,31.97,15.77,19.66,16.66,49.7,25.1,reject
25,32.85,15.9,19.48,16.13,49.7,25.1,reject
25,32.85,16.1,19.39,15.35,49.8,25.1,reject
25,32.85,15.77,19.67,15.73,49.9,25.0,reject
25,32.85,16.1,19.56,16.29,49.6,25.0,reject
25,32.85,15.9,19.78,15.79,49.9,25.0,reject
25,32.85,16.17,19.56,16.45,49.5,25.1,reject
25,33.03,16.3,19.56,15.96,49.3,25.1,reject
25,32.85,15.9,19.78,15.96,49.8,25.1,reject
25,32.14,15.9,19.84,16.12,49.6,25.1,reject
25,32.85,15.9,19.83,16.19,49.8,25.1,reject
25,32.67,15.97,19.96,16.6,49.8,25.0,reject
25,32.14,16.03,19.99,16.96,49.4,25.1,reject
25,32.14,15.9,19.8,15.75,49.7,25.0,reject
25,32.14,15.84,19.78,16.29,49.8,25.1,reject
25,32.14,15.71,19.67,16.71,49.9,25.1,reject
25,32.85,15.77,19.65,15.72,49.6,25.0,reject
25,32.85,15.77,19.55,15.78,49.7,25.1,reject
25,32.32,15.97,19.89,16.55,49.4,25.0,reject
25,33.03,16.3,19.67,16.79,49.3,25.1,reject
25,32.85,15.97,19.46,15.6,49.5,25.0,reject
25,33.03,16.3,19.52,15.66,49.3,25.1,reject
25,33.03,16.3,19.66,16.69,49.4,25.1,reject
25,32.14,15.9,19.77,16.29,49.6,25.1,reject
25,33.03,16.17,19.49,16.09,49.5,25.1,reject
25,32.14,15.9,19.74,15.65,49.5,25.0,reject
25,33.03,16.24,19.56,15.97,49.3,25.1,reject
25,32.49,15.9,19.9,16.87,49.8,25.1,reject
25,32.14,16.03,19.89,16.45,49.4,25.0,reject
25,32.85,15.9,19.78,15.83,49.6,25.0,reject
25,32.14,15.71,19.67,16.53,49.6,25.1,reject
25,33.03,16.24,19.55,16.05,49.4,25.1,reject
25,33.03,16.03,19.45,15.66,49.4,25.1,reject
25,33.03,16.24,19.67,16.79,49.3,25.1,reject
25,32.85,15.84,19.54,16.13,49.8,25.1,reject
25,32.85,16.1,19.45,15.75,49.6,25.1,reject
25,32.49,15.77,19.69,16.61,49.8,25.1,reject
25,32.14,16.03,19.77,15.73,49.3,25.0,reject
25,32.85,15.9,19.78,15.97,49.8,25.1,reject
25,32.85,15.84,19.67,15.5,49.9,25.1,reject
25,32.85,16.03,19.34,16.29,49.5,25.1,reject
25,32.14,15.84,19.66,15.38,49.7,25.1,reject
25,32.14,15.9,19.68,15.43,49.8,25.1,reject
25,32.67,15.71,19.36,16.37,49.7,25.1,reject
25,32.85,15.9,19.35,15.39,49.9,25.1,reject
25,33.03,16.1,19.66,16.79,49.3,25.1,reject
25,32.32,16.03,19.9,16.99,49.3,25.1,reject
25,32.85,15.77,19.66,15.87,49.7,25.1,reject
25,32.14,15.9,19.84,16.29,49.8,25.1,reject
25,32.85,16.24,19.63,16.68,49.4,25.1,reject
25,33.03,16.03,19.95,16.62,49.6,25.1,reject
25,32.85,15.77,19.68,16.2,49.6,25.1,reject
25,32.85,15.97,19.84,15.83,49.6,25.0,reject
25,32.14,15.77,19.67,15.46,49.9,25.1,reject
25,33.03,16.24,19.58,16.34,49.3,25.0,reject
25,32.67,15.77,19.45,15.81,49.8,25.1,reject
25,32.14,15.77,19.76,15.59,50.1,25.1,reject
25,32.85,15.71,19.56,15.89,49.9,25.1,reject
25,33.03,16.03,20.0,17.14,49.6,25.1,reject
25,32.67,15.77,19.68,16.62,49.8,25.1,reject
25,32.32,15.97,19.85,16.21,49.5,25.1,reject
25,32.14,15.97,19.79,16.45,49.2,25.0,reject
25,32.67,15.84,19.34,16.29,49.6,25.1,reject
25,32.32,15.9,19.88,16.22,49.6,25.1,reject
25,32.14,15.84,19.67,15.44,49.9,25.1,reject
25,32.67,15.64,19.45,16.45,49.7,25.1,reject
25,32.14,15.9,19.71,15.82,49.4,25.1,reject
25,32.49,15.84,19.75,15.62,50.1,25.1,reject
25,32.85,16.17,19.42,15.2,49.5,25.1,reject
25,32.49,15.97,19.97,16.54,49.8,25.0,reject
25,32.14,15.9,19.88,16.41,49.8,25.1,reject
25,32.85,15.97,19.95,16.59,49.8,25.0,reject
25,32.85,15.77,19.48,15.58,49.9,25.0,reject
25,32.85,16.1,19.56,16.54,49.6,25.1,reject
25,32.85,16.24,19.56,16.54,49.5,25.1,reject
25,32.85,16.17,19.56,16.54,49.6,25.1,reject
25,32.85,15.9,19.69,15.5,50.0,25.1,reject
25,32.14,16.03,19.78,15.74,49.3,25.0,reject
25,32.85,15.77,19.57,15.81,49.7,25.1,reject
25,32.14,15.9,19.76,16.24,49.6,25.1,reject
25,33.03,16.3,19.55,15.66,49.3,25.1,reject
25,32.14,15.97,19.88,16.28,49.5,25.1,reject
25,32.85,15.84,19.57,16.62,49.8,25.1,reject
25,32.85,15.97,19.89,16.71,49.8,25.1,reject
25,33.03,16.24,19.59,16.33,49.3,25.0,reject
25,33.03,16.1,19.46,15.57,49.4,25.0,reject
25,32.14,15.77,19.67,15.43,49.9,25.1,reject
25,32.85,16.03,19.37,15.35,49.9,25.1,reject
25,32.85,16.17,19.45,15.78,49.5,25.1,reject
25,32.32,16.03,19.98,17.05,49.3,25.1,reject
25,32.85,15.77,19.67,16.13,49.6,25.1,reject
25,32.32,16.03,19.86,16.49,49.2,25.0,reject
25,32.85,15.84,19.78,16.05,49.9,25.1,reject
25,32.14,15.9,19.78,16.0,49.8,25.1,reject
25,32.85,16.3,19.55,16.21,49.7,25.1,reject
25,32.14,15.9,19.82,16.29,49.9,25.1,reject
25,31.97,15.64,19.55,16.53,49.4,25.1,reject
25,32.67,15.9,19.34,16.29,49.5,25.1,reject
25,33.03,16.24,19.55,15.58,49.4,25.0,reject
25,33.03,15.9,19.78,16.7,49.8,25.1,reject
25,32.85,15.97,19.56,16.55,49.7,25.1,reject
25,32.49,15.84,19.28,16.45,49.7,25.1,reject
25,32.85,16.17,19.42,15.35,49.8,25.1,reject
25,32.32,15.84,19.89,16.46,50.0,25.1,reject
25,32.85,16.1,19.6,16.68,49.5,25.1,reject
25,32.85,15.84,19.66,16.67,49.8,25.1,reject
25,32.14,15.84,19.67,15.8,49.4,25.1,reject
25,32.32,15.9,19.8,15.75,49.8,25.0,reject
25,32.49,15.9,19.78,15.97,49.8,25.1,reject
25,32.85,16.03,19.56,16.54,49.6,25.1,reject
25,32.85,15.77,19.67,15.73,49.6,25.0,reject
25,32.14,15.9,19.79,15.73,49.8,25.0,reject
25,32.14,15.84,19.87,16.45,49.9,25.1,reject
25,32.32,16.03,19.94,16.56,49.5,25.0,reject
25,33.03,16.24,19.46,15.65,49.4,25.1,reject
25,32.85,16.24,19.49,15.5,49.6,25.0,reject
25,32.14,15.9,19.77,16.02,49.4,25.1,reject
25,32.14,15.77,19.66,15.88,49.4,25.1,reject
25,32.85,15.77,19.56,16.2,49.8,25.1,reject
25,32.14,15.84,19.71,15.9,49.5,25.1,reject
25,32.85,15.84,19.67,16.79,49.6,25.1,reject
25,33.03,16.3,19.49,15.66,49.3,25.1,reject
25,32.85,16.17,19.45,15.73,49.5,25.1,reject
25,32.32,15.9,19.78,15.92,49.8,25.1,reject
25,33.03,16.17,19.61,16.71,49.4,25.1,reject
25,33.03,15.97,19.89,16.72,49.8,25.1,reject
25,32.85,15.97,19.66,16.38,49.5,25.0,reject
25,32.14,15.9,19.67,15.41,49.7,25.1,reject
25,32.67,15.77,19.39,15.38,50.0,25.1,reject
25,32.85,15.71,19.56,15.95,49.9,25.1,reject
25,31.97,15.84,19.66,16.45,49.4,25.1,reject
25,33.03,15.97,19.89,16.71,49.8,25.1,reject
25,32.67,15.58,19.34,16.49,49.8,25.1,reject
25,32.85,16.03,19.45,15.66,49.5,25.1,reject
25,31.97,15.77,19.55,16.69,49.7,25.1,reject
25,32.85,16.03,19.56,16.45,49.5,25.1,reject
25,32.67,15.84,19.29,16.45,49.7,25.1,reject
25,33.03,16.3,19.56,16.37,49.4,25.1,reject
25,32.85,15.97,19.46,16.1,49.7,25.1,reject
25,32.49,15.9,19.86,16.34,49.9,25.1,reject
25,32.14,15.97,19.95,16.96,49.5,25.1,reject
25,32.85,15.97,19.89,16.87,49.9,25.1,reject
25,33.03,16.24,19.55,15.97,49.3,25.1,reject
25,32.85,15.84,19.71,15.5,50.0,25.1,reject
25,32.67,15.9,19.3,16.44,49.7,25.1,reject
25,32.67,15.9,19.88,16.23,49.7,25.1,reject
25,32.85,15.77,19.67,16.71,49.8,25.1,reject
25,33.03,16.03,19.66,16.8,49.4,25.1,reject
25,32.14,15.97,19.83,15.8,49.4,25.0,reject
25,32.85,15.77,19.56,15.81,49.7,25.1,reject
25,32.14,15.9,19.88,16.42,49.8,25.1,reject
25,32.85,16.03,19.36,15.35,49.9,25.1,reject
25,32.67,15.58,19.44,16.54,49.9,25.1,reject
25,32.85,15.9,19.67,16.45,49.6,25.1,reject
25,33.03,16.37,19.64,16.29,49.6,25.1,reject
25,33.03,16.3,19.65,16.69,49.4,25.1,reject
25,32.67,15.58,19.38,16.54,49.9,25.1,reject
25,32.85,16.17,19.5,16.05,49.5,25.1,reject
25,32.85,16.03,19.35,15.2,49.6,25.1,reject
25,32.85,16.1,19.45,15.58,49.5,25.0,reject
25,32.85,16.17,19.59,16.68,49.4,25.1,reject
25,32.67,15.9,19.88,16.54,50.0,25.1,reject
25,32.85,16.1,19.46,16.13,49.6,25.1,reject
25,32.85,15.9,19.36,15.42,50.0,25.1,reject
25,32.85,16.24,19.63,16.71,49.4,25.1,reject
25,32.67,15.71,19.56,16.29,50.0,25.1,reject
25,33.03,16.3,19.56,16.08,49.4,25.1,reject
25,32.14,15.84,19.77,16.54,49.4,25.1,reject
25,32.14,15.97,19.88,16.77,49.5,25.1,reject
25,32.85,15.84,19.67,16.62,49.8,25.1,reject
25,32.14,15.97,19.77,15.89,49.5,25.1,reject
25,33.03,16.24,19.5,15.58,49.4,25.0,reject
25,32.85,15.77,19.62,15.45,49.9,25.1,reject
25,32.85,15.9,19.76,16.45,49.6,25.1,reject
25,33.03,15.9,19.77,15.97,49.8,25.1,reject
25,32.32,15.9,19.9,16.86,49.8,25.1,reject
25,32.32,15.97,19.99,16.98,49.6,25.1,reject
25,32.67,15.9,19.83,16.37,49.9,25.1,reject
25,32.85,15.97,19.46,15.97,49.5,25.1,reject
25,32.85,15.9,19.78,15.79,50.0,25.0,reject
25,32.85,16.03,19.96,16.63,49.6,25.0,reject
25,32.85,15.9,19.53,16.02,49.5,25.1,reject
25,32.85,16.24,19.47,15.5,49.6,25.0,reject
25,32.85,15.9,19.84,16.13,49.8,25.1,reject
25,33.03,16.3,19.58,16.39,49.3,25.1,reject
25,32.14,16.03,19.93,16.54,49.6,25.0,reject
25,32.85,16.03,19.94,16.62,49.6,25.0,reject
25,32.85,15.9,19.45,15.72,49.6,25.1,reject
25,33.03,16.24,19.52,15.58,49.4,25.0,reject
25,33.03,16.37,19.6,16.54,49.4,25.1,reject
25,32.85,15.84,19.51,16.13,49.8,25.1,reject
25,32.32,15.77,19.77,15.6,50.1,25.1,reject
25,32.85,16.24,19.55,15.88,49.4,25.1,reject
25,32.67,16.03,20.0,17.13,49.5,25.1,reject
25,32.14,15.71,19.66,16.71,49.9,25.1,reject
25,32.67,15.9,19.31,16.45,49.7,25.1,reject
25,31.97,15.71,19.65,16.65,49.8,25.1,reject
25,33.03,16.3,19.56,16.54,49.5,25.1,reject
25,32.85,15.77,19.51,15.74,49.7,25.1,reject
25,32.14,15.84,19.78,16.31,49.6,25.1,reject
25,32.14,15.9,19.85,16.15,49.7,25.1,reject
25,32.14,15.97,19.94,16.54,49.6,25.0,reject
25,32.32,15.9,19.89,16.87,49.8,25.1,reject
25,32.67,15.71,19.58,15.97,49.7,25.1,reject
25,32.85,15.84,19.77,16.13,49.8,25.1,reject
25,33.03,16.03,19.95,17.04,49.7,25.1,reject
25,32.85,15.9,19.35,15.24,49.7,25.1,reject
25,32.85,15.77,19.69,16.29,49.8,25.1,reject
25,32.67,15.9,19.85,16.13,49.8,25.1,reject
25,33.03,16.17,19.43,15.2,49.5,25.1,reject
25,32.85,15.9,19.77,15.97,49.8,25.1,reject
25,32.32,15.9,19.86,16.14,49.7,25.1,reject
25,32.32,16.03,19.99,17.06,49.4,25.1,reject
25,32.14,15.9,19.78,15.73,49.8,25.0,reject
25,32.85,16.24,19.47,15.78,49.5,25.1,reject
25,32.85,15.97,19.48,16.01,49.5,25.1,reject
25,32.85,15.84,19.78,16.89,49.6,25.1,reject
25,32.85,15.97,19.45,15.49,49.8,25.0,reject
25,32.85,15.84,19.45,15.73,49.6,25.1,reject
25,32.85,16.17,19.45,15.74,49.6,25.1,reject
25,33.03,15.9,19.84,16.62,49.6,25.0,reject
25,32.85,15.9,19.34,16.29,49.5,25.1,reject
25,33.03,16.3,19.51,15.74,49.5,25.1,reject
25,32.85,15.84,19.54,16.29,49.9,25.1,reject
25,32.85,16.1,19.47,16.09,49.5,25.1,reject
25,32.85,16.1,19.48,16.21,49.8,25.1,reject
25,32.67,15.9,19.87,16.25,49.7,25.1,reject
25,32.67,15.64,19.56,16.7,49.9,25.1,reject
25,33.03,16.37,19.56,15.58,49.4,25.0,reject
25,32.14,15.97,19.88,16.96,49.2,25.1,reject
25,32.14,15.77,19.75,15.58,50.0,25.1,reject
25,32.85,16.24,19.6,16.29,49.5,25.0,reject
25,33.03,16.37,19.66,16.32,49.3,25.0,reject
25,32.14,15.9,19.88,16.41,49.9,25.1,reject
25,32.49,15.97,19.89,16.72,49.8,25.1,reject
25,33.03,16.03,19.95,16.65,49.6,25.0,reject
25,32.67,15.97,19.34,16.45,49.6,25.1,reject
25,32.85,15.84,19.45,15.81,49.8,25.1,reject
25,32.85,15.97,19.47,16.21,49.8,25.1,reject
25,32.14,16.03,19.94,16.94,49.4,25.1,reject
25,32.85,16.24,19.56,16.21,49.7,25.1,reject
25,33.03,16.24,19.48,15.66,49.4,25.1,reject
25,32.67,15.71,19.56,16.54,49.7,25.1,reject
25,32.32,15.9,19.78,15.9,49.7,25.1,reject
25,31.97,15.71,19.65,15.47,49.7,25.1,reject
25,32.85,15.9,19.8,16.13,49.8,25.1,reject
25,33.03,16.44,19.67,16.78,49.2,25.1,reject
25,32.67,16.03,19.97,16.62,49.6,25.1,reject
25,32.32,15.97,19.79,16.05,49.4,25.1,reject
25,32.32,15.84,19.78,15.95,49.8,25.1,reject
25,32.49,15.58,19.35,16.53,49.8,25.1,reject
25,32.67,15.84,19.36,15.4,50.0,25.1,reject
25,32.67,15.9,19.82,16.13,49.8,25.1,reject
25,32.14,15.97,19.81,16.29,49.7,25.1,reject
25,32.85,15.71,19.66,15.68,49.9,25.0,reject
25,32.85,15.97,19.45,16.13,49.6,25.1,reject
25,32.85,15.97,19.35,15.35,49.9,25.1,reject
25,32.49,15.71,19.33,16.45,49.8,25.1,reject
25,33.03,16.24,19.48,15.77,49.5,25.1,reject
25,32.85,15.9,19.78,15.78,50.0,25.0,reject
25,32.85,16.1,19.48,15.97,49.4,25.1,reject
25,32.67,15.77,19.28,16.45,49.8,25.1,reject
25,32.14,15.71,19.67,16.7,49.8,25.1,reject
25,32.85,16.24,19.51,16.05,49.4,25.1,reject
25,32.14,15.9,19.89,16.79,49.7,25.1,reject
25,33.03,16.44,19.67,16.77,49.2,25.1,reject
25,33.03,16.3,19.54,15.66,49.3,25.1,reject
25,32.85,16.3,19.65,16.7,49.4,25.1,reject
25,32.32,15.97,19.9,16.56,49.5,25.1,reject
25,32.85,15.77,19.56,16.13,49.6,25.1,reject
25,32.14,15.97,19.78,16.13,49.4,25.1,reject
25,32.67,15.71,19.55,15.89,49.8,25.1,reject
25,32.14,15.9,19.9,16.85,49.8,25.1,reject
25,32.85,15.9,19.68,16.45,49.6,25.1,reject
25,32.32,15.84,19.71,15.48,49.9,25.1,reject
25,33.03,16.44,19.67,16.76,49.2,25.1,reject
25,32.85,15.97,19.56,16.46,49.6,25.1,reject
25,32.85,16.3,19.56,16.53,49.5,25.1,reject
25,32.14,15.84,19.63,15.35,49.6,25.1,reject
25,32.49,16.03,19.96,16.61,49.5,25.0,reject
25,32.85,16.17,19.45,15.75,49.5,25.1,reject
25,32.85,15.97,19.65,16.37,49.5,25.0,reject
25,33.03,15.9,19.78,16.54,49.6,25.0,reject
25,32.85,16.24,19.54,16.21,49.7,25.1,reject
25,32.32,16.03,20.0,17.13,49.5,25.1,reject
25,32.85,15.97,19.56,16.29,49.7,25.0,reject
25,32.85,15.84,19.39,15.28,49.8,25.1,reject
25,32.14,15.84,19.68,15.96,49.3,25.1,reject
25,32.85,16.03,19.56,16.29,49.6,25.0,reject
25,32.85,15.84,19.52,15.65,49.6,25.0,reject
25,33.03,15.97,19.81,15.82,49.6,25.0,reject
25,33.03,16.3,19.55,15.74,49.4,25.1,reject
25,32.67,15.71,19.38,16.37,49.7,25.1,reject
25,32.14,15.97,19.89,16.67,49.7,25.1,reject
25,32.85,16.3,19.55,15.83,49.4,25.1,reject
25,32.14,15.77,19.56,16.64,49.7,25.1,reject
25,32.85,16.24,19.46,15.5,49.7,25.0,reject
25,33.03,15.9,19.87,17.05,49.5,25.1,reject
25,31.97,15.71,19.53,16.62,49.7,25.1,reject
25,32.67,15.9,19.84,15.81,49.6,25.0,reject
25,32.85,16.24,19.45,15.2,49.5,25.1,reject
25,32.49,15.9,19.78,15.96,49.8,25.1,reject
25,32.85,16.03,19.91,16.62,49.8,25.0,reject
25,32.49,15.9,19.81,15.77,49.9,25.0,reject
25,33.03,16.37,19.56,15.58,49.3,25.0,reject
25,32.67,15.97,20.0,17.14,49.5,25.1,reject
25,33.03,16.3,19.56,15.97,49.3,25.1,reject
25,33.03,16.24,19.56,16.39,49.4,25.1,reject
25,32.14,15.77,19.62,16.42,49.4,25.1,reject
25,32.67,15.9,19.84,15.82,49.6,25.0,reject
25,32.85,15.77,19.66,16.66,49.8,25.1,reject
25,32.49,15.84,19.73,15.49,49.9,25.1,reject
25,33.03,16.17,19.45,15.71,49.4,25.1,reject
25,32.49,15.97,19.89,16.71,49.8,25.1,reject
25,32.85,15.9,19.87,16.52,50.0,25.1,reject
25,33.03,16.3,19.55,15.58,49.4,25.0,reject
25,32.49,15.84,19.72,15.49,50.0,25.1,reject
25,32.14,15.97,19.86,16.11,49.6,25.1,reject
25,32.67,15.9,19.87,16.13,49.8,25.1,reject
25,33.03,16.03,19.66,16.82,49.4,25.1,reject
25,32.85,16.24,19.56,16.29,49.5,25.0,reject
25,32.14,15.77,19.68,16.55,49.7,25.1,reject
25,32.67,15.71,19.61,16.34,50.0,25.1,reject
25,33.03,16.24,19.59,16.34,49.3,25.0,reject
25,33.03,16.44,19.67,16.74,49.2,25.1,reject
25,32.85,15.77,19.44,15.28,49.8,25.1,reject
25,31.97,15.77,19.73,15.58,50.0,25.1,reject
25,32.14,15.9,19.78,15.9,49.6,25.1,reject
25,32.14,15.97,19.78,16.29,49.6,25.1,reject
25,32.67,15.9,19.78,15.78,49.9,25.0,reject
25,32.32,16.03,19.92,16.54,49.5,25.0,reject
25,32.85,16.03,19.45,15.67,49.5,25.1,reject
25,32.14,15.9,19.77,16.13,49.3,25.1,reject
25,32.14,15.84,19.68,15.45,49.9,25.1,reject
25,32.14,15.84,19.77,15.89,49.7,25.1,reject
25,32.85,16.3,19.51,15.73,49.5,25.1,reject
25,32.85,16.03,19.48,15.97,49.4,25.1,reject
25,32.32,15.77,19.69,16.56,49.7,25.1,reject
25,32.14,15.84,19.66,15.51,49.8,25.1,reject
25,32.14,15.9,19.82,16.12,49.7,25.1,reject
25,32.85,15.9,19.78,16.97,49.5,25.1,reject
25,32.85,15.71,19.44,15.29,49.8,25.1,reject
25,32.85,16.24,19.56,16.54,49.6,25.1,reject
25,32.85,16.1,19.37,16.29,49.4,25.1,reject
25,32.85,16.17,19.47,15.83,49.5,25.1,reject
25,32.85,15.77,19.67,16.62,49.8,25.1,reject
25,32.67,15.71,19.45,15.43,50.0,25.1,reject
25,32.14,15.77,19.66,16.63,49.7,25.1,reject
25,32.85,15.84,19.64,16.54,49.7,25.1,reject
25,32.14,16.1,19.89,16.54,49.3,25.0,reject
25,32.85,15.97,19.64,16.71,49.6,25.1,reject
25,32.67,15.64,19.45,16.38,49.7,25.1,reject
26,32.85,16.1,19.34,16.45,49.4,25.0,reject
26,31.97,15.71,19.64,16.79,50.0,24.9,reject
26,32.67,16.03,19.24,15.28,49.7,25.0,reject
26,32.67,15.58,19.24,16.45,49.9,25.1,reject
26,32.49,15.58,19.31,15.56,50.0,25.1,reject
26,32.67,15.9,19.23,15.2,49.8,25.0,reject
26,32.49,15.71,19.46,16.29,50.0,25.1,reject
26,31.97,15.71,19.56,16.18,49.9,25.1,reject
26,32.67,15.58,19.34,16.53,50.0,25.1,reject
26,32.49,15.51,19.34,16.29,50.2,25.1,reject
26,32.49,15.58,19.23,16.21,50.1,25.1,reject
26,32.49,15.58,19.24,16.53,50.1,25.0,reject
26,32.67,15.77,19.34,16.45,49.6,24.9,reject
26,32.49,15.97,19.13,16.13,49.9,25.1,reject
26,32.67,15.84,19.56,15.59,49.9,25.0,reject
26,32.85,16.17,19.27,15.08,49.6,25.0,reject
26,32.67,16.17,19.24,16.0,49.6,25.1,reject
26,31.97,15.77,19.63,16.71,49.8,25.0,reject
26,32.67,15.71,19.3,16.54,49.7,25.0,reject
26,32.14,15.77,19.58,16.78,49.9,25.1,reject
26,32.14,15.71,19.56,16.67,50.0,25.1,reject
26,32.49,15.84,19.57,15.59,49.9,25.0,reject
26,31.97,15.71,19.45,16.33,50.1,25.1,reject
26,31.97,15.77,19.55,16.29,50.0,25.0,reject
26,32.67,15.97,19.15,15.81,49.8,25.1,reject
26,31.97,15.77,19.56,16.69,49.7,25.0,reject
26,32.67,15.71,19.24,16.29,49.7,25.0,reject
26,32.67,15.77,19.55,16.69,50.0,25.0,reject
26,32.67,15.84,19.24,16.46,49.8,25.1,reject
26,32.67,15.97,19.24,16.21,49.6,25.1,reject
26,32.67,15.9,19.23,15.25,49.8,25.0,reject
26,32.85,16.1,19.24,16.34,49.5,25.1,reject
26,32.49,15.64,19.14,15.97,50.0,25.1,reject
26,32.67,15.84,19.24,15.08,49.7,25.0,reject
26,32.49,15.64,19.27,16.54,50.0,25.0,reject
26,32.85,16.24,19.33,15.06,49.5,25.0,reject
26,32.67,15.9,19.24,16.46,49.7,25.1,reject
26,31.97,15.77,19.62,16.71,49.9,25.0,reject
26,32.67,15.97,19.25,16.46,49.5,25.0,reject
26,32.67,15.64,19.45,16.21,49.9,24.9,reject
26,32.32,15.77,19.63,16.29,49.9,24.9,reject
26,32.67,15.58,19.24,16.21,49.9,25.1,reject
26,32.85,15.97,19.24,15.09,49.6,25.0,reject
26,31.97,15.71,19.56,16.71,49.7,25.0,reject
26,32.85,16.1,19.25,15.13,49.6,25.0,reject
26,32.14,15.64,19.55,16.76,50.2,25.0,reject
26,32.67,15.97,19.14,16.13,49.8,25.1,reject
26,32.85,16.1,19.25,16.32,49.5,25.1,reject
26,32.85,15.71,19.46,15.67,49.9,25.0,reject
26,32.67,15.84,19.57,15.65,49.9,25.0,reject
26,32.67,15.64,19.34,16.13,49.9,24.9,reject
26,32.49,15.97,19.22,16.13,50.0,25.0,reject
26,32.67,15.64,19.45,16.35,50.0,25.1,reject
26,32.49,15.58,19.45,16.68,50.1,25.0,reject
26,32.67,15.71,19.57,16.79,50.0,25.1,reject
26,32.49,15.77,19.55,15.45,50.1,25.1,reject
26,32.49,15.64,19.56,16.78,50.2,25.0,reject
26,32.49,15.58,19.34,16.3,50.2,25.1,reject
26,32.49,15.71,19.24,15.21,50.0,25.0,reject
26,32.32,15.71,19.49,16.09,50.1,25.1,reject
26,32.49,15.71,19.55,16.13,50.0,25.0,reject
26,32.49,15.9,19.13,15.81,49.9,25.1,reject
26,32.14,15.9,19.55,15.31,49.6,25.0,reject
26,32.67,15.71,19.56,16.77,50.1,25.0,reject
26,32.67,15.97,19.23,15.51,49.8,25.1,reject
26,32.85,16.03,19.24,16.36,49.5,25.0,reject
26,32.85,16.17,19.35,16.44,49.5,24.9,reject
26,32.67,15.71,19.24,16.5,49.9,25.1,reject
26,32.14,15.77,19.55,15.44,50.1,25.1,reject
26,32.67,15.9,19.13,15.81,49.9,25.1,reject
26,32.49,15.84,19.57,15.43,49.9,25.0,reject
26,32.67,15.77,19.58,16.79,50.1,25.0,reject
26,31.97,15.71,19.62,16.76,49.9,24.9,reject
26,32.67,15.84,19.24,15.09,49.7,25.0,reject
26,32.67,15.84,19.25,16.49,49.6,25.0,reject
26,32.67,15.97,19.24,16.45,49.9,25.0,reject
26,32.85,16.03,19.24,16.23,49.5,25.0,reject
26,32.67,16.03,19.24,15.5,49.8,25.1,reject
26,32.32,15.77,19.58,15.4,49.9,25.0,reject
26,32.67,16.03,19.24,16.45,49.9,25.1,reject
26,32.32,15.71,19.56,16.55,49.8,25.0,reject
26,32.49,15.71,19.22,15.55,49.9,25.1,reject
26,32.67,15.9,19.23,16.44,49.9,25.0,reject
26,31.97,15.71,19.51,15.42,50.0,25.1,reject
26,32.49,15.84,19.15,16.12,50.0,25.0,reject
26,32.49,15.64,19.2,16.13,50.1,25.0,reject
26,31.97,15.77,19.46,16.54,49.6,25.0,reject
26,31.97,15.71,19.49,15.72,50.0,25.1,reject
26,31.97,15.64,19.47,16.13,50.0,25.1,reject
26,32.32,15.71,19.61,16.79,50.1,25.0,reject
26,31.8,15.71,19.49,15.67,50.0,25.1,reject
26,31.97,15.71,19.55,16.14,49.9,25.0,reject
26,31.97,15.71,19.54,16.29,49.9,25.1,reject
26,32.67,15.77,19.49,15.43,50.0,25.0,reject
26,32.32,15.84,19.67,16.77,49.7,24.9,reject
26,32.14,15.9,19.55,15.45,49.6,25.0,reject
26,32.67,15.64,19.41,15.46,49.9,25.0,reject
26,32.67,15.97,19.33,16.45,49.6,24.9,reject
26,32.14,15.84,19.56,15.41,49.8,25.0,reject
26,32.67,16.1,19.29,16.45,49.9,25.0,reject
26,32.85,16.17,19.34,16.43,49.5,24.9,reject
26,32.67,15.71,19.55,16.69,50.0,25.1,reject
26,32.14,15.77,19.53,16.59,49.7,25.0,reject
26,31.97,15.71,19.54,16.29,49.9,25.0,reject
26,32.67,15.64,19.37,15.66,49.9,25.0,reject
26,32.49,15.77,19.14,16.12,50.0,25.0,reject
26,32.67,15.84,19.13,16.12,49.7,25.1,reject
26,32.67,15.9,19.24,16.46,49.9,25.0,reject
26,32.67,16.03,19.2,16.13,49.8,25.1,reject
26,31.8,15.71,19.46,16.37,50.1,25.1,reject
26,32.32,15.71,19.55,15.5,50.1,25.1,reject
26,32.85,16.1,19.23,16.07,49.6,25.1,reject
26,32.67,15.71,19.56,16.7,50.0,25.1,reject
26,32.67,15.64,19.47,16.62,49.7,24.9,reject
26,32.67,15.77,19.56,16.56,49.9,25.0,reject
26,32.14,15.64,19.58,16.79,50.0,25.1,reject
26,32.67,15.64,19.24,16.54,49.9,25.1,reject
26,32.14,15.84,19.53,15.19,49.5,25.0,reject
26,32.67,15.97,19.18,16.01,49.7,25.1,reject
26,32.67,15.77,19.24,16.47,49.8,25.1,reject
26,32.49,15.71,19.52,15.47,50.1,25.1,reject
26,32.67,15.64,19.24,15.27,50.0,25.1,reject
26,32.67,15.71,19.24,16.05,49.8,24.9,reject
26,32.14,15.9,19.56,15.66,49.7,25.0,reject
26,32.32,15.71,19.55,16.39,50.1,25.0,reject
26,32.49,15.71,19.23,16.29,49.7,25.0,reject
26,32.49,15.84,19.13,15.81,49.9,25.1,reject
26,32.67,15.84,19.67,16.77,49.8,24.9,reject
26,32.49,15.71,19.56,15.43,50.1,25.1,reject
26,31.8,15.64,19.36,16.21,49.6,25.1,reject
26,32.67,15.84,19.34,16.45,49.6,24.9,reject
26,32.67,15.97,19.13,16.13,49.9,25.1,reject
26,32.14,15.64,19.56,16.76,50.2,25.0,reject
26,32.14,15.71,19.56,16.13,49.9,25.0,reject
26,31.97,15.77,19.5,16.28,49.8,25.0,reject
26,32.32,15.71,19.48,16.12,50.1,25.1,reject
26,31.97,15.64,19.56,16.71,49.9,25.1,reject
26,32.49,15.58,19.34,16.62,50.1,25.0,reject
26,32.49,15.64,19.13,15.89,50.0,25.1,reject
26,32.49,15.64,19.13,15.94,50.0,25.1,reject
26,32.67,15.84,19.24,16.26,49.7,25.0,reject
26,32.67,16.03,19.23,16.13,50.0,25.0,reject
26,32.67,15.77,19.23,16.37,49.7,25.0,reject
26,32.67,15.77,19.48,16.39,50.0,25.1,reject
26,31.97,15.64,19.46,16.37,50.2,25.1,reject
26,32.14,15.84,19.67,16.7,49.6,24.9,reject
26,32.49,15.71,19.56,16.7,50.0,25.1,reject
26,32.49,15.58,19.17,15.93,50.0,25.1,reject
26,32.67,15.77,19.14,15.13,49.9,25.0,reject
26,31.97,15.77,19.56,15.28,49.8,25.0,reject
26,32.32,15.71,19.55,16.38,50.1,25.0,reject
26,32.85,16.03,19.34,16.44,49.5,24.9,reject
26,32.67,16.1,19.3,16.05,49.7,24.9,reject
26,32.67,15.64,19.24,16.53,49.9,25.1,reject
26,32.67,15.84,19.23,16.37,49.7,25.1,reject
26,31.97,15.77,19.45,15.22,49.5,25.0,reject
26,31.97,15.84,19.56,15.56,49.9,25.0,reject
26,32.49,15.71,19.47,16.05,50.1,25.1,reject
26,32.49,15.64,19.5,16.71,50.1,25.0,reject
26,32.49,15.71,19.59,16.79,50.1,25.0,reject
26,32.67,15.9,19.24,16.05,49.8,25.0,reject
26,32.49,15.77,19.58,15.36,49.9,25.0,reject
26,32.85,16.1,19.24,15.08,49.6,25.0,reject
26,32.85,16.17,19.25,16.32,49.5,25.1,reject
26,32.14,15.64,19.56,16.74,50.1,25.0,reject
26,32.67,16.1,19.21,16.13,49.8,25.1,reject
26,32.67,16.17,19.24,15.19,49.7,25.1,reject
26,32.32,15.71,19.57,16.54,49.8,25.0,reject
26,31.8,15.64,19.39,15.34,49.7,25.0,reject
26,32.85,16.1,19.34,16.44,49.6,25.0,reject
26,32.14,15.84,19.57,15.43,49.9,25.0,reject
26,32.14,15.84,19.53,15.49,49.6,25.0,reject
26,32.67,15.84,19.56,15.66,49.9,25.0,reject
26,32.32,15.71,19.63,16.79,50.0,24.9,reject
26,32.67,15.64,19.38,16.62,49.8,25.0,reject
26,32.49,15.71,19.13,16.13,50.0,25.1,reject
26,31.8,15.77,19.55,16.2,49.7,25.0,reject
26,31.97,15.77,19.55,16.7,50.0,25.0,reject
26,32.49,15.64,19.34,16.13,49.9,24.9,reject
26,31.97,15.77,19.56,16.52,49.6,25.0,reject
26,32.49,15.58,19.43,16.62,50.1,25.0,reject
26,31.97,15.71,19.64,16.78,50.0,24.9,reject
26,32.67,15.84,19.32,16.45,49.6,24.9,reject
26,32.67,16.03,19.23,16.45,49.8,25.0,reject
26,32.67,15.97,19.14,15.2,49.8,25.1,reject
26,32.49,15.71,19.46,16.43,50.2,25.1,reject
26,32.67,15.77,19.56,16.57,49.9,25.0,reject
26,32.14,15.71,19.55,15.44,50.1,25.1,reject
26,32.67,15.9,19.14,16.11,49.7,25.1,reject
26,32.32,15.71,19.55,16.3,50.0,25.1,reject
26,32.67,15.9,19.15,15.13,49.7,25.0,reject
26,31.97,15.71,19.55,16.71,50.0,25.0,reject
26,31.97,15.77,19.56,16.57,49.3,24.9,reject
26,32.49,15.71,19.51,16.37,50.2,25.0,reject
26,32.49,15.84,19.67,16.76,49.8,25.0,reject
26,32.85,15.71,19.47,16.62,50.0,25.1,reject
26,32.49,15.77,19.62,16.79,49.9,25.0,reject
26,32.49,15.84,19.15,16.13,50.0,25.0,reject
26,32.67,15.77,19.21,16.45,50.0,25.1,reject
26,31.97,15.77,19.54,16.19,49.7,25.1,reject
26,32.67,15.71,19.55,16.77,50.2,25.0,reject
26,32.67,16.03,19.23,16.02,49.6,25.1,reject
26,32.14,15.64,19.49,16.1,50.1,25.1,reject
26,32.67,15.58,19.35,16.54,50.0,25.1,reject
26,32.85,16.1,19.26,15.13,49.5,25.0,reject
26,31.97,15.77,19.55,16.3,50.0,25.0,reject
26,32.85,15.9,19.56,15.64,49.9,25.0,reject
26,32.49,15.71,19.15,16.13,50.1,25.0,reject
26,32.85,16.24,19.34,15.35,49.4,25.0,reject
26,32.85,16.24,19.34,15.34,49.4,25.0,reject
26,32.85,16.17,19.34,16.45,49.8,25.0,reject
26,32.32,15.71,19.53,15.5,50.0,25.0,reject
26,31.97,15.71,19.46,16.36,49.9,25.1,reject
26,31.97,15.71,19.55,15.43,50.0,25.0,reject
26,31.97,15.77,19.56,16.21,49.8,25.1,reject
26,32.67,15.77,19.14,16.05,49.8,25.1,reject
26,32.49,15.58,19.36,15.97,50.1,25.1,reject
26,32.49,15.77,19.24,16.46,50.0,25.0,reject
26,31.97,15.77,19.48,16.35,49.9,25.1,reject
26,32.32,15.71,19.48,16.14,50.1,25.1,reject
26,32.67,15.58,19.33,16.37,49.8,25.0,reject
26,32.32,15.71,19.56,16.68,50.0,25.1,reject
26,31.97,15.84,19.56,16.7,49.6,25.0,reject
26,32.49,15.58,19.45,16.29,50.1,25.0,reject
26,32.14,15.84,19.59,15.35,49.9,25.0,reject
26,32.49,15.84,19.21,15.5,49.8,25.0,reject
26,32.85,16.17,19.34,16.46,49.4,25.0,reject
26,31.8,15.64,19.53,16.29,50.1,25.0,reject
26,32.67,16.03,19.21,15.71,49.8,25.1,reject
26,32.49,15.51,19.31,15.58,50.0,25.1,reject
26,32.85,16.24,19.34,15.36,49.4,25.0,reject
26,31.8,15.71,19.44,15.5,49.7,25.1,reject
26,32.49,15.77,19.62,16.29,50.0,25.0,reject
26,32.67,16.03,19.2,15.31,49.7,25.0,reject
26,32.67,16.1,19.31,16.04,49.7,25.0,reject
26,31.97,15.64,19.57,16.78,50.0,25.1,reject
26,31.97,15.77,19.51,16.11,49.4,24.9,reject
26,32.67,15.71,19.55,16.76,50.2,25.1,reject
26,32.14,15.71,19.48,16.12,50.0,25.1,reject
26,32.85,16.1,19.28,15.28,49.5,25.0,reject
26,31.97,15.77,19.54,15.42,49.9,25.1,reject
26,32.49,15.77,19.55,15.43,50.1,25.1,reject
26,31.97,15.71,19.48,16.13,50.0,25.1,reject
26,32.49,15.77,19.5,15.65,50.0,25.0,reject
26,31.97,15.77,19.55,16.62,49.9,25.1,reject
26,32.32,15.71,19.56,16.68,50.0,25.0,reject
26,31.8,15.64,19.44,16.2,49.8,25.0,reject
26,32.67,15.58,19.34,15.35,50.0,25.0,reject
26,32.67,16.1,19.26,16.05,49.7,24.9,reject
26,32.49,15.77,19.63,16.3,49.9,24.9,reject
26,32.67,15.9,19.23,16.37,49.7,25.1,reject
26,32.32,15.77,19.67,16.75,49.7,24.9,reject
26,32.67,15.77,19.59,16.71,49.8,24.9,reject
26,32.67,15.71,19.2,15.28,50.0,25.1,reject
26,32.85,16.17,19.3,15.14,49.5,25.0,reject
26,32.32,15.71,19.55,16.32,50.0,25.1,reject
26,32.14,15.84,19.56,15.5,49.8,25.0,reject
26,32.49,15.77,19.67,16.77,49.8,25.0,reject
26,32.67,15.58,19.24,15.55,50.0,25.0,reject
26,32.67,16.03,19.24,16.44,49.8,25.1,reject
26,32.67,16.1,19.23,15.22,49.6,25.0,reject
26,31.97,15.84,19.58,16.73,49.7,25.0,reject
26,31.97,15.64,19.54,16.7,50.1,25.0,reject
26,32.67,16.03,19.22,16.08,49.6,25.1,reject
26,32.67,16.1,19.3,16.45,49.9,25.0,reject
26,32.32,15.64,19.58,16.79,50.0,25.1,reject
26,32.67,16.03,19.24,16.22,49.5,25.0,reject
26,32.49,15.64,19.17,16.05,49.9,25.1,reject
26,32.67,15.64,19.45,16.61,50.0,25.1,reject
26,32.49,15.71,19.57,16.79,50.0,25.1,reject
26,32.14,15.71,19.56,15.43,50.1,25.1,reject
26,32.67,15.71,19.33,16.54,49.7,25.0,reject
26,31.97,15.77,19.55,16.64,49.6,25.0,reject
26,32.67,15.77,19.24,16.05,49.8,24.9,reject
26,31.8,15.71,19.41,15.52,49.7,25.1,reject
26,32.49,15.71,19.15,16.13,49.8,25.1,reject
26,32.85,15.97,19.27,16.46,49.5,25.0,reject
26,32.85,15.97,19.24,16.46,49.7,25.1,reject
26,32.67,15.71,19.34,16.51,49.7,24.9,reject
26,31.97,15.77,19.6,16.71,49.8,25.0,reject
26,32.32,15.64,19.47,16.43,50.2,25.1,reject
26,32.67,16.1,19.24,15.13,49.7,25.0,reject
26,32.67,16.1,19.32,16.45,49.9,25.0,reject
26,32.49,15.58,19.24,16.13,49.9,25.1,reject
26,31.97,15.84,19.56,16.19,49.6,24.9,reject
26,32.49,15.71,19.56,16.56,49.8,25.0,reject
26,32.14,15.71,19.64,16.79,50.0,24.9,reject
26,32.32,15.84,19.67,16.73,49.7,24.9,reject
26,32.67,16.03,19.24,15.2,49.8,25.1,reject
26,32.67,15.97,19.24,16.45,49.9,25.1,reject
26,32.67,15.77,19.24,16.46,50.0,25.0,reject
26,32.67,16.03,19.21,15.28,49.7,25.0,reject
26,32.67,15.77,19.49,16.39,50.0,25.1,reject
26,32.49,16.03,19.23,16.13,50.0,25.0,reject
26,32.14,15.77,19.59,16.73,49.7,25.0,reject
26,32.67,15.77,19.28,15.28,49.8,25.0,reject
26,32.67,15.71,19.45,16.42,50.2,25.1,reject
26,32.85,16.1,19.24,16.33,49.5,25.0,reject
26,32.85,15.97,19.34,16.45,49.6,24.9,reject
26,32.49,15.77,19.2,15.5,49.9,25.1,reject
26,32.49,15.71,19.47,16.43,50.2,25.1,reject
26,32.14,15.77,19.53,15.38,50.0,25.1,reject
26,31.97,15.71,19.45,15.37,49.6,25.0,reject
26,32.67,16.1,19.24,16.01,49.6,25.1,reject
26,32.67,15.97,19.24,16.04,49.7,25.0,reject
26,31.97,15.9,19.56,15.35,49.6,25.0,reject
26,32.32,15.71,19.52,16.38,50.0,25.1,reject
26,31.97,15.71,19.56,15.51,50.1,25.1,reject
26,32.14,15.84,19.56,15.36,49.8,25.0,reject
26,32.67,16.1,19.24,15.44,49.8,25.1,reject
26,31.97,15.77,19.53,16.29,49.9,25.0,reject
26,32.85,16.1,19.27,15.2,49.5,25.0,reject
26,31.97,15.77,19.46,16.31,49.8,25.1,reject
26,31.97,15.71,19.62,16.73,49.9,24.9,reject
26,32.67,16.1,19.27,16.05,49.7,24.9,reject
26,31.97,15.71,19.55,16.36,50.1,25.0,reject
26,31.97,15.84,19.62,16.22,49.8,24.9,reject
26,32.49,15.77,19.55,16.39,50.2,25.0,reject
26,31.97,15.84,19.45,15.43,49.8,25.1,reject
26,32.67,15.84,19.24,16.45,49.9,25.0,reject
26,32.85,16.1,19.26,16.21,49.5,25.0,reject
26,32.49,15.58,19.24,16.19,49.9,25.1,reject
26,31.97,15.77,19.54,15.43,49.9,25.0,reject
26,32.67,16.1,19.24,16.07,49.5,25.1,reject
26,32.85,15.77,19.55,16.68,50.0,25.0,reject
26,32.85,16.03,19.18,15.28,49.7,25.0,reject
26,32.67,15.84,19.59,16.31,49.9,24.9,reject
26,32.67,15.97,19.24,16.04,49.8,25.0,reject
26,31.97,15.77,19.46,15.43,49.6,25.0,reject
26,31.97,15.64,19.55,16.72,50.2,25.0,reject
26,32.67,16.03,19.21,16.08,49.6,25.1,reject
26,32.85,16.1,19.33,16.45,49.4,25.0,reject
26,32.67,15.71,19.45,15.66,49.9,25.0,reject
26,32.67,16.1,19.24,15.2,49.6,25.0,reject
26,31.97,15.77,19.55,16.21,49.8,25.1,reject
26,32.32,15.84,19.59,15.39,49.9,25.0,reject
26,31.97,15.77,19.55,15.59,50.0,25.0,reject
26,32.67,15.64,19.2,16.13,49.9,25.1,reject
26,32.67,15.9,19.24,15.12,49.7,25.0,reject
26,31.8,15.71,19.45,16.31,50.0,25.1,reject
26,32.49,15.64,19.22,16.15,49.9,25.1,reject
26,32.49,15.71,19.55,15.43,50.1,25.1,reject
26,32.32,15.71,19.56,15.43,50.1,25.1,reject
26,32.67,15.97,19.24,16.46,49.7,25.1,reject
26,32.49,15.77,19.52,16.31,50.0,25.1,reject
26,32.67,15.84,19.57,15.43,49.9,25.0,reject
26,32.67,15.58,19.34,16.54,50.0,25.1,reject
26,31.97,15.77,19.56,16.53,49.8,25.1,reject
26,32.67,15.58,19.35,16.45,49.8,25.0,reject
26,32.49,15.71,19.51,16.38,50.0,25.1,reject
26,32.49,15.84,19.14,16.05,49.8,25.1,reject
26,32.85,16.17,19.31,15.41,49.5,25.0,reject
26,32.67,15.77,19.51,15.58,49.9,25.0,reject
26,31.8,15.71,19.56,16.7,50.1,25.0,reject
26,32.14,15.9,19.56,15.43,49.7,25.0,reject
26,31.8,15.58,19.34,16.12,49.5,25.1,reject
26,31.97,15.64,19.56,16.72,50.2,25.0,reject
26,32.85,15.97,19.24,16.36,49.5,25.0,reject
26,32.14,15.71,19.56,16.68,50.0,25.0,reject
26,32.67,15.71,19.55,16.77,50.2,25.1,reject
26,32.49,15.58,19.29,16.54,49.9,25.1,reject
26,32.85,16.03,19.34,16.44,49.6,25.0,reject
26,32.49,15.71,19.24,16.54,49.9,25.1,reject
26,32.14,15.64,19.5,16.06,50.1,25.1,reject
26,31.8,15.58,19.35,15.5,49.6,25.1,reject
26,31.97,15.77,19.59,16.27,49.9,25.0,reject
26,32.49,15.64,19.21,16.06,49.9,25.1,reject
26,32.14,15.64,19.46,16.4,50.2,25.1,reject
26,31.97,15.77,19.55,15.43,50.0,25.0,reject
26,31.8,15.77,19.45,15.66,49.8,25.1,reject
26,32.85,15.97,19.24,16.37,49.6,25.1,reject
26,31.97,15.77,19.56,16.65,49.6,24.9,reject
26,31.97,15.71,19.49,16.62,49.5,25.0,reject
26,32.67,16.1,19.28,16.21,49.5,25.0,reject
26,32.67,15.84,19.24,16.05,49.8,25.0,reject
26,32.67,15.9,19.13,16.13,49.9,25.1,reject
26,31.97,15.77,19.56,15.58,49.9,25.0,reject
26,32.67,15.71,19.34,15.4,49.8,25.0,reject
26,31.8,15.71,19.44,16.18,49.6,25.1,reject
26,32.67,16.03,19.26,16.46,49.9,25.0,reject
26,31.97,15.77,19.53,16.65,50.0,25.0,reject
26,31.97,15.77,19.58,16.7,49.7,25.0,reject
26,32.85,16.03,19.25,15.28,49.6,25.0,reject
26,31.97,15.71,19.56,16.18,49.9,25.0,reject
26,32.67,15.9,19.26,16.46,49.5,25.0,reject
26,31.97,15.64,19.55,16.32,50.1,25.0,reject
26,31.8,15.71,19.46,16.06,49.4,24.9,reject
26,32.67,15.97,19.17,16.01,49.7,25.1,reject
26,32.85,15.97,19.24,15.08,49.7,25.0,reject
26,32.67,15.84,19.26,15.2,49.8,25.0,reject
26,31.97,15.71,19.56,16.53,49.8,25.1,reject
26,31.97,15.77,19.56,15.34,49.8,25.0,reject
26,32.49,15.71,19.26,16.06,49.8,24.9,reject
26,32.67,15.71,19.56,16.79,50.0,25.1,reject
26,32.49,15.71,19.24,16.5,50.0,25.0,reject
26,32.14,15.9,19.64,16.62,49.4,25.0,reject
26,32.67,15.71,19.24,16.37,49.8,25.0,reject
26,31.97,15.84,19.63,16.23,49.8,24.9,reject
26,32.85,16.1,19.24,15.07,49.7,25.0,reject
26,32.67,15.77,19.23,16.28,49.7,25.0,reject
26,32.49,15.71,19.47,16.44,50.2,25.1,reject
26,32.67,15.97,19.13,15.81,49.9,25.1,reject
26,32.85,16.03,19.29,16.45,49.4,25.0,reject
26,32.85,15.77,19.6,16.79,49.9,25.0,reject
26,32.85,16.1,19.34,16.44,49.5,24.9,reject
26,32.49,15.71,19.5,16.38,50.0,25.1,reject
26,31.97,15.71,19.55,16.63,49.6,24.9,reject
26,32.67,15.97,19.13,15.86,49.9,25.1,reject
26,32.67,15.9,19.24,15.21,49.7,25.0,reject
26,31.97,15.71,19.46,15.17,49.5,25.0,reject
26,32.14,15.77,19.56,15.6,50.0,25.0,reject
26,32.14,15.84,19.59,16.62,49.4,25.0,reject
26,32.14,15.9,19.67,16.7,49.5,24.9,reject
26,31.97,15.71,19.48,16.29,49.9,25.1,reject
26,32.49,15.9,19.17,16.12,50.0,25.0,reject
26,32.14,15.84,19.56,15.38,49.7,25.0,reject
26,32.14,15.64,19.56,16.76,50.1,25.0,reject
26,32.49,15.51,19.24,16.27,50.2,25.1,reject
26,32.14,15.77,19.66,16.7,49.6,24.9,reject
26,32.49,15.9,19.24,16.45,49.9,25.0,reject
26,32.67,15.77,19.5,15.43,50.0,25.0,reject
26,32.49,15.84,19.62,16.29,50.0,25.0,reject
26,32.14,15.77,19.56,16.49,49.6,25.0,reject
26,31.97,15.77,19.53,16.45,49.5,25.0,reject
26,31.97,15.77,19.56,16.53,49.7,25.0,reject
26,32.14,15.71,19.5,16.37,50.0,25.1,reject
26,32.67,16.1,19.23,16.02,49.6,25.1,reject
26,32.67,15.77,19.13,15.14,49.9,25.1,reject
26,31.8,15.71,19.43,16.25,49.6,25.1,reject
26,31.97,15.77,19.64,16.75,49.9,24.9,reject
26,32.49,15.51,19.35,16.62,50.2,25.1,reject
26,32.85,16.1,19.24,16.33,49.5,25.1,reject
26,32.67,15.84,19.23,16.37,49.7,25.0,reject
26,32.14,15.84,19.56,15.66,49.7,25.0,reject
26,31.97,15.71,19.56,16.71,49.9,25.1,reject
26,32.67,15.9,19.15,16.0,49.7,25.1,reject
26,32.67,16.03,19.34,16.45,49.6,25.0,reject
26,32.14,15.84,19.59,16.2,49.7,24.9,reject
26,32.49,15.71,19.56,16.1,50.0,25.0,reject
26,32.67,16.1,19.23,15.66,49.8,25.1,reject
26,32.67,15.77,19.33,15.34,49.8,25.0,reject
26,32.67,15.64,19.38,16.14,49.9,24.9,reject
26,32.49,15.64,19.56,16.77,50.2,25.0,reject
26,32.67,16.1,19.24,16.08,49.5,25.1,reject
26,32.49,15.9,19.13,16.13,49.9,25.1,reject
26,32.67,15.64,19.39,16.54,49.8,25.0,reject
26,32.49,15.58,19.22,15.97,50.0,25.1,reject
26,32.67,15.9,19.33,16.45,49.6,25.0,reject
26,31.97,15.77,19.45,16.21,49.6,25.1,reject
26,31.97,15.84,19.56,15.56,49.8,24.9,reject
26,31.97,15.64,19.52,16.62,49.9,25.0,reject
26,32.67,16.03,19.24,16.21,49.5,25.0,reject
26,32.85,15.84,19.56,15.51,49.9,25.0,reject
26,32.14,15.71,19.58,16.79,50.0,25.1,reject
26,32.49,15.64,19.45,16.29,50.0,25.1,reject
26,32.49,15.71,19.23,15.21,50.0,25.0,reject
26,31.97,15.71,19.54,16.62,49.9,25.0,reject
26,32.49,15.58,19.34,16.57,50.0,25.0,reject
26,32.49,15.71,19.56,16.57,49.8,25.0,reject
26,32.49,15.71,19.21,15.5,49.9,25.1,reject
26,31.97,15.77,19.55,16.46,49.5,25.0,reject
26,32.67,15.97,19.24,15.19,49.6,25.0,reject
26,32.14,15.71,19.55,16.65,50.0,25.1,reject
26,31.97,15.77,19.66,16.7,49.6,24.9,reject
26,31.97,15.84,19.46,15.45,49.8,25.1,reject
26,32.49,15.9,19.19,16.12,50.0,25.0,reject
26,31.97,15.84,19.55,16.47,49.5,25.0,reject
26,32.49,15.71,19.55,16.07,50.0,25.0,reject
26,32.67,15.84,19.22,16.45,49.9,25.0,reject
26,31.97,15.77,19.57,16.21,49.8,24.9,reject
26,32.67,15.97,19.23,15.21,49.9,25.1,reject
26,31.8,15.58,19.34,16.19,49.6,25.1,reject
26,32.67,16.1,19.22,15.22,49.6,25.0,reject
26,32.85,15.77,19.55,16.69,50.0,25.0,reject
26,32.49,15.51,19.24,16.21,50.2,25.1,reject
26,32.67,15.97,19.24,15.2,49.6,25.0,reject
26,32.67,15.97,19.15,16.09,49.6,25.1,reject
26,32.32,15.51,19.24,16.21,50.1,25.0,reject
26,32.49,15.58,19.2,16.2,50.1,25.1,reject
26,31.8,15.71,19.46,16.25,49.8,25.0,reject
26,31.97,15.71,19.55,15.45,50.0,25.1,reject
26,32.32,15.71,19.56,16.12,50.0,25.0,reject
26,31.97,15.77,19.45,16.29,49.7,25.1,reject
26,32.67,15.71,19.56,16.79,50.1,25.0,reject
26,32.32,15.64,19.57,16.79,50.0,25.1,reject
26,32.85,16.03,19.24,16.34,49.5,25.0,reject
26,32.85,16.1,19.24,15.13,49.6,25.0,reject
26,32.67,15.84,19.67,16.76,49.8,24.9,reject
26,32.67,15.64,19.37,15.5,50.0,25.1,reject
26,32.14,15.9,19.55,15.18,49.6,25.0,reject
26,32.49,15.97,19.21,16.13,50.0,25.0,reject
26,32.49,15.84,19.13,15.86,49.9,25.1,reject
26,32.14,15.9,19.66,16.65,49.5,24.9,reject
26,32.67,15.84,19.14,16.05,49.8,25.1,reject
26,32.67,15.84,19.24,16.46,50.0,25.0,reject
26,32.14,15.71,19.46,16.41,50.2,25.1,reject
26,32.49,15.77,19.13,15.87,50.0,25.1,reject
26,31.97,15.64,19.45,16.6,49.5,25.0,reject
26,31.97,15.84,19.57,15.63,49.8,25.0,reject
26,32.67,16.1,19.24,16.45,49.8,25.1,reject
26,32.85,15.97,19.24,15.06,49.6,25.0,reject
26,32.85,16.03,19.24,15.21,49.6,25.0,reject
26,32.67,15.64,19.24,16.31,49.8,25.0,reject
26,31.97,15.77,19.55,16.2,49.7,25.0,reject
26,31.97,15.84,19.48,15.43,49.9,25.0,reject
26,31.97,15.84,19.45,15.53,49.8,25.1,reject
26,32.67,15.9,19.22,15.51,49.8,25.0,reject
26,32.67,15.77,19.62,16.79,49.9,25.1,reject
26,32.85,15.84,19.24,15.2,49.7,25.0,reject
26,31.8,15.64,19.45,16.36,50.2,25.1,reject
26,32.49,15.58,19.43,15.89,50.0,25.0,reject
26,32.85,15.9,19.56,15.33,49.9,25.0,reject
26,32.49,15.71,19.54,16.05,50.0,25.1,reject
26,32.49,15.84,19.59,15.49,49.9,25.0,reject
26,32.67,15.97,19.24,16.21,49.6,25.0,reject
26,32.67,15.9,19.24,16.22,49.6,25.0,reject
26,32.85,16.17,19.34,15.46,49.5,25.0,reject
26,32.67,15.58,19.34,16.41,49.8,25.0,reject
26,31.97,15.84,19.51,15.47,49.7,25.0,reject
26,32.67,16.1,19.34,16.45,49.8,25.0,reject
26,31.8,15.71,19.45,15.58,49.8,25.1,reject
26,31.97,15.77,19.55,16.62,49.8,25.1,reject
26,31.97,15.77,19.55,16.61,49.8,25.1,reject
26,32.49,15.97,19.2,16.12,50.0,25.0,reject
26,32.85,16.17,19.31,15.13,49.5,25.0,reject
26,32.67,16.03,19.15,16.13,49.8,25.1,reject
26,31.8,15.64,19.45,15.58,50.0,25.1,reject
26,32.49,15.51,19.34,15.89,50.1,25.1,reject
26,32.67,15.64,19.51,16.71,50.0,25.1,reject
26,31.97,15.71,19.56,16.37,50.1,25.0,reject
26,32.14,15.9,19.66,16.67,49.5,24.9,reject
26,32.67,16.03,19.24,16.05,49.7,25.0,reject
26,32.14,15.64,19.47,16.41,50.2,25.1,reject
26,32.14,15.84,19.56,15.43,49.8,25.0,reject
26,32.49,15.84,19.13,16.13,50.0,25.1,reject
26,32.67,16.03,19.24,16.45,49.9,25.0,reject
26,32.49,15.58,19.24,16.12,49.9,25.1,reject
26,32.49,15.9,19.16,16.12,50.0,25.0,reject
26,32.49,15.64,19.23,16.45,50.0,25.0,reject
26,32.49,15.77,19.63,16.79,49.9,25.0,reject
26,32.67,15.84,19.56,15.58,49.9,25.0,reject
26,32.67,15.77,19.6,16.79,49.9,25.0,reject
26,32.67,15.77,19.23,15.2,49.9,25.0,reject
26,31.97,15.71,19.53,16.54,49.3,25.0,reject
26,32.67,15.77,19.24,15.13,49.8,25.0,reject
26,32.49,15.71,19.61,16.79,50.1,25.0,reject
26,31.97,15.77,19.56,15.58,50.0,25.0,reject
26,32.67,15.97,19.23,16.44,49.9,25.1,reject
26,31.8,15.71,19.46,15.49,50.0,25.1,reject
26,32.49,15.51,19.3,16.54,50.2,25.1,reject
26,32.85,16.1,19.24,15.13,49.7,25.0,reject
26,31.97,15.71,19.51,16.63,49.9,25.0,reject
26,32.49,15.58,19.3,16.37,49.8,25.0,reject
26,32.67,16.03,19.2,16.08,49.6,25.1,reject
26,31.97,15.84,19.56,15.58,49.9,25.0,reject
26,32.14,15.71,19.56,16.38,50.1,25.0,reject
26,32.67,15.84,19.24,15.07,49.7,25.0,reject
26,31.97,15.71,19.55,16.62,50.0,25.1,reject
26,32.14,15.77,19.56,16.52,49.6,25.0,reject
26,32.67,15.58,19.27,15.28,50.0,25.1,reject
26,32.67,16.1,19.24,15.2,49.7,25.1,reject
26,32.14,15.84,19.67,16.71,49.6,24.9,reject
26,31.97,15.84,19.5,15.43,49.9,25.1,reject
26,32.67,16.1,19.24,16.21,49.5,25.0,reject
26,31.97,15.71,19.44,16.29,50.0,25.1,reject
26,31.8,15.64,19.45,15.73,50.0,25.1,reject
26,32.67,16.17,19.23,15.2,49.6,25.0,reject
26,32.49,15.84,19.13,16.13,49.9,25.1,reject
26,31.8,15.77,19.53,16.29,49.8,25.1,reject
26,32.32,15.71,19.57,16.79,50.0,25.1,reject
26,31.97,15.84,19.57,16.2,49.6,24.9,reject
26,32.67,15.64,19.45,16.6,49.7,24.9,reject
26,32.67,15.84,19.58,16.3,49.9,24.9,reject
26,31.97,15.77,19.55,16.68,49.6,25.0,reject
26,32.67,16.03,19.18,16.13,49.8,25.1,reject
26,32.67,15.84,19.14,15.14,49.9,25.1,reject
26,32.67,15.9,19.24,15.2,49.7,25.0,reject
26,32.67,16.03,19.24,15.14,49.7,25.0,reject
26,31.8,15.71,19.52,16.62,49.6,24.9,reject
26,32.67,15.84,19.25,16.47,49.5,25.0,reject
26,31.8,15.71,19.46,16.37,50.2,25.1,reject
26,32.67,15.64,19.34,15.31,49.8,25.0,reject
26,32.67,15.64,19.34,16.61,49.8,25.0,reject
26,31.97,15.77,19.5,15.43,49.9,25.1,reject
26,31.97,15.64,19.55,16.21,49.8,25.0,reject
26,31.97,15.84,19.56,15.55,49.9,25.0,reject
26,31.97,15.84,19.6,16.21,49.7,24.9,reject
26,32.67,15.9,19.14,16.03,49.7,25.1,reject
26,31.97,15.84,19.58,16.21,49.7,24.9,reject
26,32.14,15.71,19.52,15.42,50.0,25.0,reject
26,31.97,15.71,19.56,16.14,49.9,25.1,reject
26,32.49,15.71,19.56,16.11,50.0,25.0,reject
26,32.49,15.71,19.47,16.13,50.1,25.1,reject
26,32.67,15.9,19.14,16.12,49.7,25.1,reject
26,32.67,15.77,19.24,16.29,49.7,25.0,reject
26,32.67,15.97,19.26,16.48,49.5,25.0,reject
26,32.67,15.58,19.34,16.61,50.0,25.1,reject
26,32.67,15.71,19.34,15.58,49.8,25.0,reject
26,32.14,15.84,19.5,15.26,49.5,25.0,reject
26,31.97,15.71,19.45,15.35,49.8,25.1,reject
26,31.8,15.71,19.56,16.35,50.0,25.0,reject
26,32.49,15.64,19.21,15.34,49.9,25.0,reject
26,32.49,15.77,19.19,15.49,49.9,25.1,reject
26,31.97,15.71,19.46,16.37,49.9,25.1,reject
26,32.85,16.1,19.25,15.28,49.5,25.0,reject
26,32.67,16.03,19.24,16.44,49.8,25.0,reject
26,32.49,15.64,19.13,16.13,50.1,25.1,reject
26,32.67,15.9,19.23,16.36,49.7,25.1,reject
26,32.32,15.71,19.52,16.37,50.0,25.1,reject
26,32.67,15.58,19.25,16.21,49.9,25.1,reject
26,31.8,15.64,19.45,16.37,50.2,25.1,reject
26,32.67,15.97,19.18,16.09,49.6,25.1,reject
26,32.14,15.9,19.56,15.2,49.6,25.0,reject
26,31.97,15.9,19.57,15.66,49.7,25.0,reject
26,32.67,15.9,19.23,16.45,49.9,25.0,reject
26,32.14,15.71,19.48,16.37,49.9,25.0,reject
26,32.32,15.64,19.23,16.15,50.1,25.0,reject
26,32.67,15.84,19.13,16.04,49.7,25.1,reject
26,31.97,15.64,19.55,16.71,50.1,25.0,reject
26,31.97,15.71,19.48,16.37,49.9,25.0,reject
26,32.85,16.17,19.33,15.5,49.5,25.0,reject
26,32.49,15.9,19.22,15.5,49.8,25.0,reject
26,32.49,15.64,19.24,15.5,50.0,25.0,reject
26,32.49,15.84,19.21,15.5,49.9,25.1,reject
26,32.67,16.03,19.24,16.46,49.7,25.1,reject
26,32.67,16.17,19.33,16.05,49.7,25.0,reject
26,32.67,15.64,19.33,16.12,49.9,25.0,reject
26,32.67,15.9,19.22,16.45,49.9,25.0,reject
26,32.67,15.64,19.34,16.54,49.7,25.0,reject
26,32.67,15.97,19.24,16.36,49.6,25.1,reject
26,32.67,15.9,19.14,15.13,49.8,25.1,reject
26,32.14,15.71,19.56,16.54,49.8,25.1,reject
26,32.14,15.84,19.56,16.61,49.3,24.9,reject
26,31.8,15.77,19.54,16.29,49.8,25.1,reject
26,32.67,16.1,19.34,16.45,49.9,25.0,reject
26,32.14,15.9,19.56,15.34,49.6,25.0,reject
26,32.67,15.84,19.14,16.12,49.7,25.1,reject
26,32.14,15.9,19.66,16.69,49.5,24.9,reject
26,32.67,15.77,19.54,15.44,50.1,25.1,reject
26,32.67,15.64,19.34,16.56,49.7,25.0,reject
26,31.97,15.77,19.63,16.73,49.9,25.0,reject
26,32.85,15.9,19.25,16.46,49.5,25.0,reject
26,32.67,15.71,19.55,16.69,50.0,25.0,reject
26,32.85,15.84,19.24,15.27,49.7,25.0,reject
26,32.67,15.77,19.46,16.39,50.0,25.1,reject
26,31.8,15.64,19.39,16.26,49.9,25.1,reject
26,32.67,16.03,19.27,16.46,49.9,25.0,reject
26,32.67,16.03,19.24,16.21,49.6,25.0,reject
26,32.49,15.71,19.14,16.13,50.0,25.0,reject
26,31.8,15.71,19.45,16.13,49.5,25.0,reject
26,32.67,16.1,19.33,16.45,49.9,25.0,reject
26,32.32,15.71,19.55,16.38,50.2,25.0,reject
26,32.67,15.77,19.51,15.5,50.1,25.1,reject
26,32.67,15.71,19.24,15.18,49.8,25.0,reject
26,31.97,15.71,19.56,16.21,49.8,25.0,reject
26,31.97,15.9,19.56,15.55,49.7,25.0,reject
26,32.32,15.77,19.6,16.79,49.8,25.0,reject
26,32.49,15.71,19.53,16.31,50.0,25.1,reject
26,32.67,15.64,19.34,15.42,49.9,25.0,reject
26,32.67,15.77,19.15,15.13,49.9,25.0,reject
26,32.67,16.03,19.21,16.01,49.7,25.1,reject
26,32.49,15.77,19.63,16.29,49.9,24.9,reject
26,31.97,15.77,19.51,15.42,49.9,25.1,reject
26,32.14,15.77,19.56,15.5,49.8,25.0,reject
26,32.49,15.64,19.22,15.5,49.9,25.1,reject
26,32.49,15.77,19.13,16.13,50.0,25.1,reject
26,31.8,15.64,19.55,16.32,50.0,25.0,reject
26,31.97,15.84,19.55,15.51,49.7,24.9,reject
26,32.85,16.17,19.34,16.45,49.3,25.0,reject
26,31.97,15.77,19.47,15.43,50.0,25.1,reject
26,31.8,15.71,19.46,16.36,50.1,25.1,reject
26,32.32,15.71,19.56,16.13,50.0,25.0,reject
26,32.49,15.71,19.49,16.39,50.0,25.1,reject
26,32.67,15.71,19.23,16.37,49.7,25.0,reject
26,32.67,15.84,19.13,15.13,49.8,25.1,reject
26,31.8,15.64,19.38,16.13,49.5,25.1,reject
26,31.8,15.71,19.37,15.42,49.7,25.1,reject
26,32.67,15.97,19.24,15.13,49.8,25.0,reject
26,32.49,15.71,19.13,15.89,50.0,25.1,reject
26,32.67,16.03,19.19,15.66,49.8,25.1,reject
26,32.85,16.1,19.28,16.46,49.6,25.1,reject
26,32.67,15.64,19.24,16.39,49.8,25.0,reject
26,32.49,15.51,19.34,15.8,50.0,25.1,reject
26,32.67,15.84,19.23,15.21,49.9,25.0,reject
26,31.97,15.71,19.57,16.76,50.0,25.1,reject
26,32.67,15.64,19.25,16.54,49.9,25.1,reject
26,31.97,15.77,19.46,16.23,49.6,25.1,reject
26,32.67,15.77,19.56,16.58,49.8,25.0,reject
26,32.32,15.58,19.24,16.2,50.1,25.0,reject
26,32.85,16.03,19.33,16.45,49.4,25.0,reject
26,32.67,15.71,19.27,15.2,49.8,25.0,reject
26,32.49,15.71,19.48,16.06,50.1,25.1,reject
26,32.85,16.17,19.24,15.13,49.7,25.0,reject
26,31.97,15.71,19.45,16.54,49.6,25.0,reject
26,32.14,15.71,19.55,16.37,50.1,25.0,reject
26,32.32,15.51,19.31,16.21,50.1,25.0,reject
26,32.49,15.77,19.6,16.79,49.9,25.1,reject
26,31.8,15.71,19.45,16.29,50.0,25.1,reject
26,32.49,15.58,19.23,16.1,49.9,25.1,reject
26,32.14,15.77,19.63,16.29,49.9,25.0,reject
26,32.49,15.77,19.67,16.77,49.7,24.9,reject
26,32.49,15.71,19.17,16.05,49.8,25.1,reject
26,31.97,15.77,19.48,15.79,49.9,25.1,reject
26,32.14,15.71,19.55,16.29,49.9,25.1,reject
26,32.67,16.1,19.24,15.98,49.6,25.1,reject
26,32.67,15.77,19.24,15.11,49.8,25.0,reject
26,32.67,15.9,19.22,15.5,49.8,25.0,reject
26,32.67,15.97,19.23,15.65,49.7,25.0,reject
26,32.14,15.77,19.56,15.59,50.0,25.0,reject
26,31.97,15.71,19.56,16.21,49.8,24.9,reject
26,32.32,15.71,19.53,15.45,50.1,25.1,reject
26,32.49,15.51,19.35,15.87,50.0,25.0,reject
26,32.67,15.71,19.45,15.43,50.1,25.1,reject
26,31.97,15.64,19.45,16.37,50.2,25.1,reject
26,32.67,15.9,19.13,15.83,49.9,25.1,reject
26,32.14,15.77,19.6,16.79,49.8,25.0,reject
26,32.85,16.1,19.34,16.44,49.5,25.0,reject
26,32.14,15.84,19.56,16.71,49.7,25.0,reject
26,32.49,15.71,19.55,16.39,50.2,25.0,reject
26,31.8,15.71,19.45,16.36,50.1,25.1,reject
26,32.32,15.71,19.55,16.31,50.0,25.1,reject
26,32.67,15.71,19.17,15.19,50.0,25.1,reject
26,31.97,15.77,19.46,15.37,49.8,25.1,reject
26,31.97,15.84,19.54,15.49,49.7,25.0,reject
26,32.49,15.64,19.44,16.37,50.2,25.1,reject
26,32.67,15.71,19.23,16.29,49.7,25.0,reject
26,32.49,15.71,19.46,16.05,50.1,25.1,reject
26,32.14,15.77,19.51,15.45,50.0,25.1,reject
26,32.14,15.77,19.55,15.29,49.8,25.0,reject
26,32.67,15.58,19.45,16.7,50.0,25.1,reject
26,32.49,15.58,19.26,16.13,49.9,25.1,reject
26,32.67,15.97,19.15,16.13,49.8,25.1,reject
26,32.67,16.1,19.25,16.04,49.7,24.9,reject
26,31.97,15.84,19.55,16.13,49.5,24.9,reject
26,32.67,15.97,19.23,15.5,49.8,25.1,reject
26,31.97,15.77,19.47,16.33,49.8,25.1,reject
26,32.49,15.58,19.23,15.5,50.0,25.1,reject
26,32.67,15.77,19.55,15.43,50.1,25.1,reject
26,32.49,15.77,19.14,16.13,50.0,25.0,reject
26,32.67,15.58,19.26,16.46,49.9,25.1,reject
26,32.49,15.64,19.45,16.05,50.0,25.1,reject
26,32.49,15.51,19.24,15.53,49.9,25.0,reject
26,31.97,15.77,19.53,16.29,49.8,25.1,reject
26,31.8,15.71,19.46,16.62,49.9,25.0,reject
26,32.67,15.58,19.34,16.28,50.0,25.1,reject
26,32.49,15.71,19.62,16.79,50.1,25.0,reject
26,32.67,16.1,19.24,15.45,49.8,25.1,reject
26,31.97,15.64,19.44,16.09,49.5,25.0,reject
26,32.67,15.77,19.28,16.53,49.6,25.0,reject
26,32.67,16.03,19.24,16.05,49.7,24.9,reject
26,31.8,15.58,19.45,16.31,50.2,25.1,reject
26,32.14,15.84,19.66,16.71,49.6,24.9,reject
26,31.97,15.64,19.45,16.29,49.9,25.1,reject
27,32.67,15.97,19.15,15.89,49.6,24.9,reject
27,32.85,16.24,19.24,16.05,49.6,25.0,reject
27,32.85,15.77,19.23,16.06,50.2,25.0,reject
27,32.67,15.58,19.24,16.13,50.1,25.1,reject
27,32.49,15.58,19.16,15.8,50.0,25.1,reject
27,32.85,15.97,19.14,16.05,49.8,25.1,reject
27,32.14,15.77,19.5,16.3,50.2,25.0,reject
27,32.49,15.51,19.24,15.68,50.3,25.1,reject
27,31.97,15.71,19.44,16.13,49.7,24.9,reject
27,32.14,15.9,19.48,16.27,49.9,25.0,reject
27,31.97,15.64,19.44,16.05,50.1,25.0,reject
27,31.97,15.64,19.35,15.89,49.7,25.1,reject
27,32.85,15.84,19.47,16.36,50.2,25.0,reject
27,32.67,15.71,19.21,16.11,49.9,25.0,reject
27,32.67,16.03,19.17,15.95,50.0,25.0,reject
27,32.32,15.77,19.51,16.3,50.0,25.1,reject
27,31.97,15.77,19.45,15.97,49.8,25.1,reject
27,32.67,15.9,19.14,16.05,50.0,25.0,reject
27,31.97,15.71,19.51,16.2,50.0,24.9,reject
27,32.67,16.03,19.15,15.53,50.0,25.1,reject
27,32.67,16.1,19.24,15.43,49.8,25.0,reject
27,32.14,15.64,19.5,15.83,50.2,25.0,reject
27,32.67,15.77,19.47,16.36,50.2,25.0,reject
27,32.67,15.97,19.13,15.97,50.0,25.0,reject
27,31.97,15.71,19.38,16.13,50.0,25.0,reject
27,32.67,15.97,19.13,15.74,49.8,25.1,reject
27,32.32,15.64,19.45,16.11,50.2,25.1,reject
27,32.67,15.71,19.43,16.29,50.0,25.0,reject
27,32.67,15.71,19.45,16.13,50.1,25.0,reject
27,32.32,15.64,19.5,15.83,50.2,25.0,reject
27,31.97,15.77,19.45,15.85,49.7,25.1,reject
27,32.67,16.1,19.23,15.96,49.9,25.0,reject
27,31.97,15.71,19.45,16.12,50.0,25.0,reject
27,32.85,16.1,19.14,15.97,49.8,25.1,reject
27,32.67,15.77,19.45,15.92,50.2,25.1,reject
27,32.67,15.84,19.15,16.05,49.8,25.0,reject
27,32.67,15.58,19.14,15.92,50.0,25.0,reject
27,32.49,15.71,19.24,15.24,50.0,25.0,reject
27,32.67,15.84,19.13,15.96,50.0,24.9,reject
27,32.49,15.51,19.24,16.13,50.3,25.0,reject
27,32.85,16.1,19.24,15.43,49.9,25.0,reject
27,32.14,15.71,19.45,16.13,50.1,25.0,reject
27,32.67,15.84,19.13,15.6,49.9,25.1,reject
27,32.49,15.71,19.24,15.42,50.0,25.0,reject
27,32.14,15.84,19.51,16.13,49.9,25.0,reject
27,31.8,15.64,19.46,15.81,50.1,25.0,reject
27,32.49,15.84,19.57,16.35,50.2,24.9,reject
27,32.14,15.77,19.45,16.21,50.0,25.0,reject
27,32.49,15.51,19.24,15.89,50.0,25.1,reject
27,32.67,15.77,19.23,16.06,50.2,25.0,reject
27,32.67,15.77,19.53,16.3,50.4,25.0,reject
27,32.67,15.71,19.13,15.66,50.0,25.1,reject
27,32.49,15.77,19.56,16.36,50.2,24.9,reject
27,31.97,15.84,19.47,16.28,49.8,25.0,reject
27,32.49,15.71,19.45,16.05,50.1,25.1,reject
27,31.97,15.84,19.48,16.13,49.9,25.0,reject
27,31.97,15.84,19.45,16.21,49.8,25.0,reject
27,32.67,15.84,19.48,16.29,50.2,25.0,reject
27,32.85,15.71,19.34,16.21,50.0,24.9,reject
27,32.14,15.64,19.46,16.01,50.0,25.1,reject
27,32.49,15.64,19.12,15.97,50.2,25.0,reject
27,32.67,15.84,19.13,15.57,50.1,25.1,reject
27,32.67,15.84,19.52,16.21,49.9,24.9,reject
27,32.85,16.03,19.2,16.04,50.1,25.1,reject
27,32.67,15.71,19.13,15.65,50.0,25.1,reject
27,32.85,15.71,19.36,16.21,50.3,25.0,reject
27,32.67,15.9,19.13,15.8,49.9,25.0,reject
27,32.67,15.84,19.53,16.3,50.4,25.0,reject
27,32.85,16.17,19.23,15.89,49.5,24.9,reject
27,32.67,15.58,19.24,16.05,50.1,24.9,reject
27,32.85,16.03,19.23,16.05,49.8,25.0,reject
27,33.03,16.17,19.24,16.05,49.7,25.0,reject
27,32.49,15.71,19.13,15.58,50.1,25.0,reject
27,32.14,15.84,19.46,16.23,49.7,25.0,reject
27,32.67,15.77,19.45,16.13,50.1,25.0,reject
27,32.32,15.77,19.55,16.29,50.4,25.0,reject
27,32.67,15.71,19.45,16.29,50.3,25.0,reject
27,32.14,15.84,19.46,16.13,49.9,25.0,reject
27,32.85,16.1,19.24,16.05,50.1,25.0,reject
27,31.97,15.77,19.44,15.81,50.0,25.1,reject
27,32.32,15.84,19.57,16.32,50.2,24.9,reject
27,32.49,15.64,19.27,15.49,50.0,25.0,reject
27,32.67,15.84,19.56,15.65,50.1,25.0,reject
27,32.14,15.71,19.48,15.97,49.9,25.1,reject
27,32.49,15.71,19.46,16.29,50.3,25.0,reject
27,32.85,15.97,19.23,16.05,50.1,25.0,reject
27,32.67,15.84,19.13,15.88,49.8,25.0,reject
27,32.85,15.64,19.34,16.21,50.3,25.0,reject
27,32.49,15.64,19.13,15.78,50.0,25.1,reject
27,31.97,15.64,19.45,15.97,50.0,25.1,reject
27,32.49,15.58,19.34,16.13,50.1,25.0,reject
27,32.67,15.64,19.13,15.66,50.0,25.1,reject
27,32.67,15.84,19.56,16.29,50.1,25.0,reject
27,31.97,15.71,19.44,16.05,50.1,25.1,reject
27,32.14,15.64,19.45,16.07,50.1,25.0,reject
27,32.67,15.71,19.13,16.04,50.0,25.1,reject
27,32.67,15.9,19.13,15.58,49.9,25.1,reject
27,32.85,15.71,19.32,16.16,50.0,24.9,reject
27,32.85,15.77,19.46,16.31,50.0,25.0,reject
27,32.85,15.84,19.13,16.06,50.0,25.0,reject
27,32.67,15.71,19.45,16.05,50.1,25.1,reject
27,32.67,15.77,19.48,16.22,50.1,24.9,reject
27,32.85,16.1,19.23,16.04,50.0,25.1,reject
27,32.85,15.77,19.45,16.29,50.4,25.0,reject
27,32.85,16.1,19.24,16.05,49.8,24.9,reject
27,32.49,15.71,19.48,15.97,50.0,25.1,reject
27,32.67,15.64,19.13,15.89,50.0,25.0,reject
27,32.67,15.64,19.25,16.03,49.9,25.0,reject
27,32.67,15.71,19.19,16.12,50.1,25.0,reject
27,31.97,15.77,19.46,15.91,49.8,25.1,reject
27,31.97,15.71,19.39,15.97,50.0,25.1,reject
27,32.67,15.97,19.14,15.5,50.0,25.1,reject
27,31.97,15.77,19.43,16.2,49.7,25.0,reject
27,32.14,15.84,19.45,16.19,50.1,25.0,reject
27,32.49,15.84,19.56,15.65,50.1,25.0,reject
27,31.97,15.71,19.42,16.04,49.7,24.9,reject
27,32.49,15.58,19.24,16.02,50.1,25.0,reject
27,32.49,15.84,19.56,16.34,50.1,25.0,reject
27,32.85,16.1,19.22,16.05,49.9,25.0,reject
27,32.67,16.1,19.13,15.8,49.8,25.1,reject
27,32.49,15.71,19.12,15.97,50.1,25.0,reject
27,32.14,15.71,19.45,16.07,50.1,25.0,reject
27,32.67,15.77,19.5,16.31,50.0,25.0,reject
27,32.67,15.77,19.45,16.21,50.1,24.9,reject
27,32.14,15.9,19.56,16.25,50.0,25.0,reject
27,32.49,15.58,19.34,15.97,50.0,25.1,reject
27,32.67,16.03,19.17,16.05,49.9,25.0,reject
27,33.03,16.17,19.24,16.04,50.0,25.1,reject
27,32.49,15.77,19.55,16.29,50.4,25.0,reject
27,31.97,15.77,19.45,15.97,49.9,25.1,reject
27,32.32,15.64,19.45,15.89,50.2,25.1,reject
27,31.97,15.71,19.45,16.22,50.1,25.1,reject
27,31.97,15.71,19.45,16.21,50.3,25.0,reject
27,32.85,15.77,19.45,16.25,50.0,24.9,reject
27,32.67,15.97,19.13,15.97,50.0,25.1,reject
27,32.67,15.9,19.14,16.05,49.8,25.0,reject
27,32.85,15.77,19.24,16.13,50.0,25.0,reject
27,32.67,15.9,19.13,15.75,49.8,25.1,reject
27,32.67,16.03,19.24,15.43,49.9,25.0,reject
27,32.67,15.71,19.44,16.11,50.2,25.1,reject
27,32.67,15.77,19.24,16.06,50.1,24.9,reject
27,32.85,16.03,19.13,15.87,49.6,25.0,reject
27,32.67,15.97,19.13,15.69,49.7,25.1,reject
27,32.67,15.84,19.13,15.72,49.8,25.1,reject
27,32.49,15.84,19.13,15.58,50.1,25.1,reject
27,32.67,16.03,19.13,15.97,50.0,25.0,reject
27,32.49,15.51,19.27,15.89,50.0,25.1,reject
27,32.14,15.84,19.45,16.06,49.5,25.0,reject
27,32.67,15.77,19.23,15.5,50.0,25.0,reject
27,32.49,15.64,19.45,16.11,50.1,25.0,reject
27,32.67,15.77,19.13,15.88,49.8,25.0,reject
27,32.67,15.77,19.13,15.73,49.8,25.1,reject
27,32.67,15.71,19.18,16.1,50.0,25.0,reject
27,32.49,15.71,19.07,15.81,50.0,25.0,reject
27,32.14,15.84,19.45,16.25,50.0,25.0,reject
27,32.67,16.03,19.13,15.87,49.6,25.0,reject
27,32.67,15.84,19.56,16.37,50.1,25.0,reject
27,32.67,15.9,19.23,15.44,49.9,25.0,reject
27,32.67,16.03,19.14,15.66,49.7,25.1,reject
27,32.49,15.64,19.09,15.81,50.1,25.1,reject
27,32.67,16.03,19.15,15.5,50.0,25.1,reject
27,32.67,15.9,19.13,15.97,50.0,25.1,reject
27,31.97,15.71,19.44,16.21,50.1,25.1,reject
27,31.97,15.71,19.45,16.2,50.1,25.0,reject
27,32.67,15.84,19.13,15.7,49.8,25.1,reject
27,31.8,15.64,19.34,15.72,49.8,25.1,reject
27,32.85,16.17,19.24,15.89,49.5,24.9,reject
27,32.67,16.03,19.14,15.74,49.8,25.1,reject
27,32.14,15.9,19.55,16.21,49.9,25.1,reject
27,32.14,15.84,19.51,16.29,49.8,25.0,reject
27,31.97,15.64,19.49,15.81,50.2,25.0,reject
27,32.85,15.9,19.23,16.05,50.1,25.0,reject
27,32.14,15.77,19.48,16.29,50.1,25.0,reject
27,32.14,15.9,19.56,16.27,50.1,25.1,reject
27,32.85,16.1,19.21,16.05,49.7,25.0,reject
27,32.85,16.17,19.24,15.89,49.6,24.9,reject
27,31.97,15.64,19.43,16.05,50.1,25.0,reject
27,32.67,16.03,19.13,15.88,49.6,25.0,reject
27,32.49,15.77,19.48,16.35,50.2,25.0,reject
27,32.14,15.71,19.45,16.24,50.1,25.1,reject
27,32.67,16.03,19.13,15.97,50.0,25.1,reject
27,32.67,15.77,19.5,16.36,50.1,25.0,reject
27,32.67,15.64,19.23,16.13,50.0,25.0,reject
27,32.67,15.77,19.55,16.29,50.4,25.0,reject
27,32.14,15.84,19.45,16.11,49.6,25.0,reject
27,32.67,15.71,19.25,16.13,50.2,24.9,reject
27,32.67,15.77,19.13,16.02,50.0,25.1,reject
27,32.14,15.77,19.51,16.29,50.0,25.0,reject
27,32.67,15.64,19.34,16.21,50.2,25.0,reject
27,32.85,15.71,19.24,16.13,50.0,25.0,reject
27,32.67,15.64,19.24,16.13,50.0,25.0,reject
27,32.67,15.64,19.34,16.21,50.0,25.0,reject
27,32.14,15.71,19.45,16.06,50.0,25.1,reject
27,32.14,15.84,19.55,16.29,50.0,25.0,reject
27,32.85,16.03,19.13,15.97,49.8,25.1,reject
27,31.97,15.71,19.36,15.81,49.6,25.1,reject
27,32.67,15.71,19.42,15.95,50.0,25.1,reject
27,32.14,15.77,19.46,16.29,49.9,25.0,reject
27,31.97,15.77,19.52,16.29,50.0,25.0,reject
27,32.14,15.77,19.52,16.3,50.1,25.0,reject
27,31.8,15.64,19.34,15.73,49.8,25.1,reject
27,32.14,15.71,19.45,16.13,50.1,25.1,reject
27,32.67,15.77,19.48,16.36,50.2,25.0,reject
27,32.85,16.03,19.16,16.05,49.7,25.0,reject
27,32.14,15.84,19.45,16.13,49.6,25.0,reject
27,32.32,15.97,19.56,16.28,49.8,25.0,reject
27,32.67,15.64,19.34,16.21,50.2,25.1,reject
27,32.67,15.9,19.13,16.05,50.0,25.0,reject
27,32.49,15.71,19.46,15.86,50.3,25.0,reject
27,32.67,15.97,19.13,15.8,49.9,25.0,reject
27,32.14,15.9,19.47,16.22,50.1,25.0,reject
27,32.14,15.9,19.57,16.29,49.9,24.9,reject
27,32.67,15.58,19.23,15.73,50.1,25.1,reject
27,31.97,15.77,19.48,15.74,50.0,25.0,reject
27,31.97,15.77,19.41,16.14,49.9,25.1,reject
27,32.85,16.17,19.24,16.05,49.6,24.9,reject
27,32.14,15.84,19.53,16.29,50.0,25.0,reject
27,32.85,16.03,19.16,16.05,49.9,25.0,reject
27,32.49,15.71,19.44,16.11,50.2,25.1,reject
27,31.97,15.71,19.45,16.29,50.1,25.0,reject
27,32.14,15.71,19.45,16.23,50.1,25.1,reject
27,32.85,16.03,19.15,16.05,49.9,25.0,reject
27,32.14,15.9,19.49,16.19,49.6,24.9,reject
27,32.67,15.64,19.24,16.13,50.1,25.0,reject
27,32.14,15.9,19.56,16.28,50.0,24.9,reject
27,32.85,15.71,19.43,16.29,50.2,25.0,reject
27,32.67,15.97,19.13,15.5,49.8,25.1,reject
27,31.97,15.77,19.45,16.29,50.1,25.0,reject
27,32.14,15.9,19.56,16.22,50.0,25.0,reject
27,32.85,16.1,19.24,15.89,49.6,24.9,reject
27,32.85,16.17,19.23,16.05,49.9,25.0,reject
27,31.97,15.84,19.52,16.29,50.0,25.0,reject
27,32.32,15.71,19.45,16.29,50.2,25.1,reject
27,32.14,15.84,19.56,16.29,49.9,24.9,reject
27,31.97,15.71,19.45,16.09,50.0,25.0,reject
27,32.67,15.64,19.34,16.21,50.2,24.9,reject
27,32.67,15.64,19.31,16.21,50.1,25.0,reject
27,32.67,15.84,19.13,15.75,49.9,25.1,reject
27,32.49,15.77,19.56,16.21,49.9,24.9,reject
27,32.49,15.71,19.45,16.29,50.3,25.0,reject
27,32.67,15.9,19.13,15.74,49.8,25.1,reject
27,32.67,15.97,19.17,15.89,49.6,24.9,reject
27,32.67,15.9,19.13,16.06,50.0,25.0,reject
27,32.67,15.84,19.13,16.06,50.0,25.0,reject
27,32.67,15.9,19.14,15.89,49.7,24.9,reject
27,32.85,16.17,19.24,16.04,50.0,25.1,reject
27,32.67,15.77,19.45,15.98,50.0,25.1,reject
27,31.8,15.71,19.45,15.75,50.1,25.0,reject
27,32.67,15.64,19.23,15.98,50.1,25.0,reject
27,32.32,15.84,19.55,16.31,50.0,25.0,reject
27,33.03,16.24,19.24,16.05,50.0,25.1,reject
27,32.32,15.64,19.45,16.12,50.2,25.1,reject
27,32.67,15.77,19.13,15.97,50.0,24.9,reject
27,32.14,15.84,19.54,16.14,49.8,25.0,reject
27,32.85,15.9,19.23,16.05,49.9,25.0,reject
27,32.14,15.77,19.54,16.21,49.9,25.0,reject
27,32.67,15.77,19.13,15.65,50.0,25.1,reject
27,32.85,15.84,19.56,16.29,50.2,25.1,reject
27,32.85,15.97,19.14,16.05,50.0,25.0,reject
27,32.49,15.71,19.13,15.81,49.9,25.1,reject
27,32.14,15.84,19.56,16.29,50.1,24.9,reject
27,31.97,15.71,19.45,16.21,50.2,25.0,reject
27,32.49,15.51,19.19,15.81,50.0,25.1,reject
27,32.49,15.77,19.5,16.35,50.2,25.0,reject
27,32.67,15.97,19.13,15.88,49.6,25.0,reject
27,31.97,15.71,19.44,16.04,50.0,25.1,reject
27,31.97,15.77,19.46,15.96,49.9,25.1,reject
27,32.14,15.84,19.53,16.15,49.9,25.0,reject
27,32.67,16.03,19.13,15.74,49.8,25.1,reject
27,32.49,15.77,19.53,16.22,50.1,24.9,reject
27,32.85,16.17,19.24,16.05,50.1,25.0,reject
27,32.67,15.77,19.45,16.29,50.2,25.1,reject
27,31.97,15.77,19.51,16.2,50.1,25.0,reject
27,32.67,16.03,19.2,15.96,50.0,25.0,reject
27,32.14,15.77,19.51,16.3,50.1,25.0,reject
27,32.14,15.71,19.45,15.89,50.2,25.1,reject
27,32.14,15.71,19.49,16.25,50.3,25.0,reject
27,32.85,15.84,19.52,16.29,50.4,25.0,reject
27,32.67,15.84,19.23,16.05,50.1,25.0,reject
27,32.85,15.9,19.56,16.37,50.1,25.0,reject
27,32.85,15.84,19.48,16.33,50.0,25.0,reject
27,32.49,15.64,19.13,15.66,50.0,25.1,reject
27,32.67,15.58,19.34,16.12,50.1,25.0,reject
27,32.67,15.71,19.24,16.13,50.3,25.0,reject
27,32.67,15.77,19.46,15.97,50.0,25.1,reject
27,32.85,15.9,19.13,15.97,49.9,25.1,reject
27,32.14,15.71,19.45,16.04,50.0,25.1,reject
27,32.49,15.51,19.15,16.05,50.2,25.0,reject
27,32.85,16.03,19.24,16.05,50.1,25.0,reject
27,32.85,16.17,19.23,16.05,49.7,25.0,reject
27,32.67,15.9,19.13,15.94,50.0,25.0,reject
27,32.32,15.77,19.52,16.32,50.1,25.0,reject
27,32.49,15.71,19.47,15.86,50.3,25.0,reject
27,32.67,15.84,19.14,16.06,50.0,25.0,reject
27,32.49,15.71,19.45,16.29,50.2,25.1,reject
27,32.14,15.71,19.51,15.82,50.2,25.0,reject
27,32.14,15.77,19.54,16.21,50.0,24.9,reject
27,32.14,15.9,19.54,16.29,49.9,25.0,reject
27,32.14,15.77,19.55,16.29,50.1,24.9,reject
27,32.14,15.77,19.44,16.19,49.6,25.0,reject
27,32.49,15.77,19.24,15.51,50.0,25.0,reject
27,32.14,15.77,19.49,16.29,49.9,25.0,reject
27,32.67,15.84,19.08,15.81,50.0,25.0,reject
27,32.67,15.71,19.24,15.97,49.8,24.9,reject
27,32.85,16.03,19.23,16.05,50.1,25.0,reject
27,32.14,15.9,19.51,16.13,49.6,24.9,reject
27,31.97,15.71,19.45,16.05,50.1,25.1,reject
27,32.67,16.03,19.15,15.52,50.0,25.1,reject
27,31.97,15.71,19.45,15.86,50.0,25.1,reject
27,32.85,15.97,19.13,15.97,49.9,25.1,reject
27,32.67,15.77,19.13,15.89,49.9,25.0,reject
27,32.67,15.84,19.56,16.36,50.1,25.0,reject
27,32.67,15.64,19.13,16.05,50.0,25.1,reject
27,32.14,15.77,19.44,16.13,50.0,25.0,reject
27,32.49,15.71,19.45,15.9,50.2,25.1,reject
27,32.67,15.97,19.13,15.5,50.0,25.1,reject
27,32.85,15.9,19.14,16.05,49.8,25.0,reject
27,32.49,15.64,19.13,15.73,49.9,25.1,reject
27,32.14,15.84,19.49,16.28,49.9,25.0,reject
27,32.67,15.84,19.14,16.05,50.0,25.0,reject
27,32.85,16.1,19.19,15.43,49.6,25.1,reject
27,32.49,15.84,19.55,16.34,50.1,25.0,reject
27,32.49,15.51,19.24,15.66,50.2,25.1,reject
27,32.32,15.77,19.5,16.31,50.2,25.0,reject
27,32.85,16.03,19.19,16.05,49.7,25.0,reject
27,32.49,15.64,19.32,15.43,50.0,25.0,reject
27,32.67,15.77,19.45,16.18,49.9,25.0,reject
27,31.97,15.77,19.45,16.1,50.0,25.0,reject
27,32.49,15.64,19.15,15.73,50.0,25.1,reject
27,32.67,15.9,19.58,16.36,50.0,24.9,reject
27,32.14,15.71,19.47,15.97,49.9,25.1,reject
27,32.85,16.1,19.17,15.97,49.7,25.1,reject
27,32.14,15.77,19.51,16.16,49.9,25.0,reject
27,32.67,15.77,19.17,15.93,49.8,24.9,reject
27,32.32,15.77,19.53,16.21,50.1,24.9,reject
27,32.14,15.64,19.45,15.89,50.2,25.1,reject
27,31.8,15.64,19.33,15.96,49.7,25.0,reject
27,32.49,15.58,19.13,16.0,50.2,25.0,reject
27,31.8,15.71,19.5,15.8,50.1,25.0,reject
27,31.97,15.71,19.45,16.22,50.3,25.0,reject
27,32.49,15.71,19.47,15.84,50.3,25.0,reject
27,32.49,15.64,19.45,15.89,50.2,25.1,reject
27,32.85,16.03,19.14,15.98,49.8,25.1,reject
27,32.67,15.71,19.24,16.11,50.3,25.0,reject
27,32.85,16.1,19.23,15.89,49.6,24.9,reject
27,32.32,15.97,19.61,16.29,49.8,24.9,reject
27,33.03,16.24,19.24,16.05,49.6,25.0,reject
27,32.67,15.97,19.13,15.66,49.7,25.1,reject
27,32.85,15.9,19.23,16.06,49.9,25.0,reject
27,31.97,15.71,19.45,15.66,49.9,25.0,reject
27,32.67,15.84,19.11,15.8,50.0,25.1,reject
27,32.85,15.77,19.45,16.29,50.1,25.0,reject
27,32.67,15.9,19.13,15.95,50.0,24.9,reject
27,32.85,15.97,19.13,15.98,49.9,25.1,reject
27,32.14,15.97,19.56,16.21,50.0,25.1,reject
27,31.97,15.71,19.51,15.81,50.2,25.0,reject
27,31.97,15.77,19.45,16.18,50.2,25.1,reject
27,32.49,15.64,19.45,16.11,50.2,25.1,reject
27,32.49,15.84,19.56,16.29,50.2,25.1,reject
27,32.49,15.77,19.52,16.23,50.1,24.9,reject
27,32.49,15.9,19.62,16.36,50.0,24.9,reject
27,31.97,15.64,19.34,15.78,49.6,25.1,reject
27,32.14,15.84,19.49,16.2,49.8,24.9,reject
27,32.32,15.71,19.45,16.13,50.1,25.0,reject
27,32.49,15.71,19.47,15.85,50.3,25.0,reject
27,32.14,15.9,19.51,16.23,50.1,25.0,reject
27,32.32,15.84,19.55,16.29,50.1,25.1,reject
27,32.49,15.58,19.14,15.6,50.1,25.0,reject
27,32.85,15.84,19.56,16.34,50.2,24.9,reject
27,32.49,15.58,19.34,15.45,50.0,25.0,reject
27,32.67,15.97,19.13,15.87,49.7,25.0,reject
27,32.14,15.77,19.46,15.91,49.8,25.1,reject
27,32.14,15.84,19.45,16.21,49.7,25.0,reject
27,32.67,15.71,19.45,16.28,50.3,25.0,reject
27,31.97,15.64,19.44,15.83,50.1,25.1,reject
27,32.85,15.9,19.13,16.05,50.0,25.0,reject
27,32.85,16.1,19.23,16.04,50.1,25.1,reject
27,32.14,15.84,19.49,16.29,49.9,25.0,reject
27,32.67,15.97,19.24,15.43,49.9,25.0,reject
27,32.49,15.77,19.51,16.21,50.1,24.9,reject
27,32.67,15.64,19.34,16.24,50.2,25.0,reject
27,31.97,15.71,19.46,15.97,49.9,25.1,reject
27,31.97,15.77,19.44,16.18,49.9,25.1,reject
27,32.67,15.77,19.51,16.36,50.1,25.0,reject
27,32.14,15.9,19.56,16.29,50.0,24.9,reject
27,32.67,15.84,19.14,16.05,49.8,25.0,reject
27,32.85,16.1,19.2,16.05,49.7,25.0,reject
27,32.14,15.84,19.5,16.29,50.1,25.0,reject
27,32.67,15.77,19.46,15.98,50.0,25.1,reject
27,32.14,15.84,19.56,16.3,50.2,25.0,reject
27,32.32,15.77,19.56,15.65,50.0,25.0,reject
27,32.85,15.97,19.23,16.05,49.8,25.0,reject
27,32.85,16.1,19.19,16.05,49.9,25.0,reject
27,32.14,15.71,19.46,16.28,50.3,25.0,reject
27,31.97,15.71,19.34,16.12,49.9,25.1,reject
27,32.14,15.77,19.5,16.29,50.0,25.0,reject
27,32.85,16.17,19.25,16.05,49.8,24.9,reject
27,32.14,15.77,19.53,16.29,50.3,25.0,reject
27,32.32,15.71,19.48,15.97,50.0,25.1,reject
27,31.97,15.84,19.51,16.29,49.8,25.0,reject
27,32.85,15.97,19.2,16.04,50.1,25.0,reject
27,32.85,15.84,19.55,16.37,50.1,25.0,reject
27,32.32,15.97,19.6,16.29,49.8,24.9,reject
27,32.14,15.84,19.55,16.29,50.3,25.0,reject
27,31.97,15.64,19.42,16.05,50.1,25.1,reject
27,32.67,15.77,19.13,15.96,50.0,24.9,reject
27,32.32,15.71,19.46,16.03,50.1,25.1,reject
27,32.85,15.9,19.14,16.05,50.0,25.0,reject
27,32.85,16.03,19.17,16.05,49.9,25.0,reject
27,32.14,15.77,19.55,16.29,50.4,25.0,reject
27,32.14,15.77,19.48,16.13,49.8,24.9,reject
27,31.97,15.77,19.44,16.05,49.9,25.0,reject
27,32.67,15.9,19.13,15.87,49.7,25.0,reject
27,32.67,15.64,19.16,15.73,49.9,25.1,reject
27,32.14,15.77,19.49,16.29,50.2,25.0,reject
27,32.14,15.77,19.53,16.3,50.1,25.0,reject
27,32.14,15.84,19.45,15.89,49.7,25.1,reject
27,32.67,15.77,19.54,16.29,50.4,25.0,reject
27,32.85,15.84,19.2,16.05,50.1,25.0,reject
27,32.67,15.9,19.13,15.68,49.7,25.1,reject
27,32.67,15.97,19.13,15.58,49.8,25.1,reject
27,32.67,15.84,19.52,16.21,49.9,25.0,reject
27,31.97,15.71,19.45,16.0,50.0,25.1,reject
27,31.97,15.64,19.45,16.06,50.1,25.0,reject
27,32.85,15.77,19.49,16.35,50.1,25.0,reject
27,32.67,16.03,19.13,15.8,49.8,25.0,reject
27,31.97,15.71,19.45,15.88,50.1,25.1,reject
27,31.97,15.71,19.43,15.8,49.9,25.1,reject
27,32.14,15.71,19.45,16.28,50.1,25.1,reject
27,32.67,15.97,19.14,16.05,49.9,25.0,reject
27,32.67,15.84,19.56,16.29,50.2,25.1,reject
27,32.67,15.9,19.13,15.54,50.1,25.1,reject
27,32.49,15.71,19.13,15.73,49.9,25.1,reject
27,32.67,15.84,19.13,16.0,50.0,25.1,reject
27,32.14,15.84,19.56,16.29,50.0,25.0,reject
27,32.14,15.77,19.54,16.2,49.9,25.0,reject
27,32.67,15.64,19.23,16.13,50.1,25.0,reject
27,32.67,15.9,19.13,15.6,49.9,25.1,reject
27,32.14,15.84,19.55,16.29,50.2,25.0,reject
27,32.67,15.64,19.24,16.16,50.0,25.0,reject
27,32.14,15.77,19.52,16.29,50.0,25.0,reject
27,32.49,15.77,19.13,15.8,49.9,25.1,reject
27,32.67,15.58,19.27,16.05,50.0,25.0,reject
27,32.14,15.77,19.54,16.21,50.1,25.0,reject
27,32.85,15.77,19.45,16.29,50.2,25.1,reject
27,32.14,15.77,19.49,16.29,50.1,25.0,reject
27,32.67,15.64,19.25,16.2,50.1,25.0,reject
27,32.67,15.84,19.23,15.5,50.0,25.0,reject
27,32.14,15.64,19.45,16.1,50.1,25.0,reject
27,32.14,15.9,19.55,16.28,50.2,25.0,reject
27,32.67,15.64,19.36,16.21,50.2,24.9,reject
27,32.67,15.77,19.56,15.66,50.1,25.0,reject
27,32.67,15.64,19.35,16.28,50.1,25.0,reject
27,32.49,15.51,19.24,15.97,50.2,25.1,reject
27,31.97,15.71,19.39,16.12,50.0,25.0,reject
27,31.97,15.77,19.53,16.21,50.0,24.9,reject
27,32.67,15.9,19.13,15.87,49.8,25.0,reject
27,32.49,15.64,19.44,16.11,50.2,25.1,reject
27,31.97,15.71,19.5,16.18,50.1,25.0,reject
27,32.49,15.64,19.24,15.43,50.0,25.0,reject
27,32.85,15.71,19.35,16.21,50.0,25.0,reject
27,32.85,16.24,19.29,16.05,49.7,24.9,reject
27,31.97,15.58,19.39,16.02,50.1,25.0,reject
27,32.49,15.71,19.13,15.81,50.0,25.1,reject
27,32.67,15.77,19.15,16.1,50.1,25.0,reject
27,32.67,15.84,19.56,15.66,50.1,25.0,reject
27,31.97,15.71,19.45,15.98,50.0,25.1,reject
27,32.85,16.1,19.24,16.05,49.9,25.0,reject
27,32.32,15.84,19.56,16.29,50.1,25.1,reject
27,32.67,15.71,19.19,16.08,49.9,25.0,reject
27,32.32,15.64,19.5,15.84,50.3,25.0,reject
27,32.14,15.77,19.53,16.18,49.9,25.0,reject
27,32.32,15.97,19.58,16.29,49.8,24.9,reject
27,32.67,15.9,19.13,15.89,49.7,25.0,reject
27,32.49,15.77,19.07,15.81,50.0,25.1,reject
27,32.85,15.97,19.24,16.05,49.9,24.9,reject
27,32.85,16.24,19.24,15.89,49.5,24.9,reject
27,33.03,16.1,19.24,16.05,49.7,25.0,reject
27,32.85,16.03,19.15,15.66,49.6,25.1,reject
27,32.49,15.58,19.12,15.81,50.1,25.0,reject
27,31.97,15.71,19.38,16.15,49.7,25.0,reject
27,32.49,15.58,19.13,16.05,50.2,25.0,reject
27,32.67,15.71,19.44,16.29,50.2,25.1,reject
27,31.97,15.84,19.45,15.89,49.8,25.1,reject
27,32.49,15.51,19.13,15.89,50.1,25.0,reject
27,32.67,15.64,19.17,16.05,50.1,25.1,reject
27,32.32,15.77,19.53,16.22,50.1,24.9,reject
27,32.85,15.9,19.57,16.36,50.0,24.9,reject
27,32.14,15.9,19.53,16.29,49.9,25.0,reject
27,32.67,15.97,19.13,15.67,49.7,25.1,reject
27,32.67,15.64,19.4,16.22,50.3,25.0,reject
27,32.67,15.58,19.19,15.73,50.1,25.1,reject
27,32.67,15.97,19.13,15.89,49.8,25.1,reject
27,32.49,15.77,19.51,16.22,50.1,24.9,reject
27,32.85,15.97,19.19,16.05,50.1,25.0,reject
27,32.49,15.64,19.14,15.58,50.1,25.0,reject
27,32.49,15.84,19.56,16.33,50.1,25.0,reject
27,31.97,15.77,19.48,15.73,50.0,25.0,reject
27,32.49,15.58,19.13,16.03,50.2,25.0,reject
27,32.85,15.71,19.34,16.13,50.0,24.9,reject
27,31.97,15.77,19.48,16.29,50.1,25.0,reject
27,31.97,15.71,19.45,16.21,50.1,25.0,reject
27,32.14,15.84,19.46,16.29,50.0,25.0,reject
27,32.85,16.1,19.14,15.65,49.8,25.1,reject
27,32.85,16.1,19.15,15.88,49.6,25.0,reject
27,32.85,15.9,19.24,16.08,49.9,24.9,reject
27,32.32,15.9,19.62,16.33,50.0,24.9,reject
27,32.14,15.84,19.55,16.23,50.1,25.1,reject
27,32.67,15.84,19.12,15.97,50.1,25.0,reject
27,32.85,16.1,19.15,15.97,49.8,25.1,reject
27,32.67,15.77,19.49,16.22,50.1,24.9,reject
27,31.97,15.64,19.44,16.2,50.3,25.0,reject
27,32.67,15.58,19.23,15.97,50.0,25.0,reject
27,32.85,15.97,19.15,16.05,50.0,25.1,reject
27,32.67,16.1,19.22,15.96,50.0,25.0,reject
27,32.85,16.1,19.14,15.88,49.6,25.0,reject
27,31.97,15.71,19.45,15.85,50.0,25.1,reject
27,32.67,15.71,19.13,15.97,50.0,24.9,reject
27,32.32,15.9,19.58,16.29,49.9,24.9,reject
27,32.67,15.97,19.13,15.94,50.0,25.0,reject
27,32.67,15.77,19.14,16.06,50.0,25.0,reject
27,31.97,15.77,19.34,15.98,49.8,25.0,reject
27,32.67,15.84,19.13,15.97,50.1,25.1,reject
27,32.14,15.77,19.55,16.29,50.3,25.0,reject
27,32.32,15.77,19.55,16.21,49.9,24.9,reject
27,32.14,15.9,19.54,16.25,50.1,25.0,reject
27,32.49,15.71,19.45,15.59,50.0,25.0,reject
27,32.49,15.58,19.19,15.6,50.1,25.0,reject
27,32.32,15.77,19.52,16.3,50.0,25.1,reject
27,31.97,15.64,19.35,16.13,49.9,25.0,reject
27,32.49,15.64,19.18,15.97,50.1,25.0,reject
27,32.67,15.84,19.23,16.05,50.1,24.9,reject
27,32.67,15.97,19.14,15.94,50.0,25.0,reject
27,32.85,16.1,19.21,16.05,49.9,25.0,reject
27,32.32,15.77,19.5,16.33,50.2,25.0,reject
27,32.49,15.77,19.46,15.97,50.0,25.1,reject
27,32.67,15.64,19.34,16.05,50.0,25.0,reject
27,32.85,15.97,19.15,15.89,49.7,25.0,reject
27,32.49,15.77,19.55,16.21,49.9,24.9,reject
27,32.32,15.71,19.47,15.97,50.0,25.1,reject
27,31.97,15.77,19.46,15.91,49.9,25.1,reject
27,32.67,15.71,19.4,16.21,50.0,24.9,reject
27,31.97,15.71,19.46,16.14,50.0,24.9,reject
27,31.97,15.71,19.38,15.76,49.9,25.1,reject
27,31.97,15.77,19.45,16.14,50.1,25.0,reject
27,32.32,15.77,19.56,15.65,50.1,25.0,reject
27,32.32,15.84,19.56,16.28,50.1,25.1,reject
27,32.67,15.58,19.34,16.21,50.1,25.0,reject
27,32.85,16.03,19.13,15.88,49.6,25.0,reject
27,32.67,15.58,19.21,16.08,50.1,25.1,reject
27,32.67,15.97,19.13,15.8,49.9,25.1,reject
27,32.49,15.77,19.13,15.79,49.9,25.1,reject
27,31.97,15.71,19.34,15.96,49.9,25.1,reject
27,31.97,15.77,19.49,15.8,50.1,25.0,reject
27,31.97,15.71,19.45,15.89,49.9,25.1,reject
27,31.97,15.77,19.49,16.13,49.8,24.9,reject
27,31.97,15.77,19.44,16.06,49.9,25.0,reject
27,32.14,15.77,19.45,16.12,49.8,25.1,reject
27,31.97,15.71,19.36,16.13,49.9,25.1,reject
27,32.14,15.9,19.54,16.21,49.6,24.9,reject
27,32.67,15.64,19.35,15.88,50.2,25.1,reject
27,32.85,15.84,19.25,16.12,49.9,24.9,reject
27,31.97,15.71,19.44,16.05,50.0,25.1,reject
27,31.97,15.71,19.34,15.97,49.7,25.0,reject
27,32.67,15.71,19.13,15.73,49.8,25.0,reject
27,32.85,15.64,19.25,16.13,50.3,25.0,reject
27,32.67,15.84,19.47,16.37,50.1,25.0,reject
27,32.85,16.1,19.24,16.05,49.7,25.0,reject
27,32.67,16.03,19.14,15.58,49.7,25.1,reject
27,32.85,15.84,19.26,16.13,49.9,24.9,reject
27,31.97,15.71,19.45,16.03,50.0,25.1,reject
27,32.14,15.77,19.44,16.2,50.0,25.1,reject
27,32.67,15.71,19.39,16.13,50.0,25.0,reject
27,32.67,15.58,19.31,16.19,50.2,25.1,reject
27,31.8,15.64,19.34,15.9,49.8,25.0,reject
27,32.14,15.9,19.55,16.28,50.1,25.0,reject
27,32.67,15.71,19.13,15.97,50.1,25.0,reject
27,32.49,15.71,19.13,15.97,50.0,24.9,reject
27,32.67,15.64,19.31,16.13,50.2,25.0,reject
27,32.14,15.84,19.45,16.21,49.8,25.0,reject
27,32.14,15.84,19.46,16.26,49.8,25.0,reject
27,32.85,16.1,19.25,16.05,49.8,24.9,reject
27,32.32,15.77,19.52,16.34,50.1,25.0,reject
27,32.67,15.77,19.15,16.07,50.0,25.0,reject
27,32.14,15.9,19.46,16.13,49.6,25.0,reject
27,32.67,15.9,19.6,16.36,50.0,24.9,reject
27,32.14,15.84,19.45,16.22,49.8,25.0,reject
27,32.67,16.03,19.13,15.8,49.9,25.1,reject
27,32.49,15.51,19.23,15.95,50.2,25.1,reject
27,32.85,15.97,19.57,16.36,50.0,24.9,reject
27,31.97,15.71,19.5,15.81,50.1,25.0,reject
27,32.14,15.9,19.57,16.29,50.1,24.9,reject
27,31.97,15.71,19.45,15.89,50.2,25.1,reject
27,32.67,15.84,19.49,16.32,50.0,25.0,reject
27,32.49,15.71,19.46,15.97,50.0,25.1,reject
27,32.85,16.24,19.32,16.05,49.7,24.9,reject
27,32.67,15.71,19.13,16.03,50.0,25.1,reject
27,32.14,15.9,19.55,16.21,49.9,24.9,reject
27,32.14,15.84,19.54,16.17,49.9,24.9,reject
27,32.67,15.58,19.34,15.81,50.2,25.1,reject
27,32.67,15.77,19.15,15.91,49.8,24.9,reject
27,32.67,15.64,19.34,15.89,50.0,25.1,reject
27,32.67,15.9,19.61,16.37,50.0,24.9,reject
27,31.97,15.71,19.46,16.27,50.3,25.0,reject
27,32.49,15.58,19.33,15.88,50.0,25.1,reject
27,32.49,15.58,19.33,16.02,50.2,25.1,reject
27,31.97,15.71,19.45,15.87,50.1,25.1,reject
27,32.85,16.1,19.22,16.05,49.7,25.0,reject
27,32.32,15.71,19.46,16.29,50.2,25.1,reject
27,32.49,15.51,19.16,15.89,50.2,25.1,reject
27,32.67,15.77,19.24,16.1,50.2,25.0,reject
27,32.85,16.1,19.24,16.05,49.7,24.9,reject
27,32.85,16.1,19.22,15.89,49.6,24.9,reject
27,32.67,15.84,19.13,15.8,49.9,25.1,reject
27,31.8,15.77,19.45,15.83,50.0,25.1,reject
27,32.67,15.71,19.13,15.89,49.9,25.0,reject
27,32.49,15.51,19.13,15.89,50.2,25.1,reject
27,32.67,15.77,19.54,16.21,49.9,25.0,reject
27,32.85,15.97,19.13,16.05,50.0,25.0,reject
27,32.67,15.71,19.23,16.13,50.1,25.0,reject
27,32.85,15.9,19.56,16.34,50.0,24.9,reject
27,32.85,15.84,19.24,16.09,49.9,24.9,reject
27,32.67,15.9,19.14,15.95,50.0,24.9,reject
27,32.67,15.97,19.13,15.81,49.9,25.1,reject
27,32.49,15.64,19.1,15.81,50.1,25.1,reject
27,32.32,15.77,19.49,16.32,50.2,25.0,reject
27,32.49,15.77,19.52,16.35,50.1,25.0,reject
27,32.14,15.9,19.49,16.12,49.6,24.9,reject
27,32.85,15.77,19.34,16.13,50.0,24.9,reject
27,32.32,15.77,19.56,15.64,50.0,25.0,reject
27,31.97,15.71,19.45,16.29,50.0,25.0,reject
27,32.67,15.71,19.45,15.9,50.2,25.1,reject
27,32.85,16.17,19.2,15.97,49.7,25.1,reject
27,32.67,15.9,19.24,15.47,49.9,25.0,reject
27,32.67,15.9,19.13,15.7,49.8,25.1,reject
27,33.03,16.24,19.26,16.05,49.6,24.9,reject
27,32.85,15.77,19.48,16.29,50.0,24.9,reject
27,32.67,16.1,19.23,15.97,49.9,25.0,reject
27,32.85,15.9,19.56,16.29,50.2,25.1,reject
27,32.32,15.9,19.59,16.29,49.9,24.9,reject
27,32.49,15.58,19.13,15.83,50.1,25.0,reject
27,31.97,15.84,19.45,15.89,49.7,25.1,reject
27,32.67,16.03,19.13,15.97,49.8,25.1,reject
27,32.67,15.71,19.45,16.29,50.1,25.0,reject
27,32.67,15.84,19.55,16.37,50.1,25.0,reject
27,31.97,15.64,19.36,16.12,50.0,25.0,reject
27,31.97,15.71,19.35,15.97,49.4,24.9,reject
27,32.85,16.03,19.24,16.05,49.8,24.9,reject
27,31.8,15.71,19.44,16.02,50.0,25.0,reject
27,32.67,15.58,19.25,15.8,50.1,25.1,reject
27,32.67,15.9,19.14,16.05,49.8,25.1,reject
27,32.49,15.71,19.48,15.85,50.3,25.0,reject
27,32.14,15.9,19.55,16.29,50.0,25.0,reject
27,32.67,15.64,19.45,15.57,50.0,25.0,reject
27,32.85,15.9,19.57,16.37,50.0,24.9,reject
27,32.67,16.03,19.13,15.66,49.7,25.1,reject
27,31.97,15.77,19.44,15.93,49.7,25.1,reject
27,31.97,15.77,19.41,16.03,49.4,24.9,reject
27,32.67,15.64,19.24,16.14,50.1,25.0,reject
27,31.97,15.77,19.45,16.05,49.7,24.9,reject
27,32.32,15.71,19.45,16.13,50.1,25.1,reject
27,32.32,15.97,19.59,16.29,49.8,24.9,reject
27,32.85,15.97,19.22,16.05,49.8,25.0,reject
27,32.67,15.84,19.13,15.64,49.9,25.1,reject
27,32.67,15.64,19.45,16.18,50.1,24.9,reject
27,32.32,15.64,19.46,16.04,50.0,25.1,reject
27,32.67,15.77,19.19,15.96,49.8,24.9,reject
27,32.67,15.97,19.15,16.05,49.9,25.0,reject
27,32.67,15.97,19.13,15.43,50.1,25.1,reject
27,32.14,15.77,19.44,16.19,49.7,25.0,reject
27,31.97,15.71,19.39,15.97,49.7,25.1,reject
27,32.14,15.9,19.56,16.29,49.9,24.9,reject
27,32.85,16.1,19.23,16.05,49.7,25.0,reject
27,31.97,15.84,19.46,16.09,49.7,24.9,reject
27,33.03,16.17,19.24,16.05,49.6,24.9,reject
27,32.14,15.84,19.46,16.27,50.0,25.0,reject
27,32.67,15.77,19.14,16.08,50.1,25.0,reject
27,32.67,15.9,19.61,16.36,50.0,24.9,reject
27,32.49,15.51,19.23,15.83,50.0,25.1,reject
27,31.97,15.77,19.53,16.2,50.0,24.9,reject
27,31.97,15.71,19.45,15.88,50.2,25.1,reject
27,32.85,15.9,19.2,16.05,50.2,25.1,reject
27,32.67,15.77,19.13,15.73,49.8,25.0,reject
27,32.85,15.97,19.15,16.05,49.8,25.0,reject
27,32.85,15.84,19.24,16.1,49.9,25.0,reject
27,31.97,15.77,19.44,16.21,50.0,25.1,reject
27,32.49,15.58,19.24,15.81,49.9,25.1,reject
27,32.32,15.9,19.6,16.31,50.0,24.9,reject
27,32.14,15.9,19.56,16.22,50.0,25.1,reject
27,32.67,15.71,19.22,15.97,49.8,24.9,reject
27,31.97,15.64,19.45,15.98,50.0,25.1,reject
27,32.67,16.03,19.15,15.95,50.0,25.0,reject
27,32.85,16.17,19.24,16.05,50.0,25.0,reject
27,32.49,15.84,19.56,16.35,50.2,24.9,reject
27,32.49,15.71,19.45,16.13,50.1,25.0,reject
27,32.49,15.71,19.47,15.89,50.3,25.0,reject
27,32.85,15.64,19.32,16.13,50.3,25.0,reject
27,32.85,16.1,19.22,16.05,49.8,25.0,reject
27,32.67,15.77,19.5,16.35,50.1,25.0,reject
27,31.97,15.77,19.45,16.22,50.0,25.1,reject
27,32.14,15.84,19.55,16.27,50.1,25.1,reject
27,32.49,15.58,19.25,15.82,50.0,25.1,reject
27,32.32,15.77,19.54,16.21,49.9,25.0,reject
27,32.32,15.84,19.55,16.32,50.1,25.0,reject
27,32.85,16.1,19.23,16.05,49.8,25.0,reject
27,32.85,15.97,19.19,15.89,49.6,24.9,reject
27,31.97,15.77,19.46,15.73,50.0,25.0,reject
27,32.67,15.77,19.3,16.13,49.9,24.9,reject
27,31.97,15.77,19.45,16.07,50.0,25.0,reject
28,32.85,15.9,19.56,16.29,50.0,25.0,reject
28,32.49,15.97,19.71,15.43,50.1,24.9,reject
28,32.32,15.97,19.56,15.58,50.0,25.0,reject
28,33.21,15.97,19.56,15.81,50.1,24.9,reject
28,33.21,16.17,19.36,15.28,50.0,25.0,reject
28,32.49,16.17,19.78,15.88,50.2,24.9,reject
28,32.67,16.1,19.78,15.87,50.0,24.9,reject
28,33.4,16.37,19.45,15.66,49.9,24.9,reject
28,32.14,15.9,19.55,16.17,50.3,25.0,reject
28,33.21,16.03,19.45,15.7,50.0,24.9,reject
28,32.85,15.9,19.24,16.04,50.0,25.1,reject
28,32.85,15.71,19.33,16.05,50.4,25.0,reject
28,32.49,15.97,19.68,15.67,50.2,25.0,reject
28,32.67,15.9,19.67,15.28,50.5,25.0,reject
28,32.32,15.97,19.57,16.06,50.0,25.0,reject
28,32.85,15.9,19.23,16.05,50.0,25.1,reject
28,32.85,15.97,19.76,15.5,50.2,24.9,reject
28,32.85,15.9,19.24,16.02,49.9,25.0,reject
28,32.32,15.97,19.56,15.13,50.1,25.0,reject
28,32.49,15.97,19.66,15.59,50.1,25.0,reject
28,33.21,15.97,19.54,15.73,50.0,24.9,reject
28,33.03,16.24,19.34,15.5,49.9,25.0,reject
28,33.21,16.3,19.35,15.06,50.2,25.0,reject
28,33.03,16.03,19.37,15.2,50.1,24.9,reject
28,32.67,15.97,19.67,15.2,50.4,25.0,reject
28,33.03,16.03,19.26,15.43,50.1,25.0,reject
28,32.49,16.03,19.67,15.77,50.2,25.0,reject
28,32.49,15.97,19.71,15.72,50.2,25.0,reject
28,32.85,15.71,19.34,16.09,50.0,25.0,reject
28,32.67,15.84,19.56,16.29,50.3,25.0,reject
28,32.85,15.84,19.24,16.05,50.0,25.0,reject
28,33.03,16.1,19.78,15.96,50.1,24.9,reject
28,33.03,16.1,19.34,15.5,50.1,25.0,reject
28,32.32,15.97,19.64,15.35,49.8,24.9,reject
28,33.21,16.17,19.34,15.58,50.2,25.0,reject
28,32.85,15.84,19.34,15.28,50.4,25.0,reject
28,33.03,15.97,19.67,15.37,50.5,25.0,reject
28,32.85,15.97,19.67,15.83,50.5,25.0,reject
28,33.21,16.3,19.34,15.7,49.8,25.1,reject
28,32.85,15.97,19.66,15.65,50.3,25.0,reject
28,33.03,16.03,19.74,15.21,50.2,25.0,reject
28,32.85,15.9,19.64,15.6,50.3,25.0,reject
28,32.67,15.84,19.55,16.21,50.5,25.0,reject
28,32.85,16.03,19.24,15.97,50.1,25.0,reject
28,32.85,15.9,19.66,15.63,50.3,25.0,reject
28,33.03,16.24,19.3,15.99,49.7,25.1,reject
28,33.03,16.1,19.34,15.06,50.3,25.0,reject
28,33.03,15.84,19.36,15.5,50.1,25.0,reject
28,33.03,15.9,19.55,15.59,50.2,25.0,reject
28,33.03,16.1,19.35,15.28,49.9,24.9,reject
28,33.21,15.97,19.43,15.13,50.1,25.0,reject
28,32.14,15.84,19.55,16.2,50.5,25.1,reject
28,33.03,16.03,19.74,15.89,50.4,25.0,reject
28,32.67,15.71,19.45,16.21,50.3,25.0,reject
28,32.85,15.97,19.69,15.82,50.5,25.0,reject
28,32.14,15.9,19.57,16.22,50.1,25.0,reject
28,33.03,16.24,19.34,15.43,50.0,25.0,reject
28,33.03,16.17,19.34,15.28,50.3,25.0,reject
28,32.32,15.97,19.55,15.57,49.8,25.0,reject
28,32.67,15.9,19.57,16.29,50.0,25.0,reject
28,33.03,15.9,19.44,15.35,50.0,24.9,reject
28,32.85,16.03,19.71,15.5,50.1,25.0,reject
28,33.03,16.24,19.3,15.97,49.8,25.0,reject
28,32.85,15.97,19.67,15.66,50.3,25.0,reject
28,32.49,16.1,19.67,15.73,50.0,25.0,reject
28,32.49,16.03,19.72,15.85,50.3,25.0,reject
28,32.85,16.03,19.24,15.94,50.2,25.1,reject
28,33.4,16.44,19.45,15.63,49.9,25.0,reject
28,33.21,16.1,19.34,15.58,50.2,25.0,reject
28,32.49,16.1,19.65,15.71,50.0,25.0,reject
28,32.32,15.97,19.66,15.58,50.0,25.0,reject
28,32.32,15.9,19.58,15.34,49.8,24.9,reject
28,32.85,16.03,19.23,15.94,50.2,25.1,reject
28,33.21,16.03,19.66,15.26,50.5,25.1,reject
28,32.32,16.03,19.65,15.21,50.1,25.0,reject
28,33.21,16.3,19.34,15.48,49.9,25.1,reject
28,32.14,15.9,19.56,16.19,50.0,25.0,reject
28,32.85,15.71,19.36,15.48,50.2,25.0,reject
28,33.21,16.3,19.33,15.69,49.8,25.1,reject
28,33.03,16.03,19.67,15.83,50.5,25.0,reject
28,33.21,16.1,19.45,15.66,50.0,24.9,reject
28,32.32,15.84,19.56,16.29,50.2,25.0,reject
28,33.21,16.3,19.4,15.51,50.0,25.0,reject
28,33.21,16.24,19.35,15.52,50.1,25.0,reject
28,32.67,16.17,19.78,15.81,50.1,24.9,reject
28,32.85,15.9,19.34,15.21,50.4,25.0,reject
28,33.21,16.3,19.39,15.51,50.0,25.0,reject
28,32.85,15.77,19.24,16.01,50.3,25.1,reject
28,32.85,15.84,19.32,15.43,50.2,25.0,reject
28,32.85,16.1,19.24,15.97,49.8,25.0,reject
28,32.67,15.9,19.23,15.99,50.2,25.0,reject
28,32.49,15.9,19.57,16.04,50.2,25.1,reject
28,32.49,16.1,19.78,15.89,50.3,24.9,reject
28,33.03,16.1,19.78,15.5,50.2,24.9,reject
28,32.67,15.9,19.67,15.81,50.1,25.0,reject
28,33.21,16.1,19.69,15.5,50.1,24.9,reject
28,32.32,15.9,19.56,16.03,50.1,25.1,reject
28,33.03,16.03,19.34,14.98,50.2,25.1,reject
28,33.21,15.9,19.45,15.71,50.2,25.0,reject
28,33.03,15.97,19.3,15.49,50.0,25.0,reject
28,33.03,15.97,19.56,16.05,50.2,25.1,reject
28,33.21,16.17,19.34,15.35,50.0,25.0,reject
28,33.03,15.84,19.45,15.66,50.4,25.0,reject
28,32.49,16.03,19.68,15.81,50.3,25.0,reject
28,32.14,15.84,19.56,16.21,50.2,25.0,reject
28,32.32,15.97,19.57,16.05,50.0,25.1,reject
28,32.85,15.84,19.24,15.97,50.3,25.0,reject
28,32.67,16.1,19.78,15.89,50.0,24.9,reject
28,33.03,16.17,19.34,15.58,50.2,25.0,reject
28,32.67,15.9,19.56,16.05,50.1,25.0,reject
28,32.32,15.9,19.47,16.12,50.1,25.0,reject
28,32.14,15.9,19.56,16.2,49.7,25.0,reject
28,32.85,15.77,19.45,15.2,50.5,25.0,reject
28,32.85,15.97,19.24,16.0,49.9,25.0,reject
28,32.32,15.9,19.65,15.73,50.1,25.0,reject
28,32.32,15.97,19.66,15.59,50.2,25.0,reject
28,33.4,16.44,19.46,15.66,49.8,24.9,reject
28,32.49,16.1,19.67,15.27,49.9,25.0,reject
28,33.03,16.03,19.35,15.29,49.9,24.9,reject
28,33.03,16.24,19.25,16.0,49.7,25.1,reject
28,32.85,16.1,19.78,15.89,50.4,24.9,reject
28,33.21,15.9,19.56,15.44,50.0,24.9,reject
28,33.03,15.9,19.35,14.99,50.3,25.0,reject
28,32.32,15.97,19.52,15.97,49.9,25.0,reject
28,32.14,15.9,19.58,16.24,49.9,25.0,reject
28,32.32,15.9,19.56,16.04,50.2,25.1,reject
28,32.67,16.1,19.66,15.73,49.7,24.9,reject
28,32.32,16.03,19.65,15.58,50.0,25.0,reject
28,33.21,16.37,19.44,15.21,49.9,25.0,reject
28,32.49,15.97,19.67,15.81,50.1,25.0,reject
28,33.03,16.1,19.77,15.94,50.4,24.9,reject
28,32.49,16.1,19.76,15.47,50.0,24.9,reject
28,33.03,16.24,19.34,15.06,50.3,25.0,reject
28,33.03,16.03,19.34,15.51,50.1,25.0,reject
28,32.85,16.03,19.75,15.89,50.3,25.0,reject
28,32.49,15.97,19.67,15.12,50.1,25.0,reject
28,32.85,15.84,19.56,16.29,50.3,25.0,reject
28,32.14,15.9,19.57,16.21,49.8,25.0,reject
28,32.85,16.1,19.78,15.51,50.2,24.9,reject
28,33.03,15.84,19.47,15.66,50.1,25.0,reject
28,33.21,16.17,19.37,15.59,50.0,24.9,reject
28,32.49,16.03,19.67,15.2,50.3,25.0,reject
28,33.03,16.24,19.34,15.49,49.9,25.1,reject
28,33.03,16.3,19.32,15.99,49.7,25.1,reject
28,32.32,15.97,19.66,15.63,50.1,25.0,reject
28,33.4,16.24,19.39,15.59,50.0,24.9,reject
28,33.03,16.03,19.7,15.5,50.1,24.9,reject
28,33.21,16.24,19.34,15.58,50.2,25.0,reject
28,32.67,15.84,19.23,16.04,50.2,25.0,reject
28,33.4,16.44,19.45,15.64,49.9,25.0,reject
28,32.32,15.97,19.67,15.2,50.3,25.0,reject
28,32.49,16.03,19.67,15.74,50.2,25.0,reject
28,33.03,16.03,19.24,15.81,50.0,25.1,reject
28,33.03,16.1,19.34,15.58,50.2,25.0,reject
28,32.85,15.71,19.31,16.12,50.0,25.0,reject
28,33.4,16.44,19.49,15.66,49.8,24.9,reject
28,32.49,15.9,19.56,16.04,50.2,25.1,reject
28,33.03,16.17,19.32,15.35,50.1,25.0,reject
28,33.4,16.37,19.45,15.62,49.9,24.9,reject
28,32.85,15.77,19.45,16.21,50.0,25.0,reject
28,33.03,15.9,19.35,15.05,50.3,25.0,reject
28,32.85,15.77,19.45,15.21,50.5,25.0,reject
28,33.21,16.03,19.67,15.27,50.2,25.0,reject
28,32.32,15.9,19.64,15.59,50.2,25.0,reject
28,32.67,16.1,19.73,15.82,50.2,25.0,reject
28,32.85,16.1,19.24,16.03,49.8,25.1,reject
28,32.85,15.71,19.24,16.04,50.3,25.0,reject
28,32.49,16.03,19.73,15.49,50.1,24.9,reject
28,33.03,16.17,19.25,16.0,49.7,25.1,reject
28,33.21,16.17,19.35,15.28,49.9,24.9,reject
28,32.32,16.03,19.66,15.57,49.9,25.0,reject
28,32.85,16.03,19.75,15.21,50.2,25.0,reject
28,32.85,15.84,19.56,15.32,50.5,25.0,reject
28,32.67,15.9,19.66,15.63,50.3,25.0,reject
28,32.85,15.97,19.67,15.82,50.5,25.0,reject
28,33.21,16.44,19.45,15.28,49.9,25.0,reject
28,32.85,15.97,19.24,15.97,50.1,25.0,reject
28,33.21,16.24,19.27,15.66,49.8,25.1,reject
28,33.03,16.03,19.29,15.49,50.0,25.0,reject
28,33.03,15.9,19.45,15.34,50.0,24.9,reject
28,33.03,15.97,19.39,15.32,50.0,24.9,reject
28,32.67,15.9,19.66,15.62,50.3,25.0,reject
28,33.21,16.17,19.45,15.66,50.0,24.9,reject
28,32.67,16.1,19.78,15.89,50.3,24.9,reject
28,32.67,16.24,19.77,15.82,49.8,24.9,reject
28,33.03,15.9,19.56,15.2,50.4,25.1,reject
28,33.21,15.9,19.45,15.66,50.2,25.0,reject
28,32.67,16.24,19.76,15.81,49.8,24.9,reject
28,33.21,16.37,19.43,15.43,49.8,24.9,reject
28,33.03,15.9,19.34,15.44,50.1,25.0,reject
28,32.32,16.03,19.66,15.28,50.1,25.0,reject
28,32.85,16.03,19.75,15.35,50.1,25.0,reject
28,33.03,15.9,19.67,15.43,50.2,24.9,reject
28,33.21,16.3,19.43,15.2,50.0,24.9,reject
28,32.85,15.9,19.28,15.38,50.2,25.0,reject
28,32.85,15.77,19.25,16.08,50.0,25.0,reject
28,33.21,15.97,19.48,15.73,50.0,24.9,reject
28,32.67,15.9,19.67,15.21,50.4,25.0,reject
28,32.85,15.77,19.45,16.16,50.4,25.1,reject
28,33.03,16.3,19.34,15.06,50.3,25.0,reject
28,33.03,15.9,19.55,15.43,50.0,24.9,reject
28,32.49,15.9,19.66,15.62,50.3,25.0,reject
28,32.49,15.84,19.56,16.29,50.2,25.0,reject
28,33.03,16.24,19.26,15.99,49.7,25.0,reject
28,32.49,15.97,19.57,15.34,49.7,24.9,reject
28,33.21,16.37,19.45,15.5,49.7,24.9,reject
28,32.67,16.24,19.78,15.89,49.9,24.9,reject
28,32.49,15.97,19.65,15.81,50.1,25.0,reject
28,32.49,16.03,19.68,15.49,50.0,24.9,reject
28,32.67,16.03,19.75,15.28,50.1,25.0,reject
28,33.21,16.17,19.78,15.96,50.1,24.9,reject
28,33.4,16.37,19.45,15.61,49.9,24.9,reject
28,33.03,16.24,19.36,15.16,50.1,24.9,reject
28,32.67,15.71,19.24,16.05,50.2,25.0,reject
28,32.32,15.9,19.56,15.66,50.1,25.0,reject
28,32.32,15.9,19.57,16.28,50.0,25.0,reject
28,33.03,16.17,19.24,15.89,50.1,25.1,reject
28,32.49,15.97,19.66,15.61,50.2,25.0,reject
28,33.21,16.3,19.41,15.62,50.0,24.9,reject
28,33.21,16.37,19.44,15.58,50.0,25.0,reject
28,32.32,15.9,19.65,15.58,50.2,25.0,reject
28,33.21,16.17,19.35,15.54,50.1,25.0,reject
28,32.32,16.03,19.75,15.73,50.2,25.0,reject
28,32.85,15.97,19.62,15.64,50.3,25.0,reject
28,32.49,16.1,19.76,15.44,50.0,24.9,reject
28,33.21,16.44,19.45,15.5,49.7,24.9,reject
28,32.85,15.71,19.34,16.13,50.1,25.1,reject
28,33.03,16.24,19.24,15.89,50.0,25.1,reject
28,32.67,15.97,19.66,15.81,50.1,25.0,reject
28,33.03,16.03,19.73,15.89,50.3,24.9,reject
28,33.03,16.17,19.31,15.35,50.1,25.0,reject
28,33.03,15.9,19.33,15.51,50.0,25.0,reject
28,32.85,16.17,19.24,15.97,50.1,25.0,reject
28,33.03,15.84,19.56,15.63,50.3,25.0,reject
28,32.49,16.03,19.7,15.14,50.2,25.1,reject
28,33.03,15.9,19.56,16.06,50.1,25.0,reject
28,32.67,15.9,19.68,15.29,50.5,25.0,reject
28,32.85,15.77,19.34,15.43,50.2,25.0,reject
28,32.67,16.1,19.68,15.25,50.0,25.0,reject
28,33.03,15.9,19.44,15.43,50.2,25.0,reject
28,32.49,16.1,19.75,15.18,50.1,25.0,reject
28,32.32,15.97,19.56,15.5,50.0,25.0,reject
28,32.49,15.97,19.62,15.68,50.1,25.0,reject
28,33.03,16.03,19.34,15.06,50.4,25.0,reject
28,33.03,15.97,19.34,15.13,50.4,25.0,reject
28,33.03,15.97,19.67,15.73,50.3,25.0,reject
28,32.85,15.97,19.66,15.22,50.5,25.0,reject
28,32.85,15.97,19.66,15.81,50.1,25.0,reject
28,33.03,16.03,19.74,15.89,50.3,24.9,reject
28,32.49,15.97,19.68,15.81,50.4,25.0,reject
28,32.67,15.71,19.34,16.13,50.3,25.0,reject
28,32.85,15.77,19.24,15.98,50.3,25.1,reject
28,33.21,16.17,19.35,15.52,50.1,25.0,reject
28,32.85,15.77,19.24,16.05,50.0,25.1,reject
28,32.49,15.84,19.57,16.29,50.0,25.0,reject
28,32.32,15.97,19.67,15.44,50.5,25.0,reject
28,32.49,15.97,19.67,15.21,50.4,25.0,reject
28,33.03,16.03,19.34,15.58,50.3,25.0,reject
28,33.21,16.1,19.7,15.21,50.2,25.0,reject
28,32.32,15.97,19.66,15.61,50.2,25.0,reject
28,32.49,16.1,19.71,15.66,50.0,25.0,reject
28,33.03,15.84,19.42,15.64,50.4,25.0,reject
28,33.21,16.1,19.72,15.89,50.3,25.0,reject
28,33.21,15.97,19.56,15.79,50.2,24.9,reject
28,33.21,16.3,19.35,15.58,50.1,25.0,reject
28,33.21,16.24,19.45,15.66,49.9,24.9,reject
28,33.4,16.44,19.45,15.66,49.9,24.9,reject
28,32.67,15.71,19.44,16.15,50.0,25.0,reject
28,32.14,15.9,19.57,16.21,50.1,25.0,reject
28,32.67,16.17,19.67,15.79,50.1,25.0,reject
28,32.85,15.97,19.24,15.97,50.2,25.0,reject
28,33.03,15.97,19.24,15.43,50.1,25.0,reject
28,32.67,16.03,19.75,15.87,50.3,25.0,reject
28,33.21,16.24,19.37,15.51,50.1,25.0,reject
28,32.85,15.9,19.55,16.29,50.2,25.1,reject
28,33.21,16.3,19.34,15.07,50.0,25.0,reject
28,32.32,15.9,19.66,15.2,50.5,25.1,reject
28,32.85,15.9,19.67,15.2,50.5,25.1,reject
28,32.85,16.03,19.75,15.88,50.3,25.0,reject
28,32.85,15.97,19.23,15.96,50.2,25.1,reject
28,33.03,16.24,19.26,15.73,49.9,25.1,reject
28,32.85,15.97,19.25,15.46,50.1,25.0,reject
28,33.21,16.17,19.36,15.2,50.1,24.9,reject
28,33.03,15.9,19.24,15.81,50.0,25.1,reject
28,32.67,15.9,19.66,15.81,50.1,25.0,reject
28,32.14,15.84,19.46,16.11,49.7,25.0,reject
28,32.49,15.97,19.67,15.35,50.5,25.0,reject
28,32.85,16.1,19.78,15.91,50.4,24.9,reject
28,32.14,15.77,19.54,16.18,50.4,25.1,reject
28,33.21,16.03,19.34,14.97,50.2,25.0,reject
28,33.21,16.24,19.45,15.66,50.0,24.9,reject
28,32.85,15.9,19.24,16.01,50.2,25.0,reject
28,32.49,16.03,19.66,15.19,50.2,25.0,reject
28,32.32,15.97,19.6,15.2,50.1,25.0,reject
28,33.03,16.1,19.78,15.9,50.4,24.9,reject
28,33.03,16.24,19.35,15.06,50.3,25.0,reject
28,32.49,16.17,19.79,15.84,50.1,24.9,reject
28,32.14,15.84,19.56,16.22,50.0,25.0,reject
28,33.03,15.77,19.44,15.66,50.1,25.0,reject
28,32.32,15.84,19.56,16.28,50.2,25.0,reject
28,32.85,15.9,19.55,16.21,50.5,25.1,reject
28,32.49,16.1,19.67,15.28,49.9,25.0,reject
28,32.32,15.97,19.6,15.59,50.0,25.0,reject
28,32.32,15.97,19.66,15.64,49.9,25.0,reject
28,33.21,16.17,19.34,15.28,49.9,24.9,reject
28,33.21,16.24,19.37,15.13,50.0,25.0,reject
28,33.03,15.97,19.44,15.2,50.1,25.0,reject
28,33.03,15.97,19.3,15.5,50.0,25.0,reject
28,33.21,16.03,19.4,15.65,50.1,25.0,reject
28,33.03,16.1,19.26,15.42,50.1,25.0,reject
28,33.21,16.17,19.36,15.28,49.8,24.9,reject
28,32.32,15.9,19.55,15.48,49.9,25.0,reject
28,33.03,16.03,19.75,15.88,50.4,25.0,reject
28,33.03,16.1,19.24,15.98,49.9,25.1,reject
28,33.03,16.24,19.27,15.98,49.7,25.1,reject
28,32.32,15.97,19.56,16.02,50.0,25.1,reject
28,33.4,16.37,19.45,15.6,49.9,24.9,reject
28,32.67,15.97,19.69,15.81,50.5,25.0,reject
28,33.21,16.37,19.45,15.49,49.7,24.9,reject
28,32.85,15.97,19.73,15.73,50.3,25.0,reject
28,32.49,15.97,19.67,15.66,50.2,25.0,reject
28,33.03,16.17,19.24,15.73,49.9,25.1,reject
28,33.03,15.97,19.66,15.24,50.5,25.0,reject
28,33.21,16.37,19.36,15.06,50.0,25.0,reject
28,33.03,15.97,19.32,15.37,50.0,25.0,reject
28,33.03,15.77,19.45,15.66,50.1,25.0,reject
28,32.85,15.97,19.67,15.43,50.6,25.0,reject
28,33.03,16.1,19.33,15.35,50.0,25.0,reject
28,32.67,15.71,19.27,16.07,50.3,25.0,reject
28,33.03,15.84,19.37,15.05,50.3,25.0,reject
28,32.85,16.1,19.24,15.97,50.1,25.0,reject
28,33.21,16.1,19.45,15.67,50.0,24.9,reject
28,33.21,16.1,19.78,15.97,50.4,24.9,reject
28,32.85,15.9,19.22,15.96,50.2,25.0,reject
28,33.03,15.97,19.67,15.38,50.5,25.0,reject
28,33.03,15.77,19.46,15.7,50.4,25.0,reject
28,32.49,16.03,19.74,15.21,50.1,25.0,reject
28,32.85,15.97,19.22,15.96,50.2,25.1,reject
28,32.49,16.1,19.75,15.42,50.0,24.9,reject
28,32.85,16.17,19.24,15.97,49.8,25.0,reject
28,32.32,15.97,19.66,15.62,50.1,25.0,reject
28,32.49,15.84,19.55,16.21,50.5,25.1,reject
28,33.03,16.17,19.24,16.01,49.8,25.1,reject
28,33.21,16.37,19.43,15.51,50.0,25.0,reject
28,33.03,15.84,19.45,15.12,50.4,25.1,reject
28,33.03,15.77,19.34,15.82,50.1,25.1,reject
28,32.14,15.84,19.55,16.2,50.4,25.1,reject
28,32.67,15.97,19.66,15.66,50.3,25.0,reject
28,32.85,15.9,19.65,15.65,50.3,25.0,reject
28,33.03,15.97,19.41,15.35,50.0,24.9,reject
28,33.03,16.1,19.32,15.35,50.0,25.0,reject
28,32.49,16.1,19.74,15.82,50.2,25.0,reject
28,33.03,15.9,19.25,15.81,50.0,25.1,reject
28,32.85,15.84,19.55,16.21,50.5,25.1,reject
28,32.49,16.03,19.63,15.58,50.0,25.0,reject
28,32.85,15.97,19.67,15.81,50.1,25.0,reject
28,32.85,15.77,19.45,16.22,50.1,25.1,reject
28,33.03,16.24,19.34,15.36,50.0,25.0,reject
28,32.85,15.97,19.34,15.06,50.4,25.0,reject
28,32.85,15.71,19.34,16.12,50.0,25.0,reject
28,32.49,16.03,19.77,15.48,50.1,24.9,reject
28,32.49,16.1,19.74,15.19,50.0,25.0,reject
28,33.03,16.17,19.3,15.5,49.9,25.0,reject
28,33.4,16.44,19.45,15.65,49.9,24.9,reject
28,32.49,16.17,19.77,15.78,50.0,24.9,reject
28,32.67,16.1,19.71,15.82,50.2,25.0,reject
28,33.03,15.84,19.54,15.58,50.3,25.0,reject
28,33.03,16.17,19.24,15.89,50.0,25.1,reject
28,33.21,16.24,19.34,15.34,49.9,25.0,reject
28,32.49,15.97,19.67,15.81,50.4,25.0,reject
28,33.03,15.84,19.56,15.73,50.1,25.0,reject
28,32.67,15.84,19.57,16.29,50.0,25.0,reject
28,32.32,15.97,19.63,15.6,50.0,25.0,reject
28,32.67,15.97,19.68,15.81,50.5,25.0,reject
28,33.03,15.84,19.55,15.73,50.4,25.0,reject
28,32.67,15.64,19.37,16.16,50.3,25.0,reject
28,32.67,15.97,19.66,15.65,50.3,25.0,reject
28,33.03,16.24,19.31,15.66,49.7,25.0,reject
28,32.32,16.03,19.57,15.58,49.8,25.0,reject
28,32.49,16.1,19.71,15.39,49.9,24.9,reject
28,32.32,15.9,19.55,15.3,49.6,24.9,reject
28,32.85,15.9,19.34,15.13,50.4,25.0,reject
28,32.85,16.1,19.78,15.93,50.4,24.9,reject
28,32.85,15.84,19.38,15.13,50.5,25.0,reject
28,32.67,16.03,19.7,15.49,50.0,24.9,reject
28,32.85,16.1,19.78,15.96,50.1,24.9,reject
28,32.32,15.97,19.54,15.97,49.9,25.0,reject
28,33.03,16.03,19.24,15.78,50.0,25.1,reject
28,32.32,16.03,19.67,15.33,50.4,25.0,reject
28,33.03,15.84,19.48,15.58,50.2,25.0,reject
28,33.03,15.97,19.65,15.66,50.3,25.0,reject
28,32.32,15.97,19.56,16.04,50.0,25.1,reject
28,32.32,15.97,19.65,15.58,50.0,25.0,reject
28,32.32,15.97,19.67,15.2,50.4,25.1,reject
28,32.85,15.84,19.29,15.42,50.2,25.0,reject
28,32.67,15.64,19.34,16.12,50.3,25.0,reject
28,32.85,15.77,19.31,16.05,50.0,25.0,reject
28,32.49,16.1,19.78,15.88,50.3,24.9,reject
28,33.21,15.9,19.56,15.2,50.1,25.0,reject
28,32.85,15.84,19.23,15.97,50.2,25.0,reject
28,33.21,15.97,19.44,15.66,50.2,25.0,reject
28,32.85,16.03,19.7,15.5,50.1,24.9,reject
28,33.03,15.97,19.34,15.09,50.4,25.0,reject
28,32.49,16.03,19.64,15.57,49.9,25.0,reject
28,33.03,15.97,19.64,15.65,50.2,25.0,reject
28,33.21,16.3,19.34,15.01,50.0,25.0,reject
28,33.4,16.37,19.45,15.29,49.9,25.0,reject
28,33.03,15.84,19.45,15.96,50.2,25.1,reject
28,33.21,15.97,19.45,15.66,50.2,25.0,reject
28,32.85,16.1,19.23,15.92,50.1,25.1,reject
28,32.85,15.9,19.34,15.58,50.0,25.0,reject
28,33.03,16.03,19.69,15.5,50.1,24.9,reject
28,33.21,15.9,19.55,15.74,50.2,24.9,reject
28,33.21,16.37,19.35,14.99,50.0,25.0,reject
28,33.03,16.03,19.71,15.74,50.3,25.0,reject
28,33.03,16.1,19.24,15.91,50.1,25.1,reject
28,32.49,16.03,19.62,15.2,49.8,25.0,reject
28,33.03,15.9,19.56,15.61,50.3,25.0,reject
28,33.03,16.17,19.33,15.35,50.0,25.0,reject
28,33.03,15.97,19.72,15.73,50.3,25.0,reject
28,32.49,16.03,19.64,15.16,50.1,25.0,reject
28,32.49,15.97,19.66,15.6,50.1,25.0,reject
28,32.14,15.84,19.55,16.18,50.3,25.0,reject
28,33.21,15.97,19.6,15.81,50.1,24.9,reject
28,32.49,16.1,19.78,15.89,50.0,24.9,reject
28,33.03,16.1,19.34,14.98,50.1,25.0,reject
28,32.32,15.84,19.52,15.5,49.7,25.0,reject
28,32.14,15.77,19.5,15.06,50.1,25.0,reject
28,32.32,15.9,19.66,15.31,50.4,25.0,reject
28,32.32,15.97,19.67,15.21,50.4,25.1,reject
28,32.49,16.03,19.75,15.2,50.1,25.0,reject
28,32.32,15.97,19.56,16.21,49.8,25.0,reject
28,33.21,16.1,19.78,15.95,50.4,24.9,reject
28,33.4,16.17,19.77,15.96,50.1,24.9,reject
28,32.14,15.9,19.54,16.13,50.2,25.0,reject
28,32.49,16.1,19.67,15.63,50.0,25.0,reject
28,32.67,16.17,19.78,15.89,50.0,24.9,reject
28,32.49,16.1,19.67,15.42,49.8,25.0,reject
28,32.49,15.97,19.67,15.8,50.4,25.0,reject
28,33.03,16.03,19.78,15.5,50.2,24.9,reject
28,32.67,15.84,19.56,16.29,50.0,25.0,reject
28,33.21,16.24,19.39,15.21,50.0,25.0,reject
28,32.49,15.9,19.66,15.62,50.2,25.0,reject
28,33.21,16.37,19.36,14.91,50.0,25.0,reject
28,33.21,16.03,19.66,15.21,50.5,25.1,reject
28,32.32,15.97,19.57,15.13,50.1,25.0,reject
28,32.14,15.84,19.5,16.13,49.9,25.0,reject
28,33.03,15.84,19.44,15.66,50.4,25.0,reject
28,32.14,15.77,19.52,16.15,50.4,25.1,reject
28,32.49,16.17,19.75,15.75,50.0,24.9,reject
28,33.03,15.9,19.4,15.5,50.2,25.0,reject
28,32.67,15.9,19.23,15.98,50.2,25.0,reject
28,32.85,15.97,19.66,15.66,50.3,25.0,reject
28,32.32,16.03,19.66,15.58,49.9,25.0,reject
28,33.21,16.3,19.34,15.34,49.9,25.0,reject
28,32.49,16.03,19.75,15.5,50.1,24.9,reject
28,32.32,15.97,19.67,15.41,50.5,25.0,reject
28,32.14,15.77,19.55,15.07,50.0,24.9,reject
28,32.85,15.77,19.45,15.5,50.3,25.0,reject
28,33.21,16.03,19.67,15.5,50.1,24.9,reject
28,33.03,16.1,19.34,15.21,50.1,24.9,reject
28,32.85,15.77,19.35,15.65,50.1,25.0,reject
28,33.21,15.97,19.55,15.76,50.0,24.9,reject
28,33.03,16.24,19.33,15.48,50.0,25.0,reject
28,32.85,16.03,19.74,15.25,50.2,25.0,reject
28,32.49,15.97,19.67,15.28,50.5,25.0,reject
28,33.03,15.9,19.34,15.43,50.1,25.0,reject
28,32.49,16.03,19.67,15.45,50.0,25.0,reject
28,32.49,16.1,19.67,15.76,50.0,25.0,reject
28,32.32,15.84,19.56,16.21,50.5,25.1,reject
28,32.49,16.03,19.71,15.73,50.2,25.0,reject
28,32.85,15.97,19.67,15.21,50.5,25.1,reject
28,33.21,16.1,19.38,15.6,50.1,24.9,reject
28,32.67,15.97,19.67,15.28,50.5,25.0,reject
28,32.49,16.1,19.72,15.46,49.9,24.9,reject
28,32.32,16.03,19.67,15.28,50.2,24.9,reject
28,32.14,15.84,19.56,16.27,50.0,25.0,reject
28,32.32,15.9,19.64,15.6,50.1,25.0,reject
28,33.03,16.24,19.25,15.97,49.8,25.0,reject
28,32.49,16.1,19.73,15.2,50.0,25.0,reject
28,33.21,16.03,19.72,15.22,50.2,25.0,reject
28,32.85,15.84,19.55,15.58,50.3,25.0,reject
28,32.32,15.9,19.65,15.6,50.2,25.0,reject
28,32.85,15.97,19.7,15.81,50.5,25.0,reject
28,32.32,15.97,19.67,15.29,50.4,25.0,reject
28,33.03,16.1,19.27,15.38,50.1,25.0,reject
28,32.85,15.9,19.63,15.66,50.3,25.0,reject
28,32.49,16.03,19.74,15.86,50.3,25.0,reject
28,32.49,16.03,19.72,15.26,50.1,25.0,reject
28,32.32,15.84,19.45,15.91,49.9,25.1,reject
28,32.85,15.84,19.24,16.05,50.0,25.1,reject
28,32.85,15.97,19.75,15.75,50.3,25.0,reject
28,33.03,16.17,19.34,15.14,50.3,25.0,reject
28,32.49,15.97,19.73,15.73,50.3,25.0,reject
28,33.4,16.37,19.44,15.59,50.0,25.0,reject
28,33.03,15.84,19.45,15.06,50.4,25.1,reject
28,33.21,15.97,19.65,15.49,50.1,24.9,reject
28,33.03,16.1,19.24,15.74,49.9,25.1,reject
28,32.49,16.1,19.67,15.23,50.0,25.0,reject
28,33.21,16.37,19.34,15.3,49.8,25.0,reject
28,33.03,15.84,19.45,15.5,50.3,25.0,reject
28,33.03,15.97,19.34,15.53,50.2,25.0,reject
28,32.67,15.97,19.74,15.75,50.3,25.0,reject
28,33.21,16.24,19.34,15.2,50.1,25.0,reject
28,33.03,15.97,19.34,14.98,50.3,25.1,reject
28,32.32,15.9,19.57,16.05,50.0,25.0,reject
28,33.03,16.17,19.28,15.97,49.8,25.0,reject
28,32.32,16.03,19.57,15.58,50.0,25.0,reject
28,32.67,16.24,19.78,15.86,49.9,24.9,reject
28,33.21,16.17,19.35,15.28,50.0,25.0,reject
28,32.49,16.1,19.68,15.73,50.0,24.9,reject
28,32.14,15.9,19.56,16.21,50.0,25.0,reject
28,32.85,15.9,19.57,16.05,50.1,25.0,reject
28,33.21,16.3,19.43,15.59,50.0,25.0,reject
28,33.03,15.97,19.67,15.23,50.5,25.0,reject
28,32.49,16.17,19.77,15.81,50.1,24.9,reject
28,33.21,16.3,19.42,15.28,49.9,25.0,reject
28,33.03,15.9,19.34,15.58,50.4,25.0,reject
28,32.85,16.17,19.26,15.97,49.8,25.0,reject
28,32.32,15.84,19.57,16.28,50.0,25.0,reject
28,33.21,15.9,19.49,15.73,50.2,25.0,reject
28,32.14,15.77,19.56,16.21,50.1,25.0,reject
28,33.21,16.1,19.37,15.65,50.1,24.9,reject
28,32.32,16.03,19.66,15.58,50.1,25.0,reject
28,32.49,16.03,19.67,15.79,50.3,25.0,reject
28,32.85,15.9,19.24,16.01,49.9,25.0,reject
28,32.32,15.9,19.6,15.63,50.0,25.0,reject
28,32.32,15.84,19.55,15.06,50.1,25.0,reject
28,32.14,15.84,19.56,16.23,50.1,25.0,reject
28,33.03,16.1,19.29,15.5,50.0,25.0,reject
28,33.21,16.24,19.34,15.57,50.1,25.0,reject
28,33.21,16.1,19.71,15.89,50.1,24.9,reject
28,33.03,15.97,19.34,15.58,50.3,25.0,reject
28,33.21,16.37,19.36,15.58,50.1,25.0,reject
28,33.03,16.17,19.34,15.19,50.3,25.0,reject
28,32.32,16.03,19.75,15.72,50.2,25.0,reject
28,32.85,15.97,19.23,15.96,50.2,25.0,reject
28,32.85,15.97,19.67,15.36,50.6,25.0,reject
28,32.32,15.9,19.55,16.14,50.2,25.0,reject
28,33.03,15.97,19.34,15.43,50.1,25.0,reject
28,33.21,16.24,19.38,15.13,50.0,24.9,reject
28,32.67,16.1,19.7,15.21,50.0,25.0,reject
28,33.03,16.24,19.26,16.0,49.7,25.0,reject
28,32.49,16.17,19.79,15.89,50.2,24.9,reject
28,33.21,16.24,19.34,15.35,49.9,25.0,reject
28,33.03,15.97,19.66,15.27,50.5,25.0,reject
28,33.03,16.03,19.39,15.2,50.1,24.9,reject
28,33.03,15.77,19.34,15.88,50.1,25.1,reject
28,32.49,15.9,19.66,15.64,50.3,25.0,reject
28,32.32,15.97,19.67,15.63,50.0,25.0,reject
28,32.32,15.9,19.47,15.95,49.9,25.1,reject
28,32.14,15.9,19.57,16.22,49.9,25.0,reject
28,32.49,16.03,19.66,15.16,50.2,25.0,reject
28,33.03,16.17,19.33,15.5,49.9,25.0,reject
28,33.03,15.97,19.33,15.42,50.1,25.0,reject
28,32.85,15.84,19.24,16.03,50.2,25.0,reject
28,33.03,15.97,19.44,15.22,50.1,24.9,reject
28,32.67,15.84,19.55,16.21,50.5,25.1,reject
28,33.03,15.84,19.44,15.5,50.2,25.0,reject
28,32.49,16.1,19.67,15.65,50.0,25.0,reject
28,32.49,16.03,19.67,15.76,50.2,25.0,reject
28,32.49,15.97,19.66,15.6,50.2,25.0,reject
28,33.21,15.9,19.45,15.2,50.1,25.0,reject
28,33.21,16.1,19.35,15.06,50.0,25.0,reject
28,32.49,16.03,19.7,15.49,50.1,25.0,reject
28,32.14,15.84,19.56,16.23,50.2,25.0,reject
28,33.21,16.03,19.35,15.32,49.9,24.9,reject
28,33.03,15.97,19.66,15.66,50.3,25.0,reject
28,33.03,16.03,19.73,15.2,50.2,25.0,reject
28,32.49,16.03,19.71,15.49,50.1,25.0,reject
28,33.03,15.9,19.56,15.78,50.4,25.0,reject
28,32.49,16.17,19.78,15.81,50.1,24.9,reject
28,33.21,16.1,19.35,15.28,49.9,24.9,reject
28,32.32,15.9,19.65,15.18,50.4,25.1,reject
28,33.21,16.03,19.38,15.09,50.1,25.0,reject
28,33.03,16.1,19.78,15.96,50.4,24.9,reject
28,32.49,15.84,19.56,16.21,50.5,25.1,reject
28,33.03,15.84,19.45,15.21,50.2,24.9,reject
28,33.21,16.24,19.35,15.3,49.9,25.0,reject
28,32.67,15.77,19.49,16.26,50.3,25.0,reject
28,33.21,16.3,19.42,15.51,50.0,25.0,reject
28,33.03,15.9,19.59,15.66,50.3,25.0,reject
28,33.03,16.1,19.24,16.0,49.8,25.0,reject
28,32.32,15.9,19.51,16.13,50.1,25.0,reject
28,33.21,16.3,19.4,15.42,49.8,24.9,reject
28,32.32,15.9,19.56,16.05,50.1,25.1,reject
28,33.03,15.97,19.35,15.54,50.2,25.0,reject
28,33.21,16.1,19.78,15.96,50.1,24.9,reject
28,32.32,16.03,19.61,15.14,50.1,25.0,reject
28,32.67,16.17,19.72,15.81,49.8,24.9,reject
28,32.14,15.84,19.51,16.13,49.7,25.0,reject
28,33.03,15.84,19.56,15.35,50.2,24.9,reject
28,33.03,16.1,19.24,16.01,49.8,25.0,reject
28,33.03,16.1,19.24,15.77,49.9,25.1,reject
28,32.85,15.9,19.56,16.05,50.2,25.1,reject
28,33.21,15.97,19.59,15.2,50.1,25.0,reject
28,32.67,15.77,19.24,16.05,50.2,25.0,reject
28,32.32,15.97,19.65,15.6,50.1,25.0,reject
28,32.49,15.97,19.67,15.2,50.5,25.1,reject
28,33.21,16.03,19.73,15.74,50.3,25.0,reject
28,32.49,15.97,19.67,15.18,50.3,25.0,reject
28,32.32,16.03,19.61,15.57,50.0,25.1,reject
28,33.03,15.97,19.67,15.82,50.5,25.0,reject
28,32.49,15.97,19.59,15.67,50.0,25.0,reject
28,33.03,16.1,19.77,15.5,50.2,24.9,reject
28,33.03,15.84,19.45,15.35,50.2,24.9,reject
28,32.49,15.97,19.66,15.63,50.2,25.0,reject
28,33.03,15.84,19.45,15.58,50.3,25.0,reject
28,33.03,16.17,19.35,15.2,50.1,24.9,reject
28,32.67,15.97,19.75,15.74,50.3,25.0,reject
28,32.32,16.03,19.74,15.66,50.1,25.0,reject
28,33.03,16.17,19.25,15.73,49.9,25.1,reject
28,32.14,15.84,19.45,16.08,50.1,25.0,reject
28,32.49,16.03,19.67,15.36,49.9,24.9,reject
28,32.49,16.03,19.67,15.58,50.0,25.0,reject
28,32.85,15.84,19.35,15.21,50.5,25.0,reject
28,32.49,16.1,19.69,15.39,49.9,24.9,reject
28,33.03,15.84,19.34,15.58,50.0,25.0,reject
28,33.21,16.37,19.44,15.51,50.0,25.0,reject
28,33.21,16.17,19.34,15.06,50.1,25.0,reject
28,33.03,16.17,19.34,15.21,50.3,25.0,reject
28,32.32,15.97,19.56,16.01,50.0,25.1,reject
28,33.03,16.03,19.23,15.93,50.1,25.1,reject
28,32.67,16.03,19.75,15.88,50.3,25.0,reject
28,32.32,15.84,19.59,15.58,50.1,25.0,reject
28,33.03,15.97,19.42,15.2,50.1,24.9,reject
28,32.32,15.97,19.65,15.71,50.1,25.0,reject
28,32.49,16.03,19.66,15.72,50.1,25.0,reject
28,33.03,16.03,19.35,15.51,50.1,25.0,reject
28,32.85,15.9,19.54,16.21,50.5,25.1,reject
28,33.03,15.84,19.36,15.59,50.4,25.0,reject
28,33.03,16.03,19.28,15.5,50.0,25.0,reject
28,32.49,16.03,19.6,15.57,49.8,25.0,reject
28,33.03,16.17,19.25,15.7,49.9,25.1,reject
28,33.21,16.1,19.35,15.28,50.0,25.0,reject
28,33.03,16.1,19.32,15.36,50.0,25.0,reject
28,32.85,16.03,19.75,15.31,50.2,25.0,reject
28,32.49,16.1,19.73,15.82,50.2,25.0,reject
28,32.32,15.97,19.68,15.35,50.4,25.0,reject
28,32.32,15.9,19.61,15.59,50.2,25.0,reject
28,32.32,15.84,19.48,15.35,50.0,25.0,reject
28,33.21,16.1,19.34,14.98,50.1,25.0,reject
28,33.4,16.3,19.45,15.66,49.9,24.9,reject
28,33.21,16.03,19.45,15.73,50.0,24.9,reject
28,32.49,16.03,19.7,15.11,50.2,25.1,reject
28,32.85,15.84,19.55,16.27,50.0,25.0,reject
28,33.03,16.03,19.35,15.2,50.1,24.9,reject
28,33.03,15.97,19.67,15.83,50.5,25.0,reject
28,33.03,16.17,19.24,16.0,49.8,25.1,reject
28,33.21,16.3,19.32,15.66,49.7,25.0,reject
28,33.03,15.84,19.34,15.49,50.1,25.0,reject
28,32.85,16.03,19.23,15.97,50.1,25.0,reject
28,32.49,16.1,19.75,15.22,50.1,25.0,reject
28,33.21,16.3,19.42,15.2,50.0,24.9,reject
28,33.4,16.37,19.4,14.97,50.0,25.1,reject
28,33.21,15.9,19.45,15.35,50.1,25.0,reject
28,32.32,15.84,19.55,16.21,50.5,25.1,reject
28,33.03,15.84,19.28,15.81,50.0,25.1,reject
28,33.03,15.9,19.51,15.98,50.2,25.1,reject
28,32.49,16.1,19.76,15.43,50.0,24.9,reject
28,33.03,16.03,19.33,15.41,50.1,25.0,reject
28,33.03,15.97,19.25,15.43,50.1,25.0,reject
28,32.32,16.03,19.68,15.38,50.4,25.0,reject
28,32.32,15.97,19.67,15.8,50.4,25.0,reject
28,33.03,15.84,19.54,15.33,50.2,24.9,reject
28,32.67,15.9,19.65,15.62,50.3,25.0,reject
28,33.03,16.17,19.24,16.02,49.8,25.1,reject
28,32.32,15.9,19.54,16.14,49.9,25.0,reject
28,32.49,16.03,19.67,15.73,50.2,25.0,reject
28,33.21,16.3,19.36,15.58,50.1,25.0,reject
28,33.03,15.77,19.35,15.89,50.1,25.1,reject
28,32.67,16.1,19.78,15.91,50.1,24.9,reject
28,32.67,16.24,19.78,15.88,49.9,24.9,reject
28,32.49,16.03,19.77,15.45,50.1,24.9,reject
28,32.85,15.9,19.26,15.43,50.2,25.0,reject
28,33.21,16.03,19.39,15.12,50.1,25.0,reject
28,33.03,15.97,19.63,15.81,50.1,25.0,reject
28,32.49,16.1,19.68,15.65,50.0,25.0,reject
28,32.85,16.1,19.24,16.02,49.8,25.1,reject
28,32.85,15.97,19.24,15.99,49.9,25.0,reject
28,33.03,16.1,19.35,15.2,50.1,24.9,reject
28,32.67,15.97,19.66,15.64,50.2,25.0,reject
28,32.67,16.03,19.77,15.49,50.2,24.9,reject
28,32.14,15.9,19.58,16.26,49.9,25.0,reject
28,33.03,15.84,19.44,15.06,50.3,25.0,reject
28,32.85,15.71,19.29,16.05,50.3,25.0,reject
28,32.32,15.9,19.67,15.35,50.5,25.0,reject
28,32.49,16.1,19.7,15.81,50.1,25.0,reject
28,33.21,16.3,19.42,15.43,49.8,24.9,reject
28,32.32,15.9,19.56,15.17,50.1,25.0,reject
28,32.32,15.97,19.65,15.65,50.0,25.0,reject
28,33.03,15.97,19.24,15.79,50.0,25.1,reject
29,32.67,15.71,19.34,15.98,52.1,25.4,reject
29,32.85,15.9,19.24,15.73,51.3,25.1,reject
29,32.67,16.17,19.87,15.73,50.3,25.0,reject
29,32.32,15.84,19.56,15.97,51.5,25.2,reject
29,33.21,16.24,19.43,15.58,50.3,25.0,reject
29,33.21,16.03,19.48,15.66,50.5,25.0,reject
29,33.21,16.37,19.45,15.28,50.3,25.0,reject
29,33.4,16.17,19.78,15.89,50.6,25.0,reject
29,33.4,16.37,19.45,15.58,50.0,25.0,reject
29,33.03,15.9,19.56,15.77,50.6,25.0,reject
29,32.67,16.17,19.85,15.43,50.4,25.0,reject
29,32.85,15.97,19.15,15.73,51.5,25.2,reject
29,32.14,15.71,19.32,15.88,51.8,25.4,reject
29,33.21,16.24,19.45,15.66,50.7,24.9,reject
29,32.85,15.77,19.29,15.76,51.3,25.1,reject
29,33.21,16.17,19.81,15.74,50.3,25.0,reject
29,32.14,15.77,19.35,15.89,51.7,25.3,reject
29,32.67,16.17,19.78,15.89,50.6,24.9,reject
29,33.21,16.17,19.41,15.6,50.3,25.0,reject
29,32.49,16.1,19.78,15.43,50.6,25.0,reject
29,33.03,16.03,19.71,15.97,51.2,25.0,reject
29,33.21,16.24,19.45,15.57,50.4,25.0,reject
29,32.67,16.17,19.87,15.89,50.5,24.9,reject
29,33.4,16.37,19.52,15.5,50.1,25.0,reject
29,32.85,16.17,19.78,15.89,50.6,24.9,reject
29,33.21,16.03,19.56,15.56,50.2,25.0,reject
29,33.03,16.1,19.78,15.89,50.6,25.0,reject
29,32.67,16.1,19.78,15.83,50.3,25.0,reject
29,32.67,16.24,19.87,15.87,50.4,24.9,reject
29,32.85,16.1,19.78,15.89,50.6,25.0,reject
29,32.67,15.64,19.04,15.74,51.8,25.3,reject
29,33.4,16.51,19.53,15.28,50.2,25.0,reject
29,32.49,16.17,19.85,15.76,50.4,25.0,reject
29,32.67,16.1,19.78,15.47,50.6,25.0,reject
29,33.03,15.9,19.55,15.63,50.5,25.0,reject
29,33.21,16.03,19.67,15.83,50.4,25.0,reject
29,33.03,15.84,19.45,15.81,51.1,25.0,reject
29,33.21,16.3,19.44,15.58,50.3,25.0,reject
29,32.85,16.1,19.81,15.5,50.5,25.0,reject
29,33.03,16.1,19.78,15.5,50.7,25.0,reject
29,32.85,16.03,19.24,15.73,51.2,25.1,reject
29,33.03,16.1,19.78,15.97,50.8,24.9,reject
29,33.03,16.03,19.77,15.88,50.4,25.0,reject
29,33.21,16.3,19.45,15.66,50.7,25.0,reject
29,32.14,15.64,19.35,15.92,51.8,25.3,reject
29,32.67,16.1,19.81,15.81,50.5,25.0,reject
29,32.85,16.03,19.08,15.73,51.8,25.3,reject
29,33.21,16.17,19.45,15.43,50.1,25.0,reject
29,32.67,16.1,19.84,15.73,50.4,25.0,reject
29,33.03,15.9,19.56,15.81,50.3,24.9,reject
29,33.4,16.37,19.45,15.58,50.1,25.0,reject
29,33.4,16.44,19.46,15.58,50.0,25.0,reject
29,32.67,15.58,19.11,15.8,51.8,25.3,reject
29,32.49,15.71,19.45,15.97,51.8,25.3,reject
29,32.67,16.1,19.82,15.81,50.5,25.0,reject
29,32.67,15.45,19.13,15.82,52.0,25.3,reject
29,33.03,16.03,19.69,15.97,51.1,25.0,reject
29,32.85,16.1,19.22,15.73,51.5,25.2,reject
29,32.85,16.03,19.2,15.73,51.5,25.2,reject
29,32.67,15.84,19.03,15.73,51.8,25.3,reject
29,32.67,16.1,19.78,15.85,50.6,25.0,reject
29,33.4,16.37,19.46,15.44,50.1,25.0,reject
29,32.67,16.1,19.71,15.35,50.3,25.0,reject
29,33.21,16.1,19.75,15.89,50.6,25.0,reject
29,32.67,15.77,19.03,15.73,51.8,25.3,reject
29,33.21,15.97,19.56,15.78,50.4,25.0,reject
29,32.14,15.71,19.43,15.97,51.8,25.3,reject
29,32.67,16.17,19.75,15.28,50.0,24.9,reject
29,32.67,16.17,19.85,15.35,50.3,25.0,reject
29,32.85,15.77,19.45,15.99,51.8,25.3,reject
29,33.21,16.17,19.47,15.66,50.4,24.9,reject
29,33.03,16.03,19.34,15.73,51.0,25.0,reject
29,32.14,15.77,19.54,15.97,51.6,25.2,reject
29,32.85,15.77,19.12,15.73,51.7,25.3,reject
29,31.97,15.58,19.33,15.97,52.0,25.4,reject
29,33.21,16.1,19.45,15.66,50.5,25.0,reject
29,32.85,15.84,19.52,16.01,51.6,25.2,reject
29,33.4,16.37,19.46,15.28,50.0,25.0,reject
29,33.21,15.97,19.56,15.57,50.4,25.0,reject
29,33.21,15.97,19.67,15.89,50.8,24.9,reject
29,33.21,16.03,19.67,15.81,50.6,25.0,reject
29,32.49,16.03,19.77,15.96,51.1,25.0,reject
29,32.67,16.1,19.84,15.89,50.5,24.9,reject
29,33.4,16.3,19.46,15.5,50.1,25.0,reject
29,33.21,16.24,19.47,15.65,50.4,24.9,reject
29,33.4,16.44,19.45,15.58,50.0,25.0,reject
29,33.21,16.24,19.45,15.06,50.4,25.0,reject
29,32.67,15.77,19.55,15.99,51.6,25.2,reject
29,32.67,15.84,19.64,15.98,51.4,25.1,reject
29,32.67,15.58,19.33,15.89,51.8,25.3,reject
29,33.4,16.17,19.45,15.64,50.4,25.0,reject
29,32.49,16.03,19.78,15.85,50.4,25.0,reject
29,32.49,16.1,19.8,15.73,50.3,25.0,reject
29,32.67,16.1,19.75,15.74,50.1,24.9,reject
29,32.49,16.1,19.74,15.66,50.1,25.0,reject
29,33.4,16.17,19.45,15.61,50.1,25.0,reject
29,32.67,15.64,19.3,15.85,51.6,25.2,reject
29,32.67,16.24,19.81,15.35,50.3,25.0,reject
29,32.49,16.03,19.67,15.68,50.1,25.0,reject
29,33.21,16.37,19.47,15.27,50.0,25.0,reject
29,32.49,16.03,19.74,15.81,50.4,25.0,reject
29,32.32,15.71,19.45,15.97,51.8,25.3,reject
29,33.4,16.3,19.46,15.65,50.4,25.0,reject
29,32.14,15.71,19.45,15.95,51.7,25.2,reject
29,33.21,16.17,19.82,15.9,50.6,24.9,reject
29,33.21,16.3,19.47,15.66,50.4,24.9,reject
29,33.03,16.1,19.81,15.74,50.4,25.0,reject
29,32.49,16.1,19.77,15.83,50.4,25.0,reject
29,33.21,16.17,19.8,15.42,50.5,25.0,reject
29,32.85,16.1,19.79,15.81,50.6,25.0,reject
29,32.49,16.1,19.78,15.84,50.6,25.0,reject
29,33.21,16.1,19.78,15.81,50.6,25.0,reject
29,33.21,16.37,19.45,15.66,50.6,24.9,reject
29,33.03,16.03,19.78,15.5,50.7,25.0,reject
29,32.32,15.84,19.46,15.83,51.3,25.2,reject
29,33.03,15.9,19.56,15.81,50.8,24.9,reject
29,33.21,16.1,19.77,15.88,50.4,25.0,reject
29,32.67,15.51,19.1,15.81,52.0,25.3,reject
29,32.85,16.03,19.8,15.81,50.5,25.0,reject
29,32.49,16.1,19.75,15.81,50.5,25.0,reject
29,32.49,16.1,19.78,15.45,50.6,25.0,reject
29,33.21,16.44,19.45,15.66,50.1,24.9,reject
29,33.03,16.03,19.74,15.97,51.2,25.0,reject
29,33.21,16.24,19.45,15.65,50.2,24.9,reject
29,33.4,16.44,19.51,15.14,50.3,25.0,reject
29,33.03,15.97,19.45,15.72,50.3,24.9,reject
29,32.49,16.1,19.77,15.95,51.0,25.0,reject
29,32.49,16.03,19.75,15.88,50.6,25.0,reject
29,33.4,16.44,19.55,15.5,50.1,25.0,reject
29,33.21,16.3,19.39,15.72,51.0,25.1,reject
29,33.03,15.9,19.56,15.77,50.3,24.9,reject
29,32.14,15.71,19.39,15.97,51.9,25.3,reject
29,33.4,16.17,19.82,15.91,50.6,24.9,reject
29,33.21,16.17,19.45,15.65,50.2,25.0,reject
29,33.21,16.03,19.52,15.5,50.4,25.0,reject
29,32.67,16.1,19.81,15.87,50.5,24.9,reject
29,32.85,16.1,19.78,15.71,50.5,25.0,reject
29,32.49,16.17,19.82,15.93,50.7,24.9,reject
29,33.4,16.3,19.46,15.5,50.2,25.0,reject
29,32.49,16.03,19.78,15.66,50.4,25.0,reject
29,32.49,16.03,19.77,15.83,50.4,25.0,reject
29,32.85,15.84,19.61,15.98,51.4,25.1,reject
29,33.03,16.03,19.75,15.89,50.6,25.0,reject
29,33.21,16.1,19.45,15.65,50.2,25.0,reject
29,33.21,16.1,19.48,15.5,50.1,25.0,reject
29,32.85,15.71,19.33,15.81,51.4,25.1,reject
29,32.85,15.84,19.11,15.73,51.7,25.3,reject
29,32.32,15.77,19.56,15.98,51.6,25.2,reject
29,32.67,16.17,19.79,15.65,50.4,25.0,reject
29,32.67,16.17,19.78,15.81,50.2,25.0,reject
29,32.67,16.1,19.85,15.73,50.4,25.0,reject
29,33.21,16.03,19.45,15.66,50.3,25.0,reject
29,32.67,16.1,19.82,15.43,50.5,25.0,reject
29,33.21,16.03,19.67,15.28,50.5,25.0,reject
29,32.32,15.84,19.47,15.88,51.3,25.2,reject
29,32.67,16.17,19.74,15.75,50.4,25.0,reject
29,33.4,16.44,19.46,15.28,50.3,25.0,reject
29,33.4,16.17,19.78,15.73,50.5,25.0,reject
29,32.14,15.84,19.55,15.97,51.6,25.2,reject
29,33.03,15.9,19.67,15.94,51.1,25.0,reject
29,32.67,16.03,19.77,15.84,50.4,25.0,reject
29,33.03,16.03,19.41,15.64,50.4,25.0,reject
29,33.21,16.1,19.45,15.66,50.3,25.0,reject
29,32.85,16.03,19.77,15.88,50.4,25.0,reject
29,33.4,16.37,19.45,15.66,50.7,25.0,reject
29,33.4,16.51,19.53,15.62,50.2,25.0,reject
29,32.49,15.9,19.66,15.97,51.3,25.1,reject
29,32.67,15.84,19.65,15.98,51.4,25.1,reject
29,32.14,15.71,19.35,15.81,51.4,25.3,reject
29,33.21,16.03,19.56,15.7,50.5,24.9,reject
29,32.85,15.84,19.14,15.74,51.5,25.2,reject
29,32.85,16.1,19.78,15.68,50.5,25.0,reject
29,33.21,16.1,19.78,15.7,50.2,25.0,reject
29,32.85,15.9,19.03,15.73,51.8,25.3,reject
29,32.85,16.1,19.87,15.89,50.5,24.9,reject
29,33.21,16.1,19.45,15.58,50.4,25.0,reject
29,32.85,15.97,19.77,15.89,50.6,25.0,reject
29,32.85,16.03,19.81,15.81,50.5,25.0,reject
29,33.03,16.17,19.27,15.73,51.2,25.1,reject
29,33.4,16.24,19.45,15.43,50.1,25.0,reject
29,33.21,16.3,19.4,15.72,51.0,25.0,reject
29,32.67,16.17,19.78,15.82,50.5,25.0,reject
29,33.03,16.1,19.8,15.74,50.4,25.0,reject
29,32.14,15.77,19.34,15.91,51.9,25.4,reject
29,32.67,15.64,19.34,15.97,51.9,25.3,reject
29,33.21,16.17,19.83,15.74,50.3,25.0,reject
29,33.4,16.44,19.53,15.5,50.1,25.0,reject
29,33.4,16.44,19.51,15.62,50.2,25.0,reject
29,33.21,15.97,19.45,15.73,50.8,24.9,reject
29,32.32,15.77,19.38,15.9,51.8,25.3,reject
29,32.49,16.17,19.77,15.81,50.3,25.0,reject
29,33.03,16.17,19.86,15.9,50.6,24.9,reject
29,32.67,15.71,19.36,15.98,51.9,25.3,reject
29,32.32,15.77,19.41,15.87,51.5,25.3,reject
29,32.32,15.84,19.46,15.96,51.7,25.3,reject
29,32.14,15.77,19.43,15.96,51.8,25.3,reject
29,32.67,16.24,19.88,15.73,50.2,25.0,reject
29,32.14,15.71,19.28,15.85,51.8,25.4,reject
29,33.21,15.97,19.49,15.29,50.6,25.0,reject
29,32.67,16.1,19.69,15.58,50.1,25.0,reject
29,33.4,16.51,19.55,15.5,50.1,25.0,reject
29,32.67,15.64,19.35,15.89,51.6,25.2,reject
29,32.67,15.58,19.24,15.89,51.9,25.3,reject
29,33.21,16.37,19.45,15.58,50.2,25.0,reject
29,32.67,16.24,19.79,15.7,50.0,25.0,reject
29,33.21,16.1,19.78,15.47,50.6,25.0,reject
29,32.85,15.71,19.45,15.97,51.6,25.2,reject
29,32.67,16.1,19.78,15.68,50.5,25.0,reject
29,32.67,16.1,19.78,15.66,50.5,25.0,reject
29,33.21,16.17,19.81,15.76,50.4,25.0,reject
29,33.03,16.1,19.83,15.73,50.4,25.0,reject
29,33.4,16.37,19.48,15.5,50.1,25.0,reject
29,32.32,15.71,19.4,15.97,51.9,25.3,reject
29,33.21,16.17,19.45,15.64,50.1,25.0,reject
29,33.21,16.1,19.8,15.74,50.4,25.0,reject
29,33.21,16.3,19.45,15.66,50.2,24.9,reject
29,32.14,15.71,19.35,15.97,51.9,25.4,reject
29,32.67,16.17,19.77,15.78,50.1,24.9,reject
29,33.03,16.1,19.35,15.73,51.0,25.0,reject
29,32.49,16.17,19.85,15.77,50.4,25.0,reject
29,33.4,16.37,19.48,15.2,50.0,25.0,reject
29,33.21,16.1,19.47,15.51,50.3,25.0,reject
29,33.21,16.1,19.78,15.35,50.5,25.0,reject
29,33.03,15.84,19.44,15.75,51.1,25.0,reject
29,33.21,16.1,19.76,15.89,50.5,25.0,reject
29,32.85,16.1,19.78,15.5,50.7,25.0,reject
29,32.67,16.1,19.81,15.95,50.7,24.9,reject
29,32.67,15.51,19.13,15.81,51.9,25.3,reject
29,32.85,16.1,19.23,15.73,51.4,25.2,reject
29,33.21,15.9,19.56,15.35,50.6,25.0,reject
29,33.21,16.1,19.45,15.28,50.5,25.0,reject
29,33.21,16.24,19.45,15.28,50.4,25.0,reject
29,33.4,16.24,19.44,15.63,50.1,25.0,reject
29,33.21,15.97,19.66,15.61,50.2,25.0,reject
29,32.49,15.51,19.03,15.81,52.0,25.4,reject
29,33.03,15.9,19.55,15.65,50.5,25.0,reject
29,32.49,16.1,19.69,15.89,50.8,25.0,reject
29,32.14,15.77,19.41,15.93,51.8,25.3,reject
29,32.32,15.9,19.56,15.82,51.1,25.1,reject
29,33.21,16.24,19.36,15.72,51.0,25.0,reject
29,32.85,16.03,19.09,15.73,51.8,25.3,reject
29,33.03,16.1,19.77,15.88,50.5,25.0,reject
29,33.21,16.37,19.45,15.65,50.2,25.0,reject
29,33.4,16.37,19.45,15.44,50.1,25.0,reject
29,32.49,16.03,19.76,15.82,50.4,25.0,reject
29,33.21,16.1,19.46,15.52,50.1,25.0,reject
29,33.03,16.1,19.82,15.46,50.5,24.9,reject
29,32.49,16.1,19.67,15.87,50.8,25.0,reject
29,33.21,16.03,19.45,15.5,50.4,25.1,reject
29,32.49,15.84,19.66,15.98,51.4,25.1,reject
29,32.32,15.97,19.61,15.89,51.1,25.1,reject
29,32.85,15.77,19.45,16.0,51.8,25.3,reject
29,33.03,15.9,19.54,15.73,50.3,24.9,reject
29,32.67,16.17,19.85,15.28,50.3,25.0,reject
29,33.21,16.03,19.67,15.66,50.2,25.0,reject
29,33.21,16.3,19.45,15.29,50.1,25.0,reject
29,32.32,15.64,19.34,15.97,52.1,25.4,reject
29,33.4,16.44,19.55,15.65,50.3,24.9,reject
29,32.14,15.64,19.34,15.96,52.0,25.3,reject
29,32.67,15.97,19.77,15.89,50.6,25.0,reject
29,33.21,16.03,19.67,15.43,50.6,25.0,reject
29,32.85,16.1,19.82,15.48,50.5,25.0,reject
29,32.67,16.24,19.83,15.81,50.2,24.9,reject
29,32.67,16.17,19.78,15.59,50.2,25.0,reject
29,32.67,16.24,19.79,15.66,50.1,25.0,reject
29,32.67,16.24,19.84,15.29,50.3,25.0,reject
29,32.14,15.84,19.45,15.91,51.6,25.3,reject
29,33.21,16.24,19.44,15.58,50.3,25.0,reject
29,33.21,16.3,19.45,15.45,50.1,25.0,reject
29,32.85,15.71,19.34,15.81,51.4,25.1,reject
29,33.03,16.03,19.44,15.65,50.3,24.9,reject
29,32.67,16.1,19.78,15.95,50.8,25.0,reject
29,32.67,16.24,19.78,15.66,50.0,25.0,reject
29,33.21,16.17,19.45,15.64,50.2,24.9,reject
29,32.67,16.17,19.78,15.65,50.3,25.0,reject
29,32.67,16.17,19.79,15.73,50.2,25.0,reject
29,33.03,16.17,19.8,15.74,50.3,25.0,reject
29,33.21,16.17,19.48,15.66,50.4,24.9,reject
29,32.67,16.24,19.87,15.73,50.2,25.0,reject
29,33.4,16.37,19.45,15.06,50.3,25.0,reject
29,32.67,15.64,19.24,15.97,52.0,25.3,reject
29,32.67,16.03,19.78,15.48,50.7,25.0,reject
29,32.14,15.64,19.34,15.97,52.1,25.4,reject
29,32.85,16.1,19.81,15.73,50.3,25.0,reject
29,33.21,16.1,19.78,15.89,50.6,25.0,reject
29,32.49,15.9,19.66,15.98,51.3,25.1,reject
29,32.67,15.58,19.23,15.89,51.9,25.3,reject
29,32.67,15.58,19.05,15.75,51.8,25.3,reject
29,32.85,15.9,19.15,15.73,51.5,25.2,reject
29,33.03,16.1,19.45,15.7,50.7,24.9,reject
29,33.21,16.17,19.46,15.5,50.2,25.0,reject
29,33.03,15.97,19.48,15.58,50.5,25.0,reject
29,32.67,16.17,19.77,15.37,50.4,25.0,reject
29,33.03,15.9,19.56,15.81,50.6,25.0,reject
29,33.21,16.03,19.56,15.58,50.3,25.0,reject
29,33.21,16.3,19.45,15.28,50.0,25.0,reject
29,33.21,15.97,19.56,15.73,50.6,25.0,reject
29,32.67,16.17,19.78,15.43,50.5,25.0,reject
29,33.03,16.1,19.78,15.7,50.5,25.0,reject
29,33.21,16.24,19.45,15.61,50.1,25.0,reject
29,32.85,15.9,19.13,15.73,51.7,25.3,reject
29,32.67,15.77,19.64,15.98,51.4,25.1,reject
29,33.4,16.51,19.51,15.28,50.3,25.0,reject
29,32.85,16.1,19.81,15.75,50.3,25.0,reject
29,32.67,16.17,19.88,15.89,50.4,24.9,reject
29,33.4,16.17,19.45,15.66,50.4,25.0,reject
29,32.32,15.9,19.56,15.97,51.5,25.2,reject
29,33.21,16.24,19.45,15.64,50.2,24.9,reject
29,32.49,15.97,19.7,15.82,50.5,25.0,reject
29,32.49,16.03,19.78,15.43,50.6,25.0,reject
29,33.21,16.17,19.78,15.97,50.9,24.9,reject
29,32.32,15.97,19.58,15.89,51.1,25.1,reject
29,32.85,15.9,19.14,15.73,51.5,25.2,reject
29,32.85,16.1,19.79,15.97,50.8,24.9,reject
29,32.49,16.1,19.77,15.84,50.4,25.0,reject
29,32.49,15.97,19.73,15.95,51.1,25.0,reject
29,33.4,16.44,19.48,15.62,50.2,25.0,reject
29,32.14,15.77,19.35,15.94,51.9,25.4,reject
29,32.49,15.97,19.66,15.28,50.3,25.0,reject
29,32.49,16.17,19.77,15.66,50.2,25.0,reject
29,33.21,15.97,19.54,15.68,50.6,25.0,reject
29,33.4,16.44,19.47,15.28,50.3,25.0,reject
29,33.21,15.97,19.64,15.78,50.5,24.9,reject
29,32.14,15.71,19.36,15.97,51.8,25.3,reject
29,32.49,16.1,19.78,15.73,50.2,25.0,reject
29,32.49,16.1,19.74,15.89,50.9,25.0,reject
29,32.49,15.9,19.6,15.77,50.7,25.0,reject
29,33.4,16.17,19.45,15.48,50.3,25.0,reject
29,32.32,15.97,19.66,15.96,51.2,25.1,reject
29,33.21,15.97,19.56,15.58,50.5,25.0,reject
29,32.32,15.9,19.55,15.95,51.5,25.2,reject
29,32.67,16.17,19.85,15.29,50.3,24.9,reject
29,32.67,16.24,19.78,15.67,50.0,25.0,reject
29,33.03,15.97,19.45,15.58,50.5,25.0,reject
29,33.21,16.17,19.45,15.68,50.8,25.0,reject
29,33.21,16.37,19.49,15.66,50.4,24.9,reject
29,32.49,16.03,19.77,15.86,50.5,25.0,reject
29,33.4,16.37,19.51,15.65,50.4,24.9,reject
29,32.67,16.17,19.78,15.81,50.5,25.0,reject
29,33.21,15.97,19.67,15.22,50.5,25.0,reject
29,32.49,16.03,19.65,15.66,50.0,25.0,reject
29,33.4,16.24,19.46,15.5,50.2,25.0,reject
29,32.67,16.24,19.77,15.65,50.0,25.0,reject
29,32.85,15.97,19.13,15.73,51.7,25.3,reject
29,32.49,15.71,19.39,15.97,51.9,25.3,reject
29,33.21,15.97,19.66,15.66,50.4,25.0,reject
29,32.85,16.1,19.84,15.73,50.4,25.0,reject
29,33.03,16.03,19.42,15.65,50.4,25.0,reject
29,32.85,15.84,19.54,15.99,51.6,25.2,reject
29,33.21,16.24,19.45,15.35,50.1,25.0,reject
29,33.4,16.44,19.49,15.21,50.0,25.0,reject
29,33.21,16.1,19.5,15.58,50.3,25.0,reject
29,33.21,16.17,19.45,15.66,50.8,25.0,reject
29,32.67,16.17,19.85,15.35,50.3,24.9,reject
29,32.67,15.71,19.13,15.73,51.8,25.3,reject
29,32.49,15.97,19.69,15.91,51.1,25.0,reject
29,32.67,16.03,19.79,15.96,50.8,25.0,reject
29,33.21,16.1,19.45,15.1,50.4,25.0,reject
29,32.49,15.64,19.34,15.97,52.0,25.3,reject
29,33.03,16.1,19.81,15.46,50.5,24.9,reject
29,33.21,15.9,19.57,15.66,50.5,25.0,reject
29,33.21,16.03,19.46,15.66,50.5,25.0,reject
29,32.14,15.84,19.54,15.81,51.0,25.1,reject
29,33.4,16.51,19.55,15.65,50.3,24.9,reject
29,33.4,16.3,19.45,15.59,50.1,25.0,reject
29,32.85,15.97,19.07,15.73,51.8,25.3,reject
29,33.21,15.97,19.57,15.2,50.5,25.0,reject
29,33.4,16.37,19.48,15.22,50.0,25.0,reject
29,33.03,15.9,19.56,15.82,50.8,24.9,reject
29,32.49,16.1,19.78,15.41,50.4,24.9,reject
29,33.21,15.97,19.66,15.81,50.4,25.0,reject
29,32.67,16.17,19.88,15.88,50.4,24.9,reject
29,32.67,15.84,19.55,15.99,51.6,25.2,reject
29,33.03,16.03,19.77,15.88,50.5,25.0,reject
29,32.14,15.77,19.34,15.89,51.7,25.3,reject
29,32.85,15.84,19.24,15.73,51.3,25.1,reject
29,32.49,15.71,19.39,15.98,52.0,25.3,reject
29,33.03,15.97,19.44,15.66,50.5,25.0,reject
29,32.67,16.1,19.8,15.36,50.5,25.0,reject
29,33.03,15.9,19.54,15.81,50.8,24.9,reject
29,32.14,15.64,19.34,15.97,52.0,25.3,reject
29,33.4,16.44,19.52,15.47,50.1,25.0,reject
29,32.67,16.17,19.78,15.83,50.5,25.0,reject
29,33.03,16.1,19.26,15.73,51.2,25.1,reject
29,32.85,15.9,19.12,15.73,51.6,25.2,reject
29,32.49,16.1,19.77,15.93,51.0,25.0,reject
29,32.32,15.9,19.66,15.97,51.4,25.1,reject
29,33.03,15.97,19.65,15.89,50.8,24.9,reject
29,32.85,16.03,19.76,15.97,51.2,25.0,reject
29,32.14,15.77,19.45,15.97,51.8,25.3,reject
29,33.21,16.1,19.78,15.97,50.9,24.9,reject
29,32.67,15.71,19.38,15.98,52.0,25.3,reject
29,33.21,16.1,19.8,15.43,50.5,25.0,reject
29,33.03,15.84,19.48,15.81,51.1,25.0,reject
29,32.49,15.97,19.65,15.92,51.2,25.1,reject
29,33.03,16.17,19.34,15.73,51.0,25.0,reject
29,33.21,16.3,19.45,15.66,50.7,24.9,reject
29,32.14,15.77,19.35,15.9,51.9,25.4,reject
29,33.4,16.44,19.54,15.65,50.3,24.9,reject
29,33.03,16.03,19.24,15.73,51.2,25.1,reject
29,32.14,15.64,19.26,15.81,51.6,25.3,reject
29,32.67,15.97,19.76,15.89,50.6,25.0,reject
29,32.14,15.84,19.46,15.96,51.7,25.3,reject
29,33.4,16.37,19.47,15.28,50.0,25.0,reject
29,33.21,16.1,19.78,15.89,50.6,24.9,reject
29,33.21,16.24,19.47,15.66,50.4,24.9,reject
29,32.49,16.03,19.66,15.81,50.7,25.0,reject
29,32.85,16.03,19.79,15.81,50.6,25.0,reject
29,32.67,15.71,19.33,15.98,52.0,25.3,reject
29,33.4,16.1,19.78,15.89,50.6,25.0,reject
29,32.67,16.17,19.78,15.38,50.5,25.0,reject
29,33.03,16.03,19.74,15.89,50.6,25.0,reject
29,33.21,16.37,19.45,15.66,50.7,24.9,reject
29,32.85,15.97,19.03,15.73,51.8,25.3,reject
29,32.67,15.77,19.45,15.99,51.8,25.2,reject
29,33.03,15.9,19.46,15.73,50.6,25.0,reject
29,32.49,15.71,19.45,15.98,51.8,25.3,reject
29,33.03,16.24,19.34,15.72,51.0,25.0,reject
29,33.21,16.03,19.45,15.58,50.5,25.0,reject
29,32.14,15.64,19.36,15.96,51.8,25.3,reject
29,33.4,16.37,19.46,15.45,50.1,25.0,reject
29,31.97,15.71,19.34,15.89,51.8,25.4,reject
29,33.4,16.3,19.45,15.6,50.1,25.0,reject
29,32.49,16.1,19.82,15.88,50.4,24.9,reject
29,32.49,15.97,19.72,15.94,51.1,25.0,reject
29,33.03,16.03,19.4,15.61,50.4,25.0,reject
29,32.67,16.1,19.78,15.66,50.4,25.0,reject
29,32.32,15.9,19.55,15.9,51.4,25.2,reject
29,33.03,16.1,19.78,15.72,50.5,25.0,reject
29,33.4,16.37,19.5,15.5,50.1,25.0,reject
29,33.21,16.1,19.78,15.46,50.7,25.0,reject
29,33.21,16.44,19.45,15.28,50.3,25.0,reject
29,32.85,15.58,19.23,15.84,51.8,25.3,reject
29,33.4,16.3,19.45,15.47,50.2,25.0,reject
29,32.67,16.1,19.78,15.93,50.8,24.9,reject
29,32.14,15.77,19.43,15.94,51.8,25.3,reject
29,32.49,15.97,19.75,15.85,50.6,25.0,reject
29,33.21,16.17,19.45,15.58,50.4,25.0,reject
29,33.21,16.1,19.76,15.89,50.4,25.0,reject
29,32.14,15.77,19.36,15.82,51.5,25.3,reject
29,32.32,15.9,19.54,15.89,51.3,25.2,reject
29,33.03,15.97,19.24,15.73,51.3,25.1,reject
29,32.67,15.9,19.63,15.98,51.4,25.1,reject
29,33.21,16.3,19.45,15.28,50.4,25.0,reject
29,32.49,16.03,19.67,15.82,50.7,25.0,reject
29,32.49,16.03,19.78,15.47,50.6,25.0,reject
29,32.49,15.97,19.75,15.96,51.1,25.0,reject
29,33.21,16.17,19.45,15.08,50.4,25.0,reject
29,32.32,15.9,19.51,15.89,51.3,25.2,reject
29,32.85,15.97,19.14,15.73,51.5,25.2,reject
29,32.67,16.1,19.79,15.96,50.8,24.9,reject
29,33.21,16.3,19.45,15.58,50.2,25.0,reject
29,33.4,16.44,19.48,15.28,50.3,25.0,reject
29,33.03,16.1,19.82,15.74,50.4,25.0,reject
29,33.4,16.44,19.49,15.46,50.1,25.0,reject
29,32.85,15.97,19.24,15.73,51.3,25.1,reject
29,32.67,15.58,19.22,15.81,51.8,25.3,reject
29,32.67,16.17,19.86,15.76,50.4,25.0,reject
29,33.03,15.9,19.56,15.89,51.2,25.0,reject
29,33.4,16.1,19.76,15.67,50.5,25.0,reject
29,32.85,15.84,19.13,15.73,51.5,25.2,reject
29,33.21,16.03,19.46,15.28,50.6,25.0,reject
29,32.49,15.97,19.66,15.73,50.2,25.0,reject
29,33.03,16.1,19.8,15.43,50.5,25.0,reject
29,32.67,16.17,19.78,15.83,50.5,24.9,reject
29,32.85,16.03,19.12,15.73,51.7,25.3,reject
29,33.4,16.51,19.54,15.3,50.2,25.0,reject
29,32.67,15.77,19.55,16.0,51.6,25.2,reject
29,33.4,16.37,19.45,15.28,50.3,25.0,reject
29,32.49,16.1,19.68,15.61,49.9,25.0,reject
29,32.67,16.17,19.78,15.65,50.1,25.0,reject
29,33.4,16.37,19.45,15.62,50.3,25.0,reject
29,32.67,16.17,19.82,15.74,50.1,25.0,reject
29,32.85,15.9,19.56,15.97,51.4,25.1,reject
29,32.67,15.97,19.06,15.73,51.8,25.3,reject
29,32.67,16.17,19.78,15.63,50.1,25.0,reject
29,33.03,16.1,19.8,15.74,50.3,25.0,reject
29,32.49,16.03,19.77,15.44,50.6,25.0,reject
29,33.21,16.3,19.45,15.06,50.4,25.0,reject
29,32.14,15.71,19.43,15.96,51.8,25.3,reject
29,32.85,15.84,19.12,15.73,51.7,25.3,reject
29,32.67,16.1,19.8,15.73,50.1,25.0,reject
29,33.21,16.1,19.45,15.58,50.5,25.0,reject
29,32.49,16.03,19.78,15.84,50.6,25.0,reject
29,33.03,16.1,19.85,15.9,50.6,24.9,reject
29,33.21,16.3,19.45,15.57,50.4,25.0,reject
29,33.4,16.37,19.5,15.65,50.4,24.9,reject
29,32.49,16.1,19.69,15.27,50.0,24.9,reject
29,33.21,15.97,19.56,15.58,50.3,25.0,reject
29,32.49,16.1,19.84,15.78,50.4,25.0,reject
29,33.21,15.97,19.57,15.73,50.5,24.9,reject
29,33.21,16.1,19.45,15.12,50.4,24.9,reject
29,33.4,16.51,19.53,15.43,50.0,25.0,reject
29,32.67,15.58,19.25,15.89,51.8,25.3,reject
29,33.21,16.03,19.55,15.68,50.5,24.9,reject
29,32.85,16.03,19.11,15.73,51.8,25.3,reject
29,32.67,16.17,19.77,15.81,50.2,25.0,reject
29,33.21,16.24,19.45,15.66,50.2,24.9,reject
29,31.97,15.58,19.32,15.78,51.4,25.3,reject
29,33.21,16.1,19.49,15.52,50.3,25.0,reject
29,33.4,16.3,19.45,15.44,50.1,25.0,reject
29,32.49,16.03,19.71,15.81,50.4,25.0,reject
29,32.85,15.64,19.24,15.81,51.5,25.2,reject
29,32.67,15.64,19.13,15.78,51.8,25.3,reject
29,32.85,16.1,19.83,15.74,50.4,25.0,reject
29,33.4,16.24,19.45,15.46,50.2,25.0,reject
29,32.14,15.64,19.34,15.96,52.0,25.4,reject
29,32.32,15.9,19.64,15.96,51.3,25.1,reject
29,33.03,15.9,19.45,15.66,50.5,25.0,reject
29,33.21,15.97,19.56,15.2,50.5,25.0,reject
29,33.21,16.17,19.45,15.06,50.4,25.0,reject
29,32.49,15.77,19.55,15.99,51.6,25.2,reject
29,33.03,15.9,19.45,15.68,50.5,25.0,reject
29,33.21,16.17,19.78,15.36,50.5,25.0,reject
29,32.67,15.71,19.03,15.73,51.8,25.3,reject
29,33.21,16.03,19.54,15.57,50.3,25.0,reject
29,32.32,15.97,19.64,15.9,51.2,25.1,reject
29,32.85,15.71,19.36,15.83,51.4,25.1,reject
29,32.67,16.17,19.8,15.89,50.6,24.9,reject
29,32.67,16.24,19.78,15.81,50.2,24.9,reject
29,33.21,16.3,19.45,15.56,50.4,25.0,reject
29,33.21,15.97,19.68,15.75,50.6,25.0,reject
29,33.21,16.44,19.52,15.65,50.3,24.9,reject
29,33.21,16.03,19.76,15.96,50.9,24.9,reject
29,33.03,16.17,19.3,15.73,51.2,25.1,reject
29,32.49,15.97,19.67,15.13,50.0,25.0,reject
29,32.85,16.1,19.23,15.73,51.5,25.2,reject
29,33.03,15.97,19.48,15.73,50.3,24.9,reject
29,32.85,16.1,19.8,15.74,50.2,25.0,reject
29,33.21,16.1,19.45,15.46,50.1,25.0,reject
29,33.21,16.1,19.78,15.73,50.4,25.0,reject
29,32.85,15.97,19.76,15.97,51.2,25.0,reject
29,33.4,16.44,19.48,15.61,50.2,25.0,reject
29,32.32,15.97,19.66,15.93,51.2,25.1,reject
29,33.03,16.17,19.35,15.73,51.0,25.0,reject
29,32.85,15.71,19.45,15.89,51.4,25.1,reject
29,32.67,16.17,19.79,15.89,50.6,24.9,reject
29,32.49,16.03,19.76,15.87,50.5,25.0,reject
29,32.85,16.03,19.13,15.73,51.6,25.3,reject
29,33.21,16.37,19.46,15.58,50.4,25.0,reject
29,33.21,16.1,19.45,15.66,50.3,24.9,reject
29,33.21,16.1,19.78,15.72,50.5,25.0,reject
29,32.67,16.1,19.85,15.73,50.3,25.0,reject
29,33.4,16.24,19.47,15.66,50.4,24.9,reject
29,32.85,15.77,19.55,15.97,51.4,25.1,reject
29,32.32,15.84,19.55,15.97,51.6,25.2,reject
29,33.21,16.17,19.45,15.49,50.3,25.0,reject
29,32.67,16.17,19.87,15.89,50.4,24.9,reject
29,33.21,16.03,19.48,15.13,50.5,25.0,reject
29,32.14,15.64,19.34,15.97,52.0,25.4,reject
29,33.03,16.03,19.35,15.73,51.1,25.0,reject
29,33.21,16.17,19.84,15.9,50.6,25.0,reject
29,32.49,16.03,19.67,15.52,50.1,25.0,reject
29,32.85,15.97,19.13,15.73,51.6,25.3,reject
29,32.49,16.1,19.81,15.78,50.4,25.0,reject
29,33.21,16.24,19.43,15.6,50.3,25.0,reject
29,32.32,15.9,19.64,15.97,51.3,25.1,reject
29,32.67,16.17,19.76,15.65,50.0,25.0,reject
29,33.03,15.97,19.67,15.73,50.6,25.0,reject
29,32.49,16.17,19.76,15.81,50.2,25.0,reject
29,32.67,15.77,19.45,15.99,51.8,25.3,reject
29,32.67,16.1,19.78,15.88,50.6,25.0,reject
29,32.67,15.64,19.24,15.82,51.6,25.2,reject
29,32.85,15.84,19.13,15.73,51.7,25.3,reject
29,32.49,15.97,19.66,15.74,50.4,24.9,reject
29,32.32,15.9,19.67,15.97,51.3,25.1,reject
29,32.67,15.71,19.37,15.98,51.9,25.3,reject
29,32.49,16.17,19.81,15.91,50.7,24.9,reject
29,33.03,16.1,19.78,15.97,50.9,24.9,reject
29,33.21,15.97,19.55,15.33,50.6,25.0,reject
29,33.21,16.37,19.45,15.66,50.2,25.0,reject
29,32.49,16.17,19.69,15.74,50.1,25.0,reject
29,32.67,15.71,19.21,15.78,51.5,25.2,reject
29,33.21,16.44,19.49,15.06,50.3,25.0,reject
29,32.67,16.1,19.8,15.96,50.8,24.9,reject
29,32.49,15.97,19.77,15.88,50.6,25.0,reject
29,32.67,16.17,19.8,15.89,50.7,24.9,reject
29,33.21,16.1,19.78,15.45,50.7,25.0,reject
29,32.67,16.17,19.78,15.64,50.3,25.0,reject
29,32.49,16.1,19.77,15.9,51.0,25.0,reject
29,32.85,16.03,19.77,15.86,50.4,25.0,reject
29,32.85,16.17,19.86,15.89,50.5,24.9,reject
29,32.67,15.51,19.03,15.78,52.0,25.4,reject
29,32.14,15.71,19.35,15.97,52.0,25.4,reject
29,32.67,16.03,19.76,15.97,51.1,25.0,reject
29,32.67,16.1,19.78,15.73,50.2,25.0,reject
29,33.4,16.17,19.79,15.77,50.4,25.0,reject
29,33.03,16.24,19.36,15.72,51.0,25.0,reject
29,32.85,16.03,19.75,15.89,50.6,25.0,reject
29,33.21,16.24,19.45,15.67,50.7,24.9,reject
29,32.67,16.1,19.79,15.86,50.6,25.0,reject
29,32.67,16.24,19.79,15.68,50.0,25.0,reject
29,33.4,16.44,19.53,15.61,50.2,25.0,reject
29,33.4,16.17,19.84,15.91,50.6,24.9,reject
29,33.21,16.03,19.67,15.81,50.5,24.9,reject
29,33.21,16.17,19.45,15.67,50.8,25.0,reject
29,33.21,16.17,19.8,15.43,50.5,25.0,reject
29,32.67,16.17,19.79,15.66,50.4,25.0,reject
29,32.49,16.1,19.7,15.81,50.3,25.0,reject
29,33.03,16.17,19.35,15.72,51.0,25.0,reject
29,32.32,15.97,19.73,15.83,50.6,25.0,reject
29,32.67,16.17,19.78,15.81,50.4,25.0,reject
29,33.21,16.37,19.46,15.06,50.3,25.0,reject
29,32.85,16.1,19.78,15.88,50.6,25.0,reject
29,32.85,16.24,19.8,15.81,50.2,24.9,reject
29,33.21,15.97,19.48,15.66,50.3,25.0,reject
29,33.21,16.17,19.79,15.77,50.4,25.0,reject
29,32.67,16.24,19.84,15.69,50.1,25.0,reject
29,33.21,16.24,19.45,15.28,50.5,25.0,reject
29,32.49,16.1,19.69,15.73,50.3,25.0,reject
29,32.49,16.03,19.77,15.43,50.6,25.0,reject
29,32.49,16.03,19.67,15.71,50.3,25.0,reject
29,32.67,16.17,19.78,15.27,50.1,24.9,reject
29,32.49,16.1,19.68,15.65,50.1,25.0,reject
29,32.67,16.03,19.78,15.46,50.6,25.0,reject
29,33.4,16.44,19.49,15.45,50.1,25.0,reject
29,32.32,15.84,19.47,15.96,51.7,25.3,reject
29,32.14,15.77,19.42,15.96,51.8,25.3,reject
29,32.67,16.17,19.78,15.4,50.5,25.0,reject
29,32.67,16.17,19.78,15.66,50.3,25.0,reject
29,32.49,16.1,19.79,15.7,50.3,25.0,reject
29,33.21,16.17,19.45,15.28,50.4,25.0,reject
29,33.21,16.1,19.46,15.5,50.4,25.1,reject
29,32.49,16.03,19.78,15.36,50.4,25.0,reject
29,32.85,16.1,19.87,15.89,50.6,24.9,reject
29,33.4,16.3,19.45,15.64,50.3,25.0,reject
29,32.49,15.64,19.34,15.97,52.1,25.4,reject
29,32.85,15.77,19.16,15.73,51.5,25.2,reject
29,33.21,16.03,19.45,15.73,50.8,24.9,reject
29,32.49,16.1,19.77,15.82,50.3,25.0,reject
29,33.03,16.03,19.45,15.71,50.3,24.9,reject
29,32.32,15.9,19.55,15.93,51.4,25.2,reject
29,32.67,16.24,19.77,15.88,50.5,24.9,reject
29,33.4,16.17,19.76,15.88,50.4,25.0,reject
29,32.67,16.24,19.87,15.85,50.3,24.9,reject
29,33.4,16.24,19.45,15.47,50.2,25.0,reject
29,32.49,16.17,19.75,15.58,50.1,25.0,reject
29,32.14,15.71,19.33,15.82,51.6,25.3,reject
29,32.67,15.64,19.34,15.97,52.1,25.4,reject
29,32.32,15.77,19.55,15.97,51.6,25.2,reject
29,33.03,16.1,19.26,15.72,51.2,25.1,reject
29,33.21,16.17,19.82,15.77,50.3,25.0,reject
29,32.67,16.24,19.85,15.73,50.1,25.0,reject
29,33.21,16.03,19.71,15.83,50.5,24.9,reject
29,32.67,16.17,19.78,15.73,50.2,25.0,reject
29,33.21,16.03,19.45,15.71,50.8,24.9,reject
29,33.21,16.1,19.52,15.66,50.5,24.9,reject
30,32.49,15.58,19.17,16.21,52.4,25.4,reject
30,32.32,15.32,18.62,16.2,52.8,25.7,reject
30,31.97,15.58,19.13,16.21,52.5,25.5,reject
30,32.32,15.51,19.19,16.21,52.4,25.4,reject
30,31.97,15.32,18.87,16.53,53.1,25.7,reject
30,32.32,15.2,18.62,16.29,53.0,25.7,reject
30,31.63,15.39,18.92,16.42,52.9,25.7,reject
30,31.8,15.39,18.82,16.49,53.0,25.8,reject
30,31.63,15.32,18.82,16.53,53.1,25.8,reject
30,32.32,15.51,18.52,16.22,52.9,25.8,reject
30,31.63,15.26,18.72,16.29,52.8,25.8,reject
30,32.32,15.58,19.24,16.15,52.3,25.4,reject
30,31.63,15.32,18.91,16.45,53.0,25.7,reject
30,32.67,15.77,18.82,15.91,52.3,25.5,reject
30,31.8,15.45,18.83,16.29,52.7,25.7,reject
30,32.14,15.39,18.89,16.46,53.0,25.7,reject
30,32.49,15.58,18.62,16.12,52.6,25.6,reject
30,32.32,15.51,18.52,16.21,52.9,25.8,reject
30,32.32,15.32,18.8,16.54,53.2,25.8,reject
30,32.67,15.64,18.92,15.89,52.1,25.4,reject
30,32.14,15.32,18.82,16.56,53.2,25.8,reject
30,32.32,15.45,18.62,16.16,52.8,25.7,reject
30,32.32,15.32,18.62,16.14,52.8,25.7,reject
30,32.67,15.84,18.92,15.84,52.0,25.4,reject
30,32.49,15.58,18.56,16.21,52.8,25.7,reject
30,32.49,15.58,18.82,15.94,52.4,25.5,reject
30,32.49,15.58,18.82,15.9,52.3,25.5,reject
30,32.49,15.71,18.72,16.11,52.6,25.6,reject
30,31.8,15.39,18.82,16.29,52.7,25.7,reject
30,32.32,15.32,18.72,16.13,52.7,25.6,reject
30,31.8,15.51,19.06,16.29,52.6,25.6,reject
30,32.49,15.39,19.03,16.09,52.4,25.5,reject
30,32.32,15.39,18.86,16.49,53.0,25.7,reject
30,32.14,15.71,19.31,16.07,52.1,25.4,reject
30,32.32,15.45,18.63,16.13,52.7,25.6,reject
30,31.8,15.51,18.93,16.35,52.7,25.6,reject
30,31.97,15.58,19.19,16.15,52.4,25.5,reject
30,32.49,15.58,19.24,16.18,52.3,25.4,reject
30,32.49,15.58,18.69,16.06,52.6,25.6,reject
30,32.67,15.64,19.24,16.18,52.3,25.4,reject
30,32.49,15.58,18.72,15.97,52.4,25.5,reject
30,32.49,15.64,18.62,16.13,52.6,25.6,reject
30,32.49,15.58,18.62,16.21,52.8,25.7,reject
30,32.49,15.58,18.72,16.05,52.5,25.6,reject
30,32.49,15.71,18.62,16.13,52.7,25.7,reject
30,32.32,15.51,19.11,16.29,52.7,25.6,reject
30,32.32,15.26,18.72,16.28,52.8,25.6,reject
30,32.49,15.71,18.72,16.05,52.5,25.6,reject
30,32.32,15.26,18.47,16.29,53.1,25.8,reject
30,31.8,15.45,18.86,16.45,52.9,25.8,reject
30,32.32,15.45,18.54,16.21,52.9,25.8,reject
30,32.67,15.84,19.02,15.73,51.9,25.4,reject
30,32.32,15.2,18.71,16.29,53.0,25.7,reject
30,32.32,15.58,19.24,16.16,52.4,25.5,reject
30,32.14,15.32,18.82,16.54,53.2,25.8,reject
30,32.14,15.64,19.28,16.12,52.2,25.4,reject
30,31.8,15.39,18.92,16.45,52.9,25.7,reject
30,31.63,15.32,18.72,16.38,52.9,25.8,reject
30,31.8,15.51,18.99,16.29,52.6,25.6,reject
30,32.67,15.45,19.03,15.97,52.2,25.4,reject
30,32.32,15.32,18.92,16.13,52.6,25.6,reject
30,31.63,15.32,18.82,16.54,53.1,25.8,reject
30,32.32,15.39,18.51,16.26,53.0,25.8,reject
30,32.49,15.45,19.03,16.37,52.8,25.6,reject
30,31.97,15.64,19.24,16.13,52.2,25.4,reject
30,31.97,15.64,19.3,16.09,52.1,25.4,reject
30,32.67,15.77,18.92,15.89,52.1,25.4,reject
30,32.49,15.45,18.7,16.11,52.6,25.6,reject
30,32.49,15.45,18.87,15.97,52.4,25.5,reject
30,32.49,15.77,18.64,16.13,52.7,25.7,reject
30,31.63,15.39,18.82,16.52,53.1,25.8,reject
30,32.49,15.39,18.92,15.97,52.4,25.5,reject
30,32.32,15.58,19.29,16.12,52.2,25.4,reject
30,31.8,15.45,19.0,16.37,52.8,25.6,reject
30,32.32,15.51,18.61,16.16,52.8,25.7,reject
30,32.32,15.39,18.57,16.21,52.9,25.7,reject
30,32.49,15.64,19.24,16.13,52.2,25.4,reject
30,32.67,15.77,19.01,15.73,51.9,25.4,reject
30,32.32,15.39,18.88,16.46,53.0,25.7,reject
30,32.49,15.58,18.62,16.13,52.7,25.7,reject
30,32.32,15.39,18.92,16.45,52.9,25.6,reject
30,32.67,15.84,18.89,15.89,52.2,25.5,reject
30,31.8,15.45,18.89,16.38,52.7,25.7,reject
30,31.8,15.32,18.82,16.54,53.2,25.8,reject
30,31.63,15.45,18.92,16.42,52.9,25.7,reject
30,32.67,15.64,18.82,15.93,52.4,25.5,reject
30,31.8,15.32,18.89,16.45,53.0,25.7,reject
30,32.49,15.64,18.6,16.21,52.8,25.7,reject
30,31.63,15.32,18.91,16.13,52.4,25.6,reject
30,32.49,15.64,18.58,16.21,52.8,25.7,reject
30,31.97,15.32,18.91,16.46,53.0,25.7,reject
30,32.67,15.9,19.03,15.73,51.9,25.4,reject
30,32.49,15.71,18.76,15.98,52.4,25.5,reject
30,32.67,15.84,18.92,15.89,52.1,25.4,reject
30,31.97,15.64,19.13,16.13,52.3,25.5,reject
30,31.63,15.45,18.82,16.42,52.9,25.8,reject
30,32.49,15.77,18.72,16.05,52.5,25.6,reject
30,31.97,15.58,19.25,16.08,52.1,25.4,reject
30,32.67,15.77,18.92,15.86,52.0,25.4,reject
30,32.32,15.51,18.6,16.17,52.8,25.7,reject
30,32.14,15.71,19.25,16.05,52.0,25.4,reject
30,31.97,15.39,18.98,16.4,52.9,25.7,reject
30,32.32,15.2,18.72,16.29,52.9,25.7,reject
30,31.97,15.51,18.97,16.29,52.5,25.6,reject
30,32.32,15.64,18.52,16.21,52.9,25.8,reject
30,31.8,15.39,19.03,16.29,52.7,25.6,reject
30,32.32,15.45,18.52,16.21,52.9,25.8,reject
30,32.67,15.71,18.9,15.89,52.2,25.4,reject
30,31.8,15.51,19.05,16.29,52.6,25.6,reject
30,31.97,15.64,19.14,16.13,52.3,25.5,reject
30,32.32,15.14,18.62,16.37,53.1,25.8,reject
30,32.49,15.58,18.64,16.12,52.6,25.6,reject
30,32.49,15.64,19.25,16.13,52.2,25.4,reject
30,32.32,15.26,18.68,16.23,52.9,25.7,reject
30,32.14,15.58,19.24,16.13,52.3,25.4,reject
30,32.32,15.45,19.04,16.35,52.7,25.6,reject
30,32.32,15.45,18.98,16.38,52.8,25.6,reject
30,32.14,15.39,18.88,16.52,53.0,25.7,reject
30,32.49,15.39,18.93,16.04,52.4,25.5,reject
30,31.8,15.45,19.03,16.33,52.7,25.6,reject
30,31.8,15.45,18.93,16.38,52.8,25.6,reject
30,31.97,15.58,19.1,16.15,52.5,25.6,reject
30,32.49,15.45,18.96,15.97,52.3,25.4,reject
30,32.32,15.2,18.62,16.3,53.1,25.8,reject
30,32.85,15.97,19.03,15.72,51.9,25.4,reject
30,32.32,15.2,18.65,16.28,52.9,25.7,reject
30,32.32,15.26,18.52,16.29,53.0,25.8,reject
30,31.8,15.32,18.92,16.45,53.0,25.7,reject
30,32.49,15.45,18.79,16.01,52.5,25.5,reject
30,32.32,15.51,19.22,16.2,52.4,25.4,reject
30,32.32,15.26,18.77,16.29,52.9,25.7,reject
30,32.32,15.45,18.64,16.13,52.7,25.6,reject
30,32.67,15.9,18.96,15.84,52.0,25.4,reject
30,31.8,15.45,18.83,16.46,53.0,25.8,reject
30,32.67,15.58,18.92,15.89,52.1,25.4,reject
30,31.63,15.39,18.84,16.48,53.0,25.8,reject
30,32.32,15.39,18.72,16.08,52.6,25.6,reject
30,32.14,15.45,19.03,16.37,52.8,25.6,reject
30,32.49,15.64,18.9,15.89,52.2,25.4,reject
30,32.32,15.32,18.83,16.45,53.0,25.7,reject
30,31.8,15.39,18.83,16.48,53.0,25.8,reject
30,32.32,15.45,18.54,16.21,52.8,25.7,reject
30,32.14,15.45,19.04,16.33,52.7,25.6,reject
30,32.14,15.39,18.92,16.45,53.0,25.7,reject
30,32.67,15.84,18.93,15.85,52.0,25.4,reject
30,31.97,15.58,19.04,16.29,52.5,25.6,reject
30,32.49,15.71,18.63,16.13,52.7,25.7,reject
30,32.67,15.64,19.24,16.19,52.3,25.4,reject
30,32.85,15.97,19.03,15.71,51.9,25.4,reject
30,32.32,15.45,18.92,16.45,52.9,25.7,reject
30,31.8,15.45,18.92,16.45,52.9,25.7,reject
30,32.14,15.32,18.85,16.54,53.1,25.7,reject
30,32.32,15.39,18.87,16.46,53.0,25.7,reject
30,32.32,15.26,18.72,16.37,53.0,25.7,reject
30,32.32,15.26,18.61,16.28,53.0,25.8,reject
30,32.67,15.71,18.92,15.87,52.1,25.4,reject
30,32.14,15.64,19.23,15.97,51.9,25.4,reject
30,32.32,15.58,18.62,16.13,52.7,25.6,reject
30,32.32,15.14,18.53,16.37,53.1,25.8,reject
30,32.14,15.39,18.97,16.42,52.9,25.7,reject
30,32.67,15.58,19.24,16.12,52.2,25.4,reject
30,31.63,15.32,18.82,16.24,52.6,25.7,reject
30,31.8,15.45,18.92,16.37,52.8,25.7,reject
30,32.49,15.71,18.8,15.97,52.4,25.5,reject
30,32.32,15.51,18.55,16.21,52.9,25.8,reject
30,31.8,15.45,18.9,16.45,53.0,25.8,reject
30,31.97,15.58,19.21,16.17,52.4,25.5,reject
30,32.32,15.32,18.61,16.22,52.9,25.7,reject
30,31.97,15.58,19.24,16.13,52.3,25.4,reject
30,32.14,15.45,19.13,16.28,52.6,25.5,reject
30,32.49,15.64,18.92,15.89,52.1,25.4,reject
30,32.14,15.71,19.29,16.05,52.0,25.4,reject
30,32.14,15.32,18.87,16.54,53.1,25.8,reject
30,32.32,15.32,18.62,16.21,52.8,25.7,reject
30,32.49,15.51,19.13,16.29,52.6,25.5,reject
30,32.14,15.32,18.45,16.29,53.1,25.8,reject
30,32.32,15.39,18.84,16.54,53.1,25.8,reject
30,32.49,15.51,18.62,16.13,52.7,25.6,reject
30,32.49,15.51,19.13,16.21,52.5,25.5,reject
30,32.49,15.58,18.72,16.05,52.6,25.6,reject
30,32.14,15.71,19.24,16.0,51.9,25.4,reject
30,32.32,15.51,18.62,16.14,52.8,25.7,reject
30,31.8,15.45,18.92,16.4,52.9,25.7,reject
30,31.8,15.45,19.01,16.37,52.8,25.6,reject
30,32.67,15.77,18.81,15.98,52.5,25.6,reject
30,32.49,15.58,19.13,16.2,52.4,25.5,reject
30,32.32,15.32,18.7,16.13,52.7,25.6,reject
30,31.63,15.26,18.78,16.48,53.1,25.8,reject
30,32.67,15.84,18.84,15.89,52.3,25.5,reject
30,31.97,15.64,19.15,16.15,52.4,25.5,reject
30,32.67,15.71,18.92,15.86,52.1,25.4,reject
30,32.49,15.58,19.14,16.21,52.4,25.5,reject
30,31.8,15.32,18.88,16.53,53.1,25.8,reject
30,31.97,15.58,19.13,16.04,52.1,25.5,reject
30,32.67,15.77,18.81,15.99,52.5,25.6,reject
30,32.32,15.26,18.51,16.29,53.1,25.8,reject
30,32.14,15.32,18.83,16.54,53.1,25.8,reject
30,31.8,15.51,19.02,16.29,52.6,25.6,reject
30,32.49,15.58,18.55,16.21,52.8,25.7,reject
30,31.63,15.45,18.92,16.45,52.9,25.7,reject
30,31.63,15.39,18.82,16.37,52.8,25.8,reject
30,31.97,15.32,18.89,16.47,53.0,25.7,reject
30,31.63,15.26,18.7,16.36,52.9,25.8,reject
30,32.32,15.32,18.61,16.21,52.9,25.7,reject
30,32.49,15.64,18.52,16.24,52.9,25.8,reject
30,31.97,15.64,19.2,15.96,51.9,25.4,reject
30,32.32,15.45,18.94,16.44,52.9,25.6,reject
30,31.8,15.45,18.87,16.39,52.9,25.8,reject
30,32.49,15.58,18.61,16.21,52.8,25.7,reject
30,32.32,15.26,18.62,16.21,52.9,25.7,reject
30,32.32,15.32,18.76,16.13,52.7,25.6,reject
30,32.49,15.58,19.13,16.21,52.5,25.5,reject
30,32.32,15.39,18.88,16.51,53.0,25.7,reject
30,32.67,15.9,19.02,15.72,51.9,25.4,reject
30,32.49,15.64,18.82,15.92,52.4,25.5,reject
30,32.14,15.32,18.9,16.51,53.1,25.8,reject
30,32.49,15.51,18.92,15.9,52.2,25.4,reject
30,32.32,15.32,18.82,16.51,53.0,25.7,reject
30,31.97,15.51,19.13,16.21,52.5,25.5,reject
30,32.32,15.39,18.82,16.54,53.1,25.8,reject
30,31.97,15.32,18.82,16.54,53.2,25.8,reject
30,32.32,15.32,18.62,16.16,52.8,25.7,reject
30,32.67,15.77,18.82,15.89,52.3,25.5,reject
30,32.32,15.39,18.48,16.28,53.0,25.8,reject
30,32.32,15.26,18.6,16.27,53.0,25.8,reject
30,32.49,15.45,19.03,15.99,52.3,25.4,reject
30,31.97,15.64,19.24,16.12,52.1,25.4,reject
30,32.49,15.64,18.72,16.05,52.6,25.6,reject
30,32.32,15.58,19.27,16.13,52.2,25.4,reject
30,32.49,15.64,18.72,16.05,52.5,25.6,reject
30,32.32,15.39,18.9,16.45,53.0,25.7,reject
30,31.97,15.32,18.89,16.49,53.1,25.8,reject
30,32.49,15.45,18.92,15.97,52.3,25.4,reject
30,32.49,15.45,18.9,15.97,52.4,25.5,reject
30,31.8,15.45,18.92,16.3,52.6,25.7,reject
30,32.49,15.32,18.82,16.05,52.5,25.5,reject
30,32.85,15.9,19.03,15.73,51.8,25.3,reject
30,31.8,15.39,18.82,16.51,53.0,25.8,reject
30,32.49,15.64,19.26,16.13,52.2,25.4,reject
30,31.8,15.51,18.93,16.3,52.7,25.6,reject
30,31.97,15.58,19.23,16.12,52.3,25.4,reject
30,32.32,15.32,18.64,16.2,52.8,25.6,reject
30,32.67,15.9,18.92,15.89,52.1,25.4,reject
30,31.8,15.45,18.93,16.21,52.5,25.6,reject
30,31.97,15.58,19.24,16.13,52.2,25.4,reject
30,32.32,15.51,18.52,16.23,53.0,25.8,reject
30,32.32,15.39,18.56,16.21,52.9,25.7,reject
30,32.14,15.32,18.84,16.54,53.1,25.8,reject
30,31.8,15.39,18.92,16.39,52.9,25.7,reject
30,32.32,15.39,18.44,16.29,53.1,25.8,reject
30,31.97,15.39,18.9,16.46,53.0,25.7,reject
30,31.97,15.45,19.04,16.31,52.7,25.6,reject
30,32.32,15.45,18.75,15.98,52.6,25.6,reject
30,31.8,15.45,19.03,16.29,52.7,25.6,reject
30,31.8,15.39,18.92,16.44,52.9,25.7,reject
30,32.67,15.84,18.82,15.92,52.3,25.5,reject
30,31.8,15.45,18.99,16.37,52.8,25.7,reject
30,31.8,15.39,18.86,16.22,52.5,25.6,reject
30,31.8,15.32,18.87,16.45,53.0,25.7,reject
30,31.97,15.39,18.92,16.45,53.0,25.7,reject
30,31.8,15.51,19.03,16.28,52.5,25.6,reject
30,31.8,15.45,19.02,16.35,52.7,25.6,reject
30,32.49,15.64,18.74,15.98,52.4,25.5,reject
30,31.8,15.51,19.03,16.29,52.6,25.6,reject
30,32.14,15.51,19.14,16.21,52.5,25.5,reject
30,31.8,15.45,18.86,16.3,52.7,25.7,reject
30,32.32,15.45,18.51,16.24,53.0,25.8,reject
30,32.32,15.39,18.52,16.26,53.0,25.8,reject
30,32.32,15.2,18.66,16.31,53.0,25.8,reject
30,32.32,15.2,18.71,16.37,53.0,25.8,reject
30,32.32,15.39,18.48,16.26,53.0,25.8,reject
30,31.97,15.58,19.15,16.18,52.4,25.5,reject
30,32.67,15.84,18.88,15.89,52.2,25.5,reject
30,32.32,15.2,18.61,16.29,53.0,25.7,reject
30,31.8,15.51,19.13,16.16,52.5,25.5,reject
30,32.67,15.71,18.83,15.89,52.3,25.5,reject
30,31.63,15.39,18.92,16.45,53.0,25.8,reject
30,31.8,15.45,18.82,16.48,53.0,25.8,reject
30,31.97,15.45,19.03,16.35,52.7,25.6,reject
30,32.32,15.64,19.28,16.13,52.2,25.4,reject
30,32.49,15.58,18.81,15.95,52.4,25.5,reject
30,32.32,15.32,18.9,16.29,52.7,25.6,reject
30,32.14,15.39,18.89,16.5,53.1,25.8,reject
30,32.67,15.64,19.03,15.74,52.0,25.4,reject
30,32.49,15.58,19.26,16.13,52.2,25.4,reject
30,32.85,15.97,19.03,15.73,51.9,25.4,reject
30,31.63,15.39,18.82,16.53,53.1,25.8,reject
30,32.32,15.51,18.62,16.13,52.7,25.7,reject
30,32.49,15.51,18.72,16.05,52.6,25.6,reject
30,32.14,15.2,18.52,16.29,53.1,25.8,reject
30,32.49,15.45,18.82,15.97,52.4,25.5,reject
30,32.14,15.71,19.3,16.05,52.0,25.4,reject
30,31.8,15.45,18.88,16.46,52.9,25.8,reject
30,32.14,15.39,18.84,16.54,53.1,25.7,reject
30,32.32,15.39,18.62,16.18,52.8,25.7,reject
30,32.32,15.51,18.62,16.13,52.7,25.6,reject
30,31.8,15.39,18.92,16.45,53.0,25.7,reject
30,32.32,15.39,18.52,16.21,52.9,25.7,reject
30,32.14,15.51,19.13,16.28,52.6,25.5,reject
30,31.97,15.58,19.24,16.05,52.1,25.4,reject
30,32.32,15.26,18.72,16.21,52.8,25.7,reject
30,32.32,15.45,18.58,16.17,52.8,25.7,reject
30,31.8,15.45,18.94,16.37,52.8,25.7,reject
30,31.97,15.64,19.2,16.13,52.2,25.5,reject
30,32.14,15.26,18.5,16.29,53.0,25.8,reject
30,31.63,15.39,18.72,16.42,52.9,25.8,reject
30,32.67,15.84,18.87,15.89,52.2,25.5,reject
30,31.63,15.32,18.82,16.52,53.1,25.8,reject
30,32.49,15.58,18.59,16.21,52.8,25.7,reject
30,32.32,15.32,18.53,16.22,53.0,25.8,reject
30,31.63,15.39,18.87,16.53,53.1,25.8,reject
30,32.14,15.32,18.83,16.54,53.2,25.8,reject
30,32.49,15.45,18.92,16.45,52.9,25.7,reject
30,31.63,15.39,18.81,16.46,53.0,25.8,reject
30,32.32,15.32,18.84,16.1,52.6,25.6,reject
30,32.32,15.45,19.03,16.36,52.7,25.6,reject
30,32.14,15.45,19.04,16.35,52.7,25.6,reject
30,32.32,15.45,18.62,16.13,52.8,25.7,reject
30,32.32,15.26,18.53,16.29,53.0,25.8,reject
30,32.49,15.71,18.68,16.12,52.6,25.6,reject
30,32.32,15.26,18.79,16.38,53.0,25.7,reject
30,32.67,15.58,19.03,15.73,52.0,25.4,reject
30,31.97,15.39,18.93,16.45,52.9,25.6,reject
30,32.32,15.39,18.82,16.55,53.2,25.8,reject
30,32.32,15.51,18.62,16.15,52.8,25.7,reject
30,32.67,15.64,19.24,16.13,52.2,25.4,reject
30,31.97,15.58,19.11,16.07,52.2,25.5,reject
30,31.97,15.71,19.24,16.1,52.1,25.4,reject
30,32.32,15.32,18.86,16.29,52.8,25.6,reject
30,31.8,15.32,18.88,16.45,53.0,25.7,reject
30,31.8,15.32,18.82,16.54,53.1,25.8,reject
30,31.8,15.45,18.83,16.37,52.8,25.7,reject
30,31.8,15.45,18.93,16.39,52.8,25.6,reject
30,32.32,15.26,18.77,16.2,52.7,25.6,reject
30,31.97,15.39,18.97,16.41,52.9,25.7,reject
30,32.32,15.2,18.53,16.31,53.1,25.8,reject
30,32.49,15.64,18.62,16.21,52.8,25.7,reject
30,32.32,15.32,18.81,16.54,53.2,25.8,reject
30,32.32,15.58,19.2,16.21,52.4,25.4,reject
30,32.14,15.26,18.72,16.52,53.1,25.8,reject
30,32.32,15.39,18.92,16.45,52.9,25.7,reject
30,32.67,15.84,18.82,15.91,52.3,25.5,reject
30,32.49,15.64,19.24,16.2,52.3,25.4,reject
30,31.63,15.39,18.82,16.47,53.0,25.8,reject
30,32.32,15.45,19.0,16.39,52.8,25.6,reject
30,32.49,15.58,18.9,15.89,52.2,25.4,reject
30,31.97,15.64,19.13,16.21,52.4,25.5,reject
30,32.67,15.71,19.01,15.73,52.0,25.4,reject
30,32.32,15.26,18.62,16.23,52.9,25.7,reject
30,32.67,15.58,19.03,15.75,52.0,25.4,reject
30,31.8,15.39,18.88,16.46,53.0,25.8,reject
30,31.63,15.39,18.82,16.53,53.0,25.8,reject
30,32.32,15.32,18.52,16.28,53.0,25.8,reject
30,32.67,15.77,18.84,15.89,52.3,25.5,reject
30,32.49,15.45,19.02,15.96,52.2,25.4,reject
30,32.49,15.45,19.09,16.13,52.4,25.5,reject
30,31.8,15.32,18.86,16.49,53.1,25.8,reject
30,32.67,15.45,19.13,16.04,52.2,25.4,reject
30,31.97,15.32,18.92,16.46,53.0,25.7,reject
30,32.32,15.45,18.62,16.17,52.8,25.7,reject
30,32.67,15.64,18.82,15.89,52.3,25.5,reject
30,32.49,15.77,18.73,16.05,52.5,25.6,reject
30,32.32,15.32,18.81,16.53,53.1,25.8,reject
30,32.49,15.64,18.65,16.12,52.6,25.6,reject
30,31.8,15.39,18.96,16.33,52.7,25.6,reject
30,32.49,15.64,18.62,16.2,52.7,25.7,reject
30,32.32,15.51,18.51,16.23,53.0,25.8,reject
30,31.8,15.32,18.88,16.52,53.1,25.8,reject
30,31.8,15.39,18.82,16.46,53.0,25.8,reject
30,31.8,15.45,19.11,16.21,52.5,25.5,reject
30,31.63,15.32,18.83,16.46,53.1,25.8,reject
30,32.14,15.26,18.5,16.29,53.1,25.8,reject
30,32.49,15.45,18.92,15.93,52.2,25.4,reject
30,32.32,15.26,18.59,16.29,53.0,25.7,reject
30,31.97,15.58,19.14,16.15,52.4,25.5,reject
30,32.49,15.64,18.62,16.2,52.8,25.7,reject
30,31.97,15.58,19.13,15.97,51.9,25.4,reject
30,31.63,15.32,18.92,16.45,52.9,25.7,reject
30,32.49,15.39,18.92,16.05,52.5,25.5,reject
30,32.32,15.26,18.82,16.29,52.8,25.6,reject
30,32.67,15.71,18.82,15.89,52.3,25.4,reject
30,31.8,15.51,18.97,16.22,52.5,25.6,reject
30,32.67,15.77,18.83,15.89,52.3,25.5,reject
30,32.49,15.32,18.82,16.05,52.6,25.6,reject
30,32.32,15.2,18.64,16.29,53.0,25.7,reject
30,32.14,15.71,19.32,16.07,52.1,25.4,reject
30,32.67,15.64,19.02,15.74,52.0,25.4,reject
30,32.49,15.45,18.7,16.08,52.6,25.6,reject
30,32.49,15.45,18.93,16.44,52.9,25.7,reject
30,32.49,15.64,18.62,16.13,52.7,25.7,reject
30,31.8,15.39,18.89,16.46,53.0,25.8,reject
30,31.8,15.58,19.03,16.28,52.5,25.6,reject
30,32.49,15.64,18.71,16.05,52.6,25.6,reject
30,31.8,15.39,18.9,16.46,53.0,25.8,reject
30,31.8,15.51,19.0,16.37,52.8,25.7,reject
30,32.67,15.71,18.91,15.89,52.2,25.5,reject
30,31.97,15.64,19.13,16.09,52.2,25.5,reject
30,32.49,15.45,19.07,16.05,52.3,25.4,reject
30,32.32,15.45,18.52,16.21,53.0,25.8,reject
30,32.32,15.39,18.92,16.29,52.8,25.6,reject
30,32.32,15.26,18.67,16.21,52.8,25.6,reject
30,32.49,15.58,18.54,16.21,52.8,25.7,reject
30,31.8,15.45,18.92,16.43,52.8,25.7,reject
30,32.32,15.51,19.13,16.29,52.6,25.5,reject
30,31.97,15.58,19.05,16.13,52.4,25.6,reject
30,32.32,15.32,18.82,16.38,53.0,25.7,reject
30,32.49,15.71,18.76,15.97,52.4,25.5,reject
30,31.63,15.32,18.8,16.29,52.6,25.7,reject
30,31.97,15.58,19.22,16.13,52.3,25.5,reject
30,31.8,15.45,18.82,16.45,52.9,25.8,reject
30,32.14,15.32,18.86,16.54,53.1,25.8,reject
30,32.32,15.26,18.72,16.52,53.2,25.8,reject
30,32.49,15.39,18.86,16.46,53.0,25.7,reject
30,31.8,15.51,18.93,16.37,52.7,25.7,reject
30,31.8,15.51,19.15,16.13,52.4,25.5,reject
30,31.8,15.45,18.83,16.43,52.9,25.8,reject
30,32.49,15.45,18.72,16.06,52.6,25.6,reject
30,32.67,15.71,18.82,15.91,52.3,25.5,reject
30,31.8,15.39,18.99,16.33,52.7,25.6,reject
30,31.97,15.32,18.84,16.54,53.1,25.8,reject
30,31.63,15.39,18.83,16.51,53.1,25.8,reject
30,32.14,15.39,18.92,16.45,52.9,25.7,reject
30,31.8,15.39,18.82,16.53,53.1,25.8,reject
30,32.67,15.77,19.02,15.73,51.9,25.4,reject
30,31.8,15.51,19.13,16.19,52.5,25.5,reject
30,31.8,15.45,19.07,16.21,52.5,25.5,reject
30,32.85,15.9,19.03,15.72,51.9,25.4,reject
30,31.97,15.64,19.16,16.09,52.2,25.5,reject
30,31.97,15.58,19.12,16.21,52.5,25.5,reject
30,31.97,15.39,19.02,16.37,52.8,25.6,reject
30,31.8,15.32,18.92,16.39,52.9,25.7,reject
30,31.8,15.45,18.91,16.35,52.7,25.7,reject
30,32.49,15.51,19.13,16.05,52.2,25.4,reject
30,32.49,15.58,19.17,16.21,52.4,25.5,reject
30,31.97,15.64,19.22,16.13,52.3,25.4,reject
30,31.97,15.58,19.13,16.05,52.1,25.4,reject
30,31.63,15.39,18.86,16.52,53.1,25.8,reject
30,31.97,15.51,19.07,16.29,52.6,25.6,reject
30,32.32,15.39,18.89,16.41,52.9,25.7,reject
30,32.32,15.58,18.58,16.21,52.8,25.7,reject
30,31.8,15.39,18.93,16.45,52.9,25.6,reject
30,32.32,15.45,18.49,16.23,53.0,25.8,reject
30,31.97,15.58,19.12,16.19,52.5,25.6,reject
30,31.8,15.51,18.97,16.34,52.7,25.6,reject
30,31.63,15.26,18.81,16.47,53.1,25.8,reject
30,32.32,15.45,18.52,16.22,53.0,25.8,reject
30,32.49,15.39,19.01,16.05,52.4,25.5,reject
30,31.63,15.39,18.83,16.29,52.6,25.7,reject
30,31.97,15.45,19.03,16.37,52.8,25.6,reject
30,31.8,15.45,18.92,16.25,52.5,25.6,reject
30,32.49,15.71,18.63,16.13,52.6,25.6,reject
30,31.8,15.45,19.03,16.35,52.7,25.6,reject
30,32.32,15.2,18.65,16.45,53.2,25.8,reject
30,32.32,15.26,18.82,16.18,52.7,25.6,reject
30,32.32,15.26,18.62,16.25,52.9,25.7,reject
30,32.49,15.71,18.7,16.12,52.6,25.6,reject
30,31.97,15.32,18.82,16.55,53.2,25.8,reject
30,31.8,15.45,18.92,16.38,52.8,25.7,reject
30,31.8,15.45,18.9,16.46,53.0,25.8,reject
30,31.8,15.51,18.99,16.36,52.7,25.6,reject
30,32.32,15.39,18.87,16.51,53.0,25.7,reject
30,31.8,15.39,18.93,16.45,52.9,25.7,reject
30,31.97,15.51,19.13,16.15,52.5,25.5,reject
30,32.49,15.45,19.03,16.04,52.3,25.4,reject
30,32.32,15.39,18.89,16.52,53.0,25.7,reject
30,31.63,15.39,18.92,16.45,52.9,25.7,reject
30,32.32,15.58,18.6,16.16,52.8,25.7,reject
30,32.32,15.26,18.82,16.22,52.7,25.6,reject
30,32.49,15.39,19.03,16.13,52.5,25.5,reject
30,32.14,15.2,18.52,16.33,53.1,25.8,reject
30,32.49,15.51,19.12,16.29,52.7,25.6,reject
30,32.49,15.51,18.82,15.96,52.4,25.5,reject
30,32.32,15.51,19.21,16.21,52.4,25.4,reject
30,32.49,15.58,18.91,15.89,52.2,25.4,reject
30,32.14,15.32,18.81,16.55,53.2,25.8,reject
30,31.8,15.39,18.82,16.34,52.7,25.7,reject
30,32.14,15.39,18.95,16.43,52.9,25.7,reject
30,31.8,15.39,18.92,16.13,52.4,25.6,reject
30,31.97,15.45,19.04,16.29,52.7,25.6,reject
30,32.32,15.32,18.59,16.21,52.9,25.7,reject
30,32.49,15.58,18.61,16.16,52.8,25.7,reject
30,32.32,15.32,18.84,16.54,53.1,25.8,reject
30,32.49,15.39,18.93,16.06,52.5,25.5,reject
30,32.32,15.32,18.82,16.54,53.2,25.8,reject
30,32.32,15.45,18.99,16.38,52.8,25.6,reject
30,31.97,15.39,19.02,16.38,52.8,25.6,reject
30,32.49,15.32,18.92,16.13,52.6,25.6,reject
30,32.32,15.39,18.45,16.29,53.1,25.8,reject
30,32.49,15.51,19.11,16.28,52.6,25.5,reject
30,32.49,15.51,18.69,16.06,52.6,25.6,reject
30,31.97,15.58,19.03,16.26,52.4,25.5,reject
30,32.67,15.77,18.91,15.89,52.1,25.4,reject
30,31.63,15.39,18.82,16.38,52.8,25.8,reject
30,32.49,15.45,18.83,15.95,52.3,25.5,reject
30,31.63,15.45,18.86,16.49,53.0,25.8,reject
30,31.97,15.58,19.14,16.19,52.4,25.5,reject
30,32.32,15.51,18.62,16.13,52.6,25.6,reject
30,32.14,15.39,19.01,16.38,52.8,25.6,reject
30,32.14,15.2,18.59,16.32,53.1,25.8,reject
30,32.32,15.58,18.52,16.23,52.9,25.8,reject
30,32.49,15.32,18.92,16.22,52.7,25.6,reject
30,32.32,15.39,18.65,16.13,52.7,25.6,reject
30,32.14,15.39,18.9,16.46,53.0,25.7,reject
30,32.32,15.58,18.52,16.21,52.9,25.8,reject
30,32.32,15.32,18.81,16.55,53.2,25.8,reject
30,31.97,15.64,19.18,16.12,52.2,25.5,reject
30,32.49,15.77,18.82,15.99,52.5,25.6,reject
30,32.32,15.51,19.13,16.28,52.7,25.6,reject
30,32.49,15.71,18.78,15.97,52.4,25.5,reject
30,31.97,15.64,19.13,16.12,52.3,25.5,reject
30,32.32,15.2,18.62,16.29,52.9,25.7,reject
30,32.49,15.58,19.19,16.21,52.4,25.5,reject
30,32.32,15.45,19.03,16.35,52.7,25.6,reject
30,32.32,15.26,18.72,16.38,53.1,25.8,reject
30,32.32,15.2,18.72,16.45,53.1,25.8,reject
30,31.8,15.39,18.92,16.37,52.9,25.7,reject
30,32.14,15.45,19.01,16.38,52.8,25.6,reject
30,31.8,15.32,18.89,16.46,53.0,25.7,reject
30,31.97,15.51,19.13,16.2,52.5,25.5,reject
30,32.49,15.58,18.82,15.89,52.3,25.5,reject
30,32.32,15.26,18.63,16.21,52.9,25.7,reject
30,32.49,15.58,18.52,16.22,52.9,25.8,reject
30,32.49,15.51,18.93,15.89,52.1,25.4,reject
30,32.49,15.45,19.03,16.36,52.7,25.6,reject
30,31.97,15.51,18.95,16.31,52.7,25.6,reject
30,31.8,15.51,19.13,16.23,52.6,25.5,reject
30,31.8,15.45,18.84,16.38,52.8,25.7,reject
30,32.67,15.77,18.92,15.85,52.0,25.4,reject
30,31.8,15.39,18.92,16.19,52.4,25.6,reject
30,31.8,15.39,18.82,16.33,52.7,25.7,reject
30,31.63,15.39,18.89,16.46,53.0,25.8,reject
30,32.49,15.51,19.1,16.29,52.6,25.5,reject
30,32.49,15.39,18.83,15.97,52.5,25.5,reject
30,32.49,15.64,18.61,16.21,52.8,25.8,reject
30,31.63,15.39,18.78,16.41,52.9,25.8,reject
30,32.32,15.39,18.9,16.47,53.0,25.7,reject
30,32.49,15.58,18.71,16.05,52.6,25.6,reject
30,32.32,15.58,18.55,16.21,52.8,25.7,reject
30,31.8,15.32,18.86,16.54,53.1,25.8,reject
30,32.49,15.58,18.73,15.98,52.5,25.5,reject
30,32.49,15.45,19.03,16.29,52.7,25.6,reject
30,31.97,15.45,19.03,16.37,52.7,25.6,reject
30,31.8,15.45,18.92,16.37,52.7,25.7,reject
30,31.97,15.32,18.85,16.54,53.1,25.8,reject
30,31.8,15.39,18.92,16.42,52.9,25.7,reject
30,31.8,15.45,18.92,16.21,52.5,25.6,reject
30,32.49,15.58,19.24,16.19,52.3,25.4,reject
30,32.32,15.39,18.85,16.49,53.0,25.7,reject
30,32.32,15.45,18.62,16.19,52.8,25.7,reject
30,31.8,15.32,18.91,16.46,53.0,25.7,reject
30,32.32,15.26,18.52,16.29,53.1,25.8,reject
30,32.32,15.39,19.01,16.39,52.8,25.6,reject
30,32.67,15.71,19.01,15.73,51.9,25.4,reject
30,32.32,15.64,18.55,16.21,52.9,25.8,reject
30,32.32,15.26,18.81,16.21,52.7,25.6,reject
30,31.8,15.51,18.92,16.37,52.7,25.7,reject
30,31.8,15.45,18.92,16.45,52.9,25.8,reject
30,31.97,15.51,19.01,16.29,52.6,25.6,reject
30,31.97,15.45,19.03,16.36,52.7,25.6,reject
30,32.67,15.71,18.9,15.89,52.2,25.5,reject
30,32.49,15.51,18.73,15.97,52.5,25.6,reject
30,31.8,15.39,18.99,16.36,52.7,25.6,reject
30,31.97,15.32,18.86,16.54,53.1,25.8,reject
30,32.67,15.9,18.93,15.84,52.0,25.4,reject
30,31.8,15.32,18.86,16.2,52.5,25.6,reject
30,31.97,15.58,19.03,16.12,52.4,25.6,reject
30,32.32,15.32,18.72,16.2,52.7,25.6,reject
30,32.32,15.26,18.54,16.29,53.0,25.8,reject
30,31.97,15.64,19.14,16.13,52.4,25.5,reject
30,32.32,15.58,19.24,16.17,52.3,25.4,reject
30,31.63,15.32,18.82,16.45,53.0,25.7,reject
30,31.97,15.51,19.17,16.13,52.4,25.5,reject
30,31.63,15.32,18.87,16.45,53.0,25.8,reject
30,31.8,15.45,18.93,16.43,52.9,25.7,reject
30,32.32,15.45,19.03,16.37,52.8,25.6,reject
30,31.8,15.45,18.92,16.44,52.9,25.7,reject
30,32.49,15.45,18.93,16.43,52.9,25.7,reject
30,31.63,15.32,18.82,16.46,53.1,25.8,reject
30,32.49,15.58,18.71,16.06,52.6,25.6,reject
30,32.67,15.84,18.84,15.89,52.2,25.5,reject
30,31.97,15.64,19.22,16.13,52.2,25.5,reject
30,31.8,15.45,18.93,16.38,52.8,25.7,reject
30,32.67,15.64,18.89,15.89,52.2,25.4,reject
30,32.32,15.64,18.53,16.21,52.9,25.8,reject
30,31.8,15.39,18.82,16.28,52.6,25.7,reject
30,31.97,15.58,19.22,16.14,52.4,25.5,reject
30,32.49,15.64,18.52,16.22,52.9,25.8,reject
30,32.32,15.51,19.13,16.21,52.5,25.5,reject
30,32.32,15.45,19.13,16.28,52.7,25.6,reject
30,32.67,15.9,18.93,15.85,52.0,25.4,reject
30,32.32,15.45,18.45,16.29,53.0,25.8,reject
30,32.32,15.26,18.62,16.29,53.0,25.7,reject
30,32.67,15.9,18.94,15.84,52.0,25.4,reject
30,31.8,15.51,18.93,16.29,52.5,25.6,reject
30,32.49,15.84,18.82,15.92,52.3,25.5,reject
30,32.32,15.45,18.52,16.21,52.9,25.7,reject
30,31.8,15.39,18.81,16.45,52.9,25.8,reject
30,31.97,15.58,19.15,16.02,51.9,25.4,reject
30,32.32,15.32,18.81,16.14,52.7,25.6,reject
30,31.97,15.51,19.13,16.25,52.6,25.6,reject
30,32.32,15.39,18.71,16.13,52.7,25.6,reject
30,32.32,15.32,18.46,16.29,53.1,25.8,reject
30,32.49,15.51,18.62,16.13,52.6,25.6,reject
30,31.8,15.32,18.8,16.35,52.8,25.8,reject
30,32.49,15.71,18.62,16.2,52.7,25.7,reject
30,32.67,15.71,18.82,15.9,52.3,25.5,reject
30,32.49,15.39,18.91,16.04,52.5,25.5,reject
30,31.8,15.32,18.86,16.47,53.1,25.8,reject
30,32.49,15.51,18.73,15.99,52.5,25.6,reject
30,32.32,15.58,18.52,16.22,52.9,25.8,reject
30,32.32,15.58,18.57,16.21,52.8,25.7,reject
30,32.32,15.2,18.71,16.45,53.1,25.8,reject
30,31.97,15.39,18.92,16.46,53.0,25.7,reject
30,31.8,15.39,18.78,16.46,53.0,25.8,reject
30,32.32,15.51,18.53,16.21,52.8,25.7,reject
30,32.32,15.2,18.67,16.37,53.1,25.8,reject
30,32.14,15.39,18.9,16.52,53.1,25.8,reject
30,32.32,15.39,18.92,16.45,53.0,25.7,reject
30,32.14,15.71,19.24,16.03,51.9,25.4,reject
30,32.49,15.45,18.7,16.07,52.6,25.6,reject
30,31.8,15.51,19.13,16.21,52.6,25.6,reject
30,32.49,15.45,19.02,16.37,52.8,25.6,reject
30,32.32,15.39,18.52,16.24,53.0,25.8,reject
30,32.14,15.64,19.3,16.09,52.1,25.4,reject
30,32.49,15.45,19.03,16.13,52.5,25.5,reject
30,32.32,15.32,18.6,16.21,52.9,25.7,reject
30,32.49,15.45,18.96,16.38,52.8,25.6,reject
30,32.32,15.39,18.52,16.28,53.0,25.8,reject
30,32.14,15.51,19.13,16.21,52.5,25.5,reject
30,32.32,15.39,19.01,16.21,52.6,25.6,reject
30,31.97,15.58,19.2,16.13,52.4,25.5,reject
31,31.8,15.26,18.72,16.63,53.5,25.9,reject
31,31.8,15.14,18.25,16.39,53.7,26.0,reject
31,31.12,15.14,18.53,16.61,53.8,26.0,reject
31,31.63,15.39,18.71,16.53,53.2,25.9,reject
31,31.63,15.26,18.69,16.62,53.5,25.9,reject
31,32.14,15.32,18.32,16.37,53.4,25.9,reject
31,32.49,15.58,18.5,16.29,53.0,25.8,reject
31,31.97,15.26,18.32,16.37,53.6,25.9,reject
31,31.8,15.26,18.68,16.65,53.6,25.9,reject
31,31.63,15.39,18.63,16.54,53.3,25.9,reject
31,32.32,15.51,18.42,16.29,53.2,25.9,reject
31,31.29,15.14,18.51,16.46,53.4,25.9,reject
31,31.29,15.26,18.58,16.62,53.7,26.0,reject
31,31.46,15.26,18.6,16.46,53.2,25.9,reject
31,32.14,15.2,18.47,16.3,53.2,25.8,reject
31,31.12,15.2,18.52,16.45,53.3,25.9,reject
31,31.97,15.2,18.24,16.37,53.6,25.9,reject
31,31.29,15.39,18.65,16.58,53.5,25.9,reject
31,31.97,15.39,18.3,16.37,53.5,25.9,reject
31,31.46,15.32,18.61,16.57,53.5,25.9,reject
31,31.97,15.51,18.32,16.37,53.5,26.0,reject
31,32.32,15.26,18.62,16.62,53.5,25.9,reject
31,32.14,15.14,18.35,16.38,53.4,25.9,reject
31,31.97,15.51,18.32,16.37,53.5,25.9,reject
31,31.63,15.39,18.82,16.53,53.1,25.8,reject
31,32.14,15.39,18.32,16.37,53.5,25.9,reject
31,31.8,15.08,18.42,16.54,53.7,25.9,reject
31,32.32,15.45,18.42,16.29,53.2,25.8,reject
31,31.63,15.32,18.81,16.54,53.2,25.8,reject
31,32.32,15.32,18.39,16.35,53.3,25.9,reject
31,31.29,15.26,18.61,16.69,53.7,25.9,reject
31,31.63,15.39,18.72,16.58,53.3,25.9,reject
31,31.97,15.26,18.23,16.37,53.6,25.9,reject
31,31.63,15.39,18.64,16.56,53.4,25.9,reject
31,31.8,15.26,18.65,16.67,53.7,25.9,reject
31,32.14,15.14,18.59,16.54,53.5,25.9,reject
31,31.8,15.08,18.32,16.45,53.6,25.9,reject
31,31.46,15.26,18.7,16.62,53.5,25.9,reject
31,31.29,15.26,18.54,16.46,53.3,25.9,reject
31,31.63,15.39,18.8,16.54,53.2,25.8,reject
31,31.63,15.32,18.68,16.61,53.5,25.9,reject
31,31.8,15.08,18.47,16.58,53.7,25.9,reject
31,31.29,15.32,18.62,16.61,53.5,25.9,reject
31,32.32,15.32,18.76,16.6,53.3,25.8,reject
31,32.14,15.26,18.32,16.37,53.5,25.9,reject
31,32.14,15.45,18.31,16.37,53.5,25.9,reject
31,32.14,15.39,18.32,16.37,53.3,25.9,reject
31,32.32,15.39,18.42,16.3,53.2,25.8,reject
31,31.8,15.32,18.22,16.37,53.7,26.0,reject
31,32.14,15.14,18.41,16.45,53.4,25.9,reject
31,32.14,15.39,18.29,16.37,53.5,25.9,reject
31,32.32,15.45,18.42,16.29,53.1,25.8,reject
31,31.8,15.26,18.62,16.71,53.7,25.9,reject
31,31.12,15.2,18.58,16.62,53.8,26.0,reject
31,31.63,15.26,18.66,16.7,53.7,25.9,reject
31,31.63,15.2,18.65,16.62,53.5,25.9,reject
31,31.8,15.32,18.78,16.6,53.3,25.8,reject
31,32.32,15.39,18.42,16.29,53.1,25.8,reject
31,32.14,15.26,18.35,16.37,53.4,25.9,reject
31,31.46,15.26,18.57,16.47,53.3,25.9,reject
31,32.14,15.32,18.81,16.59,53.2,25.8,reject
31,31.97,15.45,18.3,16.36,53.6,26.0,reject
31,32.14,15.08,18.52,16.54,53.5,25.9,reject
31,32.14,15.26,18.32,16.37,53.4,25.9,reject
31,32.32,15.45,18.42,16.3,53.3,25.9,reject
31,31.46,15.26,18.62,16.69,53.7,25.9,reject
31,31.29,15.32,18.62,16.62,53.6,25.9,reject
31,32.32,15.51,18.41,16.35,53.3,25.9,reject
31,31.46,15.26,18.52,16.53,53.5,26.0,reject
31,32.32,15.32,18.42,16.29,53.1,25.8,reject
31,31.97,15.45,18.32,16.37,53.5,26.0,reject
31,31.29,15.32,18.66,16.62,53.6,25.9,reject
31,31.29,15.26,18.62,16.63,53.7,26.0,reject
31,31.97,15.51,18.32,16.37,53.4,25.9,reject
31,31.97,15.32,18.24,16.37,53.6,26.0,reject
31,31.97,15.08,18.32,16.45,53.7,25.9,reject
31,31.29,15.32,18.68,16.62,53.6,25.9,reject
31,31.97,15.2,18.23,16.37,53.6,25.9,reject
31,31.29,15.32,18.62,16.62,53.7,26.0,reject
31,31.8,15.32,18.82,16.54,53.2,25.8,reject
31,32.32,15.26,18.71,16.6,53.3,25.8,reject
31,32.14,15.08,18.5,16.45,53.4,25.9,reject
31,31.97,15.26,18.69,16.67,53.5,25.9,reject
31,31.97,15.39,18.31,16.37,53.5,25.9,reject
31,31.97,15.26,18.24,16.37,53.6,25.9,reject
31,32.32,15.32,18.75,16.62,53.3,25.8,reject
31,32.32,15.39,18.4,16.33,53.3,25.9,reject
31,32.14,15.32,18.32,16.37,53.5,25.9,reject
31,31.63,15.32,18.72,16.62,53.4,25.9,reject
31,32.32,15.32,18.81,16.57,53.3,25.8,reject
31,31.97,15.08,18.42,16.54,53.8,26.0,reject
31,32.32,15.51,18.4,16.31,53.3,25.9,reject
31,31.8,15.26,18.53,16.7,53.8,26.0,reject
31,32.32,15.58,18.43,16.29,53.2,25.9,reject
31,31.46,15.32,18.62,16.62,53.6,25.9,reject
31,31.63,15.2,18.62,16.7,53.7,25.9,reject
31,32.32,15.51,18.42,16.29,53.1,25.8,reject
31,31.29,15.26,18.64,16.64,53.6,25.9,reject
31,31.97,15.39,18.32,16.37,53.5,25.9,reject
31,31.97,15.51,18.32,16.36,53.4,25.9,reject
31,32.32,15.32,18.41,16.31,53.3,25.9,reject
31,32.14,15.32,18.34,16.37,53.4,25.9,reject
31,32.32,15.51,18.38,16.31,53.3,25.9,reject
31,31.12,15.26,18.52,16.54,53.6,26.0,reject
31,32.14,15.08,18.52,16.54,53.6,25.9,reject
31,31.8,15.39,18.32,16.37,53.5,25.9,reject
31,31.63,15.32,18.72,16.61,53.3,25.8,reject
31,31.63,15.39,18.72,16.6,53.3,25.9,reject
31,32.14,15.51,18.32,16.37,53.5,26.0,reject
31,32.14,15.14,18.52,16.45,53.4,25.9,reject
31,32.32,15.58,18.51,16.28,53.0,25.8,reject
31,31.29,15.2,18.56,16.63,53.8,26.0,reject
31,31.63,15.32,18.79,16.54,53.2,25.8,reject
31,31.63,15.32,18.72,16.4,52.9,25.8,reject
31,31.12,15.2,18.62,16.62,53.6,25.9,reject
31,32.32,15.64,18.52,16.27,53.0,25.8,reject
31,31.46,15.2,18.6,16.63,53.8,26.0,reject
31,32.14,15.14,18.42,16.4,53.4,25.9,reject
31,31.29,15.26,18.54,16.55,53.6,26.0,reject
31,32.32,15.32,18.72,16.64,53.4,25.9,reject
31,31.97,15.32,18.81,16.56,53.2,25.8,reject
31,31.97,15.26,18.68,16.67,53.6,25.9,reject
31,31.8,15.2,18.61,16.7,53.7,25.9,reject
31,31.8,15.14,18.32,16.45,53.7,25.9,reject
31,32.14,15.45,18.36,16.37,53.3,25.9,reject
31,31.29,15.26,18.62,16.62,53.7,25.9,reject
31,31.29,15.39,18.63,16.57,53.5,25.9,reject
31,31.46,15.26,18.65,16.63,53.6,25.9,reject
31,31.97,15.14,18.31,16.43,53.7,26.0,reject
31,31.63,15.26,18.64,16.44,53.0,25.8,reject
31,31.63,15.26,18.61,16.53,53.3,25.9,reject
31,31.8,15.32,18.81,16.57,53.3,25.8,reject
31,32.32,15.2,18.62,16.52,53.3,25.8,reject
31,31.63,15.2,18.62,16.68,53.7,25.9,reject
31,32.32,15.45,18.41,16.31,53.2,25.9,reject
31,32.14,15.45,18.32,16.37,53.5,26.0,reject
31,31.29,15.32,18.61,16.62,53.6,25.9,reject
31,32.32,15.39,18.32,16.37,53.3,25.9,reject
31,31.63,15.26,18.72,16.62,53.4,25.9,reject
31,31.46,15.26,18.65,16.62,53.6,25.9,reject
31,31.29,15.26,18.62,16.63,53.6,25.9,reject
31,31.8,15.26,18.69,16.66,53.6,25.9,reject
31,31.8,15.32,18.75,16.62,53.3,25.8,reject
31,31.29,15.26,18.62,16.7,53.7,26.0,reject
31,32.32,15.51,18.42,16.31,53.2,25.9,reject
31,31.97,15.32,18.81,16.58,53.3,25.8,reject
31,31.63,15.39,18.8,16.47,53.0,25.8,reject
31,32.32,15.58,18.42,16.29,53.2,25.9,reject
31,31.29,15.26,18.62,16.62,53.6,25.9,reject
31,31.97,15.26,18.72,16.67,53.5,25.9,reject
31,32.32,15.51,18.42,16.35,53.2,25.9,reject
31,32.14,15.2,18.33,16.37,53.4,25.9,reject
31,31.63,15.32,18.63,16.54,53.3,25.9,reject
31,31.29,15.2,18.57,16.62,53.8,26.0,reject
31,31.63,15.39,18.69,16.58,53.3,25.9,reject
31,32.32,15.39,18.43,16.29,53.1,25.8,reject
31,31.97,15.32,18.32,16.37,53.5,25.9,reject
31,31.8,15.14,18.49,16.62,53.8,26.0,reject
31,32.32,15.26,18.42,16.36,53.2,25.8,reject
31,32.32,15.32,18.72,16.62,53.4,25.9,reject
31,31.8,15.39,18.72,16.54,53.2,25.9,reject
31,32.14,15.26,18.72,16.64,53.5,25.9,reject
31,32.14,15.14,18.54,16.45,53.3,25.8,reject
31,31.8,15.39,18.76,16.62,53.3,25.8,reject
31,32.14,15.2,18.41,16.37,53.4,25.9,reject
31,32.14,15.2,18.52,16.36,53.2,25.8,reject
31,32.14,15.26,18.38,16.37,53.4,25.9,reject
31,31.63,15.32,18.71,16.45,53.0,25.8,reject
31,32.32,15.58,18.42,16.32,53.2,25.9,reject
31,31.8,15.2,18.22,16.37,53.7,26.0,reject
31,31.8,15.39,18.72,16.46,53.0,25.8,reject
31,31.29,15.26,18.63,16.62,53.6,25.9,reject
31,32.14,15.32,18.75,16.62,53.4,25.9,reject
31,31.8,15.32,18.74,16.62,53.4,25.8,reject
31,31.8,15.08,18.42,16.46,53.6,25.9,reject
31,31.46,15.32,18.68,16.62,53.5,25.9,reject
31,31.8,15.26,18.64,16.7,53.6,25.9,reject
31,32.32,15.45,18.34,16.31,53.3,25.9,reject
31,32.32,15.64,18.45,16.29,53.1,25.8,reject
31,31.12,15.14,18.46,16.46,53.5,26.0,reject
31,32.32,15.51,18.42,16.36,53.2,25.9,reject
31,32.32,15.45,18.42,16.29,53.2,25.9,reject
31,31.29,15.2,18.57,16.64,53.8,26.0,reject
31,31.29,15.26,18.51,16.53,53.6,26.0,reject
31,32.32,15.51,18.44,16.29,53.1,25.8,reject
31,31.97,15.26,18.72,16.65,53.4,25.9,reject
31,32.14,15.26,18.72,16.66,53.5,25.9,reject
31,31.46,15.26,18.62,16.67,53.7,25.9,reject
31,32.32,15.58,18.52,16.28,53.0,25.8,reject
31,31.63,15.39,18.76,16.54,53.2,25.8,reject
31,31.46,15.2,18.62,16.65,53.8,26.0,reject
31,31.29,15.2,18.61,16.62,53.6,25.9,reject
31,31.97,15.2,18.23,16.37,53.7,26.0,reject
31,32.14,15.26,18.44,16.29,53.1,25.8,reject
31,31.97,15.2,18.52,16.64,53.8,26.0,reject
31,31.29,15.2,18.6,16.62,53.7,25.9,reject
31,31.12,15.14,18.52,16.62,53.8,26.0,reject
31,31.29,15.2,18.53,16.62,53.8,26.0,reject
31,31.46,15.26,18.64,16.62,53.5,25.9,reject
31,32.14,15.32,18.72,16.65,53.4,25.9,reject
31,31.63,15.26,18.72,16.62,53.5,25.9,reject
31,32.14,15.26,18.69,16.67,53.5,25.9,reject
31,31.63,15.32,18.72,16.61,53.3,25.9,reject
31,31.63,15.32,18.74,16.6,53.3,25.8,reject
31,31.63,15.26,18.7,16.63,53.6,25.9,reject
31,31.63,15.45,18.79,16.51,53.1,25.8,reject
31,31.46,15.32,18.61,16.59,53.5,25.9,reject
31,31.29,15.26,18.61,16.63,53.6,25.9,reject
31,31.97,15.51,18.31,16.37,53.6,26.0,reject
31,31.63,15.2,18.61,16.67,53.7,25.9,reject
31,31.63,15.26,18.65,16.63,53.6,25.9,reject
31,32.14,15.32,18.81,16.58,53.2,25.8,reject
31,31.29,15.32,18.52,16.54,53.6,26.0,reject
31,31.8,15.26,18.67,16.68,53.6,25.9,reject
31,31.46,15.26,18.65,16.64,53.6,25.9,reject
31,31.8,15.14,18.3,16.42,53.7,25.9,reject
31,31.46,15.32,18.58,16.54,53.4,25.9,reject
31,31.29,15.26,18.64,16.62,53.6,25.9,reject
31,31.63,15.32,18.68,16.62,53.5,25.9,reject
31,31.63,15.32,18.73,16.6,53.4,25.9,reject
31,31.97,15.45,18.25,16.34,53.6,25.9,reject
31,31.63,15.26,18.67,16.63,53.6,25.9,reject
31,31.46,15.39,18.65,16.56,53.3,25.9,reject
31,31.97,15.01,18.33,16.47,53.7,25.9,reject
31,32.32,15.58,18.49,16.29,53.0,25.8,reject
31,31.29,15.2,18.52,16.47,53.4,25.9,reject
31,31.63,15.2,18.62,16.69,53.7,25.9,reject
31,31.63,15.32,18.72,16.62,53.3,25.8,reject
31,32.14,15.26,18.72,16.65,53.5,25.9,reject
31,31.29,15.2,18.62,16.65,53.7,25.9,reject
31,31.29,15.26,18.51,16.5,53.5,26.0,reject
31,31.63,15.32,18.72,16.61,53.4,25.9,reject
31,32.14,15.08,18.45,16.46,53.4,25.9,reject
31,31.97,15.45,18.32,16.37,53.5,25.9,reject
31,32.14,15.45,18.32,16.37,53.4,25.9,reject
31,31.97,15.39,18.27,16.36,53.5,25.9,reject
31,31.63,15.26,18.62,16.7,53.7,25.9,reject
31,32.32,15.51,18.33,16.37,53.4,25.9,reject
31,32.32,15.45,18.47,16.27,53.0,25.8,reject
31,32.14,15.14,18.52,16.37,53.2,25.8,reject
31,31.97,15.32,18.75,16.62,53.3,25.8,reject
31,32.32,15.51,18.47,16.29,53.0,25.8,reject
31,31.97,15.32,18.63,16.67,53.6,25.9,reject
31,32.32,15.45,18.34,16.3,53.3,25.9,reject
31,31.46,15.2,18.61,16.66,53.8,26.0,reject
31,32.14,15.2,18.63,16.62,53.4,25.9,reject
31,31.63,15.39,18.76,16.55,53.2,25.8,reject
31,32.32,15.32,18.71,16.66,53.5,25.9,reject
31,32.32,15.32,18.72,16.63,53.4,25.9,reject
31,31.8,15.2,18.58,16.68,53.7,25.9,reject
31,31.97,15.14,18.26,16.39,53.7,25.9,reject
31,31.97,15.14,18.26,16.37,53.6,25.9,reject
31,31.46,15.26,18.53,16.53,53.6,26.0,reject
31,31.29,15.32,18.62,16.62,53.5,25.9,reject
31,32.32,15.51,18.5,16.27,53.0,25.8,reject
31,31.29,15.32,18.61,16.61,53.5,25.9,reject
31,32.14,15.14,18.52,16.44,53.4,25.9,reject
31,31.29,15.32,18.65,16.62,53.6,25.9,reject
31,32.14,15.26,18.63,16.7,53.6,25.9,reject
31,31.97,15.2,18.26,16.37,53.6,25.9,reject
31,31.97,15.26,18.62,16.69,53.7,25.9,reject
31,31.8,15.26,18.72,16.64,53.5,25.9,reject
31,31.8,15.26,18.23,16.37,53.7,26.0,reject
31,31.63,15.26,18.68,16.62,53.6,25.9,reject
31,31.29,15.08,18.45,16.45,53.4,25.9,reject
31,31.46,15.32,18.58,16.54,53.5,25.9,reject
31,32.32,15.26,18.71,16.62,53.4,25.9,reject
31,31.29,15.32,18.61,16.53,53.4,25.9,reject
31,31.46,15.26,18.66,16.62,53.5,25.9,reject
31,32.32,15.32,18.43,16.29,53.1,25.8,reject
31,32.14,15.2,18.32,16.37,53.5,25.9,reject
31,31.97,15.26,18.62,16.71,53.7,25.9,reject
31,32.14,15.14,18.53,16.61,53.6,25.9,reject
31,31.63,15.32,18.71,16.61,53.4,25.9,reject
31,31.8,15.2,18.59,16.68,53.7,25.9,reject
31,32.14,15.2,18.62,16.62,53.6,25.9,reject
31,31.29,15.2,18.61,16.62,53.7,25.9,reject
31,31.63,15.32,18.79,16.54,53.3,25.8,reject
31,32.14,15.14,18.6,16.53,53.4,25.9,reject
31,31.63,15.2,18.61,16.65,53.8,26.0,reject
31,31.46,15.32,18.68,16.62,53.6,25.9,reject
31,31.29,15.26,18.61,16.62,53.7,26.0,reject
31,31.97,15.45,18.32,16.35,53.4,25.9,reject
31,32.32,15.58,18.44,16.29,53.1,25.8,reject
31,32.14,15.26,18.68,16.68,53.5,25.9,reject
31,31.29,15.32,18.62,16.6,53.5,25.9,reject
31,32.32,15.32,18.7,16.66,53.5,25.9,reject
31,31.8,15.14,18.34,16.45,53.6,25.9,reject
31,31.46,15.2,18.63,16.62,53.6,25.9,reject
31,32.32,15.51,18.34,16.37,53.4,25.9,reject
31,31.46,15.2,18.62,16.62,53.6,25.9,reject
31,32.14,15.26,18.66,16.68,53.5,25.9,reject
31,31.29,15.39,18.66,16.59,53.5,25.9,reject
31,31.63,15.32,18.78,16.54,53.2,25.8,reject
31,31.63,15.32,18.68,16.52,53.2,25.9,reject
31,31.29,15.26,18.59,16.62,53.8,26.0,reject
31,32.14,15.32,18.77,16.62,53.3,25.8,reject
31,32.14,15.26,18.63,16.69,53.6,25.9,reject
31,32.14,15.26,18.43,16.29,53.2,25.8,reject
31,31.29,15.2,18.59,16.62,53.8,26.0,reject
31,31.63,15.39,18.72,16.56,53.3,25.9,reject
31,31.8,15.2,18.31,16.37,53.6,25.9,reject
31,31.46,15.2,18.62,16.7,53.7,25.9,reject
31,32.32,15.2,18.47,16.29,53.1,25.8,reject
31,31.8,15.32,18.82,16.55,53.2,25.8,reject
31,31.63,15.26,18.71,16.62,53.4,25.9,reject
31,32.32,15.51,18.41,16.32,53.3,25.9,reject
31,31.63,15.26,18.73,16.54,53.3,25.9,reject
31,31.8,15.2,18.54,16.7,53.8,26.0,reject
31,32.32,15.51,18.36,16.36,53.3,25.9,reject
31,32.14,15.26,18.66,16.67,53.6,25.9,reject
31,32.14,15.32,18.71,16.66,53.5,25.9,reject
31,31.29,15.32,18.57,16.61,53.6,25.9,reject
31,31.29,15.2,18.54,16.62,53.8,26.0,reject
31,31.63,15.39,18.69,16.6,53.4,25.9,reject
31,31.97,15.26,18.74,16.62,53.4,25.8,reject
31,32.14,15.32,18.75,16.62,53.3,25.8,reject
31,31.63,15.39,18.72,16.54,53.3,25.9,reject
31,32.32,15.51,18.43,16.29,53.1,25.8,reject
31,32.14,15.14,18.44,16.4,53.4,25.9,reject
31,31.8,15.32,18.77,16.57,53.3,25.8,reject
31,31.8,15.08,18.32,16.45,53.7,26.0,reject
31,31.97,15.32,18.22,16.37,53.7,26.0,reject
31,32.14,15.2,18.44,16.32,53.2,25.8,reject
31,31.97,15.08,18.27,16.38,53.6,25.9,reject
31,32.14,15.2,18.51,16.3,53.2,25.8,reject
31,32.32,15.58,18.51,16.27,53.0,25.8,reject
31,31.29,15.26,18.63,16.69,53.7,26.0,reject
31,31.63,15.2,18.6,16.68,53.7,25.9,reject
31,31.46,15.2,18.57,16.68,53.7,25.9,reject
31,32.14,15.45,18.31,16.35,53.6,26.0,reject
31,31.46,15.26,18.63,16.7,53.7,25.9,reject
31,31.97,15.14,18.29,16.4,53.7,25.9,reject
31,31.97,15.26,18.62,16.69,53.6,25.9,reject
31,32.32,15.32,18.42,16.29,53.2,25.8,reject
31,31.29,15.2,18.58,16.62,53.8,26.0,reject
31,31.97,15.32,18.29,16.37,53.6,25.9,reject
31,31.63,15.26,18.63,16.7,53.7,25.9,reject
31,32.14,15.14,18.42,16.45,53.4,25.9,reject
31,31.29,15.2,18.52,16.46,53.3,25.9,reject
31,31.97,15.26,18.28,16.37,53.6,26.0,reject
31,32.32,15.58,18.43,16.29,53.1,25.8,reject
31,31.8,15.32,18.72,16.46,53.1,25.9,reject
31,31.97,15.14,18.49,16.54,53.6,25.9,reject
31,31.8,15.26,18.55,16.7,53.8,26.0,reject
31,31.29,15.39,18.62,16.6,53.4,25.9,reject
31,31.97,15.14,18.51,16.62,53.8,26.0,reject
31,31.97,15.32,18.31,16.37,53.5,25.9,reject
31,32.14,15.26,18.72,16.67,53.5,25.9,reject
31,32.32,15.45,18.44,16.29,53.1,25.8,reject
31,31.97,15.01,18.32,16.46,53.7,25.9,reject
31,32.14,15.14,18.42,16.38,53.4,25.9,reject
31,31.46,15.2,18.61,16.63,53.7,25.9,reject
31,32.32,15.45,18.34,16.36,53.4,25.9,reject
31,31.29,15.32,18.67,16.62,53.5,25.9,reject
31,32.14,15.39,18.32,16.37,53.4,25.9,reject
31,31.8,15.14,18.32,16.41,53.6,25.9,reject
31,31.8,15.39,18.22,16.36,53.7,26.0,reject
31,31.97,15.08,18.42,16.54,53.7,25.9,reject
31,31.63,15.39,18.82,16.52,53.1,25.8,reject
31,32.14,15.2,18.48,16.38,53.3,25.8,reject
31,31.8,15.32,18.32,16.37,53.5,25.9,reject
31,31.97,15.08,18.32,16.43,53.7,25.9,reject
31,31.63,15.26,18.68,16.63,53.6,25.9,reject
31,31.97,15.14,18.52,16.62,53.7,25.9,reject
31,31.63,15.32,18.82,16.54,53.2,25.8,reject
31,31.63,15.39,18.82,16.54,53.2,25.8,reject
31,31.97,15.26,18.68,16.67,53.5,25.9,reject
31,31.29,15.32,18.63,16.62,53.6,25.9,reject
31,31.63,15.32,18.66,16.6,53.5,25.9,reject
31,32.14,15.14,18.62,16.54,53.4,25.9,reject
31,31.8,15.26,18.72,16.65,53.4,25.9,reject
31,31.97,15.32,18.29,16.37,53.5,25.9,reject
31,31.46,15.32,18.71,16.62,53.5,25.9,reject
31,31.63,15.2,18.62,16.38,53.1,25.9,reject
31,31.8,15.26,18.7,16.63,53.5,25.9,reject
31,32.14,15.2,18.41,16.37,53.3,25.8,reject
31,32.32,15.26,18.72,16.55,53.3,25.9,reject
31,31.8,15.2,18.23,16.37,53.7,26.0,reject
31,32.14,15.32,18.32,16.36,53.4,25.9,reject
31,31.8,15.01,18.32,16.45,53.8,26.0,reject
31,31.8,15.14,18.32,16.45,53.6,25.9,reject
31,32.32,15.58,18.5,16.29,53.0,25.8,reject
31,31.63,15.32,18.71,16.42,52.9,25.8,reject
31,31.8,15.32,18.63,16.66,53.6,25.9,reject
31,32.32,15.32,18.8,16.58,53.3,25.8,reject
31,32.14,15.08,18.52,16.45,53.4,25.9,reject
31,32.14,15.14,18.51,16.37,53.3,25.8,reject
31,31.63,15.32,18.77,16.55,53.3,25.8,reject
31,31.63,15.32,18.75,16.6,53.3,25.8,reject
31,31.8,15.26,18.67,16.67,53.6,25.9,reject
31,31.63,15.39,18.8,16.54,53.1,25.8,reject
31,31.29,15.32,18.67,16.62,53.6,25.9,reject
31,31.46,15.2,18.62,16.64,53.7,25.9,reject
31,32.14,15.14,18.52,16.4,53.3,25.8,reject
31,31.97,15.14,18.33,16.39,53.6,25.9,reject
31,31.63,15.26,18.66,16.65,53.7,25.9,reject
31,31.46,15.26,18.65,16.67,53.7,25.9,reject
31,31.46,15.32,18.62,16.62,53.7,26.0,reject
31,31.63,15.39,18.69,16.54,53.2,25.9,reject
31,31.8,15.32,18.22,16.36,53.7,26.0,reject
31,31.8,15.01,18.32,16.49,53.8,26.0,reject
31,31.97,15.08,18.31,16.45,53.7,25.9,reject
31,31.97,15.26,18.73,16.62,53.4,25.9,reject
31,31.63,15.39,18.71,16.54,53.2,25.9,reject
31,32.32,15.32,18.42,16.31,53.3,25.9,reject
31,31.63,15.32,18.71,16.62,53.4,25.9,reject
31,32.14,15.14,18.33,16.39,53.5,25.9,reject
31,31.63,15.39,18.72,16.49,53.1,25.9,reject
31,31.97,15.26,18.73,16.62,53.4,25.8,reject
31,31.97,15.14,18.52,16.56,53.6,25.9,reject
31,31.46,15.2,18.58,16.67,53.8,25.9,reject
31,32.14,15.2,18.62,16.45,53.2,25.8,reject
31,31.97,15.26,18.61,16.69,53.7,25.9,reject
31,31.8,15.26,18.32,16.37,53.6,25.9,reject
31,31.8,15.2,18.62,16.7,53.7,25.9,reject
31,31.8,15.26,18.65,16.66,53.7,25.9,reject
31,32.14,15.2,18.32,16.37,53.4,25.9,reject
31,31.29,15.26,18.65,16.65,53.6,25.9,reject
31,32.14,15.26,18.69,16.68,53.5,25.9,reject
31,31.8,15.26,18.22,16.37,53.7,26.0,reject
31,32.14,15.14,18.52,16.54,53.5,25.9,reject
31,32.14,15.32,18.77,16.6,53.3,25.8,reject
31,31.97,15.39,18.29,16.37,53.5,25.9,reject
31,31.63,15.39,18.73,16.57,53.3,25.8,reject
31,31.97,15.14,18.52,16.54,53.6,25.9,reject
31,31.8,15.2,18.62,16.69,53.7,25.9,reject
31,32.32,15.32,18.41,16.32,53.3,25.9,reject
31,31.63,15.32,18.73,16.62,53.3,25.8,reject
31,31.29,15.32,18.59,16.62,53.7,26.0,reject
31,31.63,15.32,18.62,16.53,53.3,25.9,reject
31,32.14,15.08,18.52,16.47,53.4,25.9,reject
31,31.97,15.32,18.76,16.62,53.3,25.8,reject
31,32.32,15.45,18.33,16.3,53.3,25.9,reject
31,31.63,15.26,18.71,16.62,53.5,25.9,reject
31,31.8,15.26,18.62,16.7,53.7,25.9,reject
31,32.14,15.32,18.35,16.36,53.3,25.9,reject
31,32.14,15.08,18.45,16.5,53.5,25.9,reject
31,31.46,15.26,18.68,16.62,53.6,25.9,reject
31,32.14,15.14,18.6,16.45,53.2,25.8,reject
31,31.29,15.26,18.55,16.54,53.5,25.9,reject
31,31.29,15.32,18.53,16.54,53.6,26.0,reject
31,31.97,15.32,18.23,16.37,53.6,25.9,reject
31,32.49,15.64,18.5,16.29,53.1,25.8,reject
31,32.14,15.2,18.32,16.38,53.5,25.9,reject
31,31.8,15.32,18.78,16.58,53.3,25.8,reject
31,32.14,15.14,18.36,16.41,53.5,25.9,reject
31,31.63,15.39,18.73,16.49,53.1,25.8,reject
31,31.63,15.39,18.81,16.54,53.2,25.8,reject
31,32.32,15.26,18.41,16.37,53.3,25.9,reject
31,31.63,15.39,18.72,16.53,53.1,25.8,reject
31,31.97,15.26,18.66,16.68,53.7,25.9,reject
31,31.8,15.26,18.32,16.37,53.5,25.9,reject
31,31.63,15.32,18.72,16.6,53.3,25.9,reject
31,31.8,15.26,18.72,16.62,53.4,25.9,reject
31,32.32,15.45,18.46,16.28,53.0,25.8,reject
31,32.14,15.08,18.42,16.45,53.5,25.9,reject
31,32.14,15.26,18.41,16.37,53.3,25.9,reject
31,31.46,15.26,18.66,16.68,53.7,25.9,reject
31,31.8,15.32,18.79,16.6,53.3,25.8,reject
31,31.46,15.2,18.61,16.64,53.8,26.0,reject
31,32.32,15.51,18.49,16.27,53.0,25.8,reject
31,32.14,15.14,18.55,16.57,53.5,25.9,reject
31,32.32,15.51,18.35,16.31,53.3,25.9,reject
31,31.63,15.2,18.57,16.69,53.7,25.9,reject
31,32.32,15.32,18.72,16.54,53.3,25.8,reject
31,32.32,15.26,18.45,16.29,53.1,25.8,reject
31,31.29,15.32,18.59,16.59,53.6,26.0,reject
31,31.63,15.32,18.78,16.54,53.3,25.9,reject
31,31.63,15.39,18.67,16.59,53.4,25.9,reject
31,31.63,15.39,18.73,16.54,53.1,25.8,reject
31,31.29,15.32,18.62,16.54,53.4,25.9,reject
31,31.63,15.32,18.75,16.54,53.2,25.8,reject
31,31.8,15.32,18.64,16.67,53.7,25.9,reject
31,31.8,15.26,18.69,16.64,53.6,25.9,reject
31,31.8,15.08,18.22,16.39,53.7,26.0,reject
31,31.29,15.39,18.66,16.62,53.5,25.9,reject
31,32.32,15.58,18.42,16.29,53.2,25.8,reject
31,31.29,15.2,18.58,16.65,53.8,26.0,reject
31,31.8,15.08,18.48,16.54,53.6,25.9,reject
31,31.97,15.51,18.33,16.35,53.4,25.9,reject
31,31.63,15.39,18.81,16.49,53.0,25.8,reject
31,32.14,15.26,18.42,16.37,53.3,25.9,reject
31,32.32,15.14,18.62,16.44,53.2,25.8,reject
31,31.97,15.26,18.72,16.66,53.5,25.9,reject
31,32.32,15.14,18.61,16.5,53.3,25.8,reject
31,31.63,15.26,18.62,16.45,53.1,25.9,reject
31,32.32,15.2,18.43,16.37,53.3,25.8,reject
31,32.14,15.32,18.72,16.65,53.5,25.9,reject
31,31.63,15.26,18.72,16.55,53.3,25.8,reject
31,31.29,15.32,18.57,16.54,53.4,25.9,reject
31,32.14,15.2,18.32,16.4,53.5,25.9,reject
31,32.14,15.51,18.33,16.37,53.4,25.9,reject
31,31.29,15.32,18.66,16.62,53.5,25.9,reject
31,31.8,15.2,18.57,16.7,53.8,26.0,reject
31,31.8,15.39,18.77,16.46,53.0,25.8,reject
31,31.97,15.26,18.65,16.68,53.6,25.9,reject
31,32.32,15.32,18.75,16.54,53.2,25.8,reject
31,32.14,15.2,18.42,16.37,53.3,25.8,reject
31,31.63,15.32,18.62,16.54,53.4,25.9,reject
31,32.32,15.2,18.5,16.34,53.2,25.8,reject
31,31.97,15.26,18.57,16.69,53.8,26.0,reject
31,32.14,15.32,18.8,16.61,53.3,25.8,reject
31,31.8,15.26,18.61,16.7,53.7,25.9,reject
31,31.97,15.2,18.29,16.38,53.6,25.9,reject
31,32.14,15.08,18.42,16.46,53.6,25.9,reject
31,31.29,15.2,18.59,16.63,53.7,25.9,reject
31,31.8,15.39,18.22,16.37,53.7,26.0,reject
31,32.32,15.51,18.39,16.37,53.3,25.9,reject
31,32.32,15.32,18.79,16.58,53.2,25.8,reject
31,32.14,15.08,18.48,16.52,53.5,25.9,reject
31,31.97,15.32,18.79,16.61,53.3,25.8,reject
31,31.8,15.2,18.32,16.37,53.5,25.9,reject
31,31.97,15.2,18.6,16.62,53.6,25.9,reject
31,31.63,15.39,18.64,16.58,53.4,25.9,reject
31,31.8,15.2,18.61,16.69,53.7,25.9,reject
31,31.63,15.2,18.58,16.7,53.8,26.0,reject
31,31.29,15.26,18.52,16.54,53.6,25.9,reject
31,32.32,15.14,18.62,16.54,53.4,25.9,reject
31,32.32,15.26,18.66,16.67,53.5,25.9,reject
31,32.14,15.32,18.79,16.61,53.3,25.8,reject
31,31.8,15.01,18.41,16.52,53.7,25.9,reject
31,31.8,15.08,18.26,16.45,53.8,26.0,reject
31,32.14,15.14,18.53,16.57,53.6,25.9,reject
31,31.8,15.14,18.32,16.4,53.6,25.9,reject
31,32.32,15.39,18.36,16.35,53.3,25.9,reject
31,31.97,15.26,18.62,16.7,53.7,25.9,reject
31,31.63,15.2,18.61,16.68,53.8,26.0,reject
31,31.63,15.39,18.74,16.54,53.2,25.8,reject
31,31.29,15.26,18.62,16.64,53.6,25.9,reject
31,32.49,15.58,18.51,16.29,53.0,25.8,reject
31,31.97,15.14,18.32,16.45,53.7,26.0,reject
31,31.8,15.14,18.32,16.44,53.6,25.9,reject
31,31.97,15.08,18.33,16.46,53.7,25.9,reject
31,32.32,15.39,18.42,16.31,53.2,25.8,reject
31,31.97,15.14,18.3,16.4,53.7,25.9,reject
31,31.97,15.39,18.24,16.37,53.6,26.0,reject
31,31.63,15.2,18.62,16.38,53.0,25.8,reject
31,31.63,15.32,18.7,16.62,53.5,25.9,reject
31,32.14,15.26,18.61,16.69,53.8,26.0,reject
31,31.46,15.26,18.62,16.66,53.7,25.9,reject
31,31.29,15.32,18.61,16.57,53.5,25.9,reject
31,32.32,15.58,18.47,16.29,53.1,25.8,reject
31,32.14,15.26,18.42,16.34,53.2,25.8,reject
31,31.97,15.45,18.32,16.36,53.4,25.9,reject
31,31.63,15.39,18.82,16.54,53.1,25.8,reject
31,31.63,15.32,18.74,16.61,53.3,25.8,reject
31,31.29,15.32,18.56,16.57,53.6,26.0,reject
31,32.32,15.58,18.48,16.29,53.1,25.8,reject
31,32.14,15.08,18.52,16.46,53.4,25.9,reject
31,31.8,15.14,18.42,16.48,53.6,25.9,reject
31,31.63,15.39,18.77,16.57,53.3,25.8,reject
31,32.32,15.2,18.62,16.46,53.2,25.8,reject
31,31.97,15.32,18.81,16.58,53.2,25.8,reject
31,31.63,15.39,18.74,16.56,53.3,25.8,reject
31,31.63,15.39,18.81,16.53,53.1,25.8,reject
31,32.32,15.39,18.41,16.3,53.3,25.9,reject
31,31.8,15.39,18.77,16.56,53.2,25.8,reject
31,31.29,15.26,18.62,16.67,53.6,25.9,reject
31,32.32,15.51,18.42,16.32,53.2,25.9,reject
31,32.14,15.32,18.76,16.61,53.3,25.8,reject
31,32.14,15.32,18.66,16.67,53.6,25.9,reject
31,32.14,15.32,18.73,16.62,53.4,25.8,reject
31,31.63,15.26,18.72,16.6,53.4,25.9,reject
31,31.97,15.39,18.23,16.36,53.6,26.0,reject
31,32.32,15.2,18.71,16.51,53.2,25.8,reject
31,31.29,15.32,18.53,16.55,53.6,25.9,reject
31,31.63,15.39,18.72,16.54,53.2,25.9,reject
31,31.97,15.32,18.23,16.37,53.7,26.0,reject
31,31.97,15.32,18.25,16.37,53.5,25.9,reject
31,32.14,15.08,18.41,16.45,53.6,25.9,reject
31,31.8,15.32,18.63,16.67,53.6,25.9,reject
31,31.63,15.32,18.65,16.53,53.2,25.9,reject
31,32.32,15.64,18.49,16.29,53.1,25.9,reject
31,31.97,15.2,18.31,16.41,53.7,26.0,reject
31,31.29,15.26,18.62,16.64,53.7,26.0,reject
31,31.8,15.08,18.42,16.56,53.8,26.0,reject
31,31.8,15.26,18.7,16.66,53.5,25.9,reject
31,31.63,15.26,18.72,16.59,53.3,25.8,reject
31,31.63,15.26,18.72,16.56,53.4,25.9,reject
31,32.14,15.14,18.52,16.54,53.6,25.9,reject
31,32.32,15.26,18.42,16.3,53.2,25.8,reject
31,32.32,15.39,18.39,16.33,53.3,25.9,reject
31,32.32,15.58,18.4,16.36,53.3,25.9,reject
31,31.46,15.32,18.62,16.6,53.6,25.9,reject
31,31.63,15.32,18.77,16.58,53.3,25.8,reject
31,31.63,15.2,18.62,16.71,53.7,25.9,reject
31,32.14,15.32,18.79,16.6,53.3,25.8,reject
31,31.8,15.08,18.42,16.51,53.6,25.9,reject
31,31.63,15.26,18.69,16.63,53.6,25.9,reject
31,32.14,15.2,18.42,16.37,53.4,25.9,reject
31,31.97,15.32,18.79,16.6,53.3,25.8,reject
31,32.14,15.14,18.42,16.44,53.4,25.9,reject
31,31.46,15.2,18.64,16.61,53.5,25.9,reject
31,31.97,15.32,18.24,16.37,53.6,25.9,reject
31,32.14,15.26,18.41,16.34,53.3,25.9,reject
31,31.63,15.26,18.65,16.66,53.7,25.9,reject
31,31.97,15.26,18.62,16.63,53.6,25.9,reject
31,31.63,15.26,18.77,16.54,53.2,25.8,reject
31,32.32,15.26,18.42,16.37,53.3,25.8,reject
31,31.46,15.39,18.62,16.54,53.4,25.9,reject
31,31.97,15.45,18.31,16.37,53.5,25.9,reject
31,31.63,15.26,18.63,16.45,53.1,25.9,reject
31,31.63,15.2,18.71,16.58,53.4,25.9,reject
31,32.14,15.32,18.39,16.36,53.3,25.9,reject
31,31.8,15.39,18.81,16.54,53.1,25.8,reject
31,31.8,15.26,18.53,16.67,53.8,26.0,reject
31,32.14,15.51,18.32,16.37,53.5,25.9,reject
31,31.8,15.26,18.6,16.7,53.7,25.9,reject
31,32.32,15.51,18.37,16.36,53.3,25.9,reject
31,31.63,15.39,18.72,16.45,52.9,25.8,reject
31,31.8,15.14,18.22,16.37,53.7,26.0,reject
31,31.12,15.2,18.56,16.62,53.8,26.0,reject
31,32.32,15.45,18.41,16.32,53.2,25.9,reject
31,31.97,15.26,18.63,16.7,53.7,25.9,reject
31,32.14,15.2,18.38,16.37,53.4,25.9,reject
31,31.8,15.32,18.81,16.54,53.2,25.8,reject
31,31.63,15.26,18.64,16.69,53.7,25.9,reject
31,31.97,15.14,18.52,16.62,53.8,26.0,reject
31,31.29,15.32,18.62,16.57,53.4,25.9,reject
31,32.14,15.14,18.42,16.43,53.4,25.9,reject
31,32.32,15.14,18.53,16.45,53.3,25.8,reject
31,32.14,15.14,18.52,16.36,53.2,25.8,reject
31,31.63,15.32,18.62,16.51,53.2,25.9,reject
31,31.97,15.01,18.34,16.46,53.7,25.9,reject
31,31.46,15.32,18.62,16.62,53.5,25.9,reject
31,31.29,15.2,18.62,16.63,53.7,25.9,reject
31,31.63,15.32,18.7,16.45,53.0,25.8,reject
31,32.14,15.14,18.52,16.38,53.2,25.8,reject
31,31.63,15.2,18.58,16.69,53.8,26.0,reject
31,32.14,15.45,18.4,16.35,53.3,25.9,reject
31,31.97,15.45,18.28,16.35,53.6,26.0,reject
31,32.32,15.45,18.34,16.37,53.4,25.9,reject
31,31.46,15.26,18.67,16.65,53.6,25.9,reject
31,31.63,15.32,18.66,16.56,53.3,25.9,reject
31,31.63,15.32,18.7,16.62,53.4,25.9,reject
31,31.8,15.01,18.33,16.47,53.7,25.9,reject
31,31.63,15.2,18.61,16.66,53.8,26.0,reject
31,31.8,15.32,18.74,16.61,53.3,25.8,reject
31,31.46,15.14,18.52,16.45,53.3,25.9,reject
31,31.8,15.14,18.52,16.62,53.7,25.9,reject
31,31.8,15.08,18.45,16.54,53.7,25.9,reject
31,31.8,15.01,18.32,16.46,53.7,25.9,reject
31,31.97,15.45,18.26,16.36,53.6,25.9,reject
31,32.49,15.64,18.5,16.29,53.1,25.9,reject
31,31.97,15.26,18.65,16.68,53.7,25.9,reject
31,31.29,15.32,18.61,16.5,53.4,25.9,reject
31,32.14,15.26,18.67,16.67,53.6,25.9,reject
31,31.29,15.2,18.6,16.62,53.8,26.0,reject
31,31.63,15.39,18.71,16.6,53.4,25.9,reject
31,32.32,15.58,18.44,16.29,53.2,25.9,reject
31,31.63,15.26,18.65,16.7,53.7,25.9,reject
31,31.97,15.26,18.59,16.7,53.7,25.9,reject
31,31.8,15.2,18.62,16.71,53.7,25.9,reject
31,31.63,15.26,18.69,16.38,52.9,25.8,reject
31,32.32,15.39,18.42,16.29,53.2,25.8,reject
31,31.63,15.26,18.61,16.47,53.2,25.9,reject
31,31.63,15.39,18.72,16.54,53.2,25.8,reject
32,30.8,15.01,18.31,16.38,53.7,26.0,reject
32,31.29,15.08,18.41,16.62,54.0,26.0,reject
32,30.96,15.14,18.51,16.62,53.9,26.0,reject
32,31.63,15.26,18.13,16.31,53.8,26.0,reject
32,31.8,15.32,18.22,16.37,53.7,26.0,reject
32,31.63,15.2,18.06,16.29,53.9,26.0,reject
32,31.12,15.2,18.46,16.52,53.6,26.0,reject
32,31.12,15.26,18.52,16.6,53.8,26.0,reject
32,31.46,14.95,18.22,16.45,54.0,26.0,reject
32,31.63,15.14,18.43,16.63,54.0,26.0,reject
32,31.12,15.2,18.51,16.61,53.9,26.0,reject
32,31.12,15.2,18.52,16.62,53.8,26.0,reject
32,31.46,15.14,18.41,16.62,54.0,26.0,reject
32,31.63,15.14,18.06,16.29,53.9,26.0,reject
32,31.8,15.39,18.22,16.37,53.7,26.0,reject
32,30.96,15.14,18.5,16.62,53.9,26.0,reject
32,30.96,15.14,18.42,16.61,54.0,26.0,reject
32,30.96,15.2,18.41,16.53,53.8,26.0,reject
32,31.63,15.32,18.12,16.29,53.8,26.0,reject
32,31.12,15.14,18.49,16.62,54.0,26.0,reject
32,30.96,15.2,18.42,16.54,53.9,26.0,reject
32,31.8,15.26,18.15,16.36,53.8,26.0,reject
32,31.8,15.26,18.22,16.37,53.7,26.0,reject
32,31.8,15.08,18.42,16.62,53.8,26.0,reject
32,31.12,15.2,18.44,16.52,53.6,26.0,reject
32,31.63,15.32,18.11,16.29,53.8,26.0,reject
32,31.63,15.2,18.51,16.68,54.0,26.0,reject
32,31.63,15.39,18.13,16.29,53.8,26.0,reject
32,31.12,15.26,18.52,16.62,53.8,26.0,reject
32,31.46,14.95,18.23,16.46,54.0,26.0,reject
32,31.63,15.08,18.42,16.62,54.0,26.0,reject
32,30.96,15.2,18.42,16.53,53.8,26.0,reject
32,31.46,15.01,18.08,16.3,53.9,26.0,reject
32,31.63,15.14,18.41,16.62,54.0,26.0,reject
32,31.12,15.14,18.42,16.62,54.0,26.0,reject
32,31.63,15.01,18.25,16.45,53.8,26.0,reject
32,31.63,15.39,18.17,16.3,53.8,26.0,reject
32,31.63,15.01,18.19,16.37,53.9,26.0,reject
32,30.8,15.01,18.38,16.54,54.0,26.0,reject
32,31.46,15.01,18.12,16.35,53.9,26.0,reject
32,31.12,15.2,18.45,16.56,53.9,26.0,reject
32,31.63,15.08,18.12,16.34,53.9,26.0,reject
32,31.63,14.95,18.32,16.53,54.0,26.0,reject
32,31.63,15.39,18.12,16.29,53.8,26.0,reject
32,31.12,15.26,18.54,16.62,53.8,26.0,reject
32,31.8,15.26,18.21,16.37,53.8,26.0,reject
32,31.63,15.14,18.42,16.62,54.0,26.0,reject
32,31.63,15.14,18.12,16.29,53.9,26.0,reject
32,30.96,15.14,18.46,16.62,54.0,26.0,reject
32,31.12,15.2,18.51,16.59,53.9,26.0,reject
32,31.63,15.2,18.51,16.68,53.9,26.0,reject
32,31.46,15.2,18.54,16.7,53.8,26.0,reject
32,31.46,15.01,18.13,16.37,53.9,26.0,reject
32,31.8,15.2,18.52,16.69,53.9,26.0,reject
32,31.63,15.32,18.15,16.3,53.8,26.0,reject
32,30.96,15.14,18.42,16.57,54.0,26.0,reject
32,30.96,15.26,18.42,16.54,53.8,26.0,reject
32,30.96,15.2,18.48,16.58,53.9,26.0,reject
32,31.8,15.45,18.22,16.37,53.7,26.0,reject
32,31.46,15.14,18.48,16.63,54.0,26.0,reject
32,31.46,15.08,18.42,16.62,54.0,26.0,reject
32,31.63,15.26,18.12,16.29,53.8,26.0,reject
32,31.63,15.14,18.12,16.32,53.9,26.0,reject
32,31.63,15.14,18.46,16.63,54.0,26.0,reject
32,31.63,15.08,18.17,16.37,53.8,26.0,reject
32,31.46,15.14,18.42,16.62,54.0,26.0,reject
32,31.29,15.14,18.5,16.63,54.0,26.0,reject
32,31.8,15.39,18.13,16.29,53.8,26.0,reject
32,31.12,15.26,18.51,16.61,53.8,26.0,reject
32,31.63,14.95,18.22,16.45,54.0,26.0,reject
32,31.63,15.2,18.12,16.29,53.8,26.0,reject
32,31.46,15.01,18.13,16.37,54.0,26.0,reject
32,31.12,15.26,18.52,16.59,53.7,26.0,reject
32,31.12,15.08,18.42,16.61,54.0,26.0,reject
32,30.8,15.08,18.4,16.54,54.0,26.0,reject
32,31.63,15.26,18.08,16.29,53.8,26.0,reject
32,31.12,15.08,18.41,16.6,54.0,26.0,reject
32,31.29,15.14,18.47,16.62,54.0,26.0,reject
32,31.12,15.26,18.52,16.6,53.7,26.0,reject
32,31.63,15.08,18.22,16.37,53.8,26.0,reject
32,30.96,15.2,18.42,16.54,53.8,26.0,reject
32,31.63,15.2,18.52,16.68,53.9,26.0,reject
32,30.96,15.14,18.42,16.58,54.0,26.0,reject
32,30.96,15.08,18.4,16.56,54.0,26.0,reject
32,31.63,14.95,18.22,16.39,53.9,26.0,reject
32,31.12,15.26,18.44,16.54,53.8,26.0,reject
32,31.46,15.14,18.43,16.62,54.0,26.0,reject
32,31.12,15.26,18.53,16.62,53.7,26.0,reject
32,30.96,15.2,18.43,16.55,53.9,26.0,reject
32,31.63,15.14,18.07,16.29,53.9,26.0,reject
32,31.63,15.2,18.12,16.35,53.9,26.0,reject
32,31.12,15.26,18.51,16.54,53.6,26.0,reject
32,30.96,15.2,18.42,16.55,53.9,26.0,reject
32,30.96,15.14,18.42,16.54,53.9,26.0,reject
32,31.63,15.01,18.32,16.47,53.9,26.0,reject
32,30.96,15.14,18.42,16.62,54.0,26.0,reject
32,30.96,15.14,18.44,16.59,54.0,26.0,reject
32,31.63,15.26,18.07,16.29,53.8,26.0,reject
32,31.12,15.08,18.43,16.62,54.0,26.0,reject
32,31.63,15.14,18.12,16.29,53.8,26.0,reject
32,31.29,15.14,18.49,16.63,54.0,26.0,reject
32,31.63,15.01,18.32,16.54,53.9,26.0,reject
32,31.12,15.32,18.51,16.58,53.8,26.0,reject
32,31.8,15.14,18.44,16.62,54.0,26.0,reject
32,31.46,15.14,18.52,16.68,53.9,26.0,reject
32,31.12,15.2,18.42,16.49,53.7,26.0,reject
32,31.29,15.14,18.44,16.62,54.0,26.0,reject
32,31.63,15.26,18.1,16.29,53.8,26.0,reject
32,31.46,15.01,18.12,16.37,53.9,26.0,reject
32,31.46,15.14,18.52,16.68,54.0,26.0,reject
32,31.29,15.08,18.42,16.62,54.0,26.0,reject
32,30.96,15.08,18.36,16.54,54.0,26.0,reject
32,31.63,15.08,18.12,16.3,53.9,26.0,reject
32,31.12,15.26,18.53,16.62,53.8,26.0,reject
32,30.96,15.14,18.45,16.62,54.0,26.0,reject
32,30.96,15.08,18.42,16.57,54.0,26.0,reject
32,31.12,15.14,18.52,16.62,53.8,26.0,reject
32,30.96,15.08,18.42,16.54,54.0,26.0,reject
32,31.12,15.14,18.45,16.62,54.0,26.0,reject
32,31.46,15.14,18.12,16.35,53.9,26.0,reject
32,31.63,15.45,18.13,16.29,53.8,26.0,reject
32,30.96,15.2,18.43,16.57,53.9,26.0,reject
32,31.29,15.26,18.52,16.56,53.7,26.0,reject
32,31.46,15.01,18.12,16.35,54.0,26.0,reject
32,31.63,15.08,18.22,16.38,53.8,26.0,reject
32,30.96,15.08,18.42,16.59,54.0,26.0,reject
32,31.29,15.2,18.54,16.7,53.8,25.9,reject
32,31.63,15.01,18.3,16.45,53.8,26.0,reject
32,31.63,15.01,18.22,16.45,53.9,26.0,reject
32,31.12,15.14,18.46,16.62,54.0,26.0,reject
32,31.63,15.08,18.13,16.37,53.9,26.0,reject
32,31.8,15.2,18.52,16.7,53.8,26.0,reject
32,31.63,15.32,18.13,16.29,53.8,26.0,reject
32,31.12,15.14,18.51,16.63,53.9,26.0,reject
32,30.96,15.14,18.44,16.61,54.0,26.0,reject
32,30.96,15.2,18.41,16.48,53.8,26.0,reject
32,30.96,15.14,18.32,16.45,53.7,26.0,reject
32,31.12,15.14,18.52,16.62,53.7,25.9,reject
32,31.63,15.14,18.12,16.3,53.9,26.0,reject
32,30.96,15.14,18.34,16.45,53.7,26.0,reject
32,31.63,15.39,18.2,16.3,53.8,26.0,reject
32,31.63,14.95,18.27,16.46,54.0,26.0,reject
32,31.12,15.26,18.51,16.57,53.8,26.0,reject
32,31.63,15.08,18.09,16.31,53.9,26.0,reject
32,31.29,15.14,18.42,16.62,54.0,26.0,reject
32,31.46,15.14,18.52,16.66,54.0,26.0,reject
32,30.8,15.2,18.45,16.6,53.9,26.0,reject
32,31.63,15.2,18.52,16.7,53.9,26.0,reject
32,31.29,15.14,18.46,16.62,54.0,26.0,reject
32,31.63,15.2,18.05,16.29,53.8,26.0,reject
32,31.63,15.2,18.12,16.29,53.9,26.0,reject
32,31.63,15.01,18.32,16.54,54.0,26.0,reject
32,30.96,15.08,18.41,16.59,54.0,26.0,reject
32,30.96,15.14,18.42,16.54,54.0,26.0,reject
32,30.96,15.08,18.42,16.58,54.0,26.0,reject
32,31.46,15.14,18.49,16.63,54.0,26.0,reject
32,31.63,15.39,18.17,16.29,53.8,26.0,reject
32,31.63,15.14,18.12,16.31,53.9,26.0,reject
32,30.96,15.08,18.42,16.56,54.0,26.0,reject
32,31.46,15.01,18.1,16.33,54.0,26.0,reject
32,31.63,15.14,18.17,16.37,53.8,26.0,reject
32,31.63,15.2,18.06,16.29,53.8,26.0,reject
32,31.29,15.2,18.52,16.66,53.9,26.0,reject
32,30.96,15.14,18.43,16.62,54.0,26.0,reject
32,31.46,15.01,18.18,16.39,53.9,26.0,reject
32,31.46,15.14,18.44,16.62,54.0,26.0,reject
32,30.96,15.14,18.42,16.58,53.9,26.0,reject
32,30.96,15.14,18.42,16.56,53.9,26.0,reject
32,31.63,14.95,18.22,16.45,53.9,26.0,reject
32,31.8,15.39,18.22,16.34,53.8,26.0,reject
32,31.8,15.45,18.26,16.37,53.6,26.0,reject
32,31.63,15.08,18.22,16.4,53.8,26.0,reject
32,31.46,14.95,18.26,16.5,54.0,26.0,reject
32,30.96,15.2,18.45,16.6,53.9,26.0,reject
32,31.63,15.08,18.41,16.62,54.0,26.0,reject
32,31.63,15.2,18.11,16.29,53.9,26.0,reject
32,30.96,15.2,18.45,16.57,53.9,26.0,reject
32,31.97,15.45,18.23,16.36,53.6,26.0,reject
32,31.63,14.95,18.19,16.38,54.0,26.0,reject
32,31.29,15.26,18.55,16.62,53.8,26.0,reject
32,31.63,15.01,18.33,16.54,54.0,26.0,reject
32,31.12,15.14,18.42,16.58,53.9,26.0,reject
32,31.29,15.2,18.54,16.69,53.8,26.0,reject
32,31.63,15.14,18.15,16.37,53.8,26.0,reject
32,31.12,15.14,18.52,16.63,53.9,26.0,reject
32,31.63,15.2,18.52,16.7,53.8,26.0,reject
32,31.12,15.2,18.51,16.62,53.9,26.0,reject
32,30.96,15.14,18.41,16.45,53.7,26.0,reject
32,31.12,15.08,18.41,16.61,54.0,26.0,reject
32,31.63,15.08,18.12,16.32,53.9,26.0,reject
32,31.46,15.14,18.5,16.63,54.0,26.0,reject
32,30.96,15.2,18.43,16.56,53.9,26.0,reject
32,31.8,15.32,18.22,16.37,53.8,26.0,reject
32,31.63,14.95,18.23,16.47,54.0,26.0,reject
32,31.8,15.45,18.13,16.29,53.8,26.0,reject
32,30.96,15.08,18.42,16.55,54.0,26.0,reject
32,30.96,15.2,18.4,16.51,53.8,26.0,reject
32,31.46,15.14,18.45,16.62,54.0,26.0,reject
32,30.96,15.2,18.42,16.5,53.8,26.0,reject
32,31.46,15.14,18.12,16.29,53.9,26.0,reject
32,31.63,15.01,18.22,16.45,53.8,26.0,reject
32,31.63,15.2,18.52,16.69,53.9,26.0,reject
32,31.8,15.45,18.22,16.33,53.7,26.0,reject
32,30.96,15.2,18.47,16.61,54.0,26.0,reject
32,31.8,15.45,18.23,16.37,53.7,26.0,reject
32,31.46,14.95,18.13,16.39,54.0,26.0,reject
32,31.63,15.14,18.52,16.68,54.0,26.0,reject
32,31.63,15.01,18.11,16.32,53.9,26.0,reject
32,31.63,14.95,18.27,16.46,53.9,26.0,reject
32,31.8,15.01,18.41,16.55,53.9,26.0,reject
32,31.63,15.08,18.12,16.37,53.9,26.0,reject
32,31.12,15.2,18.43,16.53,53.7,26.0,reject
32,31.12,15.14,18.47,16.62,54.0,26.0,reject
32,30.96,15.08,18.4,16.45,53.7,26.0,reject
32,30.96,15.2,18.42,16.51,53.8,26.0,reject
32,31.8,15.32,18.22,16.35,53.8,26.0,reject
32,31.8,15.39,18.22,16.36,53.7,26.0,reject
32,31.46,15.14,18.44,16.63,54.0,26.0,reject
32,31.12,15.26,18.51,16.54,53.7,26.0,reject
32,31.29,15.2,18.54,16.67,53.8,26.0,reject
32,31.63,15.08,18.4,16.58,54.0,26.0,reject
32,31.63,15.14,18.4,16.61,54.0,26.0,reject
32,31.46,14.95,18.15,16.4,54.0,26.0,reject
32,31.63,14.95,18.22,16.43,54.0,26.0,reject
32,31.63,15.01,18.34,16.54,54.0,26.0,reject
32,31.63,15.2,18.05,16.29,53.9,26.0,reject
32,30.96,15.2,18.41,16.54,53.8,26.0,reject
32,31.46,15.2,18.54,16.7,53.8,25.9,reject
32,31.46,14.95,18.12,16.37,54.0,26.0,reject
32,31.63,15.14,18.45,16.63,54.0,26.0,reject
32,31.12,15.2,18.53,16.62,53.8,26.0,reject
32,31.63,15.08,18.08,16.29,53.9,26.0,reject
32,31.63,14.95,18.14,16.38,54.0,26.0,reject
32,31.63,15.2,18.13,16.35,53.9,26.0,reject
32,30.96,15.14,18.42,16.56,54.0,26.0,reject
32,31.63,15.08,18.22,16.41,53.8,26.0,reject
32,31.63,15.2,18.53,16.7,53.8,26.0,reject
32,31.46,15.14,18.46,16.63,54.0,26.0,reject
32,31.8,15.01,18.29,16.45,53.9,26.0,reject
32,30.96,15.2,18.39,16.51,53.8,26.0,reject
32,31.63,15.2,18.52,16.71,53.8,26.0,reject
32,30.96,15.14,18.42,16.55,54.0,26.0,reject
32,31.12,15.2,18.43,16.54,53.9,26.0,reject
32,31.8,15.32,18.22,16.36,53.7,26.0,reject
32,31.12,15.14,18.51,16.62,53.9,26.0,reject
32,30.96,15.14,18.51,16.62,54.0,26.0,reject
32,31.12,15.2,18.54,16.63,53.7,25.9,reject
32,31.12,15.14,18.44,16.62,54.0,26.0,reject
32,31.8,15.01,18.41,16.54,53.8,26.0,reject
32,30.96,15.26,18.45,16.54,53.8,26.0,reject
32,30.8,15.08,18.32,16.44,53.8,26.0,reject
32,30.96,15.2,18.42,16.48,53.8,26.0,reject
32,31.8,15.14,18.51,16.64,53.8,26.0,reject
32,30.96,15.14,18.49,16.62,53.9,26.0,reject
32,31.63,15.14,18.12,16.37,53.9,26.0,reject
32,31.12,15.2,18.52,16.65,53.8,26.0,reject
32,30.96,15.2,18.52,16.62,53.9,26.0,reject
32,31.63,15.32,18.19,16.36,53.8,26.0,reject
32,31.8,15.08,18.22,16.38,53.8,26.0,reject
32,30.96,15.08,18.32,16.44,53.7,26.0,reject
32,31.8,15.01,18.32,16.47,53.8,26.0,reject
32,31.12,15.2,18.52,16.62,53.9,26.0,reject
32,31.29,15.14,18.55,16.68,53.8,26.0,reject
32,31.8,15.2,18.22,16.37,53.8,26.0,reject
32,30.96,15.14,18.42,16.59,54.0,26.0,reject
32,31.46,15.2,18.53,16.7,53.8,26.0,reject
32,31.46,15.2,18.05,16.29,53.9,26.0,reject
32,30.96,15.2,18.4,16.46,53.8,26.0,reject
32,31.63,15.01,18.12,16.35,53.9,26.0,reject
32,31.46,15.01,18.15,16.37,53.9,26.0,reject
32,30.96,15.2,18.41,16.47,53.8,26.0,reject
32,31.46,14.89,18.21,16.45,54.0,26.0,reject
32,30.96,15.14,18.48,16.62,54.0,26.0,reject
32,30.96,15.2,18.37,16.48,53.8,26.0,reject
32,31.63,15.26,18.06,16.29,53.8,26.0,reject
32,30.96,15.14,18.42,16.55,53.9,26.0,reject
32,31.46,14.95,18.22,16.43,54.0,26.0,reject
32,31.8,15.26,18.16,16.35,53.8,26.0,reject
32,31.12,15.2,18.46,16.58,53.9,26.0,reject
32,31.63,14.95,18.13,16.37,53.9,26.0,reject
32,31.12,15.2,18.51,16.6,53.9,26.0,reject
32,31.46,15.2,18.12,16.29,53.9,26.0,reject
32,31.12,15.14,18.51,16.62,54.0,26.0,reject
32,31.63,15.2,18.12,16.31,53.8,26.0,reject
32,31.46,14.95,18.23,16.49,54.0,26.0,reject
32,31.46,15.14,18.41,16.62,54.1,26.0,reject
32,31.29,15.14,18.52,16.64,53.9,26.0,reject
32,31.63,15.2,18.52,16.68,54.0,26.0,reject
32,31.63,15.2,18.21,16.37,53.8,26.0,reject
32,31.8,15.45,18.16,16.29,53.8,26.0,reject
32,31.8,15.2,18.21,16.37,53.8,26.0,reject
32,30.96,15.14,18.46,16.6,53.9,26.0,reject
32,31.63,15.32,18.13,16.3,53.8,26.0,reject
